"合同编号","采购订单号","煤种_品名代码","发货单位代码","供应商_发货单位名称","发站名称","船名","收货单位_焦化厂","铁路车号","货票重量","制表_发出时间","生成时间","到厂_进厂交接时间","在途状态","状态","物料品名代码","采购物料代码","关联状态","收货单位"
"212010226072","450018958200010",G3MMZJML,"1200",广西钢铁集团有限公司,铁山港,马尔凯洛,焦化厂,"1888524",70.000,"20260908151100","20260908154452","20260908155100",已到厂,"1",G3MMZJML,A2MMZJM1,已匹配,焦化厂
"212010226072","450018958200010",G3MMZJML,"1200",广西钢铁集团有限公司,铁山港,马尔凯洛,焦化厂,"1801987",70.000,"20260908151100","20260908154452","20260908155100",已到厂,"1",G3MMZJML,A2MMZJM1,已匹配,焦化厂
"212010226072","450018958200010",G3MMZJML,"1200",广西钢铁集团有限公司,铁山港,马尔凯洛,焦化厂,"1572077",70.000,"20260908151100","20260908154452","20260908155100",已到厂,"1",G3MMZJML,A2MMZJM1,已匹配,焦化厂
"212010226072","450018958200010",G3MMZJML,"1200",广西钢铁集团有限公司,铁山港,马尔凯洛,焦化厂,"4921903",62.000,"20260908151100","20260908154452","20260908155100",已到厂,"1",G3MMZJML,A2MMZJM1,已匹配,焦化厂
"212010226072","450018958200010",G3MMZJML,"1200",广西钢铁集团有限公司,铁山港,马尔凯洛,焦化厂,"1729867",70.000,"20260908151100","20260908154452","20260908155100",已到厂,"1",G3MMZJML,A2MMZJM1,已匹配,焦化厂
"212010226072","450018958200010",G3MMZJML,"1200",广西钢铁集团有限公司,铁山港,马尔凯洛,焦化厂,"4904173",61.000,"20260908151100","20260908154452","20260908155100",已到厂,"1",G3MMZJML,A2MMZJM1,已匹配,焦化厂
"212010226072","450018958200010",G3MMZJML,"1200",广西钢铁集团有限公司,铁山港,马尔凯洛,焦化厂,"1719740",70.000,"20260908151100","20260908154452","20260908155100",已到厂,"1",G3MMZJML,A2MMZJM1,已匹配,焦化厂
"212010226072","450018958200010",G3MMZJML,"1200",广西钢铁集团有限公司,铁山港,马尔凯洛,焦化厂,"1580309",70.000,"20260908151100","20260908154452","20260908155100",已到厂,"1",G3MMZJML,A2MMZJM1,已匹配,焦化厂
"212010226072","450018958200010",G3MMZJML,"1200",广西钢铁集团有限公司,铁山港,马尔凯洛,焦化厂,"1528852",70.000,"20260908151100","20260908154452","20260908155100",已到厂,"1",G3MMZJML,A2MMZJM1,已匹配,焦化厂
"212010226072","450018958200010",G3MMZJML,"1200",广西钢铁集团有限公司,铁山港,马尔凯洛,焦化厂,"1803958",70.000,"20260908151100","20260908154452","20260908155100",已到厂,"1",G3MMZJML,A2MMZJM1,已匹配,焦化厂
"212010226072","450018958200010",G3MMZJML,"1200",广西钢铁集团有限公司,铁山港,马尔凯洛,焦化厂,"1550956",70.000,"20260908151100","20260908154452","20260908155100",已到厂,"1",G3MMZJML,A2MMZJM1,已匹配,焦化厂
"212010226072","450018958200010",G3MMZJML,"1200",广西钢铁集团有限公司,铁山港,马尔凯洛,焦化厂,"1751379",70.000,"20260908151100","20260908154452","20260908155100",已到厂,"1",G3MMZJML,A2MMZJM1,已匹配,焦化厂
"212010226072","450018958200010",G3MMZJML,"1200",广西钢铁集团有限公司,铁山港,马尔凯洛,焦化厂,"1716503",70.000,"20260908151100","20260908154452","20260908155100",已到厂,"1",G3MMZJML,A2MMZJM1,已匹配,焦化厂
"212010226072","450018958200010",G3MMZJML,"1200",广西钢铁集团有限公司,铁山港,马尔凯洛,焦化厂,"4884285",64.000,"20260908151100","20260908154452","20260908155100",已到厂,"1",G3MMZJML,A2MMZJM1,已匹配,焦化厂
"212010226072","450018958200010",G3MMZJML,"1200",广西钢铁集团有限公司,铁山港,马尔凯洛,焦化厂,"1741069",70.000,"20260908151100","20260908154452","20260908155100",已到厂,"1",G3MMZJML,A2MMZJM1,已匹配,焦化厂
"212010226072","450018958200010",G3MMZJML,"1200",广西钢铁集团有限公司,铁山港,马尔凯洛,焦化厂,"1607896",70.000,"20260908151100","20260908154452","20260908155100",已到厂,"1",G3MMZJML,A2MMZJM1,已匹配,焦化厂
"212010226072","450018958200010",G3MMZJML,"1200",广西钢铁集团有限公司,铁山港,马尔凯洛,焦化厂,"4913735",61.000,"20260908151100","20260908154452","20260908155100",已到厂,"1",G3MMZJML,A2MMZJM1,已匹配,焦化厂
"212010226072","450018958200010",G3MMZJML,"1200",广西钢铁集团有限公司,铁山港,马尔凯洛,焦化厂,"1683163",70.000,"20260908151100","20260908154452","20260908155100",已到厂,"1",G3MMZJML,A2MMZJM1,已匹配,焦化厂
"212010226072","450018958200010",G3MMZJML,"1200",广西钢铁集团有限公司,铁山港,马尔凯洛,焦化厂,"4929061",62.000,"20260908151100","20260908154452","20260908155100",已到厂,"1",G3MMZJML,A2MMZJM1,已匹配,焦化厂
"212010226072","450018958200010",G3MMZJML,"1200",广西钢铁集团有限公司,铁山港,马尔凯洛,焦化厂,"4973688",61.000,"20260908151100","20260908154452","20260908155100",已到厂,"1",G3MMZJML,A2MMZJM1,已匹配,焦化厂
"212010226072","450018958200010",G3MMZJML,"1200",广西钢铁集团有限公司,铁山港,马尔凯洛,焦化厂,"1654047",70.000,"20260908151100","20260908154452","20260908155100",已到厂,"1",G3MMZJML,A2MMZJM1,已匹配,焦化厂
"212010226072","450018958200010",G3MMZJML,"1200",广西钢铁集团有限公司,铁山港,马尔凯洛,焦化厂,"1789009",70.000,"20260908151100","20260908154452","20260908155100",已到厂,"1",G3MMZJML,A2MMZJM1,已匹配,焦化厂
"212010226072","450018958200010",G3MMZJML,"1200",广西钢铁集团有限公司,铁山港,马尔凯洛,焦化厂,"1567997",70.000,"20260908151100","20260908154452","20260908155100",已到厂,"1",G3MMZJML,A2MMZJM1,已匹配,焦化厂
"212010226072","450018958200010",G3MMZJML,"1200",广西钢铁集团有限公司,铁山港,马尔凯洛,焦化厂,"1703317",70.000,"20260908151100","20260908154452","20260908155100",已到厂,"1",G3MMZJML,A2MMZJM1,已匹配,焦化厂
"212010226072","450018958200010",G3MMZJML,"1200",广西钢铁集团有限公司,铁山港,马尔凯洛,焦化厂,"1636562",70.000,"20260908151100","20260908154452","20260908155100",已到厂,"1",G3MMZJML,A2MMZJM1,已匹配,焦化厂
"212010226072","450018958200010",G3MMZJML,"1200",广西钢铁集团有限公司,铁山港,马尔凯洛,焦化厂,"1634662",70.000,"20260908151100","20260908154452","20260908155100",已到厂,"1",G3MMZJML,A2MMZJM1,已匹配,焦化厂
"212010226072","450018958200010",G3MMZJML,"1200",广西钢铁集团有限公司,铁山港,马尔凯洛,焦化厂,"4911312",61.000,"20260908102000","20260908104448","20260908110000",已到厂,"1",G3MMZJML,A2MMZJM1,已匹配,焦化厂
"212010226072","450018958200010",G3MMZJML,"1200",广西钢铁集团有限公司,铁山港,马尔凯洛,焦化厂,"4948114",64.000,"20260908102000","20260908104448","20260908110000",已到厂,"1",G3MMZJML,A2MMZJM1,已匹配,焦化厂
"212010226072","450018958200010",G3MMZJML,"1200",广西钢铁集团有限公司,铁山港,马尔凯洛,焦化厂,"1565109",70.000,"20260908102000","20260908104448","20260908110000",已到厂,"1",G3MMZJML,A2MMZJM1,已匹配,焦化厂
"212010226072","450018958200010",G3MMZJML,"1200",广西钢铁集团有限公司,铁山港,马尔凯洛,焦化厂,"1848648",70.000,"20260908102000","20260908104448","20260908110000",已到厂,"1",G3MMZJML,A2MMZJM1,已匹配,焦化厂
"212010226072","450018958200010",G3MMZJML,"1200",广西钢铁集团有限公司,铁山港,马尔凯洛,焦化厂,"4961576",63.000,"20260908102000","20260908104448","20260908110000",已到厂,"1",G3MMZJML,A2MMZJM1,已匹配,焦化厂
"212010226072","450018958200010",G3MMZJML,"1200",广西钢铁集团有限公司,铁山港,马尔凯洛,焦化厂,"1560883",70.000,"20260908102000","20260908104448","20260908110000",已到厂,"1",G3MMZJML,A2MMZJM1,已匹配,焦化厂
"212010226072","450018958200010",G3MMZJML,"1200",广西钢铁集团有限公司,铁山港,马尔凯洛,焦化厂,"4870059",63.000,"20260908102000","20260908104448","20260908110000",已到厂,"1",G3MMZJML,A2MMZJM1,已匹配,焦化厂
"212010226072","450018958200010",G3MMZJML,"1200",广西钢铁集团有限公司,铁山港,马尔凯洛,焦化厂,"4916366",61.000,"20260908102000","20260908104448","20260908110000",已到厂,"1",G3MMZJML,A2MMZJM1,已匹配,焦化厂
"212010226072","450018958200010",G3MMZJML,"1200",广西钢铁集团有限公司,铁山港,马尔凯洛,焦化厂,"4963764",61.000,"20260908102000","20260908104448","20260908110000",已到厂,"1",G3MMZJML,A2MMZJM1,已匹配,焦化厂
"212010226072","450018958200010",G3MMZJML,"1200",广西钢铁集团有限公司,铁山港,马尔凯洛,焦化厂,"1552088",70.000,"20260908102000","20260908104448","20260908110000",已到厂,"1",G3MMZJML,A2MMZJM1,已匹配,焦化厂
"212010226072","450018958200010",G3MMZJML,"1200",广西钢铁集团有限公司,铁山港,马尔凯洛,焦化厂,"1834049",70.000,"20260908102000","20260908104448","20260908110000",已到厂,"1",G3MMZJML,A2MMZJM1,已匹配,焦化厂
"212010226072","450018958200010",G3MMZJML,"1200",广西钢铁集团有限公司,铁山港,马尔凯洛,焦化厂,"4911698",62.000,"20260908102000","20260908104448","20260908110000",已到厂,"1",G3MMZJML,A2MMZJM1,已匹配,焦化厂
"212010226072","450018958200010",G3MMZJML,"1200",广西钢铁集团有限公司,铁山港,马尔凯洛,焦化厂,"4838609",62.000,"20260908102000","20260908104448","20260908110000",已到厂,"1",G3MMZJML,A2MMZJM1,已匹配,焦化厂
"212010226072","450018958200010",G3MMZJML,"1200",广西钢铁集团有限公司,铁山港,马尔凯洛,焦化厂,"1887155",70.000,"20260908102000","20260908104448","20260908110000",已到厂,"1",G3MMZJML,A2MMZJM1,已匹配,焦化厂
"212010226072","450018958200010",G3MMZJML,"1200",广西钢铁集团有限公司,铁山港,马尔凯洛,焦化厂,"4839097",63.000,"20260908102000","20260908104448","20260908110000",已到厂,"1",G3MMZJML,A2MMZJM1,已匹配,焦化厂
"212010226072","450018958200010",G3MMZJML,"1200",广西钢铁集团有限公司,铁山港,马尔凯洛,焦化厂,"4903092",63.000,"20260908102000","20260908104448","20260908110000",已到厂,"1",G3MMZJML,A2MMZJM1,已匹配,焦化厂
"212010226072","450018958200010",G3MMZJML,"1200",广西钢铁集团有限公司,铁山港,马尔凯洛,焦化厂,"1638952",70.000,"20260908102000","20260908104448","20260908110000",已到厂,"1",G3MMZJML,A2MMZJM1,已匹配,焦化厂
"212010226072","450018958200010",G3MMZJML,"1200",广西钢铁集团有限公司,铁山港,马尔凯洛,焦化厂,"1746068",70.000,"20260908102000","20260908104448","20260908110000",已到厂,"1",G3MMZJML,A2MMZJM1,已匹配,焦化厂
"212010226072","450018958200010",G3MMZJML,"1200",广西钢铁集团有限公司,铁山港,马尔凯洛,焦化厂,"1868335",70.000,"20260908102000","20260908104448","20260908110000",已到厂,"1",G3MMZJML,A2MMZJM1,已匹配,焦化厂
"212010226072","450018958200010",G3MMZJML,"1200",广西钢铁集团有限公司,铁山港,马尔凯洛,焦化厂,"1511994",70.000,"20260908102000","20260908104448","20260908110000",已到厂,"1",G3MMZJML,A2MMZJM1,已匹配,焦化厂
"212010226072","450018958200010",G3MMZJML,"1200",广西钢铁集团有限公司,铁山港,马尔凯洛,焦化厂,"4975771",62.000,"20260908102000","20260908104448","20260908110000",已到厂,"1",G3MMZJML,A2MMZJM1,已匹配,焦化厂
"212010226072","450018958200010",G3MMZJML,"1200",广西钢铁集团有限公司,铁山港,马尔凯洛,焦化厂,"1889887",70.000,"20260907013300","20260907023911","20260907021300",已到厂,"1",G3MMZJML,A2MMZJM1,已匹配,焦化厂
LGXS26070756,"450018597000010",G3MMZJML,"2700",广西柳钢国际贸易有限公司,铁山港,马尔凯洛,焦化厂,"1590783",70.000,"20260907002500","20260907005333","20260907010500",已到厂,"1",G3MMZJML,A2MMZJM1,已匹配,焦化厂
LGXS26070756,"450018597000010",G3MMZJML,"2700",广西柳钢国际贸易有限公司,铁山港,马尔凯洛,焦化厂,"1810334",70.000,"20260907002500","20260907005333","20260907010500",已到厂,"1",G3MMZJML,A2MMZJM1,已匹配,焦化厂
LGXS26070756,"450018597000010",G3MMZJML,"2700",广西柳钢国际贸易有限公司,铁山港,马尔凯洛,焦化厂,"1754223",70.000,"20260907002500","20260907005333","20260907010500",已到厂,"1",G3MMZJML,A2MMZJM1,已匹配,焦化厂
LGXS26070756,"450018597000010",G3MMZJML,"2700",广西柳钢国际贸易有限公司,铁山港,马尔凯洛,焦化厂,"4892233",62.000,"20260907002500","20260907005333","20260907010500",已到厂,"1",G3MMZJML,A2MMZJM1,已匹配,焦化厂
LGXS26070756,"450018597000010",G3MMZJML,"2700",广西柳钢国际贸易有限公司,铁山港,马尔凯洛,焦化厂,"1554936",70.000,"20260907002500","20260907005333","20260907010500",已到厂,"1",G3MMZJML,A2MMZJM1,已匹配,焦化厂
LGXS26070756,"450018597000010",G3MMZJML,"2700",广西柳钢国际贸易有限公司,铁山港,马尔凯洛,焦化厂,"1790674",70.000,"20260907002500","20260907005333","20260907010500",已到厂,"1",G3MMZJML,A2MMZJM1,已匹配,焦化厂
LGXS26070756,"450018597000010",G3MMZJML,"2700",广西柳钢国际贸易有限公司,铁山港,马尔凯洛,焦化厂,"4924257",61.000,"20260907002500","20260907005333","20260907010500",已到厂,"1",G3MMZJML,A2MMZJM1,已匹配,焦化厂
LGXS26070756,"450018597000010",G3MMZJML,"2700",广西柳钢国际贸易有限公司,铁山港,马尔凯洛,焦化厂,"1857276",70.000,"20260906052300","20260906061020","20260906060300",已到厂,"1",G3MMZJML,A2MMZJM1,已匹配,焦化厂
LGXS26070756,"450018597000010",G3MMZJML,"2700",广西柳钢国际贸易有限公司,铁山港,马尔凯洛,焦化厂,"1520940",70.000,"20260906052300","20260906061020","20260906060300",已到厂,"1",G3MMZJML,A2MMZJM1,已匹配,焦化厂
LGXS26070756,"450018597000010",G3MMZJML,"2700",广西柳钢国际贸易有限公司,铁山港,马尔凯洛,焦化厂,"4920409",61.000,"20260906052300","20260906061020","20260906060300",已到厂,"1",G3MMZJML,A2MMZJM1,已匹配,焦化厂
LGXS26070756,"450018597000010",G3MMZJML,"2700",广西柳钢国际贸易有限公司,铁山港,马尔凯洛,焦化厂,"4906795",62.000,"20260906052300","20260906061020","20260906060300",已到厂,"1",G3MMZJML,A2MMZJM1,已匹配,焦化厂
LGXS26070756,"450018597000010",G3MMZJML,"2700",广西柳钢国际贸易有限公司,铁山港,马尔凯洛,焦化厂,"4200765",62.000,"20260906052300","20260906061020","20260906060300",已到厂,"1",G3MMZJML,A2MMZJM1,已匹配,焦化厂
LGXS26070756,"450018597000010",G3MMZJML,"2700",广西柳钢国际贸易有限公司,铁山港,马尔凯洛,焦化厂,"1775724",70.000,"20260906052300","20260906061020","20260906060300",已到厂,"1",G3MMZJML,A2MMZJM1,已匹配,焦化厂
LGXS26070756,"450018597000010",G3MMZJML,"2700",广西柳钢国际贸易有限公司,铁山港,马尔凯洛,焦化厂,"1736150",70.000,"20260906052300","20260906061020","20260906060300",已到厂,"1",G3MMZJML,A2MMZJM1,已匹配,焦化厂
LGXS26070756,"450018597000010",G3MMZJML,"2700",广西柳钢国际贸易有限公司,铁山港,马尔凯洛,焦化厂,"4907401",61.000,"20260906052300","20260906061020","20260906060300",已到厂,"1",G3MMZJML,A2MMZJM1,已匹配,焦化厂
LGXS26070756,"450018597000010",G3MMZJML,"2700",广西柳钢国际贸易有限公司,铁山港,马尔凯洛,焦化厂,"1866376",70.000,"20260906052300","20260906061020","20260906060300",已到厂,"1",G3MMZJML,A2MMZJM1,已匹配,焦化厂
LGXS26070756,"450018597000010",G3MMZJML,"2700",广西柳钢国际贸易有限公司,铁山港,马尔凯洛,焦化厂,"1610619",70.000,"20260906052300","20260906061020","20260906060300",已到厂,"1",G3MMZJML,A2MMZJM1,已匹配,焦化厂
LGXS26070756,"450018597000010",G3MMZJML,"2700",广西柳钢国际贸易有限公司,铁山港,马尔凯洛,焦化厂,"1606383",70.000,"20260906052300","20260906061020","20260906060300",已到厂,"1",G3MMZJML,A2MMZJM1,已匹配,焦化厂
LGXS26070756,"450018597000010",G3MMZJML,"2700",广西柳钢国际贸易有限公司,铁山港,马尔凯洛,焦化厂,"1819972",70.000,"20260906052300","20260906061020","20260906060300",已到厂,"1",G3MMZJML,A2MMZJM1,已匹配,焦化厂
LGXS26070756,"450018597000010",G3MMZJML,"2700",广西柳钢国际贸易有限公司,铁山港,马尔凯洛,焦化厂,"4967704",62.000,"20260906052300","20260906061020","20260906060300",已到厂,"1",G3MMZJML,A2MMZJM1,已匹配,焦化厂
LGXS26070756,"450018597000010",G3MMZJML,"2700",广西柳钢国际贸易有限公司,铁山港,马尔凯洛,焦化厂,"1873961",70.000,"20260906052300","20260906061020","20260906060300",已到厂,"1",G3MMZJML,A2MMZJM1,已匹配,焦化厂
LGXS26070756,"450018597000010",G3MMZJML,"2700",广西柳钢国际贸易有限公司,铁山港,马尔凯洛,焦化厂,"1787606",70.000,"20260906052300","20260906061020","20260906060300",已到厂,"1",G3MMZJML,A2MMZJM1,已匹配,焦化厂
LGXS26070756,"450018597000010",G3MMZJML,"2700",广西柳钢国际贸易有限公司,铁山港,马尔凯洛,焦化厂,"1749755",70.000,"20260906052300","20260906061020","20260906060300",已到厂,"1",G3MMZJML,A2MMZJM1,已匹配,焦化厂
LGXS26070756,"450018597000010",G3MMZJML,"2700",广西柳钢国际贸易有限公司,铁山港,马尔凯洛,焦化厂,"4932092",61.000,"20260906052300","20260906061020","20260906060300",已到厂,"1",G3MMZJML,A2MMZJM1,已匹配,焦化厂
LGXS26070756,"450018597000010",G3MMZJML,"2700",广西柳钢国际贸易有限公司,铁山港,马尔凯洛,焦化厂,"1631616",70.000,"20260906052300","20260906061020","20260906060300",已到厂,"1",G3MMZJML,A2MMZJM1,已匹配,焦化厂
LGXS26070756,"450018597000010",G3MMZJML,"2700",广西柳钢国际贸易有限公司,铁山港,马尔凯洛,焦化厂,"1738382",70.000,"20260906052300","20260906061020","20260906060300",已到厂,"1",G3MMZJML,A2MMZJM1,已匹配,焦化厂
LGXS26070756,"450018597000010",G3MMZJML,"2700",广西柳钢国际贸易有限公司,铁山港,马尔凯洛,焦化厂,"4204460",62.000,"20260906052300","20260906061020","20260906060300",已到厂,"1",G3MMZJML,A2MMZJM1,已匹配,焦化厂
LGXS26070756,"450018597000010",G3MMZJML,"2700",广西柳钢国际贸易有限公司,铁山港,马尔凯洛,焦化厂,"1790309",70.000,"20260906052300","20260906061020","20260906060300",已到厂,"1",G3MMZJML,A2MMZJM1,已匹配,焦化厂
LGXS26070756,"450018597000010",G3MMZJML,"2700",广西柳钢国际贸易有限公司,铁山港,马尔凯洛,焦化厂,"1626749",70.000,"20260906052300","20260906061020","20260906060300",已到厂,"1",G3MMZJML,A2MMZJM1,已匹配,焦化厂
LGXS26070756,"450018597000010",G3MMZJML,"2700",广西柳钢国际贸易有限公司,铁山港,马尔凯洛,焦化厂,"1823822",70.000,"20260906052300","20260906061020","20260906060300",已到厂,"1",G3MMZJML,A2MMZJM1,已匹配,焦化厂
LGXS26070756,"450018597000010",G3MMZJML,"2700",广西柳钢国际贸易有限公司,铁山港,马尔凯洛,焦化厂,"4975000",63.000,"20260906052300","20260906061020","20260906060300",已到厂,"1",G3MMZJML,A2MMZJM1,已匹配,焦化厂
LGXS26070756,"450018597000010",G3MMZJML,"2700",广西柳钢国际贸易有限公司,铁山港,马尔凯洛,焦化厂,"1888329",70.000,"20260906052300","20260906061020","20260906060300",已到厂,"1",G3MMZJML,A2MMZJM1,已匹配,焦化厂
"212010226072","450018958200010",G3MMZJML,"1200",广西钢铁集团有限公司,铁山港,马尔凯洛,焦化厂,"1889881",70.000,"20260905222400","20260905225222","20260905230400",已到厂,"1",G3MMZJML,A2MMZJM1,已匹配,焦化厂
"212010226072","450018958200010",G3MMZJML,"1200",广西钢铁集团有限公司,铁山港,马尔凯洛,焦化厂,"1624582",70.000,"20260905222400","20260905225222","20260905230400",已到厂,"1",G3MMZJML,A2MMZJM1,已匹配,焦化厂
"212010226072","450018958200010",G3MMZJML,"1200",广西钢铁集团有限公司,铁山港,马尔凯洛,焦化厂,"1570015",70.000,"20260905222400","20260905225222","20260905230400",已到厂,"1",G3MMZJML,A2MMZJM1,已匹配,焦化厂
"212010226072","450018958200010",G3MMZJML,"1200",广西钢铁集团有限公司,铁山港,马尔凯洛,焦化厂,"1665157",70.000,"20260905222400","20260905225222","20260905230400",已到厂,"1",G3MMZJML,A2MMZJM1,已匹配,焦化厂
"212010226072","450018958200010",G3MMZJML,"1200",广西钢铁集团有限公司,铁山港,马尔凯洛,焦化厂,"1573715",70.000,"20260905222400","20260905225222","20260905230400",已到厂,"1",G3MMZJML,A2MMZJM1,已匹配,焦化厂
"212010226072","450018958200010",G3MMZJML,"1200",广西钢铁集团有限公司,铁山港,马尔凯洛,焦化厂,"4922451",62.000,"20260905222400","20260905225222","20260905230400",已到厂,"1",G3MMZJML,A2MMZJM1,已匹配,焦化厂
"212010226072","450018958200010",G3MMZJML,"1200",广西钢铁集团有限公司,铁山港,马尔凯洛,焦化厂,"1764073",70.000,"20260905222400","20260905225222","20260905230400",已到厂,"1",G3MMZJML,A2MMZJM1,已匹配,焦化厂
"212010226072","450018958200010",G3MMZJML,"1200",广西钢铁集团有限公司,铁山港,马尔凯洛,焦化厂,"4872724",61.000,"20260905222400","20260905225222","20260905230400",已到厂,"1",G3MMZJML,A2MMZJM1,已匹配,焦化厂
"212010226072","450018958200010",G3MMZJML,"1200",广西钢铁集团有限公司,铁山港,马尔凯洛,焦化厂,"1678140",70.000,"20260905222400","20260905225222","20260905230400",已到厂,"1",G3MMZJML,A2MMZJM1,已匹配,焦化厂
"212010226072","450018958200010",G3MMZJML,"1200",广西钢铁集团有限公司,铁山港,马尔凯洛,焦化厂,"1870964",70.000,"20260905222400","20260905225222","20260905230400",已到厂,"1",G3MMZJML,A2MMZJM1,已匹配,焦化厂
"212010226072","450018958200010",G3MMZJML,"1200",广西钢铁集团有限公司,铁山港,马尔凯洛,焦化厂,"1742135",70.000,"20260905222400","20260905225222","20260905230400",已到厂,"1",G3MMZJML,A2MMZJM1,已匹配,焦化厂
"212010226072","450018958200010",G3MMZJML,"1200",广西钢铁集团有限公司,铁山港,马尔凯洛,焦化厂,"1836499",70.000,"20260905222400","20260905225222","20260905230400",已到厂,"1",G3MMZJML,A2MMZJM1,已匹配,焦化厂
"212010226072","450018958200010",G3MMZJML,"1200",广西钢铁集团有限公司,铁山港,马尔凯洛,焦化厂,"1889879",70.000,"20260905222400","20260905225222","20260905230400",已到厂,"1",G3MMZJML,A2MMZJM1,已匹配,焦化厂
"212010226072","450018958200010",G3MMZJML,"1200",广西钢铁集团有限公司,铁山港,马尔凯洛,焦化厂,"1889885",70.000,"20260905222400","20260905225222","20260905230400",已到厂,"1",G3MMZJML,A2MMZJM1,已匹配,焦化厂
"212010226072","450018958200010",G3MMZJML,"1200",广西钢铁集团有限公司,铁山港,马尔凯洛,焦化厂,"1680239",70.000,"20260905222400","20260905225222","20260905230400",已到厂,"1",G3MMZJML,A2MMZJM1,已匹配,焦化厂
"212010226072","450018958200010",G3MMZJML,"1200",广西钢铁集团有限公司,铁山港,马尔凯洛,焦化厂,"4957854",61.000,"20260905222400","20260905225222","20260905230400",已到厂,"1",G3MMZJML,A2MMZJM1,已匹配,焦化厂
"212010226072","450018958200010",G3MMZJML,"1200",广西钢铁集团有限公司,铁山港,马尔凯洛,焦化厂,"1606303",70.000,"20260905222400","20260905225222","20260905230400",已到厂,"1",G3MMZJML,A2MMZJM1,已匹配,焦化厂
"212010226072","450018958200010",G3MMZJML,"1200",广西钢铁集团有限公司,铁山港,马尔凯洛,焦化厂,"1658780",70.000,"20260905222400","20260905225222","20260905230400",已到厂,"1",G3MMZJML,A2MMZJM1,已匹配,焦化厂
"212010226072","450018958200010",G3MMZJML,"1200",广西钢铁集团有限公司,铁山港,马尔凯洛,焦化厂,"1637995",70.000,"20260905222400","20260905225222","20260905230400",已到厂,"1",G3MMZJML,A2MMZJM1,已匹配,焦化厂
"212010226072","450018958200010",G3MMZJML,"1200",广西钢铁集团有限公司,铁山港,马尔凯洛,焦化厂,"1889886",70.000,"20260905222400","20260905225222","20260905230400",已到厂,"1",G3MMZJML,A2MMZJM1,已匹配,焦化厂
"212010226072","450018958200010",G3MMZJML,"1200",广西钢铁集团有限公司,铁山港,马尔凯洛,焦化厂,"1872729",70.000,"20260905222400","20260905225222","20260905230400",已到厂,"1",G3MMZJML,A2MMZJM1,已匹配,焦化厂
"212010226072","450018958200010",G3MMZJML,"1200",广西钢铁集团有限公司,铁山港,马尔凯洛,焦化厂,"4949043",61.000,"20260905222400","20260905225222","20260905230400",已到厂,"1",G3MMZJML,A2MMZJM1,已匹配,焦化厂
"212010226072","450018958200010",G3MMZJML,"1200",广西钢铁集团有限公司,铁山港,马尔凯洛,焦化厂,"1609531",70.000,"20260905222400","20260905225222","20260905230400",已到厂,"1",G3MMZJML,A2MMZJM1,已匹配,焦化厂
"212010226072","450018958200010",G3MMZJML,"1200",广西钢铁集团有限公司,铁山港,马尔凯洛,焦化厂,"4910836",62.000,"20260905222400","20260905225222","20260905230400",已到厂,"1",G3MMZJML,A2MMZJM1,已匹配,焦化厂
"212010226072","450018958200010",G3MMZJML,"1200",广西钢铁集团有限公司,铁山港,马尔凯洛,焦化厂,"1889884",70.000,"20260905222400","20260905225222","20260905230400",已到厂,"1",G3MMZJML,A2MMZJM1,已匹配,焦化厂
"212010226072","450018958200010",G3MMZJML,"1200",广西钢铁集团有限公司,铁山港,马尔凯洛,焦化厂,"4836406",62.000,"20260905222400","20260905225222","20260905230400",已到厂,"1",G3MMZJML,A2MMZJM1,已匹配,焦化厂
"212010226072","450018958200010",G3MMZJML,"1200",广西钢铁集团有限公司,铁山港,马尔凯洛,焦化厂,"4880519",62.000,"20260905222400","20260905225222","20260905230400",已到厂,"1",G3MMZJML,A2MMZJM1,已匹配,焦化厂
"212010226072","450018958200010",G3MMZJML,"1200",广西钢铁集团有限公司,铁山港,马尔凯洛,焦化厂,"4950960",62.000,"20260905222400","20260905225222","20260905230400",已到厂,"1",G3MMZJML,A2MMZJM1,已匹配,焦化厂
"212010226072","450018958200010",G3MMZJML,"1200",广西钢铁集团有限公司,铁山港,马尔凯洛,焦化厂,"1659590",70.000,"20260905222400","20260905225222","20260905230400",已到厂,"1",G3MMZJML,A2MMZJM1,已匹配,焦化厂
"212010226072","450018958200010",G3MMZJML,"1200",广西钢铁集团有限公司,铁山港,马尔凯洛,焦化厂,"1785131",70.000,"20260905222400","20260905225222","20260905230400",已到厂,"1",G3MMZJML,A2MMZJM1,已匹配,焦化厂
"212010226072","450018958200010",G3MMZJML,"1200",广西钢铁集团有限公司,铁山港,马尔凯洛,焦化厂,"1691954",70.000,"20260905222400","20260905225222","20260905230400",已到厂,"1",G3MMZJML,A2MMZJM1,已匹配,焦化厂
"212010226072","450018958200010",G3MMZJML,"1200",广西钢铁集团有限公司,铁山港,马尔凯洛,焦化厂,"4880834",63.000,"20260905222400","20260905225222","20260905230400",已到厂,"1",G3MMZJML,A2MMZJM1,已匹配,焦化厂
"212010226072","450018958200010",G3MMZJML,"1200",广西钢铁集团有限公司,铁山港,马尔凯洛,焦化厂,"1720735",70.000,"20260905222400","20260905225222","20260905230400",已到厂,"1",G3MMZJML,A2MMZJM1,已匹配,焦化厂
"212010226072","450018958200010",G3MMZJML,"1200",广西钢铁集团有限公司,铁山港,马尔凯洛,焦化厂,"4877495",63.000,"20260905222400","20260905225222","20260905230400",已到厂,"1",G3MMZJML,A2MMZJM1,已匹配,焦化厂
"212010226072","450018958200010",G3MMZJML,"1200",广西钢铁集团有限公司,铁山港,马尔凯洛,焦化厂,"1757231",70.000,"20260905222400","20260905225222","20260905230400",已到厂,"1",G3MMZJML,A2MMZJM1,已匹配,焦化厂
"212010226072","450018958200010",G3MMZJML,"1200",广西钢铁集团有限公司,铁山港,马尔凯洛,焦化厂,"1501720",70.000,"20260905222400","20260905225222","20260905230400",已到厂,"1",G3MMZJML,A2MMZJM1,已匹配,焦化厂
"212010226072","450018958200010",G3MMZJML,"1200",广西钢铁集团有限公司,铁山港,马尔凯洛,焦化厂,"1800891",70.000,"20260905222400","20260905225222","20260905230400",已到厂,"1",G3MMZJML,A2MMZJM1,已匹配,焦化厂
"212010226072","450018958200010",G3MMZJML,"1200",广西钢铁集团有限公司,铁山港,马尔凯洛,焦化厂,"1744526",70.000,"20260905222400","20260905225222","20260905230400",已到厂,"1",G3MMZJML,A2MMZJM1,已匹配,焦化厂
"212010226072","450018958200010",G3MMZJML,"1200",广西钢铁集团有限公司,铁山港,马尔凯洛,焦化厂,"1586868",70.000,"20260905222400","20260905225222","20260905230400",已到厂,"1",G3MMZJML,A2MMZJM1,已匹配,焦化厂
"212010226072","450018958200010",G3MMZJML,"1200",广西钢铁集团有限公司,铁山港,马尔凯洛,焦化厂,"4961072",61.000,"20260905222400","20260905225222","20260905230400",已到厂,"1",G3MMZJML,A2MMZJM1,已匹配,焦化厂
"212010226072","450018958200010",G3MMZJML,"1200",广西钢铁集团有限公司,铁山港,马尔凯洛,焦化厂,"1640049",70.000,"20260905222400","20260905225222","20260905230400",已到厂,"1",G3MMZJML,A2MMZJM1,已匹配,焦化厂
"212010226072","450018958200010",G3MMZJML,"1200",广西钢铁集团有限公司,铁山港,马尔凯洛,焦化厂,"1747196",70.000,"20260905222400","20260905225222","20260905230400",已到厂,"1",G3MMZJML,A2MMZJM1,已匹配,焦化厂
"212010226072","450018958200010",G3MMZJML,"1200",广西钢铁集团有限公司,铁山港,马尔凯洛,焦化厂,"1656244",70.000,"20260905222400","20260905225222","20260905230400",已到厂,"1",G3MMZJML,A2MMZJM1,已匹配,焦化厂
"212010226072","450018958200010",G3MMZJML,"1200",广西钢铁集团有限公司,铁山港,马尔凯洛,焦化厂,"1684566",70.000,"20260905222400","20260905225222","20260905230400",已到厂,"1",G3MMZJML,A2MMZJM1,已匹配,焦化厂
"212010226072","450018958200010",G3MMZJML,"1200",广西钢铁集团有限公司,铁山港,马尔凯洛,焦化厂,"1565354",70.000,"20260905222400","20260905225222","20260905230400",已到厂,"1",G3MMZJML,A2MMZJM1,已匹配,焦化厂
"212010226072","450018958200010",G3MMZJML,"1200",广西钢铁集团有限公司,铁山港,马尔凯洛,焦化厂,"1889883",70.000,"20260905222400","20260905225222","20260905230400",已到厂,"1",G3MMZJML,A2MMZJM1,已匹配,焦化厂
"212010226072","450018958200010",G3MMZJML,"1200",广西钢铁集团有限公司,铁山港,马尔凯洛,焦化厂,"1559564",70.000,"20260905222400","20260905225222","20260905230400",已到厂,"1",G3MMZJML,A2MMZJM1,已匹配,焦化厂
"212010226072","450018958200010",G3MMZJML,"1200",广西钢铁集团有限公司,铁山港,马尔凯洛,焦化厂,"1615333",70.000,"20260905222400","20260905225222","20260905230400",已到厂,"1",G3MMZJML,A2MMZJM1,已匹配,焦化厂
"212010226072","450018958200010",G3MMZJML,"1200",广西钢铁集团有限公司,铁山港,马尔凯洛,焦化厂,"4672264",62.000,"20260905222400","20260905225222","20260905230400",已到厂,"1",G3MMZJML,A2MMZJM1,已匹配,焦化厂
"212010226072","450018958200010",G3MMZJML,"1200",广西钢铁集团有限公司,铁山港,马尔凯洛,焦化厂,"1865216",70.000,"20260905222400","20260905225222","20260905230400",已到厂,"1",G3MMZJML,A2MMZJM1,已匹配,焦化厂
"212010226072","450018958200010",G3MMZJML,"1200",广西钢铁集团有限公司,铁山港,马尔凯洛,焦化厂,"1684546",70.000,"20260905222400","20260905225222","20260905230400",已到厂,"1",G3MMZJML,A2MMZJM1,已匹配,焦化厂
LGXS26070756,"450018597000010",G3MMZJML,"2700",广西柳钢国际贸易有限公司,铁山港,马尔凯洛,焦化厂,"4893845",63.000,"20260905171500","20260905174340","20260905175500",已到厂,"1",G3MMZJML,A2MMZJM1,已匹配,焦化厂
LGXS26070756,"450018597000010",G3MMZJML,"2700",广西柳钢国际贸易有限公司,铁山港,马尔凯洛,焦化厂,"1875557",70.000,"20260905171500","20260905174340","20260905175500",已到厂,"1",G3MMZJML,A2MMZJM1,已匹配,焦化厂
LGXS26070756,"450018597000010",G3MMZJML,"2700",广西柳钢国际贸易有限公司,铁山港,马尔凯洛,焦化厂,"4904512",64.000,"20260905171500","20260905174340","20260905175500",已到厂,"1",G3MMZJML,A2MMZJM1,已匹配,焦化厂
LGXS26070756,"450018597000010",G3MMZJML,"2700",广西柳钢国际贸易有限公司,铁山港,马尔凯洛,焦化厂,"1731763",70.000,"20260905171500","20260905174340","20260905175500",已到厂,"1",G3MMZJML,A2MMZJM1,已匹配,焦化厂
LGXS26070756,"450018597000010",G3MMZJML,"2700",广西柳钢国际贸易有限公司,铁山港,马尔凯洛,焦化厂,"1718593",70.000,"20260905171500","20260905174340","20260905175500",已到厂,"1",G3MMZJML,A2MMZJM1,已匹配,焦化厂
LGXS26070756,"450018597000010",G3MMZJML,"2700",广西柳钢国际贸易有限公司,铁山港,马尔凯洛,焦化厂,"1603046",70.000,"20260905171500","20260905174340","20260905175500",已到厂,"1",G3MMZJML,A2MMZJM1,已匹配,焦化厂
LGXS26070756,"450018597000010",G3MMZJML,"2700",广西柳钢国际贸易有限公司,铁山港,马尔凯洛,焦化厂,"1851590",70.000,"20260905171500","20260905174340","20260905175500",已到厂,"1",G3MMZJML,A2MMZJM1,已匹配,焦化厂
LGXS26070756,"450018597000010",G3MMZJML,"2700",广西柳钢国际贸易有限公司,铁山港,马尔凯洛,焦化厂,"1719202",70.000,"20260905171500","20260905174340","20260905175500",已到厂,"1",G3MMZJML,A2MMZJM1,已匹配,焦化厂
LGXS26070756,"450018597000010",G3MMZJML,"2700",广西柳钢国际贸易有限公司,铁山港,马尔凯洛,焦化厂,"1742425",70.000,"20260905171500","20260905174340","20260905175500",已到厂,"1",G3MMZJML,A2MMZJM1,已匹配,焦化厂
LGXS26070756,"450018597000010",G3MMZJML,"2700",广西柳钢国际贸易有限公司,铁山港,马尔凯洛,焦化厂,"1704808",70.000,"20260905171500","20260905174340","20260905175500",已到厂,"1",G3MMZJML,A2MMZJM1,已匹配,焦化厂
LGXS26070756,"450018597000010",G3MMZJML,"2700",广西柳钢国际贸易有限公司,铁山港,马尔凯洛,焦化厂,"4955281",65.000,"20260905171500","20260905174340","20260905175500",已到厂,"1",G3MMZJML,A2MMZJM1,已匹配,焦化厂
LGXS26070756,"450018597000010",G3MMZJML,"2700",广西柳钢国际贸易有限公司,铁山港,马尔凯洛,焦化厂,"1638094",70.000,"20260905171500","20260905174340","20260905175500",已到厂,"1",G3MMZJML,A2MMZJM1,已匹配,焦化厂
LGXS26070756,"450018597000010",G3MMZJML,"2700",广西柳钢国际贸易有限公司,铁山港,马尔凯洛,焦化厂,"1602986",70.000,"20260905171500","20260905174340","20260905175500",已到厂,"1",G3MMZJML,A2MMZJM1,已匹配,焦化厂
LGXS26070756,"450018597000010",G3MMZJML,"2700",广西柳钢国际贸易有限公司,铁山港,马尔凯洛,焦化厂,"1511994",70.000,"20260905171500","20260905174340","20260905175500",已到厂,"1",G3MMZJML,A2MMZJM1,已匹配,焦化厂
LGXS26070756,"450018597000010",G3MMZJML,"2700",广西柳钢国际贸易有限公司,铁山港,马尔凯洛,焦化厂,"1718423",70.000,"20260905171500","20260905174340","20260905175500",已到厂,"1",G3MMZJML,A2MMZJM1,已匹配,焦化厂
LGXS26070756,"450018597000010",G3MMZJML,"2700",广西柳钢国际贸易有限公司,铁山港,马尔凯洛,焦化厂,"4934624",63.000,"20260905171500","20260905174340","20260905175500",已到厂,"1",G3MMZJML,A2MMZJM1,已匹配,焦化厂
LGXS26070756,"450018597000010",G3MMZJML,"2700",广西柳钢国际贸易有限公司,铁山港,马尔凯洛,焦化厂,"1834297",70.000,"20260905171500","20260905174340","20260905175500",已到厂,"1",G3MMZJML,A2MMZJM1,已匹配,焦化厂
LGXS26070756,"450018597000010",G3MMZJML,"2700",广西柳钢国际贸易有限公司,铁山港,马尔凯洛,焦化厂,"1598607",70.000,"20260905171500","20260905174340","20260905175500",已到厂,"1",G3MMZJML,A2MMZJM1,已匹配,焦化厂
LGXS26070756,"450018597000010",G3MMZJML,"2700",广西柳钢国际贸易有限公司,铁山港,马尔凯洛,焦化厂,"1765765",70.000,"20260905171500","20260905174340","20260905175500",已到厂,"1",G3MMZJML,A2MMZJM1,已匹配,焦化厂
LGXS26070756,"450018597000010",G3MMZJML,"2700",广西柳钢国际贸易有限公司,铁山港,马尔凯洛,焦化厂,"1639902",70.000,"20260905171500","20260905174340","20260905175500",已到厂,"1",G3MMZJML,A2MMZJM1,已匹配,焦化厂
LGXS26070756,"450018597000010",G3MMZJML,"2700",广西柳钢国际贸易有限公司,铁山港,马尔凯洛,焦化厂,"1808465",70.000,"20260905171500","20260905174340","20260905175500",已到厂,"1",G3MMZJML,A2MMZJM1,已匹配,焦化厂
LGXS26070756,"450018597000010",G3MMZJML,"2700",广西柳钢国际贸易有限公司,铁山港,马尔凯洛,焦化厂,"1739853",70.000,"20260905171500","20260905174340","20260905175500",已到厂,"1",G3MMZJML,A2MMZJM1,已匹配,焦化厂
LGXS26070756,"450018597000010",G3MMZJML,"2700",广西柳钢国际贸易有限公司,铁山港,马尔凯洛,焦化厂,"4966940",62.000,"20260905171500","20260905174340","20260905175500",已到厂,"1",G3MMZJML,A2MMZJM1,已匹配,焦化厂
LGXS26070756,"450018597000010",G3MMZJML,"2700",广西柳钢国际贸易有限公司,铁山港,马尔凯洛,焦化厂,"1816226",70.000,"20260905171500","20260905174340","20260905175500",已到厂,"1",G3MMZJML,A2MMZJM1,已匹配,焦化厂
LGXS26070756,"450018597000010",G3MMZJML,"2700",广西柳钢国际贸易有限公司,铁山港,马尔凯洛,焦化厂,"1694272",70.000,"20260905171500","20260905174340","20260905175500",已到厂,"1",G3MMZJML,A2MMZJM1,已匹配,焦化厂
LGXS26070756,"450018597000010",G3MMZJML,"2700",广西柳钢国际贸易有限公司,铁山港,马尔凯洛,焦化厂,"1568523",70.000,"20260905171500","20260905174340","20260905175500",已到厂,"1",G3MMZJML,A2MMZJM1,已匹配,焦化厂
LGXS26070756,"450018597000010",G3MMZJML,"2700",广西柳钢国际贸易有限公司,铁山港,马尔凯洛,焦化厂,"1597211",70.000,"20260905171500","20260905174340","20260905175500",已到厂,"1",G3MMZJML,A2MMZJM1,已匹配,焦化厂
LGXS26070756,"450018597000010",G3MMZJML,"2700",广西柳钢国际贸易有限公司,铁山港,马尔凯洛,焦化厂,"1731273",70.000,"20260905171500","20260905174340","20260905175500",已到厂,"1",G3MMZJML,A2MMZJM1,已匹配,焦化厂
LGXS26070756,"450018597000010",G3MMZJML,"2700",广西柳钢国际贸易有限公司,铁山港,马尔凯洛,焦化厂,"1579584",70.000,"20260905171500","20260905174340","20260905175500",已到厂,"1",G3MMZJML,A2MMZJM1,已匹配,焦化厂
LGXS26070756,"450018597000010",G3MMZJML,"2700",广西柳钢国际贸易有限公司,铁山港,马尔凯洛,焦化厂,"1674207",70.000,"20260905171500","20260905174340","20260905175500",已到厂,"1",G3MMZJML,A2MMZJM1,已匹配,焦化厂
LGXS26070756,"450018597000010",G3MMZJML,"2700",广西柳钢国际贸易有限公司,铁山港,马尔凯洛,焦化厂,"4870059",62.000,"20260905171500","20260905174340","20260905175500",已到厂,"1",G3MMZJML,A2MMZJM1,已匹配,焦化厂
LGXS26070756,"450018597000010",G3MMZJML,"2700",广西柳钢国际贸易有限公司,铁山港,马尔凯洛,焦化厂,"4880299",63.000,"20260905171500","20260905174340","20260905175500",已到厂,"1",G3MMZJML,A2MMZJM1,已匹配,焦化厂
LGXS26070756,"450018597000010",G3MMZJML,"2700",广西柳钢国际贸易有限公司,铁山港,马尔凯洛,焦化厂,"1587838",70.000,"20260905171500","20260905174340","20260905175500",已到厂,"1",G3MMZJML,A2MMZJM1,已匹配,焦化厂
LGXS26070756,"450018597000010",G3MMZJML,"2700",广西柳钢国际贸易有限公司,铁山港,马尔凯洛,焦化厂,"1653148",70.000,"20260905171500","20260905174340","20260905175500",已到厂,"1",G3MMZJML,A2MMZJM1,已匹配,焦化厂
LGXS26070756,"450018597000010",G3MMZJML,"2700",广西柳钢国际贸易有限公司,铁山港,马尔凯洛,焦化厂,"4889821",63.000,"20260905171500","20260905174340","20260905175500",已到厂,"1",G3MMZJML,A2MMZJM1,已匹配,焦化厂
LGXS26070756,"450018597000010",G3MMZJML,"2700",广西柳钢国际贸易有限公司,铁山港,马尔凯洛,焦化厂,"1704407",70.000,"20260905171500","20260905174340","20260905175500",已到厂,"1",G3MMZJML,A2MMZJM1,已匹配,焦化厂
LGXS26070756,"450018597000010",G3MMZJML,"2700",广西柳钢国际贸易有限公司,铁山港,马尔凯洛,焦化厂,"1749868",70.000,"20260905171500","20260905174340","20260905175500",已到厂,"1",G3MMZJML,A2MMZJM1,已匹配,焦化厂
LGXS26070756,"450018597000010",G3MMZJML,"2700",广西柳钢国际贸易有限公司,铁山港,马尔凯洛,焦化厂,"4913850",64.000,"20260905171500","20260905174340","20260905175500",已到厂,"1",G3MMZJML,A2MMZJM1,已匹配,焦化厂
LGXS26070756,"450018597000010",G3MMZJML,"2700",广西柳钢国际贸易有限公司,铁山港,马尔凯洛,焦化厂,"4975160",63.000,"20260905171500","20260905174340","20260905175500",已到厂,"1",G3MMZJML,A2MMZJM1,已匹配,焦化厂
LGXS26070756,"450018597000010",G3MMZJML,"2700",广西柳钢国际贸易有限公司,铁山港,马尔凯洛,焦化厂,"4963269",63.000,"20260905171500","20260905174340","20260905175500",已到厂,"1",G3MMZJML,A2MMZJM1,已匹配,焦化厂
LGXS26070756,"450018597000010",G3MMZJML,"2700",广西柳钢国际贸易有限公司,铁山港,马尔凯洛,焦化厂,"1611508",70.000,"20260905171500","20260905174340","20260905175500",已到厂,"1",G3MMZJML,A2MMZJM1,已匹配,焦化厂
LGXS26070756,"450018597000010",G3MMZJML,"2700",广西柳钢国际贸易有限公司,铁山港,马尔凯洛,焦化厂,"1895588",70.000,"20260905171500","20260905174340","20260905175500",已到厂,"1",G3MMZJML,A2MMZJM1,已匹配,焦化厂
LGXS26070756,"450018597000010",G3MMZJML,"2700",广西柳钢国际贸易有限公司,铁山港,马尔凯洛,焦化厂,"1614861",70.000,"20260905171500","20260905174340","20260905175500",已到厂,"1",G3MMZJML,A2MMZJM1,已匹配,焦化厂
LGXS26070756,"450018597000010",G3MMZJML,"2700",广西柳钢国际贸易有限公司,铁山港,马尔凯洛,焦化厂,"4943747",63.000,"20260905171500","20260905174340","20260905175500",已到厂,"1",G3MMZJML,A2MMZJM1,已匹配,焦化厂
LGXS26070756,"450018597000010",G3MMZJML,"2700",广西柳钢国际贸易有限公司,铁山港,马尔凯洛,焦化厂,"1592507",70.000,"20260905171500","20260905174340","20260905175500",已到厂,"1",G3MMZJML,A2MMZJM1,已匹配,焦化厂
LGXS26070756,"450018597000010",G3MMZJML,"2700",广西柳钢国际贸易有限公司,铁山港,马尔凯洛,焦化厂,"1570084",70.000,"20260905171500","20260905174340","20260905175500",已到厂,"1",G3MMZJML,A2MMZJM1,已匹配,焦化厂
LGXS26070756,"450018597000010",G3MMZJML,"2700",广西柳钢国际贸易有限公司,铁山港,马尔凯洛,焦化厂,"1594411",70.000,"20260905171500","20260905174340","20260905175500",已到厂,"1",G3MMZJML,A2MMZJM1,已匹配,焦化厂
LGXS26070756,"450018597000010",G3MMZJML,"2700",广西柳钢国际贸易有限公司,铁山港,马尔凯洛,焦化厂,"1610699",70.000,"20260905171500","20260905174340","20260905175500",已到厂,"1",G3MMZJML,A2MMZJM1,已匹配,焦化厂
LGXS26070756,"450018597000010",G3MMZJML,"2700",广西柳钢国际贸易有限公司,铁山港,马尔凯洛,焦化厂,"1823347",70.000,"20260905171500","20260905174340","20260905175500",已到厂,"1",G3MMZJML,A2MMZJM1,已匹配,焦化厂
LGXS26070756,"450018597000010",G3MMZJML,"2700",广西柳钢国际贸易有限公司,铁山港,马尔凯洛,焦化厂,"1695317",70.000,"20260905171500","20260905174340","20260905175500",已到厂,"1",G3MMZJML,A2MMZJM1,已匹配,焦化厂
LGXS26070756,"450018597000010",G3MMZJML,"2700",广西柳钢国际贸易有限公司,铁山港,马尔凯洛,焦化厂,"1819580",70.000,"20260905171500","20260905174340","20260905175500",已到厂,"1",G3MMZJML,A2MMZJM1,已匹配,焦化厂
LGXS26070756,"450018597000010",G3MMZJML,"2700",广西柳钢国际贸易有限公司,铁山港,马尔凯洛,焦化厂,"4968656",62.000,"20260905055800","20260905071405","20260905063800",已到厂,"1",G3MMZJML,A2MMZJM1,已匹配,焦化厂
LGXS26070756,"450018597000010",G3MMZJML,"2700",广西柳钢国际贸易有限公司,铁山港,马尔凯洛,焦化厂,"1627876",70.000,"20260905055800","20260905071405","20260905063800",已到厂,"1",G3MMZJML,A2MMZJM1,已匹配,焦化厂
LGXS26070756,"450018597000010",G3MMZJML,"2700",广西柳钢国际贸易有限公司,铁山港,马尔凯洛,焦化厂,"1844378",70.000,"20260905055800","20260905071405","20260905063800",已到厂,"1",G3MMZJML,A2MMZJM1,已匹配,焦化厂
LGXS26070756,"450018597000010",G3MMZJML,"2700",广西柳钢国际贸易有限公司,铁山港,马尔凯洛,焦化厂,"1882536",70.000,"20260905055800","20260905071405","20260905063800",已到厂,"1",G3MMZJML,A2MMZJM1,已匹配,焦化厂
LGXS26070756,"450018597000010",G3MMZJML,"2700",广西柳钢国际贸易有限公司,铁山港,马尔凯洛,焦化厂,"1712000",70.000,"20260905055800","20260905071405","20260905063800",已到厂,"1",G3MMZJML,A2MMZJM1,已匹配,焦化厂
LGXS26070756,"450018597000010",G3MMZJML,"2700",广西柳钢国际贸易有限公司,铁山港,马尔凯洛,焦化厂,"1640887",70.000,"20260905055800","20260905071405","20260905063800",已到厂,"1",G3MMZJML,A2MMZJM1,已匹配,焦化厂
LGXS26070756,"450018597000010",G3MMZJML,"2700",广西柳钢国际贸易有限公司,铁山港,马尔凯洛,焦化厂,"1694324",70.000,"20260905055800","20260905071405","20260905063800",已到厂,"1",G3MMZJML,A2MMZJM1,已匹配,焦化厂
LGXS26070756,"450018597000010",G3MMZJML,"2700",广西柳钢国际贸易有限公司,铁山港,马尔凯洛,焦化厂,"1627407",70.000,"20260905055800","20260905071405","20260905063800",已到厂,"1",G3MMZJML,A2MMZJM1,已匹配,焦化厂
LGXS26070756,"450018597000010",G3MMZJML,"2700",广西柳钢国际贸易有限公司,铁山港,马尔凯洛,焦化厂,"4961084",62.000,"20260905055800","20260905071405","20260905063800",已到厂,"1",G3MMZJML,A2MMZJM1,已匹配,焦化厂
LGXS26070756,"450018597000010",G3MMZJML,"2700",广西柳钢国际贸易有限公司,铁山港,马尔凯洛,焦化厂,"1707138",70.000,"20260905055800","20260905071405","20260905063800",已到厂,"1",G3MMZJML,A2MMZJM1,已匹配,焦化厂
LGXS26070756,"450018597000010",G3MMZJML,"2700",广西柳钢国际贸易有限公司,铁山港,马尔凯洛,焦化厂,"1607942",70.000,"20260905055800","20260905071405","20260905063800",已到厂,"1",G3MMZJML,A2MMZJM1,已匹配,焦化厂
LGXS26070756,"450018597000010",G3MMZJML,"2700",广西柳钢国际贸易有限公司,铁山港,马尔凯洛,焦化厂,"1690437",70.000,"20260905055800","20260905071405","20260905063800",已到厂,"1",G3MMZJML,A2MMZJM1,已匹配,焦化厂
LGXS26070756,"450018597000010",G3MMZJML,"2700",广西柳钢国际贸易有限公司,铁山港,马尔凯洛,焦化厂,"4909691",61.000,"20260905055800","20260905071405","20260905063800",已到厂,"1",G3MMZJML,A2MMZJM1,已匹配,焦化厂
LGXS26070756,"450018597000010",G3MMZJML,"2700",广西柳钢国际贸易有限公司,铁山港,马尔凯洛,焦化厂,"1857731",70.000,"20260905055800","20260905071405","20260905063800",已到厂,"1",G3MMZJML,A2MMZJM1,已匹配,焦化厂
LGXS26070756,"450018597000010",G3MMZJML,"2700",广西柳钢国际贸易有限公司,铁山港,马尔凯洛,焦化厂,"1848442",70.000,"20260905055800","20260905071405","20260905063800",已到厂,"1",G3MMZJML,A2MMZJM1,已匹配,焦化厂
LGXS26070756,"450018597000010",G3MMZJML,"2700",广西柳钢国际贸易有限公司,铁山港,马尔凯洛,焦化厂,"1657611",70.000,"20260905055800","20260905071405","20260905063800",已到厂,"1",G3MMZJML,A2MMZJM1,已匹配,焦化厂
LGXS26070756,"450018597000010",G3MMZJML,"2700",广西柳钢国际贸易有限公司,铁山港,马尔凯洛,焦化厂,"4901868",61.000,"20260905055800","20260905071405","20260905063800",已到厂,"1",G3MMZJML,A2MMZJM1,已匹配,焦化厂
LGXS26070756,"450018597000010",G3MMZJML,"2700",广西柳钢国际贸易有限公司,铁山港,马尔凯洛,焦化厂,"4958132",62.000,"20260905055800","20260905071405","20260905063800",已到厂,"1",G3MMZJML,A2MMZJM1,已匹配,焦化厂
LGXS26070756,"450018597000010",G3MMZJML,"2700",广西柳钢国际贸易有限公司,铁山港,马尔凯洛,焦化厂,"1685538",70.000,"20260905055800","20260905071405","20260905063800",已到厂,"1",G3MMZJML,A2MMZJM1,已匹配,焦化厂
LGXS26070756,"450018597000010",G3MMZJML,"2700",广西柳钢国际贸易有限公司,铁山港,马尔凯洛,焦化厂,"4937568",64.000,"20260905055800","20260905071405","20260905063800",已到厂,"1",G3MMZJML,A2MMZJM1,已匹配,焦化厂
LGXS26070756,"450018597000010",G3MMZJML,"2700",广西柳钢国际贸易有限公司,铁山港,马尔凯洛,焦化厂,"1736053",70.000,"20260905055800","20260905071405","20260905063800",已到厂,"1",G3MMZJML,A2MMZJM1,已匹配,焦化厂
LGXS26070756,"450018597000010",G3MMZJML,"2700",广西柳钢国际贸易有限公司,铁山港,马尔凯洛,焦化厂,"1769948",70.000,"20260905055800","20260905071405","20260905063800",已到厂,"1",G3MMZJML,A2MMZJM1,已匹配,焦化厂
LGXS26070756,"450018597000010",G3MMZJML,"2700",广西柳钢国际贸易有限公司,铁山港,马尔凯洛,焦化厂,"1851041",70.000,"20260905055800","20260905071405","20260905063800",已到厂,"1",G3MMZJML,A2MMZJM1,已匹配,焦化厂
LGXS26070756,"450018597000010",G3MMZJML,"2700",广西柳钢国际贸易有限公司,铁山港,马尔凯洛,焦化厂,"1871619",70.000,"20260905055800","20260905071405","20260905063800",已到厂,"1",G3MMZJML,A2MMZJM1,已匹配,焦化厂
LGXS26070756,"450018597000010",G3MMZJML,"2700",广西柳钢国际贸易有限公司,铁山港,马尔凯洛,焦化厂,"1899143",70.000,"20260905055800","20260905071405","20260905063800",已到厂,"1",G3MMZJML,A2MMZJM1,已匹配,焦化厂
LGXS26070756,"450018597000010",G3MMZJML,"2700",广西柳钢国际贸易有限公司,铁山港,马尔凯洛,焦化厂,"4872368",64.000,"20260905055800","20260905071405","20260905063800",已到厂,"1",G3MMZJML,A2MMZJM1,已匹配,焦化厂
LGXS26070756,"450018597000010",G3MMZJML,"2700",广西柳钢国际贸易有限公司,铁山港,马尔凯洛,焦化厂,"1802912",70.000,"20260904185100","20260904191811","20260904193100",已到厂,"1",G3MMZJML,A2MMZJM1,已匹配,焦化厂
LGXS26070756,"450018597000010",G3MMZJML,"2700",广西柳钢国际贸易有限公司,铁山港,马尔凯洛,焦化厂,"1630772",70.000,"20260904110100","20260904112551","20260904114100",已到厂,"1",G3MMZJML,A2MMZJM1,已匹配,焦化厂
LGXS26070756,"450018597000010",G3MMZJML,"2700",广西柳钢国际贸易有限公司,铁山港,马尔凯洛,焦化厂,"4925991",64.000,"20260904110100","20260904112551","20260904114100",已到厂,"1",G3MMZJML,A2MMZJM1,已匹配,焦化厂
LGXS26070756,"450018597000010",G3MMZJML,"2700",广西柳钢国际贸易有限公司,铁山港,马尔凯洛,焦化厂,"1698210",70.000,"20260904110100","20260904112551","20260904114100",已到厂,"1",G3MMZJML,A2MMZJM1,已匹配,焦化厂
LGXS26070756,"450018597000010",G3MMZJML,"2700",广西柳钢国际贸易有限公司,铁山港,马尔凯洛,焦化厂,"1722118",70.000,"20260904110100","20260904112551","20260904114100",已到厂,"1",G3MMZJML,A2MMZJM1,已匹配,焦化厂
LGXS26070756,"450018597000010",G3MMZJML,"2700",广西柳钢国际贸易有限公司,铁山港,马尔凯洛,焦化厂,"1830749",70.000,"20260904110100","20260904112551","20260904114100",已到厂,"1",G3MMZJML,A2MMZJM1,已匹配,焦化厂
LGXS26070756,"450018597000010",G3MMZJML,"2700",广西柳钢国际贸易有限公司,铁山港,马尔凯洛,焦化厂,"1659526",70.000,"20260904110100","20260904112551","20260904114100",已到厂,"1",G3MMZJML,A2MMZJM1,已匹配,焦化厂
LGXS26070756,"450018597000010",G3MMZJML,"2700",广西柳钢国际贸易有限公司,铁山港,马尔凯洛,焦化厂,"1879731",70.000,"20260904110100","20260904112551","20260904114100",已到厂,"1",G3MMZJML,A2MMZJM1,已匹配,焦化厂
LGXS26070756,"450018597000010",G3MMZJML,"2700",广西柳钢国际贸易有限公司,铁山港,马尔凯洛,焦化厂,"4877703",65.000,"20260904110100","20260904112551","20260904114100",已到厂,"1",G3MMZJML,A2MMZJM1,已匹配,焦化厂
LGXS26070756,"450018597000010",G3MMZJML,"2700",广西柳钢国际贸易有限公司,铁山港,马尔凯洛,焦化厂,"1517673",70.000,"20260904110100","20260904112551","20260904114100",已到厂,"1",G3MMZJML,A2MMZJM1,已匹配,焦化厂
LGXS26070756,"450018597000010",G3MMZJML,"2700",广西柳钢国际贸易有限公司,铁山港,马尔凯洛,焦化厂,"1707360",70.000,"20260904110100","20260904112551","20260904114100",已到厂,"1",G3MMZJML,A2MMZJM1,已匹配,焦化厂
LGXS26070756,"450018597000010",G3MMZJML,"2700",广西柳钢国际贸易有限公司,铁山港,马尔凯洛,焦化厂,"1657835",70.000,"20260904110100","20260904112551","20260904114100",已到厂,"1",G3MMZJML,A2MMZJM1,已匹配,焦化厂
LGXS26070756,"450018597000010",G3MMZJML,"2700",广西柳钢国际贸易有限公司,铁山港,马尔凯洛,焦化厂,"1830545",70.000,"20260904110100","20260904112551","20260904114100",已到厂,"1",G3MMZJML,A2MMZJM1,已匹配,焦化厂
LGXS26070756,"450018597000010",G3MMZJML,"2700",广西柳钢国际贸易有限公司,铁山港,马尔凯洛,焦化厂,"1599416",70.000,"20260904110100","20260904112551","20260904114100",已到厂,"1",G3MMZJML,A2MMZJM1,已匹配,焦化厂
LGXS26070756,"450018597000010",G3MMZJML,"2700",广西柳钢国际贸易有限公司,铁山港,马尔凯洛,焦化厂,"1798260",70.000,"20260904110100","20260904112551","20260904114100",已到厂,"1",G3MMZJML,A2MMZJM1,已匹配,焦化厂
LGXS26070756,"450018597000010",G3MMZJML,"2700",广西柳钢国际贸易有限公司,铁山港,马尔凯洛,焦化厂,"1685921",70.000,"20260904110100","20260904112551","20260904114100",已到厂,"1",G3MMZJML,A2MMZJM1,已匹配,焦化厂
LGXS26070756,"450018597000010",G3MMZJML,"2700",广西柳钢国际贸易有限公司,铁山港,马尔凯洛,焦化厂,"4952511",63.000,"20260904110100","20260904112551","20260904114100",已到厂,"1",G3MMZJML,A2MMZJM1,已匹配,焦化厂
LGXS26070756,"450018597000010",G3MMZJML,"2700",广西柳钢国际贸易有限公司,铁山港,马尔凯洛,焦化厂,"1724287",70.000,"20260904110100","20260904112551","20260904114100",已到厂,"1",G3MMZJML,A2MMZJM1,已匹配,焦化厂
LGXS26070756,"450018597000010",G3MMZJML,"2700",广西柳钢国际贸易有限公司,铁山港,马尔凯洛,焦化厂,"1632914",70.000,"20260904110100","20260904112551","20260904114100",已到厂,"1",G3MMZJML,A2MMZJM1,已匹配,焦化厂
LGXS26070756,"450018597000010",G3MMZJML,"2700",广西柳钢国际贸易有限公司,铁山港,马尔凯洛,焦化厂,"4914338",63.000,"20260904110100","20260904112551","20260904114100",已到厂,"1",G3MMZJML,A2MMZJM1,已匹配,焦化厂
LGXS26070756,"450018597000010",G3MMZJML,"2700",广西柳钢国际贸易有限公司,铁山港,马尔凯洛,焦化厂,"1696080",70.000,"20260904110100","20260904112551","20260904114100",已到厂,"1",G3MMZJML,A2MMZJM1,已匹配,焦化厂
LGXS26070756,"450018597000010",G3MMZJML,"2700",广西柳钢国际贸易有限公司,铁山港,马尔凯洛,焦化厂,"1806538",70.000,"20260904110100","20260904112551","20260904114100",已到厂,"1",G3MMZJML,A2MMZJM1,已匹配,焦化厂
LGXS26070756,"450018597000010",G3MMZJML,"2700",广西柳钢国际贸易有限公司,铁山港,马尔凯洛,焦化厂,"1730763",70.000,"20260904110100","20260904112551","20260904114100",已到厂,"1",G3MMZJML,A2MMZJM1,已匹配,焦化厂
LGXS26070756,"450018597000010",G3MMZJML,"2700",广西柳钢国际贸易有限公司,铁山港,马尔凯洛,焦化厂,"1825914",70.000,"20260904110100","20260904112551","20260904114100",已到厂,"1",G3MMZJML,A2MMZJM1,已匹配,焦化厂
LGXS26070756,"450018597000010",G3MMZJML,"2700",广西柳钢国际贸易有限公司,铁山港,马尔凯洛,焦化厂,"1647379",70.000,"20260904110100","20260904112551","20260904114100",已到厂,"1",G3MMZJML,A2MMZJM1,已匹配,焦化厂
LGXS26070756,"450018597000010",G3MMZJML,"2700",广西柳钢国际贸易有限公司,铁山港,马尔凯洛,焦化厂,"1684409",70.000,"20260904110100","20260904112551","20260904114100",已到厂,"1",G3MMZJML,A2MMZJM1,已匹配,焦化厂
LGXS26070756,"450018597000010",G3MMZJML,"2700",广西柳钢国际贸易有限公司,铁山港,马尔凯洛,焦化厂,"1852467",70.000,"20260904110100","20260904112551","20260904114100",已到厂,"1",G3MMZJML,A2MMZJM1,已匹配,焦化厂
LGXS26070756,"450018597000010",G3MMZJML,"2700",广西柳钢国际贸易有限公司,铁山港,马尔凯洛,焦化厂,"4906618",62.000,"20260904110100","20260904112551","20260904114100",已到厂,"1",G3MMZJML,A2MMZJM1,已匹配,焦化厂
LGXS26070756,"450018597000010",G3MMZJML,"2700",广西柳钢国际贸易有限公司,铁山港,马尔凯洛,焦化厂,"1607606",70.000,"20260904110100","20260904112551","20260904114100",已到厂,"1",G3MMZJML,A2MMZJM1,已匹配,焦化厂
LGXS26070756,"450018597000010",G3MMZJML,"2700",广西柳钢国际贸易有限公司,铁山港,马尔凯洛,焦化厂,"1651105",70.000,"20260904110100","20260904112551","20260904114100",已到厂,"1",G3MMZJML,A2MMZJM1,已匹配,焦化厂
LGXS26070756,"450018597000010",G3MMZJML,"2700",广西柳钢国际贸易有限公司,铁山港,马尔凯洛,焦化厂,"1517317",70.000,"20260904110100","20260904112551","20260904114100",已到厂,"1",G3MMZJML,A2MMZJM1,已匹配,焦化厂
LGXS26070756,"450018597000010",G3MMZJML,"2700",广西柳钢国际贸易有限公司,铁山港,马尔凯洛,焦化厂,"1879568",70.000,"20260904110100","20260904112551","20260904114100",已到厂,"1",G3MMZJML,A2MMZJM1,已匹配,焦化厂
LGXS26070756,"450018597000010",G3MMZJML,"2700",广西柳钢国际贸易有限公司,铁山港,马尔凯洛,焦化厂,"1802283",70.000,"20260904110100","20260904112551","20260904114100",已到厂,"1",G3MMZJML,A2MMZJM1,已匹配,焦化厂
LGXS26070756,"450018597000010",G3MMZJML,"2700",广西柳钢国际贸易有限公司,铁山港,马尔凯洛,焦化厂,"1504773",70.000,"20260904110100","20260904112551","20260904114100",已到厂,"1",G3MMZJML,A2MMZJM1,已匹配,焦化厂
LGXS26070756,"450018597000010",G3MMZJML,"2700",广西柳钢国际贸易有限公司,铁山港,马尔凯洛,焦化厂,"1883690",70.000,"20260904110100","20260904112551","20260904114100",已到厂,"1",G3MMZJML,A2MMZJM1,已匹配,焦化厂
LGXS26070756,"450018597000010",G3MMZJML,"2700",广西柳钢国际贸易有限公司,铁山港,马尔凯洛,焦化厂,"1861372",70.000,"20260904110100","20260904112551","20260904114100",已到厂,"1",G3MMZJML,A2MMZJM1,已匹配,焦化厂
LGXS26070756,"450018597000010",G3MMZJML,"2700",广西柳钢国际贸易有限公司,铁山港,马尔凯洛,焦化厂,"1837888",70.000,"20260904110100","20260904112551","20260904114100",已到厂,"1",G3MMZJML,A2MMZJM1,已匹配,焦化厂
LGXS26070756,"450018597000010",G3MMZJML,"2700",广西柳钢国际贸易有限公司,铁山港,马尔凯洛,焦化厂,"1517107",70.000,"20260904110100","20260904112551","20260904114100",已到厂,"1",G3MMZJML,A2MMZJM1,已匹配,焦化厂
LGXS26070756,"450018597000010",G3MMZJML,"2700",广西柳钢国际贸易有限公司,铁山港,马尔凯洛,焦化厂,"1807639",70.000,"20260904110100","20260904112551","20260904114100",已到厂,"1",G3MMZJML,A2MMZJM1,已匹配,焦化厂
LGXS26070756,"450018597000010",G3MMZJML,"2700",广西柳钢国际贸易有限公司,铁山港,马尔凯洛,焦化厂,"4864657",63.000,"20260904110100","20260904112551","20260904114100",已到厂,"1",G3MMZJML,A2MMZJM1,已匹配,焦化厂
LGXS26070756,"450018597000010",G3MMZJML,"2700",广西柳钢国际贸易有限公司,铁山港,马尔凯洛,焦化厂,"4955102",63.000,"20260904110100","20260904112551","20260904114100",已到厂,"1",G3MMZJML,A2MMZJM1,已匹配,焦化厂
LGXS26070756,"450018597000010",G3MMZJML,"2700",广西柳钢国际贸易有限公司,铁山港,马尔凯洛,焦化厂,"1704515",70.000,"20260904110100","20260904112551","20260904114100",已到厂,"1",G3MMZJML,A2MMZJM1,已匹配,焦化厂
LGXS26070756,"450018597000010",G3MMZJML,"2700",广西柳钢国际贸易有限公司,铁山港,马尔凯洛,焦化厂,"1823057",70.000,"20260904110100","20260904112551","20260904114100",已到厂,"1",G3MMZJML,A2MMZJM1,已匹配,焦化厂
LGXS26070756,"450018597000010",G3MMZJML,"2700",广西柳钢国际贸易有限公司,铁山港,马尔凯洛,焦化厂,"1682264",70.000,"20260904110100","20260904112551","20260904114100",已到厂,"1",G3MMZJML,A2MMZJM1,已匹配,焦化厂
LGXS26070756,"450018597000010",G3MMZJML,"2700",广西柳钢国际贸易有限公司,铁山港,马尔凯洛,焦化厂,"4963722",64.000,"20260904110100","20260904112551","20260904114100",已到厂,"1",G3MMZJML,A2MMZJM1,已匹配,焦化厂
LGXS26070756,"450018597000010",G3MMZJML,"2700",广西柳钢国际贸易有限公司,铁山港,马尔凯洛,焦化厂,"1846363",70.000,"20260904110100","20260904112551","20260904114100",已到厂,"1",G3MMZJML,A2MMZJM1,已匹配,焦化厂
LGXS26070756,"450018597000010",G3MMZJML,"2700",广西柳钢国际贸易有限公司,铁山港,马尔凯洛,焦化厂,"1596817",70.000,"20260904110100","20260904112551","20260904114100",已到厂,"1",G3MMZJML,A2MMZJM1,已匹配,焦化厂
LGXS26070756,"450018597000010",G3MMZJML,"2700",广西柳钢国际贸易有限公司,铁山港,马尔凯洛,焦化厂,"4952188",63.000,"20260904110100","20260904112551","20260904114100",已到厂,"1",G3MMZJML,A2MMZJM1,已匹配,焦化厂
LGXS26070756,"450018597000010",G3MMZJML,"2700",广西柳钢国际贸易有限公司,铁山港,马尔凯洛,焦化厂,"4874828",63.000,"20260904110100","20260904112551","20260904114100",已到厂,"1",G3MMZJML,A2MMZJM1,已匹配,焦化厂
LGXS26070756,"450018597000010",G3MMZJML,"2700",广西柳钢国际贸易有限公司,铁山港,马尔凯洛,焦化厂,"1843194",70.000,"20260904110100","20260904112551","20260904114100",已到厂,"1",G3MMZJML,A2MMZJM1,已匹配,焦化厂
LGXS26070756,"450018597000010",G3MMZJML,"2700",广西柳钢国际贸易有限公司,铁山港,马尔凯洛,焦化厂,"1815058",70.000,"20260904110100","20260904112551","20260904114100",已到厂,"1",G3MMZJML,A2MMZJM1,已匹配,焦化厂
LGXS26070756,"450018597000010",G3MMZJML,"2700",广西柳钢国际贸易有限公司,铁山港,马尔凯洛,焦化厂,"1558641",70.000,"20260904033100","20260904035348","20260904041100",已到厂,"1",G3MMZJML,A2MMZJM1,已匹配,焦化厂
LGXS26070756,"450018597000010",G3MMZJML,"2700",广西柳钢国际贸易有限公司,铁山港,马尔凯洛,焦化厂,"4937482",61.000,"20260904033100","20260904035348","20260904041100",已到厂,"1",G3MMZJML,A2MMZJM1,已匹配,焦化厂
LGXS26070756,"450018597000010",G3MMZJML,"2700",广西柳钢国际贸易有限公司,铁山港,马尔凯洛,焦化厂,"4910918",61.000,"20260904033100","20260904035348","20260904041100",已到厂,"1",G3MMZJML,A2MMZJM1,已匹配,焦化厂
LGXS26070756,"450018597000010",G3MMZJML,"2700",广西柳钢国际贸易有限公司,铁山港,马尔凯洛,焦化厂,"4875503",61.000,"20260904033100","20260904035348","20260904041100",已到厂,"1",G3MMZJML,A2MMZJM1,已匹配,焦化厂
LGXS26070756,"450018597000010",G3MMZJML,"2700",广西柳钢国际贸易有限公司,铁山港,马尔凯洛,焦化厂,"1880090",70.000,"20260904033100","20260904035348","20260904041100",已到厂,"1",G3MMZJML,A2MMZJM1,已匹配,焦化厂
LGXS26070756,"450018597000010",G3MMZJML,"2700",广西柳钢国际贸易有限公司,铁山港,马尔凯洛,焦化厂,"1570976",70.000,"20260904033100","20260904035348","20260904041100",已到厂,"1",G3MMZJML,A2MMZJM1,已匹配,焦化厂
LGXS26070756,"450018597000010",G3MMZJML,"2700",广西柳钢国际贸易有限公司,铁山港,马尔凯洛,焦化厂,"1857181",70.000,"20260904033100","20260904035348","20260904041100",已到厂,"1",G3MMZJML,A2MMZJM1,已匹配,焦化厂
LGXS26070756,"450018597000010",G3MMZJML,"2700",广西柳钢国际贸易有限公司,铁山港,马尔凯洛,焦化厂,"4885705",61.000,"20260904033100","20260904035348","20260904041100",已到厂,"1",G3MMZJML,A2MMZJM1,已匹配,焦化厂
LGXS26070756,"450018597000010",G3MMZJML,"2700",广西柳钢国际贸易有限公司,铁山港,马尔凯洛,焦化厂,"1643968",70.000,"20260904033100","20260904035348","20260904041100",已到厂,"1",G3MMZJML,A2MMZJM1,已匹配,焦化厂
LGXS26070756,"450018597000010",G3MMZJML,"2700",广西柳钢国际贸易有限公司,铁山港,马尔凯洛,焦化厂,"1751839",70.000,"20260904033100","20260904035348","20260904041100",已到厂,"1",G3MMZJML,A2MMZJM1,已匹配,焦化厂
LGXS26070756,"450018597000010",G3MMZJML,"2700",广西柳钢国际贸易有限公司,铁山港,马尔凯洛,焦化厂,"4946460",61.000,"20260904033100","20260904035348","20260904041100",已到厂,"1",G3MMZJML,A2MMZJM1,已匹配,焦化厂
LGXS26070756,"450018597000010",G3MMZJML,"2700",广西柳钢国际贸易有限公司,铁山港,马尔凯洛,焦化厂,"1654418",70.000,"20260904033100","20260904035348","20260904041100",已到厂,"1",G3MMZJML,A2MMZJM1,已匹配,焦化厂
LGXS26070756,"450018597000010",G3MMZJML,"2700",广西柳钢国际贸易有限公司,铁山港,马尔凯洛,焦化厂,"4962471",61.000,"20260904033100","20260904035348","20260904041100",已到厂,"1",G3MMZJML,A2MMZJM1,已匹配,焦化厂
LGXS26070756,"450018597000010",G3MMZJML,"2700",广西柳钢国际贸易有限公司,铁山港,马尔凯洛,焦化厂,"4874546",61.000,"20260904033100","20260904035348","20260904041100",已到厂,"1",G3MMZJML,A2MMZJM1,已匹配,焦化厂
LGXS26070756,"450018597000010",G3MMZJML,"2700",广西柳钢国际贸易有限公司,铁山港,马尔凯洛,焦化厂,"1687560",70.000,"20260904033100","20260904035348","20260904041100",已到厂,"1",G3MMZJML,A2MMZJM1,已匹配,焦化厂
LGXS26070756,"450018597000010",G3MMZJML,"2700",广西柳钢国际贸易有限公司,铁山港,马尔凯洛,焦化厂,"1619854",70.000,"20260904033100","20260904035348","20260904041100",已到厂,"1",G3MMZJML,A2MMZJM1,已匹配,焦化厂
LGXS26070756,"450018597000010",G3MMZJML,"2700",广西柳钢国际贸易有限公司,铁山港,马尔凯洛,焦化厂,"1759795",70.000,"20260904033100","20260904035348","20260904041100",已到厂,"1",G3MMZJML,A2MMZJM1,已匹配,焦化厂
LGXS26070756,"450018597000010",G3MMZJML,"2700",广西柳钢国际贸易有限公司,铁山港,马尔凯洛,焦化厂,"1736120",70.000,"20260904033100","20260904035348","20260904041100",已到厂,"1",G3MMZJML,A2MMZJM1,已匹配,焦化厂
LGXS26070756,"450018597000010",G3MMZJML,"2700",广西柳钢国际贸易有限公司,铁山港,马尔凯洛,焦化厂,"1745347",70.000,"20260904033100","20260904035348","20260904041100",已到厂,"1",G3MMZJML,A2MMZJM1,已匹配,焦化厂
LGXS26070756,"450018597000010",G3MMZJML,"2700",广西柳钢国际贸易有限公司,铁山港,马尔凯洛,焦化厂,"4943146",61.000,"20260904033100","20260904035348","20260904041100",已到厂,"1",G3MMZJML,A2MMZJM1,已匹配,焦化厂
LGXS26070756,"450018597000010",G3MMZJML,"2700",广西柳钢国际贸易有限公司,铁山港,马尔凯洛,焦化厂,"1774514",70.000,"20260904033100","20260904035348","20260904041100",已到厂,"1",G3MMZJML,A2MMZJM1,已匹配,焦化厂
LGXS26070756,"450018597000010",G3MMZJML,"2700",广西柳钢国际贸易有限公司,铁山港,马尔凯洛,焦化厂,"4893440",61.000,"20260904033100","20260904035348","20260904041100",已到厂,"1",G3MMZJML,A2MMZJM1,已匹配,焦化厂
LGXS26070756,"450018597000010",G3MMZJML,"2700",广西柳钢国际贸易有限公司,铁山港,马尔凯洛,焦化厂,"1612730",70.000,"20260904033100","20260904035348","20260904041100",已到厂,"1",G3MMZJML,A2MMZJM1,已匹配,焦化厂
LGXS26070756,"450018597000010",G3MMZJML,"2700",广西柳钢国际贸易有限公司,铁山港,马尔凯洛,焦化厂,"1874445",70.000,"20260904033100","20260904035348","20260904041100",已到厂,"1",G3MMZJML,A2MMZJM1,已匹配,焦化厂
LGXS26070756,"450018597000010",G3MMZJML,"2700",广西柳钢国际贸易有限公司,铁山港,马尔凯洛,焦化厂,"1861383",70.000,"20260904033100","20260904035348","20260904041100",已到厂,"1",G3MMZJML,A2MMZJM1,已匹配,焦化厂
LGXS26070756,"450018597000010",G3MMZJML,"2700",广西柳钢国际贸易有限公司,铁山港,马尔凯洛,焦化厂,"1876355",70.000,"20260904033100","20260904035348","20260904041100",已到厂,"1",G3MMZJML,A2MMZJM1,已匹配,焦化厂
LGXS26070756,"450018597000010",G3MMZJML,"2700",广西柳钢国际贸易有限公司,铁山港,马尔凯洛,焦化厂,"1558148",70.000,"20260904033100","20260904035348","20260904041100",已到厂,"1",G3MMZJML,A2MMZJM1,已匹配,焦化厂
LGXS26070756,"450018597000010",G3MMZJML,"2700",广西柳钢国际贸易有限公司,铁山港,马尔凯洛,焦化厂,"1619844",70.000,"20260904033100","20260904035348","20260904041100",已到厂,"1",G3MMZJML,A2MMZJM1,已匹配,焦化厂
LGXS26070756,"450018597000010",G3MMZJML,"2700",广西柳钢国际贸易有限公司,铁山港,马尔凯洛,焦化厂,"1565800",70.000,"20260904033100","20260904035348","20260904041100",已到厂,"1",G3MMZJML,A2MMZJM1,已匹配,焦化厂
LGXS26070756,"450018597000010",G3MMZJML,"2700",广西柳钢国际贸易有限公司,铁山港,马尔凯洛,焦化厂,"1775679",70.000,"20260904033100","20260904035348","20260904041100",已到厂,"1",G3MMZJML,A2MMZJM1,已匹配,焦化厂
LGXS26070756,"450018597000010",G3MMZJML,"2700",广西柳钢国际贸易有限公司,铁山港,马尔凯洛,焦化厂,"1769578",70.000,"20260904033100","20260904035348","20260904041100",已到厂,"1",G3MMZJML,A2MMZJM1,已匹配,焦化厂
LGXS26070756,"450018597000010",G3MMZJML,"2700",广西柳钢国际贸易有限公司,铁山港,马尔凯洛,焦化厂,"1740548",70.000,"20260904033100","20260904035348","20260904041100",已到厂,"1",G3MMZJML,A2MMZJM1,已匹配,焦化厂
LGXS26070756,"450018597000010",G3MMZJML,"2700",广西柳钢国际贸易有限公司,铁山港,马尔凯洛,焦化厂,"1718115",70.000,"20260904033100","20260904035348","20260904041100",已到厂,"1",G3MMZJML,A2MMZJM1,已匹配,焦化厂
LGXS26070756,"450018597000010",G3MMZJML,"2700",广西柳钢国际贸易有限公司,铁山港,马尔凯洛,焦化厂,"1656983",70.000,"20260904033100","20260904035348","20260904041100",已到厂,"1",G3MMZJML,A2MMZJM1,已匹配,焦化厂
LGXS26070756,"450018597000010",G3MMZJML,"2700",广西柳钢国际贸易有限公司,铁山港,马尔凯洛,焦化厂,"4926197",61.000,"20260904033100","20260904035348","20260904041100",已到厂,"1",G3MMZJML,A2MMZJM1,已匹配,焦化厂
LGXS26070756,"450018597000010",G3MMZJML,"2700",广西柳钢国际贸易有限公司,铁山港,马尔凯洛,焦化厂,"1740406",70.000,"20260904033100","20260904035348","20260904041100",已到厂,"1",G3MMZJML,A2MMZJM1,已匹配,焦化厂
LGXS26070756,"450018597000010",G3MMZJML,"2700",广西柳钢国际贸易有限公司,铁山港,马尔凯洛,焦化厂,"1514904",70.000,"20260904033100","20260904035348","20260904041100",已到厂,"1",G3MMZJML,A2MMZJM1,已匹配,焦化厂
LGXS26070756,"450018597000010",G3MMZJML,"2700",广西柳钢国际贸易有限公司,铁山港,马尔凯洛,焦化厂,"4933186",62.000,"20260904033100","20260904035348","20260904041100",已到厂,"1",G3MMZJML,A2MMZJM1,已匹配,焦化厂
LGXS26070756,"450018597000010",G3MMZJML,"2700",广西柳钢国际贸易有限公司,铁山港,马尔凯洛,焦化厂,"1561620",70.000,"20260904033100","20260904035348","20260904041100",已到厂,"1",G3MMZJML,A2MMZJM1,已匹配,焦化厂
LGXS26070756,"450018597000010",G3MMZJML,"2700",广西柳钢国际贸易有限公司,铁山港,马尔凯洛,焦化厂,"1873577",70.000,"20260904033100","20260904035348","20260904041100",已到厂,"1",G3MMZJML,A2MMZJM1,已匹配,焦化厂
LGXS26070756,"450018597000010",G3MMZJML,"2700",广西柳钢国际贸易有限公司,铁山港,马尔凯洛,焦化厂,"4967692",61.000,"20260904033100","20260904035348","20260904041100",已到厂,"1",G3MMZJML,A2MMZJM1,已匹配,焦化厂
LGXS26070756,"450018597000010",G3MMZJML,"2700",广西柳钢国际贸易有限公司,铁山港,马尔凯洛,焦化厂,"1750167",70.000,"20260904033100","20260904035348","20260904041100",已到厂,"1",G3MMZJML,A2MMZJM1,已匹配,焦化厂
LGXS26070756,"450018597000010",G3MMZJML,"2700",广西柳钢国际贸易有限公司,铁山港,马尔凯洛,焦化厂,"4909259",61.000,"20260904033100","20260904035348","20260904041100",已到厂,"1",G3MMZJML,A2MMZJM1,已匹配,焦化厂
LGXS26070756,"450018597000010",G3MMZJML,"2700",广西柳钢国际贸易有限公司,铁山港,马尔凯洛,焦化厂,"4931348",61.000,"20260904033100","20260904035348","20260904041100",已到厂,"1",G3MMZJML,A2MMZJM1,已匹配,焦化厂
LGXS26070756,"450018597000010",G3MMZJML,"2700",广西柳钢国际贸易有限公司,铁山港,马尔凯洛,焦化厂,"1597214",70.000,"20260904033100","20260904035348","20260904041100",已到厂,"1",G3MMZJML,A2MMZJM1,已匹配,焦化厂
LGXS26070756,"450018597000010",G3MMZJML,"2700",广西柳钢国际贸易有限公司,铁山港,马尔凯洛,焦化厂,"1607104",70.000,"20260904033100","20260904035348","20260904041100",已到厂,"1",G3MMZJML,A2MMZJM1,已匹配,焦化厂
LGXS26070756,"450018597000010",G3MMZJML,"2700",广西柳钢国际贸易有限公司,铁山港,马尔凯洛,焦化厂,"1519585",70.000,"20260904033100","20260904035348","20260904041100",已到厂,"1",G3MMZJML,A2MMZJM1,已匹配,焦化厂
LGXS26070756,"450018597000010",G3MMZJML,"2700",广西柳钢国际贸易有限公司,铁山港,马尔凯洛,焦化厂,"1880346",70.000,"20260904033100","20260904035348","20260904041100",已到厂,"1",G3MMZJML,A2MMZJM1,已匹配,焦化厂
LGXS26070756,"450018597000010",G3MMZJML,"2700",广西柳钢国际贸易有限公司,铁山港,马尔凯洛,焦化厂,"1813696",70.000,"20260904033100","20260904035348","20260904041100",已到厂,"1",G3MMZJML,A2MMZJM1,已匹配,焦化厂
LGXS26070756,"450018597000010",G3MMZJML,"2700",广西柳钢国际贸易有限公司,铁山港,马尔凯洛,焦化厂,"1828850",70.000,"20260904033100","20260904035348","20260904041100",已到厂,"1",G3MMZJML,A2MMZJM1,已匹配,焦化厂
LGXS26070756,"450018597000010",G3MMZJML,"2700",广西柳钢国际贸易有限公司,铁山港,马尔凯洛,焦化厂,"1867377",70.000,"20260904033100","20260904035348","20260904041100",已到厂,"1",G3MMZJML,A2MMZJM1,已匹配,焦化厂
LGXS26070756,"450018597000010",G3MMZJML,"2700",广西柳钢国际贸易有限公司,铁山港,马尔凯洛,焦化厂,"1667021",70.000,"20260904000007","20260904000326","20260904002100",已到厂,"1",G3MMZJML,A2MMZJM1,已匹配,焦化厂
LGXS26070756,"450018597000010",G3MMZJML,"2700",广西柳钢国际贸易有限公司,铁山港,马尔凯洛,焦化厂,"4971192",62.000,"20260904000007","20260904000326","20260904002100",已到厂,"1",G3MMZJML,A2MMZJM1,已匹配,焦化厂
LGXS26070756,"450018597000010",G3MMZJML,"2700",广西柳钢国际贸易有限公司,铁山港,马尔凯洛,焦化厂,"1554907",70.000,"20260904000007","20260904000326","20260904002100",已到厂,"1",G3MMZJML,A2MMZJM1,已匹配,焦化厂
LGXS26070756,"450018597000010",G3MMZJML,"2700",广西柳钢国际贸易有限公司,铁山港,马尔凯洛,焦化厂,"4896731",61.000,"20260904000007","20260904000326","20260904002100",已到厂,"1",G3MMZJML,A2MMZJM1,已匹配,焦化厂
LGXS26070756,"450018597000010",G3MMZJML,"2700",广西柳钢国际贸易有限公司,铁山港,马尔凯洛,焦化厂,"1781848",70.000,"20260904000007","20260904000326","20260904002100",已到厂,"1",G3MMZJML,A2MMZJM1,已匹配,焦化厂
LGXS26070756,"450018597000010",G3MMZJML,"2700",广西柳钢国际贸易有限公司,铁山港,马尔凯洛,焦化厂,"1744345",70.000,"20260904000007","20260904000326","20260904002100",已到厂,"1",G3MMZJML,A2MMZJM1,已匹配,焦化厂
LGXS26070756,"450018597000010",G3MMZJML,"2700",广西柳钢国际贸易有限公司,铁山港,马尔凯洛,焦化厂,"1704047",70.000,"20260904000007","20260904000326","20260904002100",已到厂,"1",G3MMZJML,A2MMZJM1,已匹配,焦化厂
LGXS26070756,"450018597000010",G3MMZJML,"2700",广西柳钢国际贸易有限公司,铁山港,马尔凯洛,焦化厂,"1596130",70.000,"20260904000007","20260904000326","20260904002100",已到厂,"1",G3MMZJML,A2MMZJM1,已匹配,焦化厂
LGXS26070756,"450018597000010",G3MMZJML,"2700",广西柳钢国际贸易有限公司,铁山港,马尔凯洛,焦化厂,"1724705",70.000,"20260904000007","20260904000326","20260904002100",已到厂,"1",G3MMZJML,A2MMZJM1,已匹配,焦化厂
LGXS26070756,"450018597000010",G3MMZJML,"2700",广西柳钢国际贸易有限公司,铁山港,马尔凯洛,焦化厂,"1693777",70.000,"20260904000007","20260904000326","20260904002100",已到厂,"1",G3MMZJML,A2MMZJM1,已匹配,焦化厂
LGXS26070756,"450018597000010",G3MMZJML,"2700",广西柳钢国际贸易有限公司,铁山港,马尔凯洛,焦化厂,"1887276",70.000,"20260904000007","20260904000326","20260904002100",已到厂,"1",G3MMZJML,A2MMZJM1,已匹配,焦化厂
LGXS26070756,"450018597000010",G3MMZJML,"2700",广西柳钢国际贸易有限公司,铁山港,马尔凯洛,焦化厂,"4878036",62.000,"20260904000007","20260904000326","20260904002100",已到厂,"1",G3MMZJML,A2MMZJM1,已匹配,焦化厂
LGXS26070756,"450018597000010",G3MMZJML,"2700",广西柳钢国际贸易有限公司,铁山港,马尔凯洛,焦化厂,"4956477",63.000,"20260904000007","20260904000326","20260904002100",已到厂,"1",G3MMZJML,A2MMZJM1,已匹配,焦化厂
LGXS26070756,"450018597000010",G3MMZJML,"2700",广西柳钢国际贸易有限公司,铁山港,马尔凯洛,焦化厂,"4201884",62.000,"20260904000007","20260904000326","20260904002100",已到厂,"1",G3MMZJML,A2MMZJM1,已匹配,焦化厂
LGXS26070756,"450018597000010",G3MMZJML,"2700",广西柳钢国际贸易有限公司,铁山港,马尔凯洛,焦化厂,"4964190",61.000,"20260904000007","20260904000326","20260904002100",已到厂,"1",G3MMZJML,A2MMZJM1,已匹配,焦化厂
LGXS26070756,"450018597000010",G3MMZJML,"2700",广西柳钢国际贸易有限公司,铁山港,马尔凯洛,焦化厂,"1530589",70.000,"20260904000007","20260904000326","20260904002100",已到厂,"1",G3MMZJML,A2MMZJM1,已匹配,焦化厂
LGXS26070756,"450018597000010",G3MMZJML,"2700",广西柳钢国际贸易有限公司,铁山港,马尔凯洛,焦化厂,"1654631",70.000,"20260904000007","20260904000326","20260904002100",已到厂,"1",G3MMZJML,A2MMZJM1,已匹配,焦化厂
LGXS26070756,"450018597000010",G3MMZJML,"2700",广西柳钢国际贸易有限公司,铁山港,马尔凯洛,焦化厂,"1794961",70.000,"20260904000007","20260904000326","20260904002100",已到厂,"1",G3MMZJML,A2MMZJM1,已匹配,焦化厂
LGXS26070756,"450018597000010",G3MMZJML,"2700",广西柳钢国际贸易有限公司,铁山港,马尔凯洛,焦化厂,"1805261",70.000,"20260904000007","20260904000326","20260904002100",已到厂,"1",G3MMZJML,A2MMZJM1,已匹配,焦化厂
LGXS26070756,"450018597000010",G3MMZJML,"2700",广西柳钢国际贸易有限公司,铁山港,马尔凯洛,焦化厂,"1575909",70.000,"20260904000007","20260904000326","20260904002100",已到厂,"1",G3MMZJML,A2MMZJM1,已匹配,焦化厂
LGXS26070756,"450018597000010",G3MMZJML,"2700",广西柳钢国际贸易有限公司,铁山港,马尔凯洛,焦化厂,"1770795",70.000,"20260904000007","20260904000326","20260904002100",已到厂,"1",G3MMZJML,A2MMZJM1,已匹配,焦化厂
LGXS26070756,"450018597000010",G3MMZJML,"2700",广西柳钢国际贸易有限公司,铁山港,马尔凯洛,焦化厂,"1719229",70.000,"20260904000007","20260904000326","20260904002100",已到厂,"1",G3MMZJML,A2MMZJM1,已匹配,焦化厂
LGXS26070756,"450018597000010",G3MMZJML,"2700",广西柳钢国际贸易有限公司,铁山港,马尔凯洛,焦化厂,"4969341",62.000,"20260904000007","20260904000326","20260904002100",已到厂,"1",G3MMZJML,A2MMZJM1,已匹配,焦化厂
LGXS26070756,"450018597000010",G3MMZJML,"2700",广西柳钢国际贸易有限公司,铁山港,马尔凯洛,焦化厂,"1608341",70.000,"20260904000007","20260904000326","20260904002100",已到厂,"1",G3MMZJML,A2MMZJM1,已匹配,焦化厂
LGXS26070756,"450018597000010",G3MMZJML,"2700",广西柳钢国际贸易有限公司,铁山港,马尔凯洛,焦化厂,"1679011",70.000,"20260904000007","20260904000326","20260904002100",已到厂,"1",G3MMZJML,A2MMZJM1,已匹配,焦化厂
LGXS26070756,"450018597000010",G3MMZJML,"2700",广西柳钢国际贸易有限公司,铁山港,马尔凯洛,焦化厂,"1840539",70.000,"20260904000007","20260904000326","20260904002100",已到厂,"1",G3MMZJML,A2MMZJM1,已匹配,焦化厂
LGXS26070756,"450018597000010",G3MMZJML,"2700",广西柳钢国际贸易有限公司,铁山港,马尔凯洛,焦化厂,"1823891",70.000,"20260904000007","20260904000326","20260904002100",已到厂,"1",G3MMZJML,A2MMZJM1,已匹配,焦化厂
LGXS26070756,"450018597000010",G3MMZJML,"2700",广西柳钢国际贸易有限公司,铁山港,马尔凯洛,焦化厂,"1738945",70.000,"20260904000007","20260904000326","20260904002100",已到厂,"1",G3MMZJML,A2MMZJM1,已匹配,焦化厂
LGXS26070756,"450018597000010",G3MMZJML,"2700",广西柳钢国际贸易有限公司,铁山港,马尔凯洛,焦化厂,"4934061",63.000,"20260904000007","20260904000326","20260904002100",已到厂,"1",G3MMZJML,A2MMZJM1,已匹配,焦化厂
LGXS26070756,"450018597000010",G3MMZJML,"2700",广西柳钢国际贸易有限公司,铁山港,马尔凯洛,焦化厂,"4930045",63.000,"20260904000007","20260904000326","20260904002100",已到厂,"1",G3MMZJML,A2MMZJM1,已匹配,焦化厂
LGXS26070756,"450018597000010",G3MMZJML,"2700",广西柳钢国际贸易有限公司,铁山港,马尔凯洛,焦化厂,"1751488",70.000,"20260904000007","20260904000326","20260904002100",已到厂,"1",G3MMZJML,A2MMZJM1,已匹配,焦化厂
LGXS26070756,"450018597000010",G3MMZJML,"2700",广西柳钢国际贸易有限公司,铁山港,马尔凯洛,焦化厂,"1630307",70.000,"20260904000007","20260904000326","20260904002100",已到厂,"1",G3MMZJML,A2MMZJM1,已匹配,焦化厂
LGXS26070756,"450018597000010",G3MMZJML,"2700",广西柳钢国际贸易有限公司,铁山港,马尔凯洛,焦化厂,"1735963",70.000,"20260904000007","20260904000326","20260904002100",已到厂,"1",G3MMZJML,A2MMZJM1,已匹配,焦化厂
LGXS26070756,"450018597000010",G3MMZJML,"2700",广西柳钢国际贸易有限公司,铁山港,马尔凯洛,焦化厂,"1624980",70.000,"20260904000007","20260904000326","20260904002100",已到厂,"1",G3MMZJML,A2MMZJM1,已匹配,焦化厂
LGXS26070756,"450018597000010",G3MMZJML,"2700",广西柳钢国际贸易有限公司,铁山港,马尔凯洛,焦化厂,"1785336",70.000,"20260904000007","20260904000326","20260904002100",已到厂,"1",G3MMZJML,A2MMZJM1,已匹配,焦化厂
LGXS26070756,"450018597000010",G3MMZJML,"2700",广西柳钢国际贸易有限公司,铁山港,马尔凯洛,焦化厂,"4877365",62.000,"20260904000007","20260904000326","20260904002100",已到厂,"1",G3MMZJML,A2MMZJM1,已匹配,焦化厂
LGXS26070756,"450018597000010",G3MMZJML,"2700",广西柳钢国际贸易有限公司,铁山港,马尔凯洛,焦化厂,"1809893",70.000,"20260904000007","20260904000326","20260904002100",已到厂,"1",G3MMZJML,A2MMZJM1,已匹配,焦化厂
LGXS26070756,"450018597000010",G3MMZJML,"2700",广西柳钢国际贸易有限公司,铁山港,马尔凯洛,焦化厂,"4201564",62.000,"20260904000007","20260904000326","20260904002100",已到厂,"1",G3MMZJML,A2MMZJM1,已匹配,焦化厂
LGXS26070756,"450018597000010",G3MMZJML,"2700",广西柳钢国际贸易有限公司,铁山港,马尔凯洛,焦化厂,"1745319",70.000,"20260904000007","20260904000326","20260904002100",已到厂,"1",G3MMZJML,A2MMZJM1,已匹配,焦化厂
LGXS26070756,"450018597000010",G3MMZJML,"2700",广西柳钢国际贸易有限公司,铁山港,马尔凯洛,焦化厂,"1845961",70.000,"20260904000007","20260904000326","20260904002100",已到厂,"1",G3MMZJML,A2MMZJM1,已匹配,焦化厂
LGXS26070756,"450018597000010",G3MMZJML,"2700",广西柳钢国际贸易有限公司,铁山港,马尔凯洛,焦化厂,"4851131",63.000,"20260904000007","20260904000326","20260904002100",已到厂,"1",G3MMZJML,A2MMZJM1,已匹配,焦化厂
LGXS26070756,"450018597000010",G3MMZJML,"2700",广西柳钢国际贸易有限公司,铁山港,马尔凯洛,焦化厂,"1503392",70.000,"20260904000007","20260904000326","20260904002100",已到厂,"1",G3MMZJML,A2MMZJM1,已匹配,焦化厂
LGXS26070756,"450018597000010",G3MMZJML,"2700",广西柳钢国际贸易有限公司,铁山港,马尔凯洛,焦化厂,"1552130",70.000,"20260904000007","20260904000326","20260904002100",已到厂,"1",G3MMZJML,A2MMZJM1,已匹配,焦化厂
LGXS26070756,"450018597000010",G3MMZJML,"2700",广西柳钢国际贸易有限公司,铁山港,马尔凯洛,焦化厂,"1564090",70.000,"20260904000007","20260904000326","20260904002100",已到厂,"1",G3MMZJML,A2MMZJM1,已匹配,焦化厂
LGXS26070756,"450018597000010",G3MMZJML,"2700",广西柳钢国际贸易有限公司,铁山港,马尔凯洛,焦化厂,"1524181",70.000,"20260904000007","20260904000326","20260904002100",已到厂,"1",G3MMZJML,A2MMZJM1,已匹配,焦化厂
LGXS26070756,"450018597000010",G3MMZJML,"2700",广西柳钢国际贸易有限公司,铁山港,马尔凯洛,焦化厂,"1747485",70.000,"20260904000007","20260904000326","20260904002100",已到厂,"1",G3MMZJML,A2MMZJM1,已匹配,焦化厂
LGXS26070756,"450018597000010",G3MMZJML,"2700",广西柳钢国际贸易有限公司,铁山港,马尔凯洛,焦化厂,"1522029",70.000,"20260904000007","20260904000326","20260904002100",已到厂,"1",G3MMZJML,A2MMZJM1,已匹配,焦化厂
LGXS26070756,"450018597000010",G3MMZJML,"2700",广西柳钢国际贸易有限公司,铁山港,马尔凯洛,焦化厂,"1722567",70.000,"20260904000007","20260904000326","20260904002100",已到厂,"1",G3MMZJML,A2MMZJM1,已匹配,焦化厂
LGXS26070756,"450018597000010",G3MMZJML,"2700",广西柳钢国际贸易有限公司,铁山港,马尔凯洛,焦化厂,"1432274",61.000,"20260904000007","20260904000326","20260904002100",已到厂,"1",G3MMZJML,A2MMZJM1,已匹配,焦化厂
LGXS26070756,"450018597000010",G3MMZJML,"2700",广西柳钢国际贸易有限公司,铁山港,马尔凯洛,焦化厂,"1748177",70.000,"20260904000007","20260904000326","20260904002100",已到厂,"1",G3MMZJML,A2MMZJM1,已匹配,焦化厂
LGXS26070756,"450018597000010",G3MMZJML,"2700",广西柳钢国际贸易有限公司,铁山港,马尔凯洛,焦化厂,"1777243",70.000,"20260902094300","20260902103447","20260902102300",已到厂,"1",G3MMZJML,A2MMZJM1,已匹配,焦化厂
LGXS26070756,"450018597000010",G3MMZJML,"2700",广西柳钢国际贸易有限公司,铁山港,马尔凯洛,焦化厂,"4673688",63.000,"20260902094300","20260902103447","20260902102300",已到厂,"1",G3MMZJML,A2MMZJM1,已匹配,焦化厂
LGXS26070756,"450018597000010",G3MMZJML,"2700",广西柳钢国际贸易有限公司,铁山港,马尔凯洛,焦化厂,"1577986",70.000,"20260902094300","20260902103447","20260902102300",已到厂,"1",G3MMZJML,A2MMZJM1,已匹配,焦化厂
LGXS26070756,"450018597000010",G3MMZJML,"2700",广西柳钢国际贸易有限公司,铁山港,马尔凯洛,焦化厂,"1868465",70.000,"20260902094300","20260902103447","20260902102300",已到厂,"1",G3MMZJML,A2MMZJM1,已匹配,焦化厂
LGXS26070756,"450018597000010",G3MMZJML,"2700",广西柳钢国际贸易有限公司,铁山港,马尔凯洛,焦化厂,"4922787",62.000,"20260902094300","20260902103447","20260902102300",已到厂,"1",G3MMZJML,A2MMZJM1,已匹配,焦化厂
LGXS26070756,"450018597000010",G3MMZJML,"2700",广西柳钢国际贸易有限公司,铁山港,马尔凯洛,焦化厂,"1875774",70.000,"20260902094300","20260902103447","20260902102300",已到厂,"1",G3MMZJML,A2MMZJM1,已匹配,焦化厂
LGXS26070756,"450018597000010",G3MMZJML,"2700",广西柳钢国际贸易有限公司,铁山港,马尔凯洛,焦化厂,"1887545",70.000,"20260902094300","20260902103447","20260902102300",已到厂,"1",G3MMZJML,A2MMZJM1,已匹配,焦化厂
LGXS26070756,"450018597000010",G3MMZJML,"2700",广西柳钢国际贸易有限公司,铁山港,马尔凯洛,焦化厂,"1828096",70.000,"20260902094300","20260902103447","20260902102300",已到厂,"1",G3MMZJML,A2MMZJM1,已匹配,焦化厂
LGXS26070756,"450018597000010",G3MMZJML,"2700",广西柳钢国际贸易有限公司,铁山港,马尔凯洛,焦化厂,"4207191",61.000,"20260902060600","20260902063050","20260902064600",已到厂,"1",G3MMZJML,A2MMZJM1,已匹配,焦化厂
LGXS26070756,"450018597000010",G3MMZJML,"2700",广西柳钢国际贸易有限公司,铁山港,马尔凯洛,焦化厂,"1846363",70.000,"20260902060600","20260902063050","20260902064600",已到厂,"1",G3MMZJML,A2MMZJM1,已匹配,焦化厂
LGXS26070756,"450018597000010",G3MMZJML,"2700",广西柳钢国际贸易有限公司,铁山港,马尔凯洛,焦化厂,"1816219",70.000,"20260902060600","20260902063050","20260902064600",已到厂,"1",G3MMZJML,A2MMZJM1,已匹配,焦化厂
LGXS26070756,"450018597000010",G3MMZJML,"2700",广西柳钢国际贸易有限公司,铁山港,马尔凯洛,焦化厂,"4905888",62.000,"20260902060600","20260902063050","20260902064600",已到厂,"1",G3MMZJML,A2MMZJM1,已匹配,焦化厂
LGXS26070756,"450018597000010",G3MMZJML,"2700",广西柳钢国际贸易有限公司,铁山港,马尔凯洛,焦化厂,"1722118",70.000,"20260902060600","20260902063050","20260902064600",已到厂,"1",G3MMZJML,A2MMZJM1,已匹配,焦化厂
LGXS26070756,"450018597000010",G3MMZJML,"2700",广西柳钢国际贸易有限公司,铁山港,马尔凯洛,焦化厂,"1843194",70.000,"20260902060600","20260902063050","20260902064600",已到厂,"1",G3MMZJML,A2MMZJM1,已匹配,焦化厂
LGXS26070756,"450018597000010",G3MMZJML,"2700",广西柳钢国际贸易有限公司,铁山港,马尔凯洛,焦化厂,"1511766",70.000,"20260902060600","20260902063050","20260902064600",已到厂,"1",G3MMZJML,A2MMZJM1,已匹配,焦化厂
LGXS26070756,"450018597000010",G3MMZJML,"2700",广西柳钢国际贸易有限公司,铁山港,马尔凯洛,焦化厂,"4897151",61.000,"20260902060600","20260902063050","20260902064600",已到厂,"1",G3MMZJML,A2MMZJM1,已匹配,焦化厂
LGXS26070756,"450018597000010",G3MMZJML,"2700",广西柳钢国际贸易有限公司,铁山港,马尔凯洛,焦化厂,"4952511",61.000,"20260902060600","20260902063050","20260902064600",已到厂,"1",G3MMZJML,A2MMZJM1,已匹配,焦化厂
LGXS26070756,"450018597000010",G3MMZJML,"2700",广西柳钢国际贸易有限公司,铁山港,马尔凯洛,焦化厂,"4874828",63.000,"20260902060600","20260902063050","20260902064600",已到厂,"1",G3MMZJML,A2MMZJM1,已匹配,焦化厂
LGXS26070756,"450018597000010",G3MMZJML,"2700",广西柳钢国际贸易有限公司,铁山港,马尔凯洛,焦化厂,"4923505",61.000,"20260902060600","20260902063050","20260902064600",已到厂,"1",G3MMZJML,A2MMZJM1,已匹配,焦化厂
LGXS26070756,"450018597000010",G3MMZJML,"2700",广西柳钢国际贸易有限公司,铁山港,马尔凯洛,焦化厂,"1802283",70.000,"20260902060600","20260902063050","20260902064600",已到厂,"1",G3MMZJML,A2MMZJM1,已匹配,焦化厂
LGXS26070756,"450018597000010",G3MMZJML,"2700",广西柳钢国际贸易有限公司,铁山港,马尔凯洛,焦化厂,"1837888",70.000,"20260902060600","20260902063050","20260902064600",已到厂,"1",G3MMZJML,A2MMZJM1,已匹配,焦化厂
LGXS26070756,"450018597000010",G3MMZJML,"2700",广西柳钢国际贸易有限公司,铁山港,马尔凯洛,焦化厂,"1704328",70.000,"20260902060600","20260902063050","20260902064600",已到厂,"1",G3MMZJML,A2MMZJM1,已匹配,焦化厂
LGXS26070756,"450018597000010",G3MMZJML,"2700",广西柳钢国际贸易有限公司,铁山港,马尔凯洛,焦化厂,"1698987",70.000,"20260902060600","20260902063050","20260902064600",已到厂,"1",G3MMZJML,A2MMZJM1,已匹配,焦化厂
LGXS26070756,"450018597000010",G3MMZJML,"2700",广西柳钢国际贸易有限公司,铁山港,马尔凯洛,焦化厂,"4877703",64.000,"20260902060600","20260902063050","20260902064600",已到厂,"1",G3MMZJML,A2MMZJM1,已匹配,焦化厂
LGXS26070756,"450018597000010",G3MMZJML,"2700",广西柳钢国际贸易有限公司,铁山港,马尔凯洛,焦化厂,"1781386",70.000,"20260902060600","20260902063050","20260902064600",已到厂,"1",G3MMZJML,A2MMZJM1,已匹配,焦化厂
LGXS26070756,"450018597000010",G3MMZJML,"2700",广西柳钢国际贸易有限公司,铁山港,马尔凯洛,焦化厂,"1861492",70.000,"20260902060600","20260902063050","20260902064600",已到厂,"1",G3MMZJML,A2MMZJM1,已匹配,焦化厂
LGXS26070756,"450018597000010",G3MMZJML,"2700",广西柳钢国际贸易有限公司,铁山港,马尔凯洛,焦化厂,"1852467",70.000,"20260902060600","20260902063050","20260902064600",已到厂,"1",G3MMZJML,A2MMZJM1,已匹配,焦化厂
LGXS26070756,"450018597000010",G3MMZJML,"2700",广西柳钢国际贸易有限公司,铁山港,马尔凯洛,焦化厂,"1517701",70.000,"20260902060600","20260902063050","20260902064600",已到厂,"1",G3MMZJML,A2MMZJM1,已匹配,焦化厂
LGXS26070756,"450018597000010",G3MMZJML,"2700",广西柳钢国际贸易有限公司,铁山港,马尔凯洛,焦化厂,"1881114",70.000,"20260902060600","20260902063050","20260902064600",已到厂,"1",G3MMZJML,A2MMZJM1,已匹配,焦化厂
LGXS26070756,"450018597000010",G3MMZJML,"2700",广西柳钢国际贸易有限公司,铁山港,马尔凯洛,焦化厂,"4893213",62.000,"20260902060600","20260902063050","20260902064600",已到厂,"1",G3MMZJML,A2MMZJM1,已匹配,焦化厂
LGXS26070756,"450018597000010",G3MMZJML,"2700",广西柳钢国际贸易有限公司,铁山港,马尔凯洛,焦化厂,"1800324",70.000,"20260902060600","20260902063050","20260902064600",已到厂,"1",G3MMZJML,A2MMZJM1,已匹配,焦化厂
LGXS26070756,"450018597000010",G3MMZJML,"2700",广西柳钢国际贸易有限公司,铁山港,马尔凯洛,焦化厂,"1807639",70.000,"20260902060600","20260902063050","20260902064600",已到厂,"1",G3MMZJML,A2MMZJM1,已匹配,焦化厂
LGXS26070756,"450018597000010",G3MMZJML,"2700",广西柳钢国际贸易有限公司,铁山港,马尔凯洛,焦化厂,"1783766",70.000,"20260902060600","20260902063050","20260902064600",已到厂,"1",G3MMZJML,A2MMZJM1,已匹配,焦化厂
LGXS26070756,"450018597000010",G3MMZJML,"2700",广西柳钢国际贸易有限公司,铁山港,马尔凯洛,焦化厂,"4962024",61.000,"20260902060600","20260902063050","20260902064600",已到厂,"1",G3MMZJML,A2MMZJM1,已匹配,焦化厂
LGXS26070756,"450018597000010",G3MMZJML,"2700",广西柳钢国际贸易有限公司,铁山港,马尔凯洛,焦化厂,"1599555",70.000,"20260902060600","20260902063050","20260902064600",已到厂,"1",G3MMZJML,A2MMZJM1,已匹配,焦化厂
LGXS26070756,"450018597000010",G3MMZJML,"2700",广西柳钢国际贸易有限公司,铁山港,马尔凯洛,焦化厂,"4940016",61.000,"20260902060600","20260902063050","20260902064600",已到厂,"1",G3MMZJML,A2MMZJM1,已匹配,焦化厂
LGXS26070756,"450018597000010",G3MMZJML,"2700",广西柳钢国际贸易有限公司,铁山港,马尔凯洛,焦化厂,"1685921",70.000,"20260902060600","20260902063050","20260902064600",已到厂,"1",G3MMZJML,A2MMZJM1,已匹配,焦化厂
LGXS26070756,"450018597000010",G3MMZJML,"2700",广西柳钢国际贸易有限公司,铁山港,马尔凯洛,焦化厂,"1701763",70.000,"20260902060600","20260902063050","20260902064600",已到厂,"1",G3MMZJML,A2MMZJM1,已匹配,焦化厂
LGXS26070756,"450018597000010",G3MMZJML,"2700",广西柳钢国际贸易有限公司,铁山港,马尔凯洛,焦化厂,"1682264",70.000,"20260902060600","20260902063050","20260902064600",已到厂,"1",G3MMZJML,A2MMZJM1,已匹配,焦化厂
LGXS26070756,"450018597000010",G3MMZJML,"2700",广西柳钢国际贸易有限公司,铁山港,马尔凯洛,焦化厂,"1841964",70.000,"20260902060600","20260902063050","20260902064600",已到厂,"1",G3MMZJML,A2MMZJM1,已匹配,焦化厂
LGXS26070756,"450018597000010",G3MMZJML,"2700",广西柳钢国际贸易有限公司,铁山港,马尔凯洛,焦化厂,"1564895",70.000,"20260902060600","20260902063050","20260902064600",已到厂,"1",G3MMZJML,A2MMZJM1,已匹配,焦化厂
LGXS26070756,"450018597000010",G3MMZJML,"2700",广西柳钢国际贸易有限公司,铁山港,马尔凯洛,焦化厂,"1667506",70.000,"20260902060600","20260902063050","20260902064600",已到厂,"1",G3MMZJML,A2MMZJM1,已匹配,焦化厂
LGXS26070756,"450018597000010",G3MMZJML,"2700",广西柳钢国际贸易有限公司,铁山港,马尔凯洛,焦化厂,"1879568",70.000,"20260902060600","20260902063050","20260902064600",已到厂,"1",G3MMZJML,A2MMZJM1,已匹配,焦化厂
LGXS26070756,"450018597000010",G3MMZJML,"2700",广西柳钢国际贸易有限公司,铁山港,马尔凯洛,焦化厂,"4914338",61.000,"20260902060600","20260902063050","20260902064600",已到厂,"1",G3MMZJML,A2MMZJM1,已匹配,焦化厂
LGXS26070756,"450018597000010",G3MMZJML,"2700",广西柳钢国际贸易有限公司,铁山港,马尔凯洛,焦化厂,"1658115",70.000,"20260902060600","20260902063050","20260902064600",已到厂,"1",G3MMZJML,A2MMZJM1,已匹配,焦化厂
LGXS26070756,"450018597000010",G3MMZJML,"2700",广西柳钢国际贸易有限公司,铁山港,马尔凯洛,焦化厂,"1640914",70.000,"20260902060600","20260902063050","20260902064600",已到厂,"1",G3MMZJML,A2MMZJM1,已匹配,焦化厂
LGXS26070756,"450018597000010",G3MMZJML,"2700",广西柳钢国际贸易有限公司,铁山港,马尔凯洛,焦化厂,"4963722",63.000,"20260902060600","20260902063050","20260902064600",已到厂,"1",G3MMZJML,A2MMZJM1,已匹配,焦化厂
LGXS26070756,"450018597000010",G3MMZJML,"2700",广西柳钢国际贸易有限公司,铁山港,马尔凯洛,焦化厂,"1501468",70.000,"20260902060600","20260902063050","20260902064600",已到厂,"1",G3MMZJML,A2MMZJM1,已匹配,焦化厂
LGXS26070756,"450018597000010",G3MMZJML,"2700",广西柳钢国际贸易有限公司,铁山港,马尔凯洛,焦化厂,"1798260",70.000,"20260902060600","20260902063050","20260902064600",已到厂,"1",G3MMZJML,A2MMZJM1,已匹配,焦化厂
LGXS26070756,"450018597000010",G3MMZJML,"2700",广西柳钢国际贸易有限公司,铁山港,马尔凯洛,焦化厂,"1566857",70.000,"20260902060600","20260902063050","20260902064600",已到厂,"1",G3MMZJML,A2MMZJM1,已匹配,焦化厂
LGXS26070756,"450018597000010",G3MMZJML,"2700",广西柳钢国际贸易有限公司,铁山港,马尔凯洛,焦化厂,"1684409",70.000,"20260902060600","20260902063050","20260902064600",已到厂,"1",G3MMZJML,A2MMZJM1,已匹配,焦化厂
LGXS26070756,"450018597000010",G3MMZJML,"2700",广西柳钢国际贸易有限公司,铁山港,马尔凯洛,焦化厂,"4866399",62.000,"20260902060600","20260902063050","20260902064600",已到厂,"1",G3MMZJML,A2MMZJM1,已匹配,焦化厂
LGXS26070756,"450018597000010",G3MMZJML,"2700",广西柳钢国际贸易有限公司,铁山港,马尔凯洛,焦化厂,"1517107",70.000,"20260902060600","20260902063050","20260902064600",已到厂,"1",G3MMZJML,A2MMZJM1,已匹配,焦化厂
LGXS26070756,"450018597000010",G3MMZJML,"2700",广西柳钢国际贸易有限公司,铁山港,马尔凯洛,焦化厂,"4936621",61.000,"20260902060600","20260902063050","20260902064600",已到厂,"1",G3MMZJML,A2MMZJM1,已匹配,焦化厂
LGXS26070756,"450018597000010",G3MMZJML,"2700",广西柳钢国际贸易有限公司,铁山港,马尔凯洛,焦化厂,"1720243",70.000,"20260902060600","20260902063050","20260902064600",已到厂,"1",G3MMZJML,A2MMZJM1,已匹配,焦化厂
LGXS26070756,"450018597000010",G3MMZJML,"2700",广西柳钢国际贸易有限公司,铁山港,马尔凯洛,焦化厂,"1882461",70.000,"20260902060600","20260902063050","20260902064600",已到厂,"1",G3MMZJML,A2MMZJM1,已匹配,焦化厂
LGXS26070756,"450018597000010",G3MMZJML,"2700",广西柳钢国际贸易有限公司,铁山港,马尔凯洛,焦化厂,"4906618",62.000,"20260902060600","20260902063050","20260902064600",已到厂,"1",G3MMZJML,A2MMZJM1,已匹配,焦化厂
LGXS26070756,"450018597000010",G3MMZJML,"2700",广西柳钢国际贸易有限公司,铁山港,马尔凯洛,焦化厂,"1830749",70.000,"20260902060600","20260902063050","20260902064600",已到厂,"1",G3MMZJML,A2MMZJM1,已匹配,焦化厂
LGXS26070756,"450018597000010",G3MMZJML,"2700",广西柳钢国际贸易有限公司,铁山港,马尔凯洛,焦化厂,"1780541",70.000,"20260902060600","20260902063050","20260902064600",已到厂,"1",G3MMZJML,A2MMZJM1,已匹配,焦化厂
LGXS26070756,"450018597000010",G3MMZJML,"2700",广西柳钢国际贸易有限公司,铁山港,马尔凯洛,焦化厂,"1785311",70.000,"20260902035100","20260902041254","20260902043100",已到厂,"1",G3MMZJML,A2MMZJM1,已匹配,焦化厂
LGXS26070756,"450018597000010",G3MMZJML,"2700",广西柳钢国际贸易有限公司,铁山港,马尔凯洛,焦化厂,"1593966",70.000,"20260902035100","20260902041254","20260902043100",已到厂,"1",G3MMZJML,A2MMZJM1,已匹配,焦化厂
LGXS26070756,"450018597000010",G3MMZJML,"2700",广西柳钢国际贸易有限公司,铁山港,马尔凯洛,焦化厂,"4891865",63.000,"20260902035100","20260902041254","20260902043100",已到厂,"1",G3MMZJML,A2MMZJM1,已匹配,焦化厂
LGXS26070756,"450018597000010",G3MMZJML,"2700",广西柳钢国际贸易有限公司,铁山港,马尔凯洛,焦化厂,"1450084",62.000,"20260902035100","20260902041254","20260902043100",已到厂,"1",G3MMZJML,A2MMZJM1,已匹配,焦化厂
LGXS26070756,"450018597000010",G3MMZJML,"2700",广西柳钢国际贸易有限公司,铁山港,马尔凯洛,焦化厂,"1749141",70.000,"20260902035100","20260902041254","20260902043100",已到厂,"1",G3MMZJML,A2MMZJM1,已匹配,焦化厂
LGXS26070756,"450018597000010",G3MMZJML,"2700",广西柳钢国际贸易有限公司,铁山港,马尔凯洛,焦化厂,"4973869",63.000,"20260902035100","20260902041254","20260902043100",已到厂,"1",G3MMZJML,A2MMZJM1,已匹配,焦化厂
LGXS26070756,"450018597000010",G3MMZJML,"2700",广西柳钢国际贸易有限公司,铁山港,马尔凯洛,焦化厂,"1525206",70.000,"20260902035100","20260902041254","20260902043100",已到厂,"1",G3MMZJML,A2MMZJM1,已匹配,焦化厂
LGXS26070756,"450018597000010",G3MMZJML,"2700",广西柳钢国际贸易有限公司,铁山港,马尔凯洛,焦化厂,"1813402",70.000,"20260902035100","20260902041254","20260902043100",已到厂,"1",G3MMZJML,A2MMZJM1,已匹配,焦化厂
LGXS26070756,"450018597000010",G3MMZJML,"2700",广西柳钢国际贸易有限公司,铁山港,马尔凯洛,焦化厂,"4957048",63.000,"20260902035100","20260902041254","20260902043100",已到厂,"1",G3MMZJML,A2MMZJM1,已匹配,焦化厂
LGXS26070756,"450018597000010",G3MMZJML,"2700",广西柳钢国际贸易有限公司,铁山港,马尔凯洛,焦化厂,"1731985",70.000,"20260902035100","20260902041254","20260902043100",已到厂,"1",G3MMZJML,A2MMZJM1,已匹配,焦化厂
LGXS26070756,"450018597000010",G3MMZJML,"2700",广西柳钢国际贸易有限公司,铁山港,马尔凯洛,焦化厂,"1806632",70.000,"20260902035100","20260902041254","20260902043100",已到厂,"1",G3MMZJML,A2MMZJM1,已匹配,焦化厂
LGXS26070756,"450018597000010",G3MMZJML,"2700",广西柳钢国际贸易有限公司,铁山港,马尔凯洛,焦化厂,"1722533",70.000,"20260902035100","20260902041254","20260902043100",已到厂,"1",G3MMZJML,A2MMZJM1,已匹配,焦化厂
LGXS26070756,"450018597000010",G3MMZJML,"2700",广西柳钢国际贸易有限公司,铁山港,马尔凯洛,焦化厂,"1662609",70.000,"20260902035100","20260902041254","20260902043100",已到厂,"1",G3MMZJML,A2MMZJM1,已匹配,焦化厂
LGXS26070756,"450018597000010",G3MMZJML,"2700",广西柳钢国际贸易有限公司,铁山港,马尔凯洛,焦化厂,"1799687",70.000,"20260902035100","20260902041254","20260902043100",已到厂,"1",G3MMZJML,A2MMZJM1,已匹配,焦化厂
LGXS26070756,"450018597000010",G3MMZJML,"2700",广西柳钢国际贸易有限公司,铁山港,马尔凯洛,焦化厂,"4888924",62.000,"20260901110000","20260901112515","20260901114000",已到厂,"1",G3MMZJML,A2MMZJM1,已匹配,焦化厂
LGXS26070756,"450018597000010",G3MMZJML,"2700",广西柳钢国际贸易有限公司,铁山港,马尔凯洛,焦化厂,"1815501",70.000,"20260901110000","20260901112515","20260901114000",已到厂,"1",G3MMZJML,A2MMZJM1,已匹配,焦化厂
LGXS26070756,"450018597000010",G3MMZJML,"2700",广西柳钢国际贸易有限公司,铁山港,马尔凯洛,焦化厂,"1752408",70.000,"20260901110000","20260901112515","20260901114000",已到厂,"1",G3MMZJML,A2MMZJM1,已匹配,焦化厂
LGXS26070756,"450018597000010",G3MMZJML,"2700",广西柳钢国际贸易有限公司,铁山港,马尔凯洛,焦化厂,"1896934",70.000,"20260901110000","20260901112515","20260901114000",已到厂,"1",G3MMZJML,A2MMZJM1,已匹配,焦化厂
LGXS26070756,"450018597000010",G3MMZJML,"2700",广西柳钢国际贸易有限公司,铁山港,马尔凯洛,焦化厂,"1525635",70.000,"20260901110000","20260901112515","20260901114000",已到厂,"1",G3MMZJML,A2MMZJM1,已匹配,焦化厂
LGXS26070756,"450018597000010",G3MMZJML,"2700",广西柳钢国际贸易有限公司,铁山港,马尔凯洛,焦化厂,"1767451",70.000,"20260901110000","20260901112515","20260901114000",已到厂,"1",G3MMZJML,A2MMZJM1,已匹配,焦化厂
LGXS26070756,"450018597000010",G3MMZJML,"2700",广西柳钢国际贸易有限公司,铁山港,马尔凯洛,焦化厂,"4878919",62.000,"20260901110000","20260901112515","20260901114000",已到厂,"1",G3MMZJML,A2MMZJM1,已匹配,焦化厂
LGXS26070756,"450018597000010",G3MMZJML,"2700",广西柳钢国际贸易有限公司,铁山港,马尔凯洛,焦化厂,"4875559",64.000,"20260901110000","20260901112515","20260901114000",已到厂,"1",G3MMZJML,A2MMZJM1,已匹配,焦化厂
LGXS26070756,"450018597000010",G3MMZJML,"2700",广西柳钢国际贸易有限公司,铁山港,马尔凯洛,焦化厂,"1664267",70.000,"20260901110000","20260901112515","20260901114000",已到厂,"1",G3MMZJML,A2MMZJM1,已匹配,焦化厂
LGXS26070756,"450018597000010",G3MMZJML,"2700",广西柳钢国际贸易有限公司,铁山港,马尔凯洛,焦化厂,"1703193",70.000,"20260901110000","20260901112515","20260901114000",已到厂,"1",G3MMZJML,A2MMZJM1,已匹配,焦化厂
LGXS26070756,"450018597000010",G3MMZJML,"2700",广西柳钢国际贸易有限公司,铁山港,马尔凯洛,焦化厂,"1897023",70.000,"20260901110000","20260901112515","20260901114000",已到厂,"1",G3MMZJML,A2MMZJM1,已匹配,焦化厂
LGXS26070756,"450018597000010",G3MMZJML,"2700",广西柳钢国际贸易有限公司,铁山港,马尔凯洛,焦化厂,"1631079",70.000,"20260901110000","20260901112515","20260901114000",已到厂,"1",G3MMZJML,A2MMZJM1,已匹配,焦化厂
LGXS26070756,"450018597000010",G3MMZJML,"2700",广西柳钢国际贸易有限公司,铁山港,马尔凯洛,焦化厂,"1749314",70.000,"20260901110000","20260901112515","20260901114000",已到厂,"1",G3MMZJML,A2MMZJM1,已匹配,焦化厂
LGXS26070756,"450018597000010",G3MMZJML,"2700",广西柳钢国际贸易有限公司,铁山港,马尔凯洛,焦化厂,"1872478",70.000,"20260901110000","20260901112515","20260901114000",已到厂,"1",G3MMZJML,A2MMZJM1,已匹配,焦化厂
LGXS26070756,"450018597000010",G3MMZJML,"2700",广西柳钢国际贸易有限公司,铁山港,马尔凯洛,焦化厂,"4937048",63.000,"20260901110000","20260901112515","20260901114000",已到厂,"1",G3MMZJML,A2MMZJM1,已匹配,焦化厂
LGXS26070756,"450018597000010",G3MMZJML,"2700",广西柳钢国际贸易有限公司,铁山港,马尔凯洛,焦化厂,"1810108",70.000,"20260901110000","20260901112515","20260901114000",已到厂,"1",G3MMZJML,A2MMZJM1,已匹配,焦化厂
LGXS26070756,"450018597000010",G3MMZJML,"2700",广西柳钢国际贸易有限公司,铁山港,马尔凯洛,焦化厂,"4848533",63.000,"20260901110000","20260901112515","20260901114000",已到厂,"1",G3MMZJML,A2MMZJM1,已匹配,焦化厂
LGXS26070756,"450018597000010",G3MMZJML,"2700",广西柳钢国际贸易有限公司,铁山港,马尔凯洛,焦化厂,"1854751",70.000,"20260901110000","20260901112515","20260901114000",已到厂,"1",G3MMZJML,A2MMZJM1,已匹配,焦化厂
LGXS26070756,"450018597000010",G3MMZJML,"2700",广西柳钢国际贸易有限公司,铁山港,马尔凯洛,焦化厂,"1617670",70.000,"20260901110000","20260901112515","20260901114000",已到厂,"1",G3MMZJML,A2MMZJM1,已匹配,焦化厂
LGXS26070756,"450018597000010",G3MMZJML,"2700",广西柳钢国际贸易有限公司,铁山港,马尔凯洛,焦化厂,"1555032",70.000,"20260901110000","20260901112515","20260901114000",已到厂,"1",G3MMZJML,A2MMZJM1,已匹配,焦化厂
LGXS26070756,"450018597000010",G3MMZJML,"2700",广西柳钢国际贸易有限公司,铁山港,马尔凯洛,焦化厂,"1861666",70.000,"20260901110000","20260901112515","20260901114000",已到厂,"1",G3MMZJML,A2MMZJM1,已匹配,焦化厂
LGXS26070756,"450018597000010",G3MMZJML,"2700",广西柳钢国际贸易有限公司,铁山港,马尔凯洛,焦化厂,"1699261",70.000,"20260901110000","20260901112515","20260901114000",已到厂,"1",G3MMZJML,A2MMZJM1,已匹配,焦化厂
LGXS26070756,"450018597000010",G3MMZJML,"2700",广西柳钢国际贸易有限公司,铁山港,马尔凯洛,焦化厂,"1583567",70.000,"20260901110000","20260901112515","20260901114000",已到厂,"1",G3MMZJML,A2MMZJM1,已匹配,焦化厂
LGXS26070756,"450018597000010",G3MMZJML,"2700",广西柳钢国际贸易有限公司,铁山港,马尔凯洛,焦化厂,"4873048",63.000,"20260901110000","20260901112515","20260901114000",已到厂,"1",G3MMZJML,A2MMZJM1,已匹配,焦化厂
LGXS26070756,"450018597000010",G3MMZJML,"2700",广西柳钢国际贸易有限公司,铁山港,马尔凯洛,焦化厂,"1408951",62.000,"20260901110000","20260901112515","20260901114000",已到厂,"1",G3MMZJML,A2MMZJM1,已匹配,焦化厂
LGXS26070756,"450018597000010",G3MMZJML,"2700",广西柳钢国际贸易有限公司,铁山港,马尔凯洛,焦化厂,"1693394",70.000,"20260901110000","20260901112515","20260901114000",已到厂,"1",G3MMZJML,A2MMZJM1,已匹配,焦化厂
LGXS26070756,"450018597000010",G3MMZJML,"2700",广西柳钢国际贸易有限公司,铁山港,马尔凯洛,焦化厂,"1835508",70.000,"20260901110000","20260901112515","20260901114000",已到厂,"1",G3MMZJML,A2MMZJM1,已匹配,焦化厂
LGXS26070756,"450018597000010",G3MMZJML,"2700",广西柳钢国际贸易有限公司,铁山港,马尔凯洛,焦化厂,"1874662",70.000,"20260901110000","20260901112515","20260901114000",已到厂,"1",G3MMZJML,A2MMZJM1,已匹配,焦化厂
LGXS26070756,"450018597000010",G3MMZJML,"2700",广西柳钢国际贸易有限公司,铁山港,马尔凯洛,焦化厂,"1590996",70.000,"20260901110000","20260901112515","20260901114000",已到厂,"1",G3MMZJML,A2MMZJM1,已匹配,焦化厂
LGXS26070756,"450018597000010",G3MMZJML,"2700",广西柳钢国际贸易有限公司,铁山港,马尔凯洛,焦化厂,"4923352",62.000,"20260901110000","20260901112515","20260901114000",已到厂,"1",G3MMZJML,A2MMZJM1,已匹配,焦化厂
LGXS26070756,"450018597000010",G3MMZJML,"2700",广西柳钢国际贸易有限公司,铁山港,马尔凯洛,焦化厂,"1518023",70.000,"20260901110000","20260901112515","20260901114000",已到厂,"1",G3MMZJML,A2MMZJM1,已匹配,焦化厂
LGXS26070756,"450018597000010",G3MMZJML,"2700",广西柳钢国际贸易有限公司,铁山港,马尔凯洛,焦化厂,"4869582",64.000,"20260901110000","20260901112515","20260901114000",已到厂,"1",G3MMZJML,A2MMZJM1,已匹配,焦化厂
LGXS26070756,"450018597000010",G3MMZJML,"2700",广西柳钢国际贸易有限公司,铁山港,马尔凯洛,焦化厂,"1868683",70.000,"20260901110000","20260901112515","20260901114000",已到厂,"1",G3MMZJML,A2MMZJM1,已匹配,焦化厂
LGXS26070756,"450018597000010",G3MMZJML,"2700",广西柳钢国际贸易有限公司,铁山港,马尔凯洛,焦化厂,"1596661",70.000,"20260901110000","20260901112515","20260901114000",已到厂,"1",G3MMZJML,A2MMZJM1,已匹配,焦化厂
LGXS26070756,"450018597000010",G3MMZJML,"2700",广西柳钢国际贸易有限公司,铁山港,马尔凯洛,焦化厂,"4868014",63.000,"20260901110000","20260901112515","20260901114000",已到厂,"1",G3MMZJML,A2MMZJM1,已匹配,焦化厂
LGXS26070756,"450018597000010",G3MMZJML,"2700",广西柳钢国际贸易有限公司,铁山港,马尔凯洛,焦化厂,"4959037",63.000,"20260901110000","20260901112515","20260901114000",已到厂,"1",G3MMZJML,A2MMZJM1,已匹配,焦化厂
LGXS26070756,"450018597000010",G3MMZJML,"2700",广西柳钢国际贸易有限公司,铁山港,马尔凯洛,焦化厂,"1661733",70.000,"20260901110000","20260901112515","20260901114000",已到厂,"1",G3MMZJML,A2MMZJM1,已匹配,焦化厂
LGXS26070756,"450018597000010",G3MMZJML,"2700",广西柳钢国际贸易有限公司,铁山港,马尔凯洛,焦化厂,"4934002",62.000,"20260901110000","20260901112515","20260901114000",已到厂,"1",G3MMZJML,A2MMZJM1,已匹配,焦化厂
LGXS26070756,"450018597000010",G3MMZJML,"2700",广西柳钢国际贸易有限公司,铁山港,马尔凯洛,焦化厂,"1879319",70.000,"20260901110000","20260901112515","20260901114000",已到厂,"1",G3MMZJML,A2MMZJM1,已匹配,焦化厂
LGXS26070756,"450018597000010",G3MMZJML,"2700",广西柳钢国际贸易有限公司,铁山港,马尔凯洛,焦化厂,"1833244",70.000,"20260901110000","20260901112515","20260901114000",已到厂,"1",G3MMZJML,A2MMZJM1,已匹配,焦化厂
LGXS26070756,"450018597000010",G3MMZJML,"2700",广西柳钢国际贸易有限公司,铁山港,马尔凯洛,焦化厂,"4950640",62.000,"20260901110000","20260901112515","20260901114000",已到厂,"1",G3MMZJML,A2MMZJM1,已匹配,焦化厂
LGXS26070756,"450018597000010",G3MMZJML,"2700",广西柳钢国际贸易有限公司,铁山港,马尔凯洛,焦化厂,"1858250",70.000,"20260901110000","20260901112515","20260901114000",已到厂,"1",G3MMZJML,A2MMZJM1,已匹配,焦化厂
LGXS26070756,"450018597000010",G3MMZJML,"2700",广西柳钢国际贸易有限公司,铁山港,马尔凯洛,焦化厂,"1765949",70.000,"20260901110000","20260901112515","20260901114000",已到厂,"1",G3MMZJML,A2MMZJM1,已匹配,焦化厂
LGXS26070756,"450018597000010",G3MMZJML,"2700",广西柳钢国际贸易有限公司,铁山港,马尔凯洛,焦化厂,"1881972",70.000,"20260901110000","20260901112515","20260901114000",已到厂,"1",G3MMZJML,A2MMZJM1,已匹配,焦化厂
LGXS26070756,"450018597000010",G3MMZJML,"2700",广西柳钢国际贸易有限公司,铁山港,马尔凯洛,焦化厂,"1779338",70.000,"20260901110000","20260901112515","20260901114000",已到厂,"1",G3MMZJML,A2MMZJM1,已匹配,焦化厂
LGXS26070756,"450018597000010",G3MMZJML,"2700",广西柳钢国际贸易有限公司,铁山港,马尔凯洛,焦化厂,"1732186",70.000,"20260901110000","20260901112515","20260901114000",已到厂,"1",G3MMZJML,A2MMZJM1,已匹配,焦化厂
LGXS26070756,"450018597000010",G3MMZJML,"2700",广西柳钢国际贸易有限公司,铁山港,马尔凯洛,焦化厂,"4902655",61.000,"20260901110000","20260901112515","20260901114000",已到厂,"1",G3MMZJML,A2MMZJM1,已匹配,焦化厂
LGXS26070756,"450018597000010",G3MMZJML,"2700",广西柳钢国际贸易有限公司,铁山港,马尔凯洛,焦化厂,"1647415",70.000,"20260901110000","20260901112515","20260901114000",已到厂,"1",G3MMZJML,A2MMZJM1,已匹配,焦化厂
LGXS26070756,"450018597000010",G3MMZJML,"2700",广西柳钢国际贸易有限公司,铁山港,马尔凯洛,焦化厂,"1734239",70.000,"20260830114000","20260830120935","20260830122000",已到厂,"1",G3MMZJML,A2MMZJM1,已匹配,焦化厂
LGXS26070756,"450018597000010",G3MMZJML,"2700",广西柳钢国际贸易有限公司,铁山港,马尔凯洛,焦化厂,"1727926",70.000,"20260830114000","20260830120935","20260830122000",已到厂,"1",G3MMZJML,A2MMZJM1,已匹配,焦化厂
LGXS26070756,"450018597000010",G3MMZJML,"2700",广西柳钢国际贸易有限公司,铁山港,马尔凯洛,焦化厂,"4878392",62.000,"20260830114000","20260830120935","20260830122000",已到厂,"1",G3MMZJML,A2MMZJM1,已匹配,焦化厂
LGXS26070756,"450018597000010",G3MMZJML,"2700",广西柳钢国际贸易有限公司,铁山港,马尔凯洛,焦化厂,"1755846",70.000,"20260830114000","20260830120935","20260830122000",已到厂,"1",G3MMZJML,A2MMZJM1,已匹配,焦化厂
LGXS26070756,"450018597000010",G3MMZJML,"2700",广西柳钢国际贸易有限公司,铁山港,马尔凯洛,焦化厂,"1741169",70.000,"20260830114000","20260830120935","20260830122000",已到厂,"1",G3MMZJML,A2MMZJM1,已匹配,焦化厂
LGXS26070756,"450018597000010",G3MMZJML,"2700",广西柳钢国际贸易有限公司,铁山港,马尔凯洛,焦化厂,"1879568",70.000,"20260830114000","20260830120935","20260830122000",已到厂,"1",G3MMZJML,A2MMZJM1,已匹配,焦化厂
LGXS26070756,"450018597000010",G3MMZJML,"2700",广西柳钢国际贸易有限公司,铁山港,马尔凯洛,焦化厂,"1566985",70.000,"20260830114000","20260830120935","20260830122000",已到厂,"1",G3MMZJML,A2MMZJM1,已匹配,焦化厂
LGXS26070756,"450018597000010",G3MMZJML,"2700",广西柳钢国际贸易有限公司,铁山港,马尔凯洛,焦化厂,"1717360",70.000,"20260830114000","20260830120935","20260830122000",已到厂,"1",G3MMZJML,A2MMZJM1,已匹配,焦化厂
LGXS26070756,"450018597000010",G3MMZJML,"2700",广西柳钢国际贸易有限公司,铁山港,马尔凯洛,焦化厂,"1682264",70.000,"20260830114000","20260830120935","20260830122000",已到厂,"1",G3MMZJML,A2MMZJM1,已匹配,焦化厂
LGXS26070756,"450018597000010",G3MMZJML,"2700",广西柳钢国际贸易有限公司,铁山港,马尔凯洛,焦化厂,"1617114",70.000,"20260830114000","20260830120935","20260830122000",已到厂,"1",G3MMZJML,A2MMZJM1,已匹配,焦化厂
LGXS26070756,"450018597000010",G3MMZJML,"2700",广西柳钢国际贸易有限公司,铁山港,马尔凯洛,焦化厂,"1577697",70.000,"20260830114000","20260830120935","20260830122000",已到厂,"1",G3MMZJML,A2MMZJM1,已匹配,焦化厂
LGXS26070756,"450018597000010",G3MMZJML,"2700",广西柳钢国际贸易有限公司,铁山港,马尔凯洛,焦化厂,"1739140",70.000,"20260830114000","20260830120935","20260830122000",已到厂,"1",G3MMZJML,A2MMZJM1,已匹配,焦化厂
LGXS26070756,"450018597000010",G3MMZJML,"2700",广西柳钢国际贸易有限公司,铁山港,马尔凯洛,焦化厂,"1637875",70.000,"20260830114000","20260830120935","20260830122000",已到厂,"1",G3MMZJML,A2MMZJM1,已匹配,焦化厂
LGXS26070756,"450018597000010",G3MMZJML,"2700",广西柳钢国际贸易有限公司,铁山港,马尔凯洛,焦化厂,"1808960",70.000,"20260830114000","20260830120935","20260830122000",已到厂,"1",G3MMZJML,A2MMZJM1,已匹配,焦化厂
LGXS26070756,"450018597000010",G3MMZJML,"2700",广西柳钢国际贸易有限公司,铁山港,马尔凯洛,焦化厂,"1740240",70.000,"20260830114000","20260830120935","20260830122000",已到厂,"1",G3MMZJML,A2MMZJM1,已匹配,焦化厂
LGXS26070756,"450018597000010",G3MMZJML,"2700",广西柳钢国际贸易有限公司,铁山港,马尔凯洛,焦化厂,"1530945",70.000,"20260830114000","20260830120935","20260830122000",已到厂,"1",G3MMZJML,A2MMZJM1,已匹配,焦化厂
LGXS26070756,"450018597000010",G3MMZJML,"2700",广西柳钢国际贸易有限公司,铁山港,马尔凯洛,焦化厂,"1658622",70.000,"20260830114000","20260830120935","20260830122000",已到厂,"1",G3MMZJML,A2MMZJM1,已匹配,焦化厂
LGXS26070756,"450018597000010",G3MMZJML,"2700",广西柳钢国际贸易有限公司,铁山港,马尔凯洛,焦化厂,"1803739",70.000,"20260830114000","20260830120935","20260830122000",已到厂,"1",G3MMZJML,A2MMZJM1,已匹配,焦化厂
LGXS26070756,"450018597000010",G3MMZJML,"2700",广西柳钢国际贸易有限公司,铁山港,马尔凯洛,焦化厂,"1708831",70.000,"20260830114000","20260830120935","20260830122000",已到厂,"1",G3MMZJML,A2MMZJM1,已匹配,焦化厂
LGXS26070756,"450018597000010",G3MMZJML,"2700",广西柳钢国际贸易有限公司,铁山港,马尔凯洛,焦化厂,"1699871",70.000,"20260830114000","20260830120935","20260830122000",已到厂,"1",G3MMZJML,A2MMZJM1,已匹配,焦化厂
LGXS26070756,"450018597000010",G3MMZJML,"2700",广西柳钢国际贸易有限公司,铁山港,马尔凯洛,焦化厂,"1553745",70.000,"20260830114000","20260830120935","20260830122000",已到厂,"1",G3MMZJML,A2MMZJM1,已匹配,焦化厂
LGXS26070756,"450018597000010",G3MMZJML,"2700",广西柳钢国际贸易有限公司,铁山港,马尔凯洛,焦化厂,"1561292",70.000,"20260830114000","20260830120935","20260830122000",已到厂,"1",G3MMZJML,A2MMZJM1,已匹配,焦化厂
LGXS26070756,"450018597000010",G3MMZJML,"2700",广西柳钢国际贸易有限公司,铁山港,马尔凯洛,焦化厂,"1716581",70.000,"20260830114000","20260830120935","20260830122000",已到厂,"1",G3MMZJML,A2MMZJM1,已匹配,焦化厂
LGXS26070756,"450018597000010",G3MMZJML,"2700",广西柳钢国际贸易有限公司,铁山港,马尔凯洛,焦化厂,"1555610",70.000,"20260830114000","20260830120935","20260830122000",已到厂,"1",G3MMZJML,A2MMZJM1,已匹配,焦化厂
LGXS26070756,"450018597000010",G3MMZJML,"2700",广西柳钢国际贸易有限公司,铁山港,马尔凯洛,焦化厂,"1581142",70.000,"20260830114000","20260830120935","20260830122000",已到厂,"1",G3MMZJML,A2MMZJM1,已匹配,焦化厂
LGXS26070756,"450018597000010",G3MMZJML,"2700",广西柳钢国际贸易有限公司,铁山港,马尔凯洛,焦化厂,"1815267",70.000,"20260830114000","20260830120935","20260830122000",已到厂,"1",G3MMZJML,A2MMZJM1,已匹配,焦化厂
LGXS26070756,"450018597000010",G3MMZJML,"2700",广西柳钢国际贸易有限公司,铁山港,马尔凯洛,焦化厂,"1554371",70.000,"20260830114000","20260830120935","20260830122000",已到厂,"1",G3MMZJML,A2MMZJM1,已匹配,焦化厂
LGXS26070756,"450018597000010",G3MMZJML,"2700",广西柳钢国际贸易有限公司,铁山港,马尔凯洛,焦化厂,"1510430",70.000,"20260830114000","20260830120935","20260830122000",已到厂,"1",G3MMZJML,A2MMZJM1,已匹配,焦化厂
LGXS26070756,"450018597000010",G3MMZJML,"2700",广西柳钢国际贸易有限公司,铁山港,马尔凯洛,焦化厂,"1639335",70.000,"20260830114000","20260830120935","20260830122000",已到厂,"1",G3MMZJML,A2MMZJM1,已匹配,焦化厂
LGXS26070756,"450018597000010",G3MMZJML,"2700",广西柳钢国际贸易有限公司,铁山港,马尔凯洛,焦化厂,"1861858",70.000,"20260830114000","20260830120935","20260830122000",已到厂,"1",G3MMZJML,A2MMZJM1,已匹配,焦化厂
LGXS26070756,"450018597000010",G3MMZJML,"2700",广西柳钢国际贸易有限公司,铁山港,马尔凯洛,焦化厂,"1650163",70.000,"20260830114000","20260830120935","20260830122000",已到厂,"1",G3MMZJML,A2MMZJM1,已匹配,焦化厂
LGXS26070756,"450018597000010",G3MMZJML,"2700",广西柳钢国际贸易有限公司,铁山港,马尔凯洛,焦化厂,"1609233",70.000,"20260830114000","20260830120935","20260830122000",已到厂,"1",G3MMZJML,A2MMZJM1,已匹配,焦化厂
LGXS26070756,"450018597000010",G3MMZJML,"2700",广西柳钢国际贸易有限公司,铁山港,马尔凯洛,焦化厂,"1764073",70.000,"20260830114000","20260830120935","20260830122000",已到厂,"1",G3MMZJML,A2MMZJM1,已匹配,焦化厂
LGXS26070756,"450018597000010",G3MMZJML,"2700",广西柳钢国际贸易有限公司,铁山港,马尔凯洛,焦化厂,"1513785",70.000,"20260830114000","20260830120935","20260830122000",已到厂,"1",G3MMZJML,A2MMZJM1,已匹配,焦化厂
LGXS26070756,"450018597000010",G3MMZJML,"2700",广西柳钢国际贸易有限公司,铁山港,马尔凯洛,焦化厂,"1849413",70.000,"20260830114000","20260830120935","20260830122000",已到厂,"1",G3MMZJML,A2MMZJM1,已匹配,焦化厂
LGXS26070756,"450018597000010",G3MMZJML,"2700",广西柳钢国际贸易有限公司,铁山港,马尔凯洛,焦化厂,"1519377",70.000,"20260830114000","20260830120935","20260830122000",已到厂,"1",G3MMZJML,A2MMZJM1,已匹配,焦化厂
LGXS26070756,"450018597000010",G3MMZJML,"2700",广西柳钢国际贸易有限公司,铁山港,马尔凯洛,焦化厂,"1805440",70.000,"20260830114000","20260830120935","20260830122000",已到厂,"1",G3MMZJML,A2MMZJM1,已匹配,焦化厂
LGXS26070756,"450018597000010",G3MMZJML,"2700",广西柳钢国际贸易有限公司,铁山港,马尔凯洛,焦化厂,"1743356",70.000,"20260830114000","20260830120935","20260830122000",已到厂,"1",G3MMZJML,A2MMZJM1,已匹配,焦化厂
LGXS26070756,"450018597000010",G3MMZJML,"2700",广西柳钢国际贸易有限公司,铁山港,马尔凯洛,焦化厂,"1790541",70.000,"20260830114000","20260830120935","20260830122000",已到厂,"1",G3MMZJML,A2MMZJM1,已匹配,焦化厂
LGXS26070756,"450018597000010",G3MMZJML,"2700",广西柳钢国际贸易有限公司,铁山港,马尔凯洛,焦化厂,"1746110",70.000,"20260830114000","20260830120935","20260830122000",已到厂,"1",G3MMZJML,A2MMZJM1,已匹配,焦化厂
LGXS26070756,"450018597000010",G3MMZJML,"2700",广西柳钢国际贸易有限公司,铁山港,马尔凯洛,焦化厂,"1847888",70.000,"20260830114000","20260830120935","20260830122000",已到厂,"1",G3MMZJML,A2MMZJM1,已匹配,焦化厂
LGXS26070756,"450018597000010",G3MMZJML,"2700",广西柳钢国际贸易有限公司,铁山港,马尔凯洛,焦化厂,"1871466",70.000,"20260830114000","20260830120935","20260830122000",已到厂,"1",G3MMZJML,A2MMZJM1,已匹配,焦化厂
LGXS26070756,"450018597000010",G3MMZJML,"2700",广西柳钢国际贸易有限公司,铁山港,马尔凯洛,焦化厂,"1756833",70.000,"20260830114000","20260830120935","20260830122000",已到厂,"1",G3MMZJML,A2MMZJM1,已匹配,焦化厂
LGXS26070756,"450018597000010",G3MMZJML,"2700",广西柳钢国际贸易有限公司,铁山港,马尔凯洛,焦化厂,"1831470",70.000,"20260830114000","20260830120935","20260830122000",已到厂,"1",G3MMZJML,A2MMZJM1,已匹配,焦化厂
LGXS26070756,"450018597000010",G3MMZJML,"2700",广西柳钢国际贸易有限公司,铁山港,马尔凯洛,焦化厂,"1569283",70.000,"20260830114000","20260830120935","20260830122000",已到厂,"1",G3MMZJML,A2MMZJM1,已匹配,焦化厂
LGXS26070756,"450018597000010",G3MMZJML,"2700",广西柳钢国际贸易有限公司,铁山港,马尔凯洛,焦化厂,"1754333",70.000,"20260830114000","20260830120935","20260830122000",已到厂,"1",G3MMZJML,A2MMZJM1,已匹配,焦化厂
LGXS26070756,"450018597000010",G3MMZJML,"2700",广西柳钢国际贸易有限公司,铁山港,马尔凯洛,焦化厂,"1568031",70.000,"20260830114000","20260830120935","20260830122000",已到厂,"1",G3MMZJML,A2MMZJM1,已匹配,焦化厂
LGXS26070756,"450018597000010",G3MMZJML,"2700",广西柳钢国际贸易有限公司,铁山港,马尔凯洛,焦化厂,"1574279",70.000,"20260830114000","20260830120935","20260830122000",已到厂,"1",G3MMZJML,A2MMZJM1,已匹配,焦化厂
LGXS26070756,"450018597000010",G3MMZJML,"2700",广西柳钢国际贸易有限公司,铁山港,马尔凯洛,焦化厂,"1807639",70.000,"20260830114000","20260830120935","20260830122000",已到厂,"1",G3MMZJML,A2MMZJM1,已匹配,焦化厂
LGXS26070756,"450018597000010",G3MMZJML,"2700",广西柳钢国际贸易有限公司,铁山港,马尔凯洛,焦化厂,"1708538",70.000,"20260830114000","20260830120935","20260830122000",已到厂,"1",G3MMZJML,A2MMZJM1,已匹配,焦化厂
LGXS26070756,"450018597000010",G3MMZJML,"2700",广西柳钢国际贸易有限公司,铁山港,马尔凯洛,焦化厂,"4968731",62.000,"20260829031900","20260829040602","20260829035900",已到厂,"1",G3MMZJML,A2MMZJM1,已匹配,焦化厂
LGXS26070756,"450018597000010",G3MMZJML,"2700",广西柳钢国际贸易有限公司,铁山港,马尔凯洛,焦化厂,"4912374",65.000,"20260829031900","20260829040602","20260829035900",已到厂,"1",G3MMZJML,A2MMZJM1,已匹配,焦化厂
LGXS26070756,"450018597000010",G3MMZJML,"2700",广西柳钢国际贸易有限公司,铁山港,马尔凯洛,焦化厂,"1735244",70.000,"20260829031900","20260829040602","20260829035900",已到厂,"1",G3MMZJML,A2MMZJM1,已匹配,焦化厂
LGXS26070756,"450018597000010",G3MMZJML,"2700",广西柳钢国际贸易有限公司,铁山港,马尔凯洛,焦化厂,"4862357",63.000,"20260829031900","20260829040602","20260829035900",已到厂,"1",G3MMZJML,A2MMZJM1,已匹配,焦化厂
LGXS26070756,"450018597000010",G3MMZJML,"2700",广西柳钢国际贸易有限公司,铁山港,马尔凯洛,焦化厂,"1525698",70.000,"20260829031900","20260829040602","20260829035900",已到厂,"1",G3MMZJML,A2MMZJM1,已匹配,焦化厂
LGXS26070756,"450018597000010",G3MMZJML,"2700",广西柳钢国际贸易有限公司,铁山港,马尔凯洛,焦化厂,"1681581",70.000,"20260829031900","20260829040602","20260829035900",已到厂,"1",G3MMZJML,A2MMZJM1,已匹配,焦化厂
LGXS26070756,"450018597000010",G3MMZJML,"2700",广西柳钢国际贸易有限公司,铁山港,马尔凯洛,焦化厂,"4933477",62.000,"20260829031900","20260829040602","20260829035900",已到厂,"1",G3MMZJML,A2MMZJM1,已匹配,焦化厂
LGXS26070756,"450018597000010",G3MMZJML,"2700",广西柳钢国际贸易有限公司,铁山港,马尔凯洛,焦化厂,"1801726",70.000,"20260829031900","20260829040602","20260829035900",已到厂,"1",G3MMZJML,A2MMZJM1,已匹配,焦化厂
LGXS26070756,"450018597000010",G3MMZJML,"2700",广西柳钢国际贸易有限公司,铁山港,马尔凯洛,焦化厂,"1662216",70.000,"20260829031900","20260829040602","20260829035900",已到厂,"1",G3MMZJML,A2MMZJM1,已匹配,焦化厂
LGXS26070756,"450018597000010",G3MMZJML,"2700",广西柳钢国际贸易有限公司,铁山港,马尔凯洛,焦化厂,"1735726",70.000,"20260829031900","20260829040602","20260829035900",已到厂,"1",G3MMZJML,A2MMZJM1,已匹配,焦化厂
LGXS26070756,"450018597000010",G3MMZJML,"2700",广西柳钢国际贸易有限公司,铁山港,马尔凯洛,焦化厂,"1757190",70.000,"20260829031900","20260829040602","20260829035900",已到厂,"1",G3MMZJML,A2MMZJM1,已匹配,焦化厂
LGXS26070756,"450018597000010",G3MMZJML,"2700",广西柳钢国际贸易有限公司,铁山港,马尔凯洛,焦化厂,"4937967",62.000,"20260829031900","20260829040602","20260829035900",已到厂,"1",G3MMZJML,A2MMZJM1,已匹配,焦化厂
LGXS26070756,"450018597000010",G3MMZJML,"2700",广西柳钢国际贸易有限公司,铁山港,马尔凯洛,焦化厂,"4889675",62.000,"20260829031900","20260829040602","20260829035900",已到厂,"1",G3MMZJML,A2MMZJM1,已匹配,焦化厂
LGXS26070756,"450018597000010",G3MMZJML,"2700",广西柳钢国际贸易有限公司,铁山港,马尔凯洛,焦化厂,"1680704",70.000,"20260829031900","20260829040602","20260829035900",已到厂,"1",G3MMZJML,A2MMZJM1,已匹配,焦化厂
LGXS26070756,"450018597000010",G3MMZJML,"2700",广西柳钢国际贸易有限公司,铁山港,马尔凯洛,焦化厂,"4836552",65.000,"20260829031900","20260829040602","20260829035900",已到厂,"1",G3MMZJML,A2MMZJM1,已匹配,焦化厂
LGXS26070756,"450018597000010",G3MMZJML,"2700",广西柳钢国际贸易有限公司,铁山港,马尔凯洛,焦化厂,"1677252",70.000,"20260829031900","20260829040602","20260829035900",已到厂,"1",G3MMZJML,A2MMZJM1,已匹配,焦化厂
LGXS26070756,"450018597000010",G3MMZJML,"2700",广西柳钢国际贸易有限公司,铁山港,马尔凯洛,焦化厂,"4956833",64.000,"20260829031900","20260829040602","20260829035900",已到厂,"1",G3MMZJML,A2MMZJM1,已匹配,焦化厂
LGXS26070756,"450018597000010",G3MMZJML,"2700",广西柳钢国际贸易有限公司,铁山港,马尔凯洛,焦化厂,"1508885",70.000,"20260829031900","20260829040602","20260829035900",已到厂,"1",G3MMZJML,A2MMZJM1,已匹配,焦化厂
LGXS26070756,"450018597000010",G3MMZJML,"2700",广西柳钢国际贸易有限公司,铁山港,马尔凯洛,焦化厂,"1624455",70.000,"20260829031900","20260829040602","20260829035900",已到厂,"1",G3MMZJML,A2MMZJM1,已匹配,焦化厂
LGXS26070756,"450018597000010",G3MMZJML,"2700",广西柳钢国际贸易有限公司,铁山港,马尔凯洛,焦化厂,"4897680",62.000,"20260829031900","20260829040602","20260829035900",已到厂,"1",G3MMZJML,A2MMZJM1,已匹配,焦化厂
LGXS26070756,"450018597000010",G3MMZJML,"2700",广西柳钢国际贸易有限公司,铁山港,马尔凯洛,焦化厂,"1779147",70.000,"20260829031900","20260829040602","20260829035900",已到厂,"1",G3MMZJML,A2MMZJM1,已匹配,焦化厂
LGXS26070756,"450018597000010",G3MMZJML,"2700",广西柳钢国际贸易有限公司,铁山港,马尔凯洛,焦化厂,"1687085",70.000,"20260829031900","20260829040602","20260829035900",已到厂,"1",G3MMZJML,A2MMZJM1,已匹配,焦化厂
LGXS26070756,"450018597000010",G3MMZJML,"2700",广西柳钢国际贸易有限公司,铁山港,马尔凯洛,焦化厂,"1619634",70.000,"20260829031900","20260829040602","20260829035900",已到厂,"1",G3MMZJML,A2MMZJM1,已匹配,焦化厂
LGXS26070756,"450018597000010",G3MMZJML,"2700",广西柳钢国际贸易有限公司,铁山港,马尔凯洛,焦化厂,"1504819",70.000,"20260829031900","20260829040602","20260829035900",已到厂,"1",G3MMZJML,A2MMZJM1,已匹配,焦化厂
LGXS26070756,"450018597000010",G3MMZJML,"2700",广西柳钢国际贸易有限公司,铁山港,马尔凯洛,焦化厂,"4911389",61.000,"20260829031900","20260829040602","20260829035900",已到厂,"1",G3MMZJML,A2MMZJM1,已匹配,焦化厂
LGXS26070756,"450018597000010",G3MMZJML,"2700",广西柳钢国际贸易有限公司,铁山港,马尔凯洛,焦化厂,"1820276",70.000,"20260829031900","20260829040602","20260829035900",已到厂,"1",G3MMZJML,A2MMZJM1,已匹配,焦化厂
LGXS26070756,"450018597000010",G3MMZJML,"2700",广西柳钢国际贸易有限公司,铁山港,马尔凯洛,焦化厂,"1792406",70.000,"20260829031900","20260829040602","20260829035900",已到厂,"1",G3MMZJML,A2MMZJM1,已匹配,焦化厂
LGXS26070756,"450018597000010",G3MMZJML,"2700",广西柳钢国际贸易有限公司,铁山港,马尔凯洛,焦化厂,"1617546",70.000,"20260829031900","20260829040602","20260829035900",已到厂,"1",G3MMZJML,A2MMZJM1,已匹配,焦化厂
LGXS26070756,"450018597000010",G3MMZJML,"2700",广西柳钢国际贸易有限公司,铁山港,马尔凯洛,焦化厂,"1618810",70.000,"20260829031900","20260829040602","20260829035900",已到厂,"1",G3MMZJML,A2MMZJM1,已匹配,焦化厂
LGXS26070756,"450018597000010",G3MMZJML,"2700",广西柳钢国际贸易有限公司,铁山港,马尔凯洛,焦化厂,"1590490",70.000,"20260829031900","20260829040602","20260829035900",已到厂,"1",G3MMZJML,A2MMZJM1,已匹配,焦化厂
LGXS26070756,"450018597000010",G3MMZJML,"2700",广西柳钢国际贸易有限公司,铁山港,马尔凯洛,焦化厂,"4936481",63.000,"20260829031900","20260829040602","20260829035900",已到厂,"1",G3MMZJML,A2MMZJM1,已匹配,焦化厂
LGXS26070756,"450018597000010",G3MMZJML,"2700",广西柳钢国际贸易有限公司,铁山港,马尔凯洛,焦化厂,"4942959",63.000,"20260829031900","20260829040602","20260829035900",已到厂,"1",G3MMZJML,A2MMZJM1,已匹配,焦化厂
LGXS26070756,"450018597000010",G3MMZJML,"2700",广西柳钢国际贸易有限公司,铁山港,马尔凯洛,焦化厂,"1580727",70.000,"20260829031900","20260829040602","20260829035900",已到厂,"1",G3MMZJML,A2MMZJM1,已匹配,焦化厂
LGXS26070756,"450018597000010",G3MMZJML,"2700",广西柳钢国际贸易有限公司,铁山港,马尔凯洛,焦化厂,"1616916",70.000,"20260829031900","20260829040602","20260829035900",已到厂,"1",G3MMZJML,A2MMZJM1,已匹配,焦化厂
LGXS26070756,"450018597000010",G3MMZJML,"2700",广西柳钢国际贸易有限公司,铁山港,马尔凯洛,焦化厂,"4887528",62.000,"20260829031900","20260829040602","20260829035900",已到厂,"1",G3MMZJML,A2MMZJM1,已匹配,焦化厂
LGXS26070756,"450018597000010",G3MMZJML,"2700",广西柳钢国际贸易有限公司,铁山港,马尔凯洛,焦化厂,"1812859",70.000,"20260829031900","20260829040602","20260829035900",已到厂,"1",G3MMZJML,A2MMZJM1,已匹配,焦化厂
LGXS26070756,"450018597000010",G3MMZJML,"2700",广西柳钢国际贸易有限公司,铁山港,马尔凯洛,焦化厂,"4874338",63.000,"20260829031900","20260829040602","20260829035900",已到厂,"1",G3MMZJML,A2MMZJM1,已匹配,焦化厂
LGXS26070756,"450018597000010",G3MMZJML,"2700",广西柳钢国际贸易有限公司,铁山港,马尔凯洛,焦化厂,"1708800",70.000,"20260829031900","20260829040602","20260829035900",已到厂,"1",G3MMZJML,A2MMZJM1,已匹配,焦化厂
LGXS26070756,"450018597000010",G3MMZJML,"2700",广西柳钢国际贸易有限公司,铁山港,马尔凯洛,焦化厂,"4874249",63.000,"20260829031900","20260829040602","20260829035900",已到厂,"1",G3MMZJML,A2MMZJM1,已匹配,焦化厂
LGXS26070756,"450018597000010",G3MMZJML,"2700",广西柳钢国际贸易有限公司,铁山港,马尔凯洛,焦化厂,"1511139",70.000,"20260829031900","20260829040602","20260829035900",已到厂,"1",G3MMZJML,A2MMZJM1,已匹配,焦化厂
LGXS26070756,"450018597000010",G3MMZJML,"2700",广西柳钢国际贸易有限公司,铁山港,马尔凯洛,焦化厂,"1748232",70.000,"20260829031900","20260829040602","20260829035900",已到厂,"1",G3MMZJML,A2MMZJM1,已匹配,焦化厂
LGXS26070756,"450018597000010",G3MMZJML,"2700",广西柳钢国际贸易有限公司,铁山港,马尔凯洛,焦化厂,"4865685",63.000,"20260829031900","20260829040602","20260829035900",已到厂,"1",G3MMZJML,A2MMZJM1,已匹配,焦化厂
LGXS26070756,"450018597000010",G3MMZJML,"2700",广西柳钢国际贸易有限公司,铁山港,马尔凯洛,焦化厂,"4973049",62.000,"20260829031900","20260829040602","20260829035900",已到厂,"1",G3MMZJML,A2MMZJM1,已匹配,焦化厂
LGXS26070756,"450018597000010",G3MMZJML,"2700",广西柳钢国际贸易有限公司,铁山港,马尔凯洛,焦化厂,"1629391",70.000,"20260829031900","20260829040602","20260829035900",已到厂,"1",G3MMZJML,A2MMZJM1,已匹配,焦化厂
LGXS26070756,"450018597000010",G3MMZJML,"2700",广西柳钢国际贸易有限公司,铁山港,马尔凯洛,焦化厂,"1596674",70.000,"20260829031900","20260829040602","20260829035900",已到厂,"1",G3MMZJML,A2MMZJM1,已匹配,焦化厂
LGXS26070756,"450018597000010",G3MMZJML,"2700",广西柳钢国际贸易有限公司,铁山港,马尔凯洛,焦化厂,"4964142",61.000,"20260829031900","20260829040602","20260829035900",已到厂,"1",G3MMZJML,A2MMZJM1,已匹配,焦化厂
LGXS26070756,"450018597000010",G3MMZJML,"2700",广西柳钢国际贸易有限公司,铁山港,马尔凯洛,焦化厂,"1631957",70.000,"20260829031900","20260829040602","20260829035900",已到厂,"1",G3MMZJML,A2MMZJM1,已匹配,焦化厂
LGXS26070756,"450018597000010",G3MMZJML,"2700",广西柳钢国际贸易有限公司,铁山港,马尔凯洛,焦化厂,"4835801",63.000,"20260829031900","20260829040602","20260829035900",已到厂,"1",G3MMZJML,A2MMZJM1,已匹配,焦化厂
LGXS26070756,"450018597000010",G3MMZJML,"2700",广西柳钢国际贸易有限公司,铁山港,马尔凯洛,焦化厂,"1706088",70.000,"20260829031900","20260829040602","20260829035900",已到厂,"1",G3MMZJML,A2MMZJM1,已匹配,焦化厂
LGXS26070756,"450018597000010",G3MMZJML,"2700",广西柳钢国际贸易有限公司,铁山港,马尔凯洛,焦化厂,"1875980",70.000,"20260829031900","20260829040602","20260829035900",已到厂,"1",G3MMZJML,A2MMZJM1,已匹配,焦化厂
LGXS26070756,"450018597000010",G3MMZJML,"2700",广西柳钢国际贸易有限公司,铁山港,马尔凯洛,焦化厂,"1776925",70.000,"20260827190500","20260827200121","20260827194500",已到厂,"1",G3MMZJML,A2MMZJM1,已匹配,焦化厂
LGXS26070756,"450018597000010",G3MMZJML,"2700",广西柳钢国际贸易有限公司,铁山港,马尔凯洛,焦化厂,"4937568",61.000,"20260827190500","20260827200121","20260827194500",已到厂,"1",G3MMZJML,A2MMZJM1,已匹配,焦化厂
LGXS26070756,"450018597000010",G3MMZJML,"2700",广西柳钢国际贸易有限公司,铁山港,马尔凯洛,焦化厂,"1871433",70.000,"20260827190500","20260827200121","20260827194500",已到厂,"1",G3MMZJML,A2MMZJM1,已匹配,焦化厂
LGXS26070756,"450018597000010",G3MMZJML,"2700",广西柳钢国际贸易有限公司,铁山港,马尔凯洛,焦化厂,"1676120",70.000,"20260827190500","20260827200121","20260827194500",已到厂,"1",G3MMZJML,A2MMZJM1,已匹配,焦化厂
LGXS26070756,"450018597000010",G3MMZJML,"2700",广西柳钢国际贸易有限公司,铁山港,马尔凯洛,焦化厂,"1862854",70.000,"20260827190500","20260827200121","20260827194500",已到厂,"1",G3MMZJML,A2MMZJM1,已匹配,焦化厂
LGXS26070756,"450018597000010",G3MMZJML,"2700",广西柳钢国际贸易有限公司,铁山港,马尔凯洛,焦化厂,"1719584",70.000,"20260827190500","20260827200121","20260827194500",已到厂,"1",G3MMZJML,A2MMZJM1,已匹配,焦化厂
LGXS26070756,"450018597000010",G3MMZJML,"2700",广西柳钢国际贸易有限公司,铁山港,马尔凯洛,焦化厂,"4925879",61.000,"20260827190500","20260827200121","20260827194500",已到厂,"1",G3MMZJML,A2MMZJM1,已匹配,焦化厂
LGXS26070756,"450018597000010",G3MMZJML,"2700",广西柳钢国际贸易有限公司,铁山港,马尔凯洛,焦化厂,"1532480",70.000,"20260827190500","20260827200121","20260827194500",已到厂,"1",G3MMZJML,A2MMZJM1,已匹配,焦化厂
LGXS26070756,"450018597000010",G3MMZJML,"2700",广西柳钢国际贸易有限公司,铁山港,马尔凯洛,焦化厂,"1723799",70.000,"20260827190500","20260827200121","20260827194500",已到厂,"1",G3MMZJML,A2MMZJM1,已匹配,焦化厂
LGXS26070756,"450018597000010",G3MMZJML,"2700",广西柳钢国际贸易有限公司,铁山港,马尔凯洛,焦化厂,"1819297",70.000,"20260827190500","20260827200121","20260827194500",已到厂,"1",G3MMZJML,A2MMZJM1,已匹配,焦化厂
LGXS26070756,"450018597000010",G3MMZJML,"2700",广西柳钢国际贸易有限公司,铁山港,马尔凯洛,焦化厂,"1530858",70.000,"20260827190500","20260827200121","20260827194500",已到厂,"1",G3MMZJML,A2MMZJM1,已匹配,焦化厂
LGXS26070756,"450018597000010",G3MMZJML,"2700",广西柳钢国际贸易有限公司,铁山港,马尔凯洛,焦化厂,"4904885",61.000,"20260827190500","20260827200121","20260827194500",已到厂,"1",G3MMZJML,A2MMZJM1,已匹配,焦化厂
LGXS26070756,"450018597000010",G3MMZJML,"2700",广西柳钢国际贸易有限公司,铁山港,马尔凯洛,焦化厂,"1567582",70.000,"20260827190500","20260827200121","20260827194500",已到厂,"1",G3MMZJML,A2MMZJM1,已匹配,焦化厂
LGXS26070756,"450018597000010",G3MMZJML,"2700",广西柳钢国际贸易有限公司,铁山港,马尔凯洛,焦化厂,"1726214",70.000,"20260827190500","20260827200121","20260827194500",已到厂,"1",G3MMZJML,A2MMZJM1,已匹配,焦化厂
LGXS26070756,"450018597000010",G3MMZJML,"2700",广西柳钢国际贸易有限公司,铁山港,马尔凯洛,焦化厂,"1844378",70.000,"20260827190500","20260827200121","20260827194500",已到厂,"1",G3MMZJML,A2MMZJM1,已匹配,焦化厂
LGXS26070756,"450018597000010",G3MMZJML,"2700",广西柳钢国际贸易有限公司,铁山港,马尔凯洛,焦化厂,"1848442",70.000,"20260827190500","20260827200121","20260827194500",已到厂,"1",G3MMZJML,A2MMZJM1,已匹配,焦化厂
LGXS26070756,"450018597000010",G3MMZJML,"2700",广西柳钢国际贸易有限公司,铁山港,马尔凯洛,焦化厂,"4968656",61.000,"20260827190500","20260827200121","20260827194500",已到厂,"1",G3MMZJML,A2MMZJM1,已匹配,焦化厂
LGXS26070756,"450018597000010",G3MMZJML,"2700",广西柳钢国际贸易有限公司,铁山港,马尔凯洛,焦化厂,"1860000",70.000,"20260827190500","20260827200121","20260827194500",已到厂,"1",G3MMZJML,A2MMZJM1,已匹配,焦化厂
LGXS26070756,"450018597000010",G3MMZJML,"2700",广西柳钢国际贸易有限公司,铁山港,马尔凯洛,焦化厂,"1761362",70.000,"20260827190500","20260827200121","20260827194500",已到厂,"1",G3MMZJML,A2MMZJM1,已匹配,焦化厂
LGXS26070756,"450018597000010",G3MMZJML,"2700",广西柳钢国际贸易有限公司,铁山港,马尔凯洛,焦化厂,"1877275",70.000,"20260827190500","20260827200121","20260827194500",已到厂,"1",G3MMZJML,A2MMZJM1,已匹配,焦化厂
LGXS26070756,"450018597000010",G3MMZJML,"2700",广西柳钢国际贸易有限公司,铁山港,马尔凯洛,焦化厂,"4909691",61.000,"20260827190500","20260827200121","20260827194500",已到厂,"1",G3MMZJML,A2MMZJM1,已匹配,焦化厂
LGXS26070756,"450018597000010",G3MMZJML,"2700",广西柳钢国际贸易有限公司,铁山港,马尔凯洛,焦化厂,"4958132",61.000,"20260827190500","20260827200121","20260827194500",已到厂,"1",G3MMZJML,A2MMZJM1,已匹配,焦化厂
LGXS26070756,"450018597000010",G3MMZJML,"2700",广西柳钢国际贸易有限公司,铁山港,马尔凯洛,焦化厂,"1827187",70.000,"20260827190500","20260827200121","20260827194500",已到厂,"1",G3MMZJML,A2MMZJM1,已匹配,焦化厂
LGXS26070756,"450018597000010",G3MMZJML,"2700",广西柳钢国际贸易有限公司,铁山港,马尔凯洛,焦化厂,"4880986",61.000,"20260827190500","20260827200121","20260827194500",已到厂,"1",G3MMZJML,A2MMZJM1,已匹配,焦化厂
LGXS26070756,"450018597000010",G3MMZJML,"2700",广西柳钢国际贸易有限公司,铁山港,马尔凯洛,焦化厂,"1736053",70.000,"20260827190500","20260827200121","20260827194500",已到厂,"1",G3MMZJML,A2MMZJM1,已匹配,焦化厂
LGXS26070756,"450018597000010",G3MMZJML,"2700",广西柳钢国际贸易有限公司,铁山港,马尔凯洛,焦化厂,"1685538",70.000,"20260827190500","20260827200121","20260827194500",已到厂,"1",G3MMZJML,A2MMZJM1,已匹配,焦化厂
LGXS26070756,"450018597000010",G3MMZJML,"2700",广西柳钢国际贸易有限公司,铁山港,马尔凯洛,焦化厂,"1840631",70.000,"20260827190500","20260827200121","20260827194500",已到厂,"1",G3MMZJML,A2MMZJM1,已匹配,焦化厂
LGXS26070756,"450018597000010",G3MMZJML,"2700",广西柳钢国际贸易有限公司,铁山港,马尔凯洛,焦化厂,"1707138",70.000,"20260827190500","20260827200121","20260827194500",已到厂,"1",G3MMZJML,A2MMZJM1,已匹配,焦化厂
LGXS26070756,"450018597000010",G3MMZJML,"2700",广西柳钢国际贸易有限公司,铁山港,马尔凯洛,焦化厂,"4875231",61.000,"20260827190500","20260827200121","20260827194500",已到厂,"1",G3MMZJML,A2MMZJM1,已匹配,焦化厂
LGXS26070756,"450018597000010",G3MMZJML,"2700",广西柳钢国际贸易有限公司,铁山港,马尔凯洛,焦化厂,"4937214",61.000,"20260827190500","20260827200121","20260827194500",已到厂,"1",G3MMZJML,A2MMZJM1,已匹配,焦化厂
LGXS26070756,"450018597000010",G3MMZJML,"2700",广西柳钢国际贸易有限公司,铁山港,马尔凯洛,焦化厂,"4867648",61.000,"20260827190500","20260827200121","20260827194500",已到厂,"1",G3MMZJML,A2MMZJM1,已匹配,焦化厂
LGXS26070756,"450018597000010",G3MMZJML,"2700",广西柳钢国际贸易有限公司,铁山港,马尔凯洛,焦化厂,"4556581",60.000,"20260827190500","20260827200121","20260827194500",已到厂,"1",G3MMZJML,A2MMZJM1,已匹配,焦化厂
LGXS26070756,"450018597000010",G3MMZJML,"2700",广西柳钢国际贸易有限公司,铁山港,马尔凯洛,焦化厂,"1844713",70.000,"20260827190500","20260827200121","20260827194500",已到厂,"1",G3MMZJML,A2MMZJM1,已匹配,焦化厂
LGXS26070756,"450018597000010",G3MMZJML,"2700",广西柳钢国际贸易有限公司,铁山港,马尔凯洛,焦化厂,"4901868",61.000,"20260827190500","20260827200121","20260827194500",已到厂,"1",G3MMZJML,A2MMZJM1,已匹配,焦化厂
LGXS26070756,"450018597000010",G3MMZJML,"2700",广西柳钢国际贸易有限公司,铁山港,马尔凯洛,焦化厂,"1597000",70.000,"20260827190500","20260827200121","20260827194500",已到厂,"1",G3MMZJML,A2MMZJM1,已匹配,焦化厂
LGXS26070756,"450018597000010",G3MMZJML,"2700",广西柳钢国际贸易有限公司,铁山港,马尔凯洛,焦化厂,"1842063",70.000,"20260827190500","20260827200121","20260827194500",已到厂,"1",G3MMZJML,A2MMZJM1,已匹配,焦化厂
LGXS26070756,"450018597000010",G3MMZJML,"2700",广西柳钢国际贸易有限公司,铁山港,马尔凯洛,焦化厂,"1568687",70.000,"20260827190500","20260827200121","20260827194500",已到厂,"1",G3MMZJML,A2MMZJM1,已匹配,焦化厂
LGXS26070756,"450018597000010",G3MMZJML,"2700",广西柳钢国际贸易有限公司,铁山港,马尔凯洛,焦化厂,"1816483",70.000,"20260827190500","20260827200121","20260827194500",已到厂,"1",G3MMZJML,A2MMZJM1,已匹配,焦化厂
LGXS26070756,"450018597000010",G3MMZJML,"2700",广西柳钢国际贸易有限公司,铁山港,马尔凯洛,焦化厂,"1871078",70.000,"20260827190500","20260827200121","20260827194500",已到厂,"1",G3MMZJML,A2MMZJM1,已匹配,焦化厂
LGXS26070756,"450018597000010",G3MMZJML,"2700",广西柳钢国际贸易有限公司,铁山港,马尔凯洛,焦化厂,"4966064",61.000,"20260827190500","20260827200121","20260827194500",已到厂,"1",G3MMZJML,A2MMZJM1,已匹配,焦化厂
LGXS26070756,"450018597000010",G3MMZJML,"2700",广西柳钢国际贸易有限公司,铁山港,马尔凯洛,焦化厂,"1532118",70.000,"20260827190500","20260827200121","20260827194500",已到厂,"1",G3MMZJML,A2MMZJM1,已匹配,焦化厂
LGXS26070756,"450018597000010",G3MMZJML,"2700",广西柳钢国际贸易有限公司,铁山港,马尔凯洛,焦化厂,"1557591",70.000,"20260827190500","20260827200121","20260827194500",已到厂,"1",G3MMZJML,A2MMZJM1,已匹配,焦化厂
LGXS26070756,"450018597000010",G3MMZJML,"2700",广西柳钢国际贸易有限公司,铁山港,马尔凯洛,焦化厂,"4207029",61.000,"20260827190500","20260827200121","20260827194500",已到厂,"1",G3MMZJML,A2MMZJM1,已匹配,焦化厂
LGXS26070756,"450018597000010",G3MMZJML,"2700",广西柳钢国际贸易有限公司,铁山港,马尔凯洛,焦化厂,"1835614",70.000,"20260827190500","20260827200121","20260827194500",已到厂,"1",G3MMZJML,A2MMZJM1,已匹配,焦化厂
LGXS26070756,"450018597000010",G3MMZJML,"2700",广西柳钢国际贸易有限公司,铁山港,马尔凯洛,焦化厂,"1615849",70.000,"20260827190500","20260827200121","20260827194500",已到厂,"1",G3MMZJML,A2MMZJM1,已匹配,焦化厂
LGXS26070756,"450018597000010",G3MMZJML,"2700",广西柳钢国际贸易有限公司,铁山港,马尔凯洛,焦化厂,"1820626",70.000,"20260827145900","20260827152045","20260827153900",已到厂,"1",G3MMZJML,A2MMZJM1,已匹配,焦化厂
LGXS26070756,"450018597000010",G3MMZJML,"2700",广西柳钢国际贸易有限公司,铁山港,马尔凯洛,焦化厂,"1683837",70.000,"20260827145900","20260827152045","20260827153900",已到厂,"1",G3MMZJML,A2MMZJM1,已匹配,焦化厂
LGXS26070756,"450018597000010",G3MMZJML,"2700",广西柳钢国际贸易有限公司,铁山港,马尔凯洛,焦化厂,"1757090",70.000,"20260827145900","20260827152045","20260827153900",已到厂,"1",G3MMZJML,A2MMZJM1,已匹配,焦化厂
LGXS26070756,"450018597000010",G3MMZJML,"2700",广西柳钢国际贸易有限公司,铁山港,马尔凯洛,焦化厂,"1595985",70.000,"20260827145900","20260827152045","20260827153900",已到厂,"1",G3MMZJML,A2MMZJM1,已匹配,焦化厂
LGXS26070756,"450018597000010",G3MMZJML,"2700",广西柳钢国际贸易有限公司,铁山港,马尔凯洛,焦化厂,"1696515",70.000,"20260827145900","20260827152045","20260827153900",已到厂,"1",G3MMZJML,A2MMZJM1,已匹配,焦化厂
LGXS26070756,"450018597000010",G3MMZJML,"2700",广西柳钢国际贸易有限公司,铁山港,马尔凯洛,焦化厂,"1719135",70.000,"20260827145900","20260827152045","20260827153900",已到厂,"1",G3MMZJML,A2MMZJM1,已匹配,焦化厂
LGXS26070756,"450018597000010",G3MMZJML,"2700",广西柳钢国际贸易有限公司,铁山港,马尔凯洛,焦化厂,"1817382",70.000,"20260827145900","20260827152045","20260827153900",已到厂,"1",G3MMZJML,A2MMZJM1,已匹配,焦化厂
LGXS26070756,"450018597000010",G3MMZJML,"2700",广西柳钢国际贸易有限公司,铁山港,马尔凯洛,焦化厂,"1786002",70.000,"20260827145900","20260827152045","20260827153900",已到厂,"1",G3MMZJML,A2MMZJM1,已匹配,焦化厂
LGXS26070756,"450018597000010",G3MMZJML,"2700",广西柳钢国际贸易有限公司,铁山港,马尔凯洛,焦化厂,"1604488",70.000,"20260827145900","20260827152045","20260827153900",已到厂,"1",G3MMZJML,A2MMZJM1,已匹配,焦化厂
LGXS26070756,"450018597000010",G3MMZJML,"2700",广西柳钢国际贸易有限公司,铁山港,马尔凯洛,焦化厂,"4873002",62.000,"20260827145900","20260827152045","20260827153900",已到厂,"1",G3MMZJML,A2MMZJM1,已匹配,焦化厂
LGXS26070756,"450018597000010",G3MMZJML,"2700",广西柳钢国际贸易有限公司,铁山港,马尔凯洛,焦化厂,"1557320",70.000,"20260827145900","20260827152045","20260827153900",已到厂,"1",G3MMZJML,A2MMZJM1,已匹配,焦化厂
LGXS26070756,"450018597000010",G3MMZJML,"2700",广西柳钢国际贸易有限公司,铁山港,马尔凯洛,焦化厂,"1851041",70.000,"20260827145900","20260827152045","20260827153900",已到厂,"1",G3MMZJML,A2MMZJM1,已匹配,焦化厂
LGXS26070756,"450018597000010",G3MMZJML,"2700",广西柳钢国际贸易有限公司,铁山港,马尔凯洛,焦化厂,"1739490",70.000,"20260827145900","20260827152045","20260827153900",已到厂,"1",G3MMZJML,A2MMZJM1,已匹配,焦化厂
LGXS26070756,"450018597000010",G3MMZJML,"2700",广西柳钢国际贸易有限公司,铁山港,马尔凯洛,焦化厂,"1707414",70.000,"20260827145900","20260827152045","20260827153900",已到厂,"1",G3MMZJML,A2MMZJM1,已匹配,焦化厂
LGXS26070756,"450018597000010",G3MMZJML,"2700",广西柳钢国际贸易有限公司,铁山港,马尔凯洛,焦化厂,"1844557",70.000,"20260827145900","20260827152045","20260827153900",已到厂,"1",G3MMZJML,A2MMZJM1,已匹配,焦化厂
LGXS26070756,"450018597000010",G3MMZJML,"2700",广西柳钢国际贸易有限公司,铁山港,马尔凯洛,焦化厂,"1712000",70.000,"20260827145900","20260827152045","20260827153900",已到厂,"1",G3MMZJML,A2MMZJM1,已匹配,焦化厂
LGXS26070756,"450018597000010",G3MMZJML,"2700",广西柳钢国际贸易有限公司,铁山港,马尔凯洛,焦化厂,"1698308",70.000,"20260827145900","20260827152045","20260827153900",已到厂,"1",G3MMZJML,A2MMZJM1,已匹配,焦化厂
LGXS26070756,"450018597000010",G3MMZJML,"2700",广西柳钢国际贸易有限公司,铁山港,马尔凯洛,焦化厂,"1827003",70.000,"20260827145900","20260827152045","20260827153900",已到厂,"1",G3MMZJML,A2MMZJM1,已匹配,焦化厂
LGXS26070756,"450018597000010",G3MMZJML,"2700",广西柳钢国际贸易有限公司,铁山港,马尔凯洛,焦化厂,"1801155",70.000,"20260827145900","20260827152045","20260827153900",已到厂,"1",G3MMZJML,A2MMZJM1,已匹配,焦化厂
LGXS26070756,"450018597000010",G3MMZJML,"2700",广西柳钢国际贸易有限公司,铁山港,马尔凯洛,焦化厂,"1769948",70.000,"20260827145900","20260827152045","20260827153900",已到厂,"1",G3MMZJML,A2MMZJM1,已匹配,焦化厂
LGXS26070756,"450018597000010",G3MMZJML,"2700",广西柳钢国际贸易有限公司,铁山港,马尔凯洛,焦化厂,"4203619",63.000,"20260827145900","20260827152045","20260827153900",已到厂,"1",G3MMZJML,A2MMZJM1,已匹配,焦化厂
LGXS26070756,"450018597000010",G3MMZJML,"2700",广西柳钢国际贸易有限公司,铁山港,马尔凯洛,焦化厂,"1596451",70.000,"20260827145900","20260827152045","20260827153900",已到厂,"1",G3MMZJML,A2MMZJM1,已匹配,焦化厂
LGXS26070756,"450018597000010",G3MMZJML,"2700",广西柳钢国际贸易有限公司,铁山港,马尔凯洛,焦化厂,"1728920",70.000,"20260827145900","20260827152045","20260827153900",已到厂,"1",G3MMZJML,A2MMZJM1,已匹配,焦化厂
LGXS26070756,"450018597000010",G3MMZJML,"2700",广西柳钢国际贸易有限公司,铁山港,马尔凯洛,焦化厂,"1899143",70.000,"20260827145900","20260827152045","20260827153900",已到厂,"1",G3MMZJML,A2MMZJM1,已匹配,焦化厂
LGXS26070756,"450018597000010",G3MMZJML,"2700",广西柳钢国际贸易有限公司,铁山港,马尔凯洛,焦化厂,"1524729",70.000,"20260827145900","20260827152045","20260827153900",已到厂,"1",G3MMZJML,A2MMZJM1,已匹配,焦化厂
LGXS26070756,"450018597000010",G3MMZJML,"2700",广西柳钢国际贸易有限公司,铁山港,马尔凯洛,焦化厂,"1802578",70.000,"20260827145900","20260827152045","20260827153900",已到厂,"1",G3MMZJML,A2MMZJM1,已匹配,焦化厂
LGXS26070756,"450018597000010",G3MMZJML,"2700",广西柳钢国际贸易有限公司,铁山港,马尔凯洛,焦化厂,"1555118",70.000,"20260827145900","20260827152045","20260827153900",已到厂,"1",G3MMZJML,A2MMZJM1,已匹配,焦化厂
LGXS26070756,"450018597000010",G3MMZJML,"2700",广西柳钢国际贸易有限公司,铁山港,马尔凯洛,焦化厂,"1627407",70.000,"20260827145900","20260827152045","20260827153900",已到厂,"1",G3MMZJML,A2MMZJM1,已匹配,焦化厂
LGXS26070756,"450018597000010",G3MMZJML,"2700",广西柳钢国际贸易有限公司,铁山港,马尔凯洛,焦化厂,"1554703",70.000,"20260827145900","20260827152045","20260827153900",已到厂,"1",G3MMZJML,A2MMZJM1,已匹配,焦化厂
LGXS26070756,"450018597000010",G3MMZJML,"2700",广西柳钢国际贸易有限公司,铁山港,马尔凯洛,焦化厂,"4959116",62.000,"20260827145900","20260827152045","20260827153900",已到厂,"1",G3MMZJML,A2MMZJM1,已匹配,焦化厂
LGXS26070756,"450018597000010",G3MMZJML,"2700",广西柳钢国际贸易有限公司,铁山港,马尔凯洛,焦化厂,"4915252",64.000,"20260827145900","20260827152045","20260827153900",已到厂,"1",G3MMZJML,A2MMZJM1,已匹配,焦化厂
LGXS26070756,"450018597000010",G3MMZJML,"2700",广西柳钢国际贸易有限公司,铁山港,马尔凯洛,焦化厂,"1743829",70.000,"20260827145900","20260827152045","20260827153900",已到厂,"1",G3MMZJML,A2MMZJM1,已匹配,焦化厂
LGXS26070756,"450018597000010",G3MMZJML,"2700",广西柳钢国际贸易有限公司,铁山港,马尔凯洛,焦化厂,"1873549",70.000,"20260827145900","20260827152045","20260827153900",已到厂,"1",G3MMZJML,A2MMZJM1,已匹配,焦化厂
LGXS26070756,"450018597000010",G3MMZJML,"2700",广西柳钢国际贸易有限公司,铁山港,马尔凯洛,焦化厂,"1751892",70.000,"20260827143700","20260827150239","20260827151700",已到厂,"1",G3MMZJML,A2MMZJM1,已匹配,焦化厂
LGXS26070756,"450018597000010",G3MMZJML,"2700",广西柳钢国际贸易有限公司,铁山港,马尔凯洛,焦化厂,"1847598",70.000,"20260827143700","20260827150239","20260827151700",已到厂,"1",G3MMZJML,A2MMZJM1,已匹配,焦化厂
LGXS26070756,"450018597000010",G3MMZJML,"2700",广西柳钢国际贸易有限公司,铁山港,马尔凯洛,焦化厂,"1763508",70.000,"20260827143700","20260827150239","20260827151700",已到厂,"1",G3MMZJML,A2MMZJM1,已匹配,焦化厂
LGXS26070756,"450018597000010",G3MMZJML,"2700",广西柳钢国际贸易有限公司,铁山港,马尔凯洛,焦化厂,"1731141",70.000,"20260827143700","20260827150239","20260827151700",已到厂,"1",G3MMZJML,A2MMZJM1,已匹配,焦化厂
LGXS26070756,"450018597000010",G3MMZJML,"2700",广西柳钢国际贸易有限公司,铁山港,马尔凯洛,焦化厂,"1807192",70.000,"20260827143700","20260827150239","20260827151700",已到厂,"1",G3MMZJML,A2MMZJM1,已匹配,焦化厂
LGXS26070756,"450018597000010",G3MMZJML,"2700",广西柳钢国际贸易有限公司,铁山港,马尔凯洛,焦化厂,"1641823",70.000,"20260827143700","20260827150239","20260827151700",已到厂,"1",G3MMZJML,A2MMZJM1,已匹配,焦化厂
LGXS26070756,"450018597000010",G3MMZJML,"2700",广西柳钢国际贸易有限公司,铁山港,马尔凯洛,焦化厂,"1616497",70.000,"20260827143700","20260827150239","20260827151700",已到厂,"1",G3MMZJML,A2MMZJM1,已匹配,焦化厂
LGXS26070756,"450018597000010",G3MMZJML,"2700",广西柳钢国际贸易有限公司,铁山港,马尔凯洛,焦化厂,"1801521",70.000,"20260827143700","20260827150239","20260827151700",已到厂,"1",G3MMZJML,A2MMZJM1,已匹配,焦化厂
LGXS26070756,"450018597000010",G3MMZJML,"2700",广西柳钢国际贸易有限公司,铁山港,马尔凯洛,焦化厂,"1803803",70.000,"20260827143700","20260827150239","20260827151700",已到厂,"1",G3MMZJML,A2MMZJM1,已匹配,焦化厂
LGXS26070756,"450018597000010",G3MMZJML,"2700",广西柳钢国际贸易有限公司,铁山港,马尔凯洛,焦化厂,"4952328",61.000,"20260827143700","20260827150239","20260827151700",已到厂,"1",G3MMZJML,A2MMZJM1,已匹配,焦化厂
LGXS26070756,"450018597000010",G3MMZJML,"2700",广西柳钢国际贸易有限公司,铁山港,马尔凯洛,焦化厂,"1787383",70.000,"20260827143700","20260827150239","20260827151700",已到厂,"1",G3MMZJML,A2MMZJM1,已匹配,焦化厂
LGXS26070756,"450018597000010",G3MMZJML,"2700",广西柳钢国际贸易有限公司,铁山港,马尔凯洛,焦化厂,"1636437",70.000,"20260827143700","20260827150239","20260827151700",已到厂,"1",G3MMZJML,A2MMZJM1,已匹配,焦化厂
LGXS26070756,"450018597000010",G3MMZJML,"2700",广西柳钢国际贸易有限公司,铁山港,马尔凯洛,焦化厂,"4958550",62.000,"20260827143700","20260827150239","20260827151700",已到厂,"1",G3MMZJML,A2MMZJM1,已匹配,焦化厂
LGXS26070756,"450018597000010",G3MMZJML,"2700",广西柳钢国际贸易有限公司,铁山港,马尔凯洛,焦化厂,"1770724",70.000,"20260827143700","20260827150239","20260827151700",已到厂,"1",G3MMZJML,A2MMZJM1,已匹配,焦化厂
LGXS26070756,"450018597000010",G3MMZJML,"2700",广西柳钢国际贸易有限公司,铁山港,马尔凯洛,焦化厂,"1753388",70.000,"20260827143700","20260827150239","20260827151700",已到厂,"1",G3MMZJML,A2MMZJM1,已匹配,焦化厂
LGXS26070756,"450018597000010",G3MMZJML,"2700",广西柳钢国际贸易有限公司,铁山港,马尔凯洛,焦化厂,"1785810",70.000,"20260827143700","20260827150239","20260827151700",已到厂,"1",G3MMZJML,A2MMZJM1,已匹配,焦化厂
LGXS26070756,"450018597000010",G3MMZJML,"2700",广西柳钢国际贸易有限公司,铁山港,马尔凯洛,焦化厂,"1659817",70.000,"20260827052600","20260827055254","20260827060600",已到厂,"1",G3MMZJML,A2MMZJM1,已匹配,焦化厂
LGXS26070756,"450018597000010",G3MMZJML,"2700",广西柳钢国际贸易有限公司,铁山港,马尔凯洛,焦化厂,"1567950",70.000,"20260827052600","20260827055254","20260827060600",已到厂,"1",G3MMZJML,A2MMZJM1,已匹配,焦化厂
LGXS26070756,"450018597000010",G3MMZJML,"2700",广西柳钢国际贸易有限公司,铁山港,马尔凯洛,焦化厂,"4906494",62.000,"20260827052600","20260827055254","20260827060600",已到厂,"1",G3MMZJML,A2MMZJM1,已匹配,焦化厂
LGXS26070756,"450018597000010",G3MMZJML,"2700",广西柳钢国际贸易有限公司,铁山港,马尔凯洛,焦化厂,"1720623",70.000,"20260827052600","20260827055254","20260827060600",已到厂,"1",G3MMZJML,A2MMZJM1,已匹配,焦化厂
LGXS26070756,"450018597000010",G3MMZJML,"2700",广西柳钢国际贸易有限公司,铁山港,马尔凯洛,焦化厂,"1820866",70.000,"20260827052600","20260827055254","20260827060600",已到厂,"1",G3MMZJML,A2MMZJM1,已匹配,焦化厂
LGXS26070756,"450018597000010",G3MMZJML,"2700",广西柳钢国际贸易有限公司,铁山港,马尔凯洛,焦化厂,"1561624",70.000,"20260826183900","20260826191641","20260826191900",已到厂,"1",G3MMZJML,A2MMZJM1,已匹配,焦化厂
LGXS26070756,"450018597000010",G3MMZJML,"2700",广西柳钢国际贸易有限公司,铁山港,马尔凯洛,焦化厂,"1500294",70.000,"20260826183900","20260826191641","20260826191900",已到厂,"1",G3MMZJML,A2MMZJM1,已匹配,焦化厂
LGXS26070756,"450018597000010",G3MMZJML,"2700",广西柳钢国际贸易有限公司,铁山港,马尔凯洛,焦化厂,"1767740",70.000,"20260826183900","20260826191641","20260826191900",已到厂,"1",G3MMZJML,A2MMZJM1,已匹配,焦化厂
LGXS26070756,"450018597000010",G3MMZJML,"2700",广西柳钢国际贸易有限公司,铁山港,马尔凯洛,焦化厂,"1881362",70.000,"20260826183900","20260826191641","20260826191900",已到厂,"1",G3MMZJML,A2MMZJM1,已匹配,焦化厂
LGXS26070756,"450018597000010",G3MMZJML,"2700",广西柳钢国际贸易有限公司,铁山港,马尔凯洛,焦化厂,"1701186",70.000,"20260826183900","20260826191641","20260826191900",已到厂,"1",G3MMZJML,A2MMZJM1,已匹配,焦化厂
LGXS26070756,"450018597000010",G3MMZJML,"2700",广西柳钢国际贸易有限公司,铁山港,马尔凯洛,焦化厂,"1735566",70.000,"20260826183900","20260826191641","20260826191900",已到厂,"1",G3MMZJML,A2MMZJM1,已匹配,焦化厂
LGXS26070756,"450018597000010",G3MMZJML,"2700",广西柳钢国际贸易有限公司,铁山港,马尔凯洛,焦化厂,"1862461",70.000,"20260826183900","20260826191641","20260826191900",已到厂,"1",G3MMZJML,A2MMZJM1,已匹配,焦化厂
LGXS26070756,"450018597000010",G3MMZJML,"2700",广西柳钢国际贸易有限公司,铁山港,马尔凯洛,焦化厂,"1500012",70.000,"20260826183900","20260826191641","20260826191900",已到厂,"1",G3MMZJML,A2MMZJM1,已匹配,焦化厂
LGXS26070756,"450018597000010",G3MMZJML,"2700",广西柳钢国际贸易有限公司,铁山港,马尔凯洛,焦化厂,"1868356",70.000,"20260826183900","20260826191641","20260826191900",已到厂,"1",G3MMZJML,A2MMZJM1,已匹配,焦化厂
LGXS26070756,"450018597000010",G3MMZJML,"2700",广西柳钢国际贸易有限公司,铁山港,马尔凯洛,焦化厂,"1800312",70.000,"20260826183900","20260826191641","20260826191900",已到厂,"1",G3MMZJML,A2MMZJM1,已匹配,焦化厂
LGXS26070756,"450018597000010",G3MMZJML,"2700",广西柳钢国际贸易有限公司,铁山港,马尔凯洛,焦化厂,"4946229",61.000,"20260826183900","20260826191641","20260826191900",已到厂,"1",G3MMZJML,A2MMZJM1,已匹配,焦化厂
LGXS26070756,"450018597000010",G3MMZJML,"2700",广西柳钢国际贸易有限公司,铁山港,马尔凯洛,焦化厂,"1587464",70.000,"20260826183900","20260826191641","20260826191900",已到厂,"1",G3MMZJML,A2MMZJM1,已匹配,焦化厂
LGXS26070756,"450018597000010",G3MMZJML,"2700",广西柳钢国际贸易有限公司,铁山港,马尔凯洛,焦化厂,"1805839",70.000,"20260826183900","20260826191641","20260826191900",已到厂,"1",G3MMZJML,A2MMZJM1,已匹配,焦化厂
LGXS26070756,"450018597000010",G3MMZJML,"2700",广西柳钢国际贸易有限公司,铁山港,马尔凯洛,焦化厂,"1798888",70.000,"20260826183900","20260826191641","20260826191900",已到厂,"1",G3MMZJML,A2MMZJM1,已匹配,焦化厂
LGXS26070756,"450018597000010",G3MMZJML,"2700",广西柳钢国际贸易有限公司,铁山港,马尔凯洛,焦化厂,"1607862",70.000,"20260826183900","20260826191641","20260826191900",已到厂,"1",G3MMZJML,A2MMZJM1,已匹配,焦化厂
LGXS26070756,"450018597000010",G3MMZJML,"2700",广西柳钢国际贸易有限公司,铁山港,马尔凯洛,焦化厂,"1506569",70.000,"20260826183900","20260826191641","20260826191900",已到厂,"1",G3MMZJML,A2MMZJM1,已匹配,焦化厂
LGXS26070756,"450018597000010",G3MMZJML,"2700",广西柳钢国际贸易有限公司,铁山港,马尔凯洛,焦化厂,"4886651",62.000,"20260826183900","20260826191641","20260826191900",已到厂,"1",G3MMZJML,A2MMZJM1,已匹配,焦化厂
LGXS26070756,"450018597000010",G3MMZJML,"2700",广西柳钢国际贸易有限公司,铁山港,马尔凯洛,焦化厂,"4869420",62.000,"20260826183900","20260826191641","20260826191900",已到厂,"1",G3MMZJML,A2MMZJM1,已匹配,焦化厂
LGXS26070756,"450018597000010",G3MMZJML,"2700",广西柳钢国际贸易有限公司,铁山港,马尔凯洛,焦化厂,"1786883",70.000,"20260826183900","20260826191641","20260826191900",已到厂,"1",G3MMZJML,A2MMZJM1,已匹配,焦化厂
LGXS26070756,"450018597000010",G3MMZJML,"2700",广西柳钢国际贸易有限公司,铁山港,马尔凯洛,焦化厂,"1590883",70.000,"20260826183900","20260826191641","20260826191900",已到厂,"1",G3MMZJML,A2MMZJM1,已匹配,焦化厂
LGXS26070756,"450018597000010",G3MMZJML,"2700",广西柳钢国际贸易有限公司,铁山港,马尔凯洛,焦化厂,"1821078",70.000,"20260826183900","20260826191641","20260826191900",已到厂,"1",G3MMZJML,A2MMZJM1,已匹配,焦化厂
LGXS26070756,"450018597000010",G3MMZJML,"2700",广西柳钢国际贸易有限公司,铁山港,马尔凯洛,焦化厂,"1841181",70.000,"20260826183900","20260826191641","20260826191900",已到厂,"1",G3MMZJML,A2MMZJM1,已匹配,焦化厂
LGXS26070756,"450018597000010",G3MMZJML,"2700",广西柳钢国际贸易有限公司,铁山港,马尔凯洛,焦化厂,"1788828",70.000,"20260826183900","20260826191641","20260826191900",已到厂,"1",G3MMZJML,A2MMZJM1,已匹配,焦化厂
LGXS26070756,"450018597000010",G3MMZJML,"2700",广西柳钢国际贸易有限公司,铁山港,马尔凯洛,焦化厂,"1769736",70.000,"20260826183900","20260826191641","20260826191900",已到厂,"1",G3MMZJML,A2MMZJM1,已匹配,焦化厂
LGXS26070756,"450018597000010",G3MMZJML,"2700",广西柳钢国际贸易有限公司,铁山港,马尔凯洛,焦化厂,"1598830",70.000,"20260826183900","20260826191641","20260826191900",已到厂,"1",G3MMZJML,A2MMZJM1,已匹配,焦化厂
LGXS26070756,"450018597000010",G3MMZJML,"2700",广西柳钢国际贸易有限公司,铁山港,马尔凯洛,焦化厂,"1509681",70.000,"20260826183900","20260826191641","20260826191900",已到厂,"1",G3MMZJML,A2MMZJM1,已匹配,焦化厂
LGXS26070756,"450018597000010",G3MMZJML,"2700",广西柳钢国际贸易有限公司,铁山港,马尔凯洛,焦化厂,"1684303",70.000,"20260826183900","20260826191641","20260826191900",已到厂,"1",G3MMZJML,A2MMZJM1,已匹配,焦化厂
LGXS26070756,"450018597000010",G3MMZJML,"2700",广西柳钢国际贸易有限公司,铁山港,马尔凯洛,焦化厂,"4850229",63.000,"20260826183900","20260826191641","20260826191900",已到厂,"1",G3MMZJML,A2MMZJM1,已匹配,焦化厂
LGXS26070756,"450018597000010",G3MMZJML,"2700",广西柳钢国际贸易有限公司,铁山港,马尔凯洛,焦化厂,"1572032",70.000,"20260826183900","20260826191641","20260826191900",已到厂,"1",G3MMZJML,A2MMZJM1,已匹配,焦化厂
LGXS26070756,"450018597000010",G3MMZJML,"2700",广西柳钢国际贸易有限公司,铁山港,马尔凯洛,焦化厂,"4874113",62.000,"20260826183900","20260826191641","20260826191900",已到厂,"1",G3MMZJML,A2MMZJM1,已匹配,焦化厂
LGXS26070756,"450018597000010",G3MMZJML,"2700",广西柳钢国际贸易有限公司,铁山港,马尔凯洛,焦化厂,"1609514",70.000,"20260826183900","20260826191641","20260826191900",已到厂,"1",G3MMZJML,A2MMZJM1,已匹配,焦化厂
LGXS26070756,"450018597000010",G3MMZJML,"2700",广西柳钢国际贸易有限公司,铁山港,马尔凯洛,焦化厂,"1851805",70.000,"20260826183900","20260826191641","20260826191900",已到厂,"1",G3MMZJML,A2MMZJM1,已匹配,焦化厂
LGXS26070756,"450018597000010",G3MMZJML,"2700",广西柳钢国际贸易有限公司,铁山港,马尔凯洛,焦化厂,"1679690",70.000,"20260826183900","20260826191641","20260826191900",已到厂,"1",G3MMZJML,A2MMZJM1,已匹配,焦化厂
LGXS26070756,"450018597000010",G3MMZJML,"2700",广西柳钢国际贸易有限公司,铁山港,马尔凯洛,焦化厂,"1653170",70.000,"20260826183900","20260826191641","20260826191900",已到厂,"1",G3MMZJML,A2MMZJM1,已匹配,焦化厂
LGXS26070756,"450018597000010",G3MMZJML,"2700",广西柳钢国际贸易有限公司,铁山港,马尔凯洛,焦化厂,"1718125",70.000,"20260826183900","20260826191641","20260826191900",已到厂,"1",G3MMZJML,A2MMZJM1,已匹配,焦化厂
LGXS26070756,"450018597000010",G3MMZJML,"2700",广西柳钢国际贸易有限公司,铁山港,马尔凯洛,焦化厂,"1749600",70.000,"20260826183900","20260826191641","20260826191900",已到厂,"1",G3MMZJML,A2MMZJM1,已匹配,焦化厂
LGXS26070756,"450018597000010",G3MMZJML,"2700",广西柳钢国际贸易有限公司,铁山港,马尔凯洛,焦化厂,"1555140",70.000,"20260826183900","20260826191641","20260826191900",已到厂,"1",G3MMZJML,A2MMZJM1,已匹配,焦化厂
LGXS26070756,"450018597000010",G3MMZJML,"2700",广西柳钢国际贸易有限公司,铁山港,马尔凯洛,焦化厂,"1605379",70.000,"20260826183900","20260826191641","20260826191900",已到厂,"1",G3MMZJML,A2MMZJM1,已匹配,焦化厂
LGXS26070756,"450018597000010",G3MMZJML,"2700",广西柳钢国际贸易有限公司,铁山港,马尔凯洛,焦化厂,"4967137",61.000,"20260826183900","20260826191641","20260826191900",已到厂,"1",G3MMZJML,A2MMZJM1,已匹配,焦化厂
LGXS26070756,"450018597000010",G3MMZJML,"2700",广西柳钢国际贸易有限公司,铁山港,马尔凯洛,焦化厂,"1642419",70.000,"20260826183900","20260826191641","20260826191900",已到厂,"1",G3MMZJML,A2MMZJM1,已匹配,焦化厂
LGXS26070756,"450018597000010",G3MMZJML,"2700",广西柳钢国际贸易有限公司,铁山港,马尔凯洛,焦化厂,"4961946",62.000,"20260826183900","20260826191641","20260826191900",已到厂,"1",G3MMZJML,A2MMZJM1,已匹配,焦化厂
LGXS26070756,"450018597000010",G3MMZJML,"2700",广西柳钢国际贸易有限公司,铁山港,马尔凯洛,焦化厂,"4912930",61.000,"20260826183900","20260826191641","20260826191900",已到厂,"1",G3MMZJML,A2MMZJM1,已匹配,焦化厂
LGXS26070756,"450018597000010",G3MMZJML,"2700",广西柳钢国际贸易有限公司,铁山港,马尔凯洛,焦化厂,"1766442",70.000,"20260826183900","20260826191641","20260826191900",已到厂,"1",G3MMZJML,A2MMZJM1,已匹配,焦化厂
LGXS26070756,"450018597000010",G3MMZJML,"2700",广西柳钢国际贸易有限公司,铁山港,马尔凯洛,焦化厂,"1769024",70.000,"20260826183900","20260826191641","20260826191900",已到厂,"1",G3MMZJML,A2MMZJM1,已匹配,焦化厂
LGXS26070756,"450018597000010",G3MMZJML,"2700",广西柳钢国际贸易有限公司,铁山港,马尔凯洛,焦化厂,"1709443",70.000,"20260826183900","20260826191641","20260826191900",已到厂,"1",G3MMZJML,A2MMZJM1,已匹配,焦化厂
LGXS26070756,"450018597000010",G3MMZJML,"2700",广西柳钢国际贸易有限公司,铁山港,马尔凯洛,焦化厂,"1725388",70.000,"20260826183900","20260826191641","20260826191900",已到厂,"1",G3MMZJML,A2MMZJM1,已匹配,焦化厂
LGXS26070756,"450018597000010",G3MMZJML,"2700",广西柳钢国际贸易有限公司,铁山港,马尔凯洛,焦化厂,"1812018",70.000,"20260826183900","20260826191641","20260826191900",已到厂,"1",G3MMZJML,A2MMZJM1,已匹配,焦化厂
LGXS26070756,"450018597000010",G3MMZJML,"2700",广西柳钢国际贸易有限公司,铁山港,马尔凯洛,焦化厂,"4942675",62.000,"20260826183900","20260826191641","20260826191900",已到厂,"1",G3MMZJML,A2MMZJM1,已匹配,焦化厂
LGXS26070756,"450018597000010",G3MMZJML,"2700",广西柳钢国际贸易有限公司,铁山港,马尔凯洛,焦化厂,"1578044",70.000,"20260826183900","20260826191641","20260826191900",已到厂,"1",G3MMZJML,A2MMZJM1,已匹配,焦化厂
LGXS26070756,"450018597000010",G3MMZJML,"2700",广西柳钢国际贸易有限公司,铁山港,马尔凯洛,焦化厂,"1514770",70.000,"20260826183900","20260826191641","20260826191900",已到厂,"1",G3MMZJML,A2MMZJM1,已匹配,焦化厂
LGXS26070756,"450018597000010",G3MMZJML,"2700",广西柳钢国际贸易有限公司,铁山港,马尔凯洛,焦化厂,"1807549",70.000,"20260826183900","20260826191641","20260826191900",已到厂,"1",G3MMZJML,A2MMZJM1,已匹配,焦化厂
LGXS26070756,"450018597000010",G3MMZJML,"2700",广西柳钢国际贸易有限公司,铁山港,马尔凯洛,焦化厂,"1885877",70.000,"20260827000007","20260826184019","20260826183700",已到厂,"1",G3MMZJML,A2MMZJM1,已匹配,焦化厂
LGXS26070756,"450018597000010",G3MMZJML,"2700",广西柳钢国际贸易有限公司,铁山港,马尔凯洛,焦化厂,"1716781",70.000,"20260827000007","20260826184019","20260826183700",已到厂,"1",G3MMZJML,A2MMZJM1,已匹配,焦化厂
LGXS26070756,"450018597000010",G3MMZJML,"2700",广西柳钢国际贸易有限公司,铁山港,马尔凯洛,焦化厂,"1574616",70.000,"20260827000007","20260826184019","20260826183700",已到厂,"1",G3MMZJML,A2MMZJM1,已匹配,焦化厂
LGXS26070756,"450018597000010",G3MMZJML,"2700",广西柳钢国际贸易有限公司,铁山港,马尔凯洛,焦化厂,"1755654",70.000,"20260827000007","20260826184019","20260826183700",已到厂,"1",G3MMZJML,A2MMZJM1,已匹配,焦化厂
LGXS26070756,"450018597000010",G3MMZJML,"2700",广西柳钢国际贸易有限公司,铁山港,马尔凯洛,焦化厂,"1608161",70.000,"20260827000007","20260826184019","20260826183700",已到厂,"1",G3MMZJML,A2MMZJM1,已匹配,焦化厂
LGXS26070756,"450018597000010",G3MMZJML,"2700",广西柳钢国际贸易有限公司,铁山港,马尔凯洛,焦化厂,"4889066",62.000,"20260827000007","20260826184019","20260826183700",已到厂,"1",G3MMZJML,A2MMZJM1,已匹配,焦化厂
LGXS26070756,"450018597000010",G3MMZJML,"2700",广西柳钢国际贸易有限公司,铁山港,马尔凯洛,焦化厂,"1586196",70.000,"20260827000007","20260826184019","20260826183700",已到厂,"1",G3MMZJML,A2MMZJM1,已匹配,焦化厂
LGXS26070756,"450018597000010",G3MMZJML,"2700",广西柳钢国际贸易有限公司,铁山港,马尔凯洛,焦化厂,"4963794",62.000,"20260827000007","20260826184019","20260826183700",已到厂,"1",G3MMZJML,A2MMZJM1,已匹配,焦化厂
LGXS26070756,"450018597000010",G3MMZJML,"2700",广西柳钢国际贸易有限公司,铁山港,马尔凯洛,焦化厂,"1687573",70.000,"20260827000007","20260826184019","20260826183700",已到厂,"1",G3MMZJML,A2MMZJM1,已匹配,焦化厂
LGXS26070756,"450018597000010",G3MMZJML,"2700",广西柳钢国际贸易有限公司,铁山港,马尔凯洛,焦化厂,"4923194",62.000,"20260827000007","20260826184019","20260826183700",已到厂,"1",G3MMZJML,A2MMZJM1,已匹配,焦化厂
LGXS26070756,"450018597000010",G3MMZJML,"2700",广西柳钢国际贸易有限公司,铁山港,马尔凯洛,焦化厂,"1723173",70.000,"20260827000007","20260826184019","20260826183700",已到厂,"1",G3MMZJML,A2MMZJM1,已匹配,焦化厂
LGXS26070756,"450018597000010",G3MMZJML,"2700",广西柳钢国际贸易有限公司,铁山港,马尔凯洛,焦化厂,"4922004",61.000,"20260827000007","20260826184019","20260826183700",已到厂,"1",G3MMZJML,A2MMZJM1,已匹配,焦化厂
LGXS26070756,"450018597000010",G3MMZJML,"2700",广西柳钢国际贸易有限公司,铁山港,马尔凯洛,焦化厂,"1682373",70.000,"20260827000007","20260826184019","20260826183700",已到厂,"1",G3MMZJML,A2MMZJM1,已匹配,焦化厂
LGXS26070756,"450018597000010",G3MMZJML,"2700",广西柳钢国际贸易有限公司,铁山港,马尔凯洛,焦化厂,"1517861",70.000,"20260827000007","20260826184019","20260826183700",已到厂,"1",G3MMZJML,A2MMZJM1,已匹配,焦化厂
LGXS26070756,"450018597000010",G3MMZJML,"2700",广西柳钢国际贸易有限公司,铁山港,马尔凯洛,焦化厂,"1754984",70.000,"20260827000007","20260826184019","20260826183700",已到厂,"1",G3MMZJML,A2MMZJM1,已匹配,焦化厂
LGXS26070756,"450018597000010",G3MMZJML,"2700",广西柳钢国际贸易有限公司,铁山港,马尔凯洛,焦化厂,"1837342",70.000,"20260827000007","20260826184019","20260826183700",已到厂,"1",G3MMZJML,A2MMZJM1,已匹配,焦化厂
LGXS26070756,"450018597000010",G3MMZJML,"2700",广西柳钢国际贸易有限公司,铁山港,马尔凯洛,焦化厂,"4835872",62.000,"20260827000007","20260826184019","20260826183700",已到厂,"1",G3MMZJML,A2MMZJM1,已匹配,焦化厂
LGXS26070756,"450018597000010",G3MMZJML,"2700",广西柳钢国际贸易有限公司,铁山港,马尔凯洛,焦化厂,"1799195",70.000,"20260827000007","20260826184019","20260826183700",已到厂,"1",G3MMZJML,A2MMZJM1,已匹配,焦化厂
LGXS26070756,"450018597000010",G3MMZJML,"2700",广西柳钢国际贸易有限公司,铁山港,马尔凯洛,焦化厂,"1748098",70.000,"20260826100800","20260826104228","20260826104800",已到厂,"1",G3MMZJML,A2MMZJM1,已匹配,焦化厂
LGXS26070756,"450018597000010",G3MMZJML,"2700",广西柳钢国际贸易有限公司,铁山港,马尔凯洛,焦化厂,"1729015",70.000,"20260826100800","20260826104228","20260826104800",已到厂,"1",G3MMZJML,A2MMZJM1,已匹配,焦化厂
LGXS26070756,"450018597000010",G3MMZJML,"2700",广西柳钢国际贸易有限公司,铁山港,马尔凯洛,焦化厂,"1848621",70.000,"20260826100800","20260826104228","20260826104800",已到厂,"1",G3MMZJML,A2MMZJM1,已匹配,焦化厂
LGXS26070756,"450018597000010",G3MMZJML,"2700",广西柳钢国际贸易有限公司,铁山港,马尔凯洛,焦化厂,"1761305",70.000,"20260826100800","20260826104228","20260826104800",已到厂,"1",G3MMZJML,A2MMZJM1,已匹配,焦化厂
LGXS26070756,"450018597000010",G3MMZJML,"2700",广西柳钢国际贸易有限公司,铁山港,马尔凯洛,焦化厂,"4901254",61.000,"20260826100800","20260826104228","20260826104800",已到厂,"1",G3MMZJML,A2MMZJM1,已匹配,焦化厂
LGXS26070756,"450018597000010",G3MMZJML,"2700",广西柳钢国际贸易有限公司,铁山港,马尔凯洛,焦化厂,"1518936",70.000,"20260826100800","20260826104228","20260826104800",已到厂,"1",G3MMZJML,A2MMZJM1,已匹配,焦化厂
LGXS26070756,"450018597000010",G3MMZJML,"2700",广西柳钢国际贸易有限公司,铁山港,马尔凯洛,焦化厂,"1789346",70.000,"20260826100800","20260826104228","20260826104800",已到厂,"1",G3MMZJML,A2MMZJM1,已匹配,焦化厂
LGXS26070756,"450018597000010",G3MMZJML,"2700",广西柳钢国际贸易有限公司,铁山港,马尔凯洛,焦化厂,"1526311",70.000,"20260826100800","20260826104228","20260826104800",已到厂,"1",G3MMZJML,A2MMZJM1,已匹配,焦化厂
LGXS26070756,"450018597000010",G3MMZJML,"2700",广西柳钢国际贸易有限公司,铁山港,马尔凯洛,焦化厂,"4965675",62.000,"20260826100800","20260826104228","20260826104800",已到厂,"1",G3MMZJML,A2MMZJM1,已匹配,焦化厂
LGXS26070756,"450018597000010",G3MMZJML,"2700",广西柳钢国际贸易有限公司,铁山港,马尔凯洛,焦化厂,"1632394",70.000,"20260826100800","20260826104228","20260826104800",已到厂,"1",G3MMZJML,A2MMZJM1,已匹配,焦化厂
LGXS26070756,"450018597000010",G3MMZJML,"2700",广西柳钢国际贸易有限公司,铁山港,马尔凯洛,焦化厂,"1505723",70.000,"20260826100800","20260826104228","20260826104800",已到厂,"1",G3MMZJML,A2MMZJM1,已匹配,焦化厂
LGXS26070756,"450018597000010",G3MMZJML,"2700",广西柳钢国际贸易有限公司,铁山港,马尔凯洛,焦化厂,"1509262",70.000,"20260826100800","20260826104228","20260826104800",已到厂,"1",G3MMZJML,A2MMZJM1,已匹配,焦化厂
LGXS26070756,"450018597000010",G3MMZJML,"2700",广西柳钢国际贸易有限公司,铁山港,马尔凯洛,焦化厂,"1883588",70.000,"20260826100800","20260826104228","20260826104800",已到厂,"1",G3MMZJML,A2MMZJM1,已匹配,焦化厂
LGXS26070756,"450018597000010",G3MMZJML,"2700",广西柳钢国际贸易有限公司,铁山港,马尔凯洛,焦化厂,"4914299",61.000,"20260826100800","20260826104228","20260826104800",已到厂,"1",G3MMZJML,A2MMZJM1,已匹配,焦化厂
LGXS26070756,"450018597000010",G3MMZJML,"2700",广西柳钢国际贸易有限公司,铁山港,马尔凯洛,焦化厂,"1804314",70.000,"20260826100800","20260826104228","20260826104800",已到厂,"1",G3MMZJML,A2MMZJM1,已匹配,焦化厂
LGXS26070756,"450018597000010",G3MMZJML,"2700",广西柳钢国际贸易有限公司,铁山港,马尔凯洛,焦化厂,"1563164",70.000,"20260826100800","20260826104228","20260826104800",已到厂,"1",G3MMZJML,A2MMZJM1,已匹配,焦化厂
LGXS26070756,"450018597000010",G3MMZJML,"2700",广西柳钢国际贸易有限公司,铁山港,马尔凯洛,焦化厂,"1668012",70.000,"20260826100800","20260826104228","20260826104800",已到厂,"1",G3MMZJML,A2MMZJM1,已匹配,焦化厂
LGXS26070756,"450018597000010",G3MMZJML,"2700",广西柳钢国际贸易有限公司,铁山港,马尔凯洛,焦化厂,"1634317",70.000,"20260826100800","20260826104228","20260826104800",已到厂,"1",G3MMZJML,A2MMZJM1,已匹配,焦化厂
LGXS26070756,"450018597000010",G3MMZJML,"2700",广西柳钢国际贸易有限公司,铁山港,马尔凯洛,焦化厂,"4951569",61.000,"20260826100800","20260826104228","20260826104800",已到厂,"1",G3MMZJML,A2MMZJM1,已匹配,焦化厂
LGXS26070756,"450018597000010",G3MMZJML,"2700",广西柳钢国际贸易有限公司,铁山港,马尔凯洛,焦化厂,"4940833",61.000,"20260826100800","20260826104228","20260826104800",已到厂,"1",G3MMZJML,A2MMZJM1,已匹配,焦化厂
LGXS26070756,"450018597000010",G3MMZJML,"2700",广西柳钢国际贸易有限公司,铁山港,马尔凯洛,焦化厂,"1726194",70.000,"20260826100800","20260826104228","20260826104800",已到厂,"1",G3MMZJML,A2MMZJM1,已匹配,焦化厂
LGXS26070756,"450018597000010",G3MMZJML,"2700",广西柳钢国际贸易有限公司,铁山港,马尔凯洛,焦化厂,"1863907",70.000,"20260826100800","20260826104228","20260826104800",已到厂,"1",G3MMZJML,A2MMZJM1,已匹配,焦化厂
LGXS26070756,"450018597000010",G3MMZJML,"2700",广西柳钢国际贸易有限公司,铁山港,马尔凯洛,焦化厂,"4932937",61.000,"20260826100800","20260826104228","20260826104800",已到厂,"1",G3MMZJML,A2MMZJM1,已匹配,焦化厂
LGXS26070756,"450018597000010",G3MMZJML,"2700",广西柳钢国际贸易有限公司,铁山港,马尔凯洛,焦化厂,"1520605",70.000,"20260826100800","20260826104228","20260826104800",已到厂,"1",G3MMZJML,A2MMZJM1,已匹配,焦化厂
LGXS26070756,"450018597000010",G3MMZJML,"2700",广西柳钢国际贸易有限公司,铁山港,马尔凯洛,焦化厂,"1856435",70.000,"20260826100800","20260826104228","20260826104800",已到厂,"1",G3MMZJML,A2MMZJM1,已匹配,焦化厂
LGXS26070756,"450018597000010",G3MMZJML,"2700",广西柳钢国际贸易有限公司,铁山港,马尔凯洛,焦化厂,"1627066",70.000,"20260826100800","20260826104228","20260826104800",已到厂,"1",G3MMZJML,A2MMZJM1,已匹配,焦化厂
LGXS26070756,"450018597000010",G3MMZJML,"2700",广西柳钢国际贸易有限公司,铁山港,马尔凯洛,焦化厂,"4919501",62.000,"20260826100800","20260826104228","20260826104800",已到厂,"1",G3MMZJML,A2MMZJM1,已匹配,焦化厂
LGXS26070756,"450018597000010",G3MMZJML,"2700",广西柳钢国际贸易有限公司,铁山港,马尔凯洛,焦化厂,"1740029",70.000,"20260826100800","20260826104228","20260826104800",已到厂,"1",G3MMZJML,A2MMZJM1,已匹配,焦化厂
LGXS26070756,"450018597000010",G3MMZJML,"2700",广西柳钢国际贸易有限公司,铁山港,马尔凯洛,焦化厂,"1813726",70.000,"20260826100800","20260826104228","20260826104800",已到厂,"1",G3MMZJML,A2MMZJM1,已匹配,焦化厂
LGXS26070756,"450018597000010",G3MMZJML,"2700",广西柳钢国际贸易有限公司,铁山港,马尔凯洛,焦化厂,"4926458",61.000,"20260826100800","20260826104228","20260826104800",已到厂,"1",G3MMZJML,A2MMZJM1,已匹配,焦化厂
LGXS26070756,"450018597000010",G3MMZJML,"2700",广西柳钢国际贸易有限公司,铁山港,马尔凯洛,焦化厂,"1637964",70.000,"20260826100800","20260826104228","20260826104800",已到厂,"1",G3MMZJML,A2MMZJM1,已匹配,焦化厂
LGXS26070756,"450018597000010",G3MMZJML,"2700",广西柳钢国际贸易有限公司,铁山港,马尔凯洛,焦化厂,"1665219",70.000,"20260826100800","20260826104228","20260826104800",已到厂,"1",G3MMZJML,A2MMZJM1,已匹配,焦化厂
LGXS26070756,"450018597000010",G3MMZJML,"2700",广西柳钢国际贸易有限公司,铁山港,马尔凯洛,焦化厂,"1782939",70.000,"20260826100800","20260826104228","20260826104800",已到厂,"1",G3MMZJML,A2MMZJM1,已匹配,焦化厂
LGXS26070756,"450018597000010",G3MMZJML,"2700",广西柳钢国际贸易有限公司,铁山港,马尔凯洛,焦化厂,"1632914",70.000,"20260826063400","20260826065915","20260826071400",已到厂,"1",G3MMZJML,A2MMZJM1,已匹配,焦化厂
LGXS26070756,"450018597000010",G3MMZJML,"2700",广西柳钢国际贸易有限公司,铁山港,马尔凯洛,焦化厂,"1698210",70.000,"20260826063400","20260826065915","20260826071400",已到厂,"1",G3MMZJML,A2MMZJM1,已匹配,焦化厂
LGXS26070756,"450018597000010",G3MMZJML,"2700",广西柳钢国际贸易有限公司,铁山港,马尔凯洛,焦化厂,"4917429",61.000,"20260826063400","20260826065915","20260826071400",已到厂,"1",G3MMZJML,A2MMZJM1,已匹配,焦化厂
LGXS26070756,"450018597000010",G3MMZJML,"2700",广西柳钢国际贸易有限公司,铁山港,马尔凯洛,焦化厂,"1830545",70.000,"20260826063400","20260826065915","20260826071400",已到厂,"1",G3MMZJML,A2MMZJM1,已匹配,焦化厂
LGXS26070756,"450018597000010",G3MMZJML,"2700",广西柳钢国际贸易有限公司,铁山港,马尔凯洛,焦化厂,"1553964",70.000,"20260826063400","20260826065915","20260826071400",已到厂,"1",G3MMZJML,A2MMZJM1,已匹配,焦化厂
LGXS26070756,"450018597000010",G3MMZJML,"2700",广西柳钢国际贸易有限公司,铁山港,马尔凯洛,焦化厂,"1883690",70.000,"20260826063400","20260826065915","20260826071400",已到厂,"1",G3MMZJML,A2MMZJM1,已匹配,焦化厂
LGXS26070756,"450018597000010",G3MMZJML,"2700",广西柳钢国际贸易有限公司,铁山港,马尔凯洛,焦化厂,"1647379",70.000,"20260826063400","20260826065915","20260826071400",已到厂,"1",G3MMZJML,A2MMZJM1,已匹配,焦化厂
LGXS26070756,"450018597000010",G3MMZJML,"2700",广西柳钢国际贸易有限公司,铁山港,马尔凯洛,焦化厂,"4955102",62.000,"20260826063400","20260826065915","20260826071400",已到厂,"1",G3MMZJML,A2MMZJM1,已匹配,焦化厂
LGXS26070756,"450018597000010",G3MMZJML,"2700",广西柳钢国际贸易有限公司,铁山港,马尔凯洛,焦化厂,"1704515",70.000,"20260826063400","20260826065915","20260826071400",已到厂,"1",G3MMZJML,A2MMZJM1,已匹配,焦化厂
LGXS26070756,"450018597000010",G3MMZJML,"2700",广西柳钢国际贸易有限公司,铁山港,马尔凯洛,焦化厂,"1666270",70.000,"20260826063400","20260826065915","20260826071400",已到厂,"1",G3MMZJML,A2MMZJM1,已匹配,焦化厂
LGXS26070756,"450018597000010",G3MMZJML,"2700",广西柳钢国际贸易有限公司,铁山港,马尔凯洛,焦化厂,"4925991",62.000,"20260826063400","20260826065915","20260826071400",已到厂,"1",G3MMZJML,A2MMZJM1,已匹配,焦化厂
LGXS26070756,"450018597000010",G3MMZJML,"2700",广西柳钢国际贸易有限公司,铁山港,马尔凯洛,焦化厂,"1696080",70.000,"20260826063400","20260826065915","20260826071400",已到厂,"1",G3MMZJML,A2MMZJM1,已匹配,焦化厂
LGXS26070756,"450018597000010",G3MMZJML,"2700",广西柳钢国际贸易有限公司,铁山港,马尔凯洛,焦化厂,"1651105",70.000,"20260826063400","20260826065915","20260826071400",已到厂,"1",G3MMZJML,A2MMZJM1,已匹配,焦化厂
LGXS26070756,"450018597000010",G3MMZJML,"2700",广西柳钢国际贸易有限公司,铁山港,马尔凯洛,焦化厂,"1657835",70.000,"20260826063400","20260826065915","20260826071400",已到厂,"1",G3MMZJML,A2MMZJM1,已匹配,焦化厂
LGXS26070756,"450018597000010",G3MMZJML,"2700",广西柳钢国际贸易有限公司,铁山港,马尔凯洛,焦化厂,"1630772",70.000,"20260826063400","20260826065915","20260826071400",已到厂,"1",G3MMZJML,A2MMZJM1,已匹配,焦化厂
LGXS26070756,"450018597000010",G3MMZJML,"2700",广西柳钢国际贸易有限公司,铁山港,马尔凯洛,焦化厂,"4952188",61.000,"20260826063400","20260826065915","20260826071400",已到厂,"1",G3MMZJML,A2MMZJM1,已匹配,焦化厂
LGXS26070756,"450018597000010",G3MMZJML,"2700",广西柳钢国际贸易有限公司,铁山港,马尔凯洛,焦化厂,"1659526",70.000,"20260826063400","20260826065915","20260826071400",已到厂,"1",G3MMZJML,A2MMZJM1,已匹配,焦化厂
LGXS26070756,"450018597000010",G3MMZJML,"2700",广西柳钢国际贸易有限公司,铁山港,马尔凯洛,焦化厂,"1553205",70.000,"20260826063400","20260826065915","20260826071400",已到厂,"1",G3MMZJML,A2MMZJM1,已匹配,焦化厂
LGXS26070756,"450018597000010",G3MMZJML,"2700",广西柳钢国际贸易有限公司,铁山港,马尔凯洛,焦化厂,"4949402",62.000,"20260826000001","20260826001629","20260826031100",已到厂,"1",G3MMZJML,A2MMZJM1,已匹配,焦化厂
LGXS26070756,"450018597000010",G3MMZJML,"2700",广西柳钢国际贸易有限公司,铁山港,马尔凯洛,焦化厂,"1634077",70.000,"20260826000001","20260826001629","20260826031100",已到厂,"1",G3MMZJML,A2MMZJM1,已匹配,焦化厂
LGXS26070756,"450018597000010",G3MMZJML,"2700",广西柳钢国际贸易有限公司,铁山港,马尔凯洛,焦化厂,"4876771",62.000,"20260826000001","20260826001629","20260826031100",已到厂,"1",G3MMZJML,A2MMZJM1,已匹配,焦化厂
LGXS26070756,"450018597000010",G3MMZJML,"2700",广西柳钢国际贸易有限公司,铁山港,马尔凯洛,焦化厂,"1763176",70.000,"20260826000001","20260826001629","20260826031100",已到厂,"1",G3MMZJML,A2MMZJM1,已匹配,焦化厂
LGXS26070756,"450018597000010",G3MMZJML,"2700",广西柳钢国际贸易有限公司,铁山港,马尔凯洛,焦化厂,"1594011",70.000,"20260826000001","20260826001629","20260826031100",已到厂,"1",G3MMZJML,A2MMZJM1,已匹配,焦化厂
LGXS26070756,"450018597000010",G3MMZJML,"2700",广西柳钢国际贸易有限公司,铁山港,马尔凯洛,焦化厂,"1594681",70.000,"20260826000001","20260826001629","20260826031100",已到厂,"1",G3MMZJML,A2MMZJM1,已匹配,焦化厂
LGXS26070756,"450018597000010",G3MMZJML,"2700",广西柳钢国际贸易有限公司,铁山港,马尔凯洛,焦化厂,"1592664",70.000,"20260826000001","20260826001629","20260826031100",已到厂,"1",G3MMZJML,A2MMZJM1,已匹配,焦化厂
LGXS26070756,"450018597000010",G3MMZJML,"2700",广西柳钢国际贸易有限公司,铁山港,马尔凯洛,焦化厂,"1880769",70.000,"20260826000001","20260826001629","20260826031100",已到厂,"1",G3MMZJML,A2MMZJM1,已匹配,焦化厂
LGXS26070756,"450018597000010",G3MMZJML,"2700",广西柳钢国际贸易有限公司,铁山港,马尔凯洛,焦化厂,"1693105",70.000,"20260826000001","20260826001629","20260826031100",已到厂,"1",G3MMZJML,A2MMZJM1,已匹配,焦化厂
LGXS26070756,"450018597000010",G3MMZJML,"2700",广西柳钢国际贸易有限公司,铁山港,马尔凯洛,焦化厂,"4880882",63.000,"20260826000001","20260826001629","20260826031100",已到厂,"1",G3MMZJML,A2MMZJM1,已匹配,焦化厂
LGXS26070756,"450018597000010",G3MMZJML,"2700",广西柳钢国际贸易有限公司,铁山港,马尔凯洛,焦化厂,"4924598",62.000,"20260826000001","20260826001629","20260826031100",已到厂,"1",G3MMZJML,A2MMZJM1,已匹配,焦化厂
LGXS26070756,"450018597000010",G3MMZJML,"2700",广西柳钢国际贸易有限公司,铁山港,马尔凯洛,焦化厂,"1709242",70.000,"20260826000001","20260826001629","20260826031100",已到厂,"1",G3MMZJML,A2MMZJM1,已匹配,焦化厂
