"单位","品名","品名编码","船名","发站","状态","进厂时间","物料描述","料场","净重","委托单位","化验项目","化验值"
广西钢铁集团有限公司,主焦煤|1级|进口|加拿大|普瑞,G3MMZJML,马尔凯洛,铁山港,"4","2026-09-10 00:02:30",,,6745670.0,采购中心,水分,"9.7"
贵州盘江精煤股份有限公司,"1/3焦煤|1级|国内",G3MMSY1,,柏果,"4","2026-09-09 04:57:09",,"4M",613530.0,采购中心,Ad,"10.31"
贵州盘江精煤股份有限公司,"1/3焦煤|1级|国内",G3MMSY1,,柏果,"4","2026-09-09 04:57:09",,"4M",613530.0,采购中心,FCad,"62.54"
贵州盘江精煤股份有限公司,"1/3焦煤|1级|国内",G3MMSY1,,柏果,"4","2026-09-09 04:57:09",,"4M",613530.0,采购中心,Mad,"0.99"
贵州盘江精煤股份有限公司,"1/3焦煤|1级|国内",G3MMSY1,,柏果,"4","2026-09-09 04:57:09",,"4M",613530.0,采购中心,St.d,"0.25"
贵州盘江精煤股份有限公司,"1/3焦煤|1级|国内",G3MMSY1,,柏果,"4","2026-09-09 04:57:09",,"4M",613530.0,采购中心,Vdaf,"29.56"
贵州盘江精煤股份有限公司,"1/3焦煤|1级|国内",G3MMSY1,,柏果,"4","2026-09-09 04:57:09",,"4M",613530.0,采购中心,水分,"11.0"
贵州盘江精煤股份有限公司,"1/3焦煤|1级|国内",G3MMSY1,,柏果,"4","2026-09-09 03:56:55",,"1M",338940.0,采购中心,Ad,"10.26"
贵州盘江精煤股份有限公司,"1/3焦煤|1级|国内",G3MMSY1,,柏果,"4","2026-09-09 03:56:55",,"1M",338940.0,采购中心,FCad,"62.01"
贵州盘江精煤股份有限公司,"1/3焦煤|1级|国内",G3MMSY1,,柏果,"4","2026-09-09 03:56:55",,"1M",338940.0,采购中心,Mad,"0.72"
贵州盘江精煤股份有限公司,"1/3焦煤|1级|国内",G3MMSY1,,柏果,"4","2026-09-09 03:56:55",,"1M",338940.0,采购中心,St.d,"0.25"
贵州盘江精煤股份有限公司,"1/3焦煤|1级|国内",G3MMSY1,,柏果,"4","2026-09-09 03:56:55",,"1M",338940.0,采购中心,Vdaf,"30.40"
贵州盘江精煤股份有限公司,"1/3焦煤|1级|国内",G3MMSY1,,柏果,"4","2026-09-09 03:56:55",,"1M",338940.0,采购中心,水分,"11.6"
石嘴山市惠农区永鑫工贸有限公司,肥煤|国内,G3MMFF1,,惠农,"4","2026-09-09 03:29:39",,A2,579430.0,采购中心,Ad,"10.85"
石嘴山市惠农区永鑫工贸有限公司,肥煤|国内,G3MMFF1,,惠农,"4","2026-09-09 03:29:39",,A2,579430.0,采购中心,FCad,"62.34"
石嘴山市惠农区永鑫工贸有限公司,肥煤|国内,G3MMFF1,,惠农,"4","2026-09-09 03:29:39",,A2,579430.0,采购中心,Mad,"0.97"
石嘴山市惠农区永鑫工贸有限公司,肥煤|国内,G3MMFF1,,惠农,"4","2026-09-09 03:29:39",,A2,579430.0,采购中心,St.d,"1.84"
石嘴山市惠农区永鑫工贸有限公司,肥煤|国内,G3MMFF1,,惠农,"4","2026-09-09 03:29:39",,A2,579430.0,采购中心,Vdaf,"29.39"
石嘴山市惠农区永鑫工贸有限公司,肥煤|国内,G3MMFF1,,惠农,"4","2026-09-09 03:29:39",,A2,579430.0,采购中心,水分,"9.3"
西部红果煤炭交易有限公司,主焦煤|1级|国内,G3MMZJ1,,威箐,"4","2026-09-09 03:17:41",,"4M",552810.0,采购中心,Ad,"10.48"
西部红果煤炭交易有限公司,主焦煤|1级|国内,G3MMZJ1,,威箐,"4","2026-09-09 03:17:41",,"4M",552810.0,采购中心,FCad,"64.36"
西部红果煤炭交易有限公司,主焦煤|1级|国内,G3MMZJ1,,威箐,"4","2026-09-09 03:17:41",,"4M",552810.0,采购中心,Mad,"1.68"
西部红果煤炭交易有限公司,主焦煤|1级|国内,G3MMZJ1,,威箐,"4","2026-09-09 03:17:41",,"4M",552810.0,采购中心,St.d,"0.41"
西部红果煤炭交易有限公司,主焦煤|1级|国内,G3MMZJ1,,威箐,"4","2026-09-09 03:17:41",,"4M",552810.0,采购中心,Vdaf,"26.88"
西部红果煤炭交易有限公司,主焦煤|1级|国内,G3MMZJ1,,威箐,"4","2026-09-09 03:17:41",,"4M",552810.0,采购中心,水分,"18.0"
石嘴山市惠农区永鑫工贸有限公司,肥煤|国内,G3MMFF1,,惠农,"4","2026-09-09 02:51:47",,A2,680140.0,采购中心,Ad,"10.89"
石嘴山市惠农区永鑫工贸有限公司,肥煤|国内,G3MMFF1,,惠农,"4","2026-09-09 02:51:47",,A2,680140.0,采购中心,FCad,"62.06"
石嘴山市惠农区永鑫工贸有限公司,肥煤|国内,G3MMFF1,,惠农,"4","2026-09-09 02:51:47",,A2,680140.0,采购中心,Mad,"0.95"
石嘴山市惠农区永鑫工贸有限公司,肥煤|国内,G3MMFF1,,惠农,"4","2026-09-09 02:51:47",,A2,680140.0,采购中心,St.d,"1.92"
石嘴山市惠农区永鑫工贸有限公司,肥煤|国内,G3MMFF1,,惠农,"4","2026-09-09 02:51:47",,A2,680140.0,采购中心,Vdaf,"29.68"
石嘴山市惠农区永鑫工贸有限公司,肥煤|国内,G3MMFF1,,惠农,"4","2026-09-09 02:51:47",,A2,680140.0,采购中心,水分,"9.0"
贵州盘南煤炭开发有限责任公司,瘦焦煤|1级|国内,G3MMSJ1,,小雨谷,"4","2026-09-08 22:14:12",,"5M",1006350.0,采购中心,Ad,"11.34"
贵州盘南煤炭开发有限责任公司,瘦焦煤|1级|国内,G3MMSJ1,,小雨谷,"4","2026-09-08 22:14:12",,"5M",1006350.0,采购中心,FCad,"72.67"
贵州盘南煤炭开发有限责任公司,瘦焦煤|1级|国内,G3MMSJ1,,小雨谷,"4","2026-09-08 22:14:12",,"5M",1006350.0,采购中心,Mad,"0.77"
贵州盘南煤炭开发有限责任公司,瘦焦煤|1级|国内,G3MMSJ1,,小雨谷,"4","2026-09-08 22:14:12",,"5M",1006350.0,采购中心,St.d,"0.90"
贵州盘南煤炭开发有限责任公司,瘦焦煤|1级|国内,G3MMSJ1,,小雨谷,"4","2026-09-08 22:14:12",,"5M",1006350.0,采购中心,Vdaf,"17.40"
贵州盘南煤炭开发有限责任公司,瘦焦煤|1级|国内,G3MMSJ1,,小雨谷,"4","2026-09-08 22:14:12",,"5M",1006350.0,采购中心,水分,"11.5"
西部红果煤炭交易有限公司,主焦煤|1级|国内,G3MMZJ1,,威箐,"4","2026-09-08 21:48:07",,"4M",129740.0,采购中心,Ad,"10.50"
西部红果煤炭交易有限公司,主焦煤|1级|国内,G3MMZJ1,,威箐,"4","2026-09-08 21:48:07",,"4M",129740.0,采购中心,FCad,"64.26"
西部红果煤炭交易有限公司,主焦煤|1级|国内,G3MMZJ1,,威箐,"4","2026-09-08 21:48:07",,"4M",129740.0,采购中心,Mad,"1.73"
西部红果煤炭交易有限公司,主焦煤|1级|国内,G3MMZJ1,,威箐,"4","2026-09-08 21:48:07",,"4M",129740.0,采购中心,St.d,"0.43"
西部红果煤炭交易有限公司,主焦煤|1级|国内,G3MMZJ1,,威箐,"4","2026-09-08 21:48:07",,"4M",129740.0,采购中心,Vdaf,"26.94"
西部红果煤炭交易有限公司,主焦煤|1级|国内,G3MMZJ1,,威箐,"4","2026-09-08 21:48:07",,"4M",129740.0,采购中心,水分,"16.6"
贵州盘江精煤股份有限公司,"1/3焦煤|1级|国内",G3MMSY1,,柏果,"4","2026-09-08 21:05:41",,"1M",579050.0,采购中心,Ad,"10.51"
贵州盘江精煤股份有限公司,"1/3焦煤|1级|国内",G3MMSY1,,柏果,"4","2026-09-08 21:05:41",,"1M",579050.0,采购中心,FCad,"62.11"
贵州盘江精煤股份有限公司,"1/3焦煤|1级|国内",G3MMSY1,,柏果,"4","2026-09-08 21:05:41",,"1M",579050.0,采购中心,Mad,"0.98"
贵州盘江精煤股份有限公司,"1/3焦煤|1级|国内",G3MMSY1,,柏果,"4","2026-09-08 21:05:41",,"1M",579050.0,采购中心,St.d,"0.22"
贵州盘江精煤股份有限公司,"1/3焦煤|1级|国内",G3MMSY1,,柏果,"4","2026-09-08 21:05:41",,"1M",579050.0,采购中心,Vdaf,"29.91"
贵州盘江精煤股份有限公司,"1/3焦煤|1级|国内",G3MMSY1,,柏果,"4","2026-09-08 21:05:41",,"1M",579050.0,采购中心,水分,"11.7"
广西钢铁集团有限公司,主焦煤|1级|进口|加拿大|普瑞,G3MMZJML,马尔凯洛,铁山港,"4","2026-09-08 19:59:38",,,1758130.0,采购中心,水分,"9.8"
贵州盘江精煤股份有限公司,"1/3焦煤|1级|国内",G3MMSY1,,柏果,"4","2026-09-08 18:25:32",,"1M",507120.0,采购中心,Ad,"10.59"
贵州盘江精煤股份有限公司,"1/3焦煤|1级|国内",G3MMSY1,,柏果,"4","2026-09-08 18:25:32",,"1M",507120.0,采购中心,FCad,"60.73"
贵州盘江精煤股份有限公司,"1/3焦煤|1级|国内",G3MMSY1,,柏果,"4","2026-09-08 18:25:32",,"1M",507120.0,采购中心,Mad,"0.73"
贵州盘江精煤股份有限公司,"1/3焦煤|1级|国内",G3MMSY1,,柏果,"4","2026-09-08 18:25:32",,"1M",507120.0,采购中心,St.d,"0.25"
贵州盘江精煤股份有限公司,"1/3焦煤|1级|国内",G3MMSY1,,柏果,"4","2026-09-08 18:25:32",,"1M",507120.0,采购中心,Vdaf,"31.58"
贵州盘江精煤股份有限公司,"1/3焦煤|1级|国内",G3MMSY1,,柏果,"4","2026-09-08 18:25:32",,"1M",507120.0,采购中心,水分,"11.9"
广西柳钢国际贸易有限公司,贫瘦煤|进口|E|低挥发,G3MMPS10,茉莉,云约,"4","2026-09-08 18:22:00",,,454730.0,采购中心,Ad,"9.44"
广西柳钢国际贸易有限公司,贫瘦煤|进口|E|低挥发,G3MMPS10,茉莉,云约,"4","2026-09-08 18:22:00",,,454730.0,采购中心,FCad,"78.52"
广西柳钢国际贸易有限公司,贫瘦煤|进口|E|低挥发,G3MMPS10,茉莉,云约,"4","2026-09-08 18:22:00",,,454730.0,采购中心,Mad,"2.34"
广西柳钢国际贸易有限公司,贫瘦煤|进口|E|低挥发,G3MMPS10,茉莉,云约,"4","2026-09-08 18:22:00",,,454730.0,采购中心,St.d,"0.29"
广西柳钢国际贸易有限公司,贫瘦煤|进口|E|低挥发,G3MMPS10,茉莉,云约,"4","2026-09-08 18:22:00",,,454730.0,采购中心,Vdaf,"11.22"
广西柳钢国际贸易有限公司,贫瘦煤|进口|E|低挥发,G3MMPS10,茉莉,云约,"4","2026-09-08 18:22:00",,,454730.0,采购中心,水分,"9.9"
山西焦煤能源集团股份有限公司,气煤|2级|国内,G3MMQQB,,瓦塘,"4","2026-09-08 17:10:27",,A2,3329040.0,采购中心,Ad,"10.57"
山西焦煤能源集团股份有限公司,气煤|2级|国内,G3MMQQB,,瓦塘,"4","2026-09-08 17:10:27",,A2,3329040.0,采购中心,FCad,"57.04"
山西焦煤能源集团股份有限公司,气煤|2级|国内,G3MMQQB,,瓦塘,"4","2026-09-08 17:10:27",,A2,3329040.0,采购中心,Mad,"2.00"
山西焦煤能源集团股份有限公司,气煤|2级|国内,G3MMQQB,,瓦塘,"4","2026-09-08 17:10:27",,A2,3329040.0,采购中心,St.d,"0.87"
山西焦煤能源集团股份有限公司,气煤|2级|国内,G3MMQQB,,瓦塘,"4","2026-09-08 17:10:27",,A2,3329040.0,采购中心,Vdaf,"34.92"
山西焦煤能源集团股份有限公司,气煤|2级|国内,G3MMQQB,,瓦塘,"4","2026-09-08 17:10:27",,A2,3329040.0,采购中心,水分,"6.2"
焦化厂,炼焦配合煤,A2MMJPM,,,"4","2026-09-08 16:00:27",喷吹用煤（原料）,,,采购中心,Ad,"10.25"
焦化厂,炼焦配合煤,A2MMJPM,,,"4","2026-09-08 16:00:27",喷吹用煤（原料）,,,采购中心,Ad,"9.81"
焦化厂,炼焦配合煤,A2MMJPM,,,"4","2026-09-08 16:00:27",喷吹用煤（原料）,,,采购中心,FCad,"60.94"
焦化厂,炼焦配合煤,A2MMJPM,,,"4","2026-09-08 16:00:27",喷吹用煤（原料）,,,采购中心,FCad,"73.29"
焦化厂,炼焦配合煤,A2MMJPM,,,"4","2026-09-08 16:00:27",喷吹用煤（原料）,,,采购中心,Mad,"1.31"
焦化厂,炼焦配合煤,A2MMJPM,,,"4","2026-09-08 16:00:27",喷吹用煤（原料）,,,采购中心,Mad,"0.82"
焦化厂,炼焦配合煤,A2MMJPM,,,"4","2026-09-08 16:00:27",喷吹用煤（原料）,,,采购中心,St.d,"0.41"
焦化厂,炼焦配合煤,A2MMJPM,,,"4","2026-09-08 16:00:27",喷吹用煤（原料）,,,采购中心,St.d,"2.06"
焦化厂,炼焦配合煤,A2MMJPM,,,"4","2026-09-08 16:00:27",喷吹用煤（原料）,,,采购中心,Vdaf,"17.66"
焦化厂,炼焦配合煤,A2MMJPM,,,"4","2026-09-08 16:00:27",喷吹用煤（原料）,,,采购中心,Vdaf,"31.54"
焦化厂,炼焦配合煤,A2MMJPM,,,"4","2026-09-08 16:00:27",喷吹用煤（原料）,,,采购中心,水分,"12.3"
焦化厂,炼焦配合煤,A2MMJPM,,,"4","2026-09-08 16:00:27",喷吹用煤（原料）,,,采购中心,水分,"8.5"
广西钢铁集团有限公司,主焦煤|1级|进口|加拿大|普瑞,G3MMZJML,马尔凯洛,铁山港,"4","2026-09-08 12:07:38",,,1382260.0,采购中心,水分,"9.5"
广西柳钢国际贸易有限公司,主焦煤|3级|进口|澳洲|Daunia,G3MMZJMH,吉利女神,铁山港,"4","2026-09-08 11:30:04",,,342280.0,采购中心,水分,"9.8"
广西柳钢国际贸易有限公司,主焦煤|3级|进口|澳洲|Fitzroy CD,G3MMZJMO,壮丽和谐,防城港,"4","2026-09-08 10:41:56",,"1M",3373390.0,采购中心,Ad,"8.62"
广西柳钢国际贸易有限公司,主焦煤|3级|进口|澳洲|Fitzroy CD,G3MMZJMO,壮丽和谐,防城港,"4","2026-09-08 10:41:56",,"1M",3373390.0,采购中心,FCad,"69.01"
广西柳钢国际贸易有限公司,主焦煤|3级|进口|澳洲|Fitzroy CD,G3MMZJMO,壮丽和谐,防城港,"4","2026-09-08 10:41:56",,"1M",3373390.0,采购中心,Mad,"1.29"
广西柳钢国际贸易有限公司,主焦煤|3级|进口|澳洲|Fitzroy CD,G3MMZJMO,壮丽和谐,防城港,"4","2026-09-08 10:41:56",,"1M",3373390.0,采购中心,St.d,"0.29"
广西柳钢国际贸易有限公司,主焦煤|3级|进口|澳洲|Fitzroy CD,G3MMZJMO,壮丽和谐,防城港,"4","2026-09-08 10:41:56",,"1M",3373390.0,采购中心,Vdaf,"23.49"
广西柳钢国际贸易有限公司,主焦煤|3级|进口|澳洲|Fitzroy CD,G3MMZJMO,壮丽和谐,防城港,"4","2026-09-08 10:41:56",,"1M",3373390.0,采购中心,水分,"10.5"
贵州盘江精煤股份有限公司,"1/3焦煤|1级|国内",G3MMSY1,,火铺,"4","2026-09-08 09:13:09",,"5M",315150.0,采购中心,水分,"12.1"
贵州盘江精煤股份有限公司,"1/3焦煤|1级|国内",G3MMSY1,,火铺,"4","2026-09-08 09:12:01",,A2,1016700.0,采购中心,水分,"12.5"
广西柳钢国际贸易有限公司,主焦煤|1级|进口|加拿大|瑞峰,G3MMZJC,清水河,防城港,"4","2026-09-08 09:09:34",,"5M",3178910.0,采购中心,水分,"12.8"
四川省煤炭产业集团有限责任公司营销分公司,"1/3焦煤|3级|国内",G3MMSY5,,渡市,"4","2026-09-08 09:08:35",,"1M",623350.0,采购中心,水分,"9.7"
四川省煤炭产业集团有限责任公司营销分公司,"1/3焦煤|3级|国内",G3MMSY5,,渡市,"4","2026-09-08 09:06:38",,"1M",596340.0,采购中心,水分,"8.7"
广西柳钢国际贸易有限公司,主焦煤|1级|进口|加拿大|普瑞,G3MMZJML,马尔凯洛,铁山港,"4","2026-09-08 09:05:31",,,473370.0,采购中心,水分,"9.3"
广西柳钢国际贸易有限公司,主焦煤|3级|进口|澳洲|Daunia,G3MMZJMH,吉利女神,铁山港,"4","2026-09-08 09:03:25",,,2955120.0,采购中心,水分,"11.2"
广西柳钢国际贸易有限公司,主焦煤|2级|进口|澳洲|GLV Prime,G3MMZJ8,瑞海,防城港,"4","2026-09-08 09:01:26",,,2644460.0,采购中心,水分,"9.6"
西部红果煤炭交易有限公司,主焦煤|1级|国内,G3MMZJ1,,威箐,"4","2026-09-08 09:00:00",,"4M",990720.0,采购中心,水分,"14.0"
广西柳钢国际贸易有限公司,"1/3焦煤|2级|进口|哥伦比亚",G3MMSYK,第一玛歌,防城港,"4","2026-09-08 08:58:41",,,143260.0,采购中心,水分,"9.5"
山西潞安环保能源开发股份有限公司,贫瘦煤|国内,G3MMPS1,,长治北,"4","2026-09-08 07:03:12",,A7,62520.0,采购中心,Ad,"10.56"
山西潞安环保能源开发股份有限公司,贫瘦煤|国内,G3MMPS1,,长治北,"4","2026-09-08 07:03:12",,A7,62520.0,采购中心,FCad,"77.87"
山西潞安环保能源开发股份有限公司,贫瘦煤|国内,G3MMPS1,,长治北,"4","2026-09-08 07:03:12",,A7,62520.0,采购中心,Mad,"1.08"
山西潞安环保能源开发股份有限公司,贫瘦煤|国内,G3MMPS1,,长治北,"4","2026-09-08 07:03:12",,A7,62520.0,采购中心,St.d,"0.34"
山西潞安环保能源开发股份有限公司,贫瘦煤|国内,G3MMPS1,,长治北,"4","2026-09-08 07:03:12",,A7,62520.0,采购中心,Vdaf,"11.98"
山西潞安环保能源开发股份有限公司,贫瘦煤|国内,G3MMPS1,,长治北,"4","2026-09-08 07:03:12",,A7,62520.0,采购中心,水分,"9.3"
石嘴山市惠农区永鑫工贸有限公司,肥煤|国内,G3MMFF1,,惠农,"4","2026-09-08 06:32:56",,"4M",339160.0,采购中心,Ad,"10.10"
石嘴山市惠农区永鑫工贸有限公司,肥煤|国内,G3MMFF1,,惠农,"4","2026-09-08 06:32:56",,"4M",339160.0,采购中心,FCad,"61.90"
石嘴山市惠农区永鑫工贸有限公司,肥煤|国内,G3MMFF1,,惠农,"4","2026-09-08 06:32:56",,"4M",339160.0,采购中心,Mad,"1.03"
石嘴山市惠农区永鑫工贸有限公司,肥煤|国内,G3MMFF1,,惠农,"4","2026-09-08 06:32:56",,"4M",339160.0,采购中心,St.d,"1.91"
石嘴山市惠农区永鑫工贸有限公司,肥煤|国内,G3MMFF1,,惠农,"4","2026-09-08 06:32:56",,"4M",339160.0,采购中心,Vdaf,"30.42"
石嘴山市惠农区永鑫工贸有限公司,肥煤|国内,G3MMFF1,,惠农,"4","2026-09-08 06:32:56",,"4M",339160.0,采购中心,水分,"10.1"
广西柳钢国际贸易有限公司,肥煤|国内,G3MMFF1,,宝丰,"4","2026-09-08 04:27:52",,"4M",548120.0,采购中心,Ad,"10.70"
广西柳钢国际贸易有限公司,肥煤|国内,G3MMFF1,,宝丰,"4","2026-09-08 04:27:52",,"4M",548120.0,采购中心,FCad,"62.92"
广西柳钢国际贸易有限公司,肥煤|国内,G3MMFF1,,宝丰,"4","2026-09-08 04:27:52",,"4M",548120.0,采购中心,Mad,"1.03"
广西柳钢国际贸易有限公司,肥煤|国内,G3MMFF1,,宝丰,"4","2026-09-08 04:27:52",,"4M",548120.0,采购中心,St.d,"2.06"
广西柳钢国际贸易有限公司,肥煤|国内,G3MMFF1,,宝丰,"4","2026-09-08 04:27:52",,"4M",548120.0,采购中心,Vdaf,"28.81"
广西柳钢国际贸易有限公司,肥煤|国内,G3MMFF1,,宝丰,"4","2026-09-08 04:27:52",,"4M",548120.0,采购中心,水分,"12.1"
贵州松河煤业发展有限责任公司,主焦煤|1级|国内,G3MMZJ1,,松河,"4","2026-09-08 02:41:19",,A2,748010.0,采购中心,Ad,"10.90"
贵州松河煤业发展有限责任公司,主焦煤|1级|国内,G3MMZJ1,,松河,"4","2026-09-08 02:41:19",,A2,748010.0,采购中心,FCad,"65.25"
贵州松河煤业发展有限责任公司,主焦煤|1级|国内,G3MMZJ1,,松河,"4","2026-09-08 02:41:19",,A2,748010.0,采购中心,Mad,"1.06"
贵州松河煤业发展有限责任公司,主焦煤|1级|国内,G3MMZJ1,,松河,"4","2026-09-08 02:41:19",,A2,748010.0,采购中心,St.d,"0.36"
贵州松河煤业发展有限责任公司,主焦煤|1级|国内,G3MMZJ1,,松河,"4","2026-09-08 02:41:19",,A2,748010.0,采购中心,Vdaf,"25.98"
贵州松河煤业发展有限责任公司,主焦煤|1级|国内,G3MMZJ1,,松河,"4","2026-09-08 02:41:19",,A2,748010.0,采购中心,水分,"12.2"
贵州盘江马依煤业有限公司,炼焦贫瘦煤|国内,G3MMJPS1,,瓦窑田,"4","2026-09-08 01:19:21",,"5M",327060.0,采购中心,Ad,"11.02"
贵州盘江马依煤业有限公司,炼焦贫瘦煤|国内,G3MMJPS1,,瓦窑田,"4","2026-09-08 01:19:21",,"5M",327060.0,采购中心,FCad,"75.20"
贵州盘江马依煤业有限公司,炼焦贫瘦煤|国内,G3MMJPS1,,瓦窑田,"4","2026-09-08 01:19:21",,"5M",327060.0,采购中心,Mad,"1.23"
贵州盘江马依煤业有限公司,炼焦贫瘦煤|国内,G3MMJPS1,,瓦窑田,"4","2026-09-08 01:19:21",,"5M",327060.0,采购中心,St.d,"0.78"
贵州盘江马依煤业有限公司,炼焦贫瘦煤|国内,G3MMJPS1,,瓦窑田,"4","2026-09-08 01:19:21",,"5M",327060.0,采购中心,Vdaf,"14.44"
贵州盘江马依煤业有限公司,炼焦贫瘦煤|国内,G3MMJPS1,,瓦窑田,"4","2026-09-08 01:19:21",,"5M",327060.0,采购中心,水分,"15.3"
西部红果煤炭交易有限公司,主焦煤|1级|国内,G3MMZJ1,,威箐,"4","2026-09-07 23:55:17",,"4M",246680.0,采购中心,Ad,"9.99"
西部红果煤炭交易有限公司,主焦煤|1级|国内,G3MMZJ1,,威箐,"4","2026-09-07 23:55:17",,"4M",246680.0,采购中心,FCad,"65.49"
西部红果煤炭交易有限公司,主焦煤|1级|国内,G3MMZJ1,,威箐,"4","2026-09-07 23:55:17",,"4M",246680.0,采购中心,Mad,"1.52"
西部红果煤炭交易有限公司,主焦煤|1级|国内,G3MMZJ1,,威箐,"4","2026-09-07 23:55:17",,"4M",246680.0,采购中心,St.d,"0.53"
西部红果煤炭交易有限公司,主焦煤|1级|国内,G3MMZJ1,,威箐,"4","2026-09-07 23:55:17",,"4M",246680.0,采购中心,Vdaf,"26.12"
西部红果煤炭交易有限公司,主焦煤|1级|国内,G3MMZJ1,,威箐,"4","2026-09-07 23:55:17",,"4M",246680.0,采购中心,水分,"12.7"
广西钢铁集团有限公司,烧结无烟煤|进口,G3MMSW2,卡沃卡米利,防城港,"4","2026-09-07 23:02:50",,,3295930.0,采购中心,Ad,"11.72"
广西钢铁集团有限公司,烧结无烟煤|进口,G3MMSW2,卡沃卡米利,防城港,"4","2026-09-07 23:02:50",,,3295930.0,采购中心,FCad,"79.27"
广西钢铁集团有限公司,烧结无烟煤|进口,G3MMSW2,卡沃卡米利,防城港,"4","2026-09-07 23:02:50",,,3295930.0,采购中心,Mad,"6.00"
广西钢铁集团有限公司,烧结无烟煤|进口,G3MMSW2,卡沃卡米利,防城港,"4","2026-09-07 23:02:50",,,3295930.0,采购中心,St.d,"0.26"
广西钢铁集团有限公司,烧结无烟煤|进口,G3MMSW2,卡沃卡米利,防城港,"4","2026-09-07 23:02:50",,,3295930.0,采购中心,Vdaf,"4.47"
广西钢铁集团有限公司,烧结无烟煤|进口,G3MMSW2,卡沃卡米利,防城港,"4","2026-09-07 23:02:50",,,3295930.0,采购中心,水分,"14.7"
贵州盘江精煤股份有限公司,"1/3焦煤|1级|国内",G3MMSY1,,火铺,"4","2026-09-07 20:11:26",,"5M",449940.0,采购中心,Ad,"10.21"
贵州盘江精煤股份有限公司,"1/3焦煤|1级|国内",G3MMSY1,,火铺,"4","2026-09-07 20:11:26",,"5M",449940.0,采购中心,FCad,"62.44"
贵州盘江精煤股份有限公司,"1/3焦煤|1级|国内",G3MMSY1,,火铺,"4","2026-09-07 20:11:26",,"5M",449940.0,采购中心,Mad,"1.09"
贵州盘江精煤股份有限公司,"1/3焦煤|1级|国内",G3MMSY1,,火铺,"4","2026-09-07 20:11:26",,"5M",449940.0,采购中心,St.d,"0.44"
贵州盘江精煤股份有限公司,"1/3焦煤|1级|国内",G3MMSY1,,火铺,"4","2026-09-07 20:11:26",,"5M",449940.0,采购中心,Vdaf,"29.68"
贵州盘江精煤股份有限公司,"1/3焦煤|1级|国内",G3MMSY1,,火铺,"4","2026-09-07 20:11:26",,"5M",449940.0,采购中心,水分,"13.1"
贵州盘江精煤股份有限公司,"1/3焦煤|1级|国内",G3MMSY1,,火铺,"4","2026-09-07 17:41:19",,"5M",679160.0,采购中心,Ad,"9.95"
贵州盘江精煤股份有限公司,"1/3焦煤|1级|国内",G3MMSY1,,火铺,"4","2026-09-07 17:41:19",,"5M",679160.0,采购中心,FCad,"63.19"
贵州盘江精煤股份有限公司,"1/3焦煤|1级|国内",G3MMSY1,,火铺,"4","2026-09-07 17:41:19",,"5M",679160.0,采购中心,Mad,"1.04"
贵州盘江精煤股份有限公司,"1/3焦煤|1级|国内",G3MMSY1,,火铺,"4","2026-09-07 17:41:19",,"5M",679160.0,采购中心,St.d,"0.44"
贵州盘江精煤股份有限公司,"1/3焦煤|1级|国内",G3MMSY1,,火铺,"4","2026-09-07 17:41:19",,"5M",679160.0,采购中心,Vdaf,"29.09"
贵州盘江精煤股份有限公司,"1/3焦煤|1级|国内",G3MMSY1,,火铺,"4","2026-09-07 17:41:19",,"5M",679160.0,采购中心,水分,"11.9"
贵州盘江精煤股份有限公司,"1/3焦煤|1级|国内",G3MMSY1,,火铺,"4","2026-09-07 17:37:31",,"5M",198610.0,采购中心,Ad,"10.84"
贵州盘江精煤股份有限公司,"1/3焦煤|1级|国内",G3MMSY1,,火铺,"4","2026-09-07 17:37:31",,"5M",198610.0,采购中心,FCad,"61.89"
贵州盘江精煤股份有限公司,"1/3焦煤|1级|国内",G3MMSY1,,火铺,"4","2026-09-07 17:37:31",,"5M",198610.0,采购中心,Mad,"1.08"
贵州盘江精煤股份有限公司,"1/3焦煤|1级|国内",G3MMSY1,,火铺,"4","2026-09-07 17:37:31",,"5M",198610.0,采购中心,St.d,"0.44"
贵州盘江精煤股份有限公司,"1/3焦煤|1级|国内",G3MMSY1,,火铺,"4","2026-09-07 17:37:31",,"5M",198610.0,采购中心,Vdaf,"29.83"
贵州盘江精煤股份有限公司,"1/3焦煤|1级|国内",G3MMSY1,,火铺,"4","2026-09-07 17:37:31",,"5M",198610.0,采购中心,水分,"13.7"
焦化厂,炼焦配合煤,A2MMJPM,,,"4","2026-09-07 16:54:25",喷吹用煤（原料）,,,采购中心,Ad,"9.55"
焦化厂,炼焦配合煤,A2MMJPM,,,"4","2026-09-07 16:54:25",喷吹用煤（原料）,,,采购中心,Ad,"10.44"
焦化厂,炼焦配合煤,A2MMJPM,,,"4","2026-09-07 16:54:25",喷吹用煤（原料）,,,采购中心,FCad,"58.82"
焦化厂,炼焦配合煤,A2MMJPM,,,"4","2026-09-07 16:54:25",喷吹用煤（原料）,,,采购中心,FCad,"62.23"
焦化厂,炼焦配合煤,A2MMJPM,,,"4","2026-09-07 16:54:25",喷吹用煤（原料）,,,采购中心,Mad,"1.59"
焦化厂,炼焦配合煤,A2MMJPM,,,"4","2026-09-07 16:54:25",喷吹用煤（原料）,,,采购中心,Mad,"0.96"
焦化厂,炼焦配合煤,A2MMJPM,,,"4","2026-09-07 16:54:25",喷吹用煤（原料）,,,采购中心,St.d,"0.42"
焦化厂,炼焦配合煤,A2MMJPM,,,"4","2026-09-07 16:54:25",喷吹用煤（原料）,,,采购中心,St.d,"0.48"
焦化厂,炼焦配合煤,A2MMJPM,,,"4","2026-09-07 16:54:25",喷吹用煤（原料）,,,采购中心,Vdaf,"29.84"
焦化厂,炼焦配合煤,A2MMJPM,,,"4","2026-09-07 16:54:25",喷吹用煤（原料）,,,采购中心,Vdaf,"33.91"
焦化厂,炼焦配合煤,A2MMJPM,,,"4","2026-09-07 16:54:25",喷吹用煤（原料）,,,采购中心,水分,"9.6"
焦化厂,炼焦配合煤,A2MMJPM,,,"4","2026-09-07 16:54:25",喷吹用煤（原料）,,,采购中心,水分,"13.8"
广西钢铁集团有限公司,主焦煤|1级|进口|加拿大|普瑞,G3MMZJML,马尔凯洛,铁山港,"4","2026-09-07 14:11:15",,,68140.0,采购中心,Ad,"9.75"
广西钢铁集团有限公司,主焦煤|1级|进口|加拿大|普瑞,G3MMZJML,马尔凯洛,铁山港,"4","2026-09-07 14:11:15",,,68140.0,采购中心,FCad,"65.61"
广西钢铁集团有限公司,主焦煤|1级|进口|加拿大|普瑞,G3MMZJML,马尔凯洛,铁山港,"4","2026-09-07 14:11:15",,,68140.0,采购中心,Mad,"1.27"
广西钢铁集团有限公司,主焦煤|1级|进口|加拿大|普瑞,G3MMZJML,马尔凯洛,铁山港,"4","2026-09-07 14:11:15",,,68140.0,采购中心,St.d,"0.41"
广西钢铁集团有限公司,主焦煤|1级|进口|加拿大|普瑞,G3MMZJML,马尔凯洛,铁山港,"4","2026-09-07 14:11:15",,,68140.0,采购中心,Vdaf,"26.36"
广西钢铁集团有限公司,主焦煤|1级|进口|加拿大|普瑞,G3MMZJML,马尔凯洛,铁山港,"4","2026-09-07 14:11:15",,,68140.0,采购中心,水分,"9.3"
广西柳钢国际贸易有限公司,主焦煤|3级|进口|澳大利亚,G3MMZJN,轩海16,防城港,"4","2026-09-07 12:05:17",,"4M",4055160.0,采购中心,Ad,"12.03"
广西柳钢国际贸易有限公司,主焦煤|3级|进口|澳大利亚,G3MMZJN,轩海16,防城港,"4","2026-09-07 12:05:17",,"4M",4055160.0,采购中心,FCad,"67.19"
广西柳钢国际贸易有限公司,主焦煤|3级|进口|澳大利亚,G3MMZJN,轩海16,防城港,"4","2026-09-07 12:05:17",,"4M",4055160.0,采购中心,Mad,"1.50"
广西柳钢国际贸易有限公司,主焦煤|3级|进口|澳大利亚,G3MMZJN,轩海16,防城港,"4","2026-09-07 12:05:17",,"4M",4055160.0,采购中心,St.d,"0.63"
广西柳钢国际贸易有限公司,主焦煤|3级|进口|澳大利亚,G3MMZJN,轩海16,防城港,"4","2026-09-07 12:05:17",,"4M",4055160.0,采购中心,Vdaf,"22.46"
广西柳钢国际贸易有限公司,主焦煤|3级|进口|澳大利亚,G3MMZJN,轩海16,防城港,"4","2026-09-07 12:05:17",,"4M",4055160.0,采购中心,水分,"10.2"
广西柳钢国际贸易有限公司,肥煤|国内,G3MMFF1,,宝丰,"4","2026-09-07 09:52:50",,A2,752740.0,采购中心,Ad,"10.90"
广西柳钢国际贸易有限公司,肥煤|国内,G3MMFF1,,宝丰,"4","2026-09-07 09:52:50",,A2,752740.0,采购中心,FCad,"63.13"
广西柳钢国际贸易有限公司,肥煤|国内,G3MMFF1,,宝丰,"4","2026-09-07 09:52:50",,A2,752740.0,采购中心,Mad,"1.10"
广西柳钢国际贸易有限公司,肥煤|国内,G3MMFF1,,宝丰,"4","2026-09-07 09:52:50",,A2,752740.0,采购中心,St.d,"2.28"
广西柳钢国际贸易有限公司,肥煤|国内,G3MMFF1,,宝丰,"4","2026-09-07 09:52:50",,A2,752740.0,采购中心,Vdaf,"28.36"
广西柳钢国际贸易有限公司,肥煤|国内,G3MMFF1,,宝丰,"4","2026-09-07 09:52:50",,A2,752740.0,采购中心,水分,"11.8"
广西柳钢国际贸易有限公司,肥煤|国内,G3MMFF1,,宝丰,"4","2026-09-07 09:48:13",,A2,764850.0,采购中心,Ad,"10.63"
广西柳钢国际贸易有限公司,肥煤|国内,G3MMFF1,,宝丰,"4","2026-09-07 09:48:13",,A2,764850.0,采购中心,FCad,"63.36"
广西柳钢国际贸易有限公司,肥煤|国内,G3MMFF1,,宝丰,"4","2026-09-07 09:48:13",,A2,764850.0,采购中心,Mad,"1.11"
广西柳钢国际贸易有限公司,肥煤|国内,G3MMFF1,,宝丰,"4","2026-09-07 09:48:13",,A2,764850.0,采购中心,St.d,"2.29"
广西柳钢国际贸易有限公司,肥煤|国内,G3MMFF1,,宝丰,"4","2026-09-07 09:48:13",,A2,764850.0,采购中心,Vdaf,"28.31"
广西柳钢国际贸易有限公司,肥煤|国内,G3MMFF1,,宝丰,"4","2026-09-07 09:48:13",,A2,764850.0,采购中心,水分,"12.0"
广西柳钢国际贸易有限公司,主焦煤|1级|进口|加拿大|普瑞,G3MMZJML,马尔凯洛,铁山港,"4","2026-09-07 03:43:58",,,473370.0,采购中心,水分,"9.3"
广西柳钢国际贸易有限公司,主焦煤|3级|进口|澳洲|Daunia,G3MMZJMH,吉利女神,铁山港,"4","2026-09-07 03:43:58",,,2955120.0,采购中心,水分,"11.0"
广西柳钢国际贸易有限公司,国内烧结无烟煤,G3MMSWM,,嘉峰,"4","2026-09-07 03:09:00",,,2305430.0,采购中心,Ad,"11.45"
广西柳钢国际贸易有限公司,国内烧结无烟煤,G3MMSWM,,嘉峰,"4","2026-09-07 03:09:00",,,2305430.0,采购中心,FCad,"80.44"
广西柳钢国际贸易有限公司,国内烧结无烟煤,G3MMSWM,,嘉峰,"4","2026-09-07 03:09:00",,,2305430.0,采购中心,Mad,"3.24"
广西柳钢国际贸易有限公司,国内烧结无烟煤,G3MMSWM,,嘉峰,"4","2026-09-07 03:09:00",,,2305430.0,采购中心,St.d,"0.34"
广西柳钢国际贸易有限公司,国内烧结无烟煤,G3MMSWM,,嘉峰,"4","2026-09-07 03:09:00",,,2305430.0,采购中心,Vdaf,"6.10"
广西柳钢国际贸易有限公司,国内烧结无烟煤,G3MMSWM,,嘉峰,"4","2026-09-07 03:09:00",,,2305430.0,采购中心,水分,"6.7"
贵州盘江精煤股份有限公司,炼焦贫瘦煤|国内,G3MMJPS1,,红果,"4","2026-09-07 01:59:37",,"5M",143670.0,采购中心,Ad,"10.93"
贵州盘江精煤股份有限公司,炼焦贫瘦煤|国内,G3MMJPS1,,红果,"4","2026-09-07 01:59:37",,"5M",143670.0,采购中心,FCad,"76.62"
贵州盘江精煤股份有限公司,炼焦贫瘦煤|国内,G3MMJPS1,,红果,"4","2026-09-07 01:59:37",,"5M",143670.0,采购中心,Mad,"1.39"
贵州盘江精煤股份有限公司,炼焦贫瘦煤|国内,G3MMJPS1,,红果,"4","2026-09-07 01:59:37",,"5M",143670.0,采购中心,St.d,"0.87"
贵州盘江精煤股份有限公司,炼焦贫瘦煤|国内,G3MMJPS1,,红果,"4","2026-09-07 01:59:37",,"5M",143670.0,采购中心,Vdaf,"12.76"
贵州盘江精煤股份有限公司,炼焦贫瘦煤|国内,G3MMJPS1,,红果,"4","2026-09-07 01:59:37",,"5M",143670.0,采购中心,水分,"13.2"
广西柳钢国际贸易有限公司,瘦焦煤|2级|进口|澳大利亚|半山,G3MMSJ5,牵牛星,防城港,"4","2026-09-07 01:16:52",,"1M",2640030.0,采购中心,Ad,"10.60"
广西柳钢国际贸易有限公司,瘦焦煤|2级|进口|澳大利亚|半山,G3MMSJ5,牵牛星,防城港,"4","2026-09-07 01:16:52",,"1M",2640030.0,采购中心,FCad,"70.28"
广西柳钢国际贸易有限公司,瘦焦煤|2级|进口|澳大利亚|半山,G3MMSJ5,牵牛星,防城港,"4","2026-09-07 01:16:52",,"1M",2640030.0,采购中心,Mad,"1.58"
广西柳钢国际贸易有限公司,瘦焦煤|2级|进口|澳大利亚|半山,G3MMSJ5,牵牛星,防城港,"4","2026-09-07 01:16:52",,"1M",2640030.0,采购中心,St.d,"0.38"
广西柳钢国际贸易有限公司,瘦焦煤|2级|进口|澳大利亚|半山,G3MMSJ5,牵牛星,防城港,"4","2026-09-07 01:16:52",,"1M",2640030.0,采购中心,Vdaf,"20.13"
广西柳钢国际贸易有限公司,瘦焦煤|2级|进口|澳大利亚|半山,G3MMSJ5,牵牛星,防城港,"4","2026-09-07 01:16:52",,"1M",2640030.0,采购中心,水分,"12.4"
广西柳钢国际贸易有限公司,国内烧结无烟煤,G3MMSWM,,嘉峰,"4","2026-09-06 20:43:37",,,690680.0,采购中心,Ad,"13.29"
广西柳钢国际贸易有限公司,国内烧结无烟煤,G3MMSWM,,嘉峰,"4","2026-09-06 20:43:37",,,690680.0,采购中心,FCad,"78.50"
广西柳钢国际贸易有限公司,国内烧结无烟煤,G3MMSWM,,嘉峰,"4","2026-09-06 20:43:37",,,690680.0,采购中心,Mad,"3.29"
广西柳钢国际贸易有限公司,国内烧结无烟煤,G3MMSWM,,嘉峰,"4","2026-09-06 20:43:37",,,690680.0,采购中心,St.d,"0.33"
广西柳钢国际贸易有限公司,国内烧结无烟煤,G3MMSWM,,嘉峰,"4","2026-09-06 20:43:37",,,690680.0,采购中心,Vdaf,"6.39"
广西柳钢国际贸易有限公司,国内烧结无烟煤,G3MMSWM,,嘉峰,"4","2026-09-06 20:43:37",,,690680.0,采购中心,水分,"7.0"
贵州盘南煤炭开发有限责任公司,瘦焦煤|1级|国内,G3MMSJ1,,小雨谷,"4","2026-09-06 20:05:33",,"4M",727090.0,采购中心,Ad,"11.33"
贵州盘南煤炭开发有限责任公司,瘦焦煤|1级|国内,G3MMSJ1,,小雨谷,"4","2026-09-06 20:05:33",,"4M",727090.0,采购中心,FCad,"72.43"
贵州盘南煤炭开发有限责任公司,瘦焦煤|1级|国内,G3MMSJ1,,小雨谷,"4","2026-09-06 20:05:33",,"4M",727090.0,采购中心,Mad,"0.99"
贵州盘南煤炭开发有限责任公司,瘦焦煤|1级|国内,G3MMSJ1,,小雨谷,"4","2026-09-06 20:05:33",,"4M",727090.0,采购中心,St.d,"0.85"
贵州盘南煤炭开发有限责任公司,瘦焦煤|1级|国内,G3MMSJ1,,小雨谷,"4","2026-09-06 20:05:33",,"4M",727090.0,采购中心,Vdaf,"17.50"
贵州盘南煤炭开发有限责任公司,瘦焦煤|1级|国内,G3MMSJ1,,小雨谷,"4","2026-09-06 20:05:33",,"4M",727090.0,采购中心,水分,"11.9"
广西柳钢国际贸易有限公司,"1/3焦煤|3级|进口|E|GZH",G3MMSYP,亚力山德拉,防城港,"4","2026-09-06 17:04:58",,"1M",3068370.0,采购中心,Ad,"9.16"
广西柳钢国际贸易有限公司,"1/3焦煤|3级|进口|E|GZH",G3MMSYP,亚力山德拉,防城港,"4","2026-09-06 17:04:58",,"1M",3068370.0,采购中心,FCad,"54.92"
广西柳钢国际贸易有限公司,"1/3焦煤|3级|进口|E|GZH",G3MMSYP,亚力山德拉,防城港,"4","2026-09-06 17:04:58",,"1M",3068370.0,采购中心,Mad,"2.34"
广西柳钢国际贸易有限公司,"1/3焦煤|3级|进口|E|GZH",G3MMSYP,亚力山德拉,防城港,"4","2026-09-06 17:04:58",,"1M",3068370.0,采购中心,St.d,"0.76"
广西柳钢国际贸易有限公司,"1/3焦煤|3级|进口|E|GZH",G3MMSYP,亚力山德拉,防城港,"4","2026-09-06 17:04:58",,"1M",3068370.0,采购中心,Vdaf,"38.09"
广西柳钢国际贸易有限公司,"1/3焦煤|3级|进口|E|GZH",G3MMSYP,亚力山德拉,防城港,"4","2026-09-06 17:04:58",,"1M",3068370.0,采购中心,水分,"9.2"
焦化厂,炼焦配合煤,A2MMJPM,,,"4","2026-09-06 15:53:18",喷吹用煤（原料）,,,采购中心,Ad,"10.58"
焦化厂,炼焦配合煤,A2MMJPM,,,"4","2026-09-06 15:53:18",喷吹用煤（原料）,,,采购中心,Ad,"9.48"
焦化厂,炼焦配合煤,A2MMJPM,,,"4","2026-09-06 15:53:18",喷吹用煤（原料）,,,采购中心,FCad,"58.84"
焦化厂,炼焦配合煤,A2MMJPM,,,"4","2026-09-06 15:53:18",喷吹用煤（原料）,,,采购中心,FCad,"62.50"
焦化厂,炼焦配合煤,A2MMJPM,,,"4","2026-09-06 15:53:18",喷吹用煤（原料）,,,采购中心,Mad,"1.84"
焦化厂,炼焦配合煤,A2MMJPM,,,"4","2026-09-06 15:53:18",喷吹用煤（原料）,,,采购中心,Mad,"1.23"
焦化厂,炼焦配合煤,A2MMJPM,,,"4","2026-09-06 15:53:18",喷吹用煤（原料）,,,采购中心,St.d,"0.48"
焦化厂,炼焦配合煤,A2MMJPM,,,"4","2026-09-06 15:53:18",喷吹用煤（原料）,,,采购中心,St.d,"0.60"
焦化厂,炼焦配合煤,A2MMJPM,,,"4","2026-09-06 15:53:18",喷吹用煤（原料）,,,采购中心,Vdaf,"29.22"
焦化厂,炼焦配合煤,A2MMJPM,,,"4","2026-09-06 15:53:18",喷吹用煤（原料）,,,采购中心,Vdaf,"33.78"
焦化厂,炼焦配合煤,A2MMJPM,,,"4","2026-09-06 15:53:18",喷吹用煤（原料）,,,采购中心,水分,"7.3"
焦化厂,炼焦配合煤,A2MMJPM,,,"4","2026-09-06 15:53:18",喷吹用煤（原料）,,,采购中心,水分,"13.4"
贵州盘南煤炭开发有限责任公司,瘦焦煤|1级|国内,G3MMSJ1,,小雨谷,"4","2026-09-06 15:26:41",,"4M",390110.0,采购中心,Ad,"11.45"
贵州盘南煤炭开发有限责任公司,瘦焦煤|1级|国内,G3MMSJ1,,小雨谷,"4","2026-09-06 15:26:41",,"4M",390110.0,采购中心,FCad,"72.34"
贵州盘南煤炭开发有限责任公司,瘦焦煤|1级|国内,G3MMSJ1,,小雨谷,"4","2026-09-06 15:26:41",,"4M",390110.0,采购中心,Mad,"1.02"
贵州盘南煤炭开发有限责任公司,瘦焦煤|1级|国内,G3MMSJ1,,小雨谷,"4","2026-09-06 15:26:41",,"4M",390110.0,采购中心,St.d,"0.87"
贵州盘南煤炭开发有限责任公司,瘦焦煤|1级|国内,G3MMSJ1,,小雨谷,"4","2026-09-06 15:26:41",,"4M",390110.0,采购中心,Vdaf,"17.47"
贵州盘南煤炭开发有限责任公司,瘦焦煤|1级|国内,G3MMSJ1,,小雨谷,"4","2026-09-06 15:26:41",,"4M",390110.0,采购中心,水分,"11.8"
广西柳钢国际贸易有限公司,主焦煤|2级|进口|澳洲|GLV Prime,G3MMZJ8,瑞海,防城港,"4","2026-09-06 14:22:12",,,2644460.0,采购中心,水分,"9.7"
贵州盘江精煤股份有限公司,炼焦贫瘦煤|国内,G3MMJPS1,,红果,"4","2026-09-06 13:05:02",,,348160.0,采购中心,Ad,"11.10"
贵州盘江精煤股份有限公司,炼焦贫瘦煤|国内,G3MMJPS1,,红果,"4","2026-09-06 13:05:02",,,348160.0,采购中心,FCad,"76.43"
贵州盘江精煤股份有限公司,炼焦贫瘦煤|国内,G3MMJPS1,,红果,"4","2026-09-06 13:05:02",,,348160.0,采购中心,Mad,"1.36"
贵州盘江精煤股份有限公司,炼焦贫瘦煤|国内,G3MMJPS1,,红果,"4","2026-09-06 13:05:02",,,348160.0,采购中心,St.d,"0.88"
贵州盘江精煤股份有限公司,炼焦贫瘦煤|国内,G3MMJPS1,,红果,"4","2026-09-06 13:05:02",,,348160.0,采购中心,Vdaf,"12.84"
贵州盘江精煤股份有限公司,炼焦贫瘦煤|国内,G3MMJPS1,,红果,"4","2026-09-06 13:05:02",,,348160.0,采购中心,水分,"12.7"
贵州盘江精煤股份有限公司,炼焦贫瘦煤|国内,G3MMJPS1,,红果,"4","2026-09-06 13:03:38",,,348370.0,采购中心,Ad,"11.19"
贵州盘江精煤股份有限公司,炼焦贫瘦煤|国内,G3MMJPS1,,红果,"4","2026-09-06 13:03:38",,,348370.0,采购中心,FCad,"76.29"
贵州盘江精煤股份有限公司,炼焦贫瘦煤|国内,G3MMJPS1,,红果,"4","2026-09-06 13:03:38",,,348370.0,采购中心,Mad,"1.39"
贵州盘江精煤股份有限公司,炼焦贫瘦煤|国内,G3MMJPS1,,红果,"4","2026-09-06 13:03:38",,,348370.0,采购中心,St.d,"0.92"
贵州盘江精煤股份有限公司,炼焦贫瘦煤|国内,G3MMJPS1,,红果,"4","2026-09-06 13:03:38",,,348370.0,采购中心,Vdaf,"12.89"
贵州盘江精煤股份有限公司,炼焦贫瘦煤|国内,G3MMJPS1,,红果,"4","2026-09-06 13:03:38",,,348370.0,采购中心,水分,"14.2"
贵州盘江精煤股份有限公司,炼焦贫瘦煤|国内,G3MMJPS1,,红果,"4","2026-09-06 10:50:01",,,250920.0,采购中心,Ad,"11.01"
贵州盘江精煤股份有限公司,炼焦贫瘦煤|国内,G3MMJPS1,,红果,"4","2026-09-06 10:50:01",,,250920.0,采购中心,FCad,"76.98"
贵州盘江精煤股份有限公司,炼焦贫瘦煤|国内,G3MMJPS1,,红果,"4","2026-09-06 10:50:01",,,250920.0,采购中心,Mad,"1.11"
贵州盘江精煤股份有限公司,炼焦贫瘦煤|国内,G3MMJPS1,,红果,"4","2026-09-06 10:50:01",,,250920.0,采购中心,St.d,"0.98"
贵州盘江精煤股份有限公司,炼焦贫瘦煤|国内,G3MMJPS1,,红果,"4","2026-09-06 10:50:01",,,250920.0,采购中心,Vdaf,"12.52"
贵州盘江精煤股份有限公司,炼焦贫瘦煤|国内,G3MMJPS1,,红果,"4","2026-09-06 10:50:01",,,250920.0,采购中心,水分,"12.7"
贵州盘江精煤股份有限公司,炼焦贫瘦煤|国内,G3MMJPS1,,红果,"4","2026-09-06 10:47:14",,,685360.0,采购中心,Ad,"11.62"
贵州盘江精煤股份有限公司,炼焦贫瘦煤|国内,G3MMJPS1,,红果,"4","2026-09-06 10:47:14",,,685360.0,采购中心,FCad,"76.18"
贵州盘江精煤股份有限公司,炼焦贫瘦煤|国内,G3MMJPS1,,红果,"4","2026-09-06 10:47:14",,,685360.0,采购中心,Mad,"1.17"
贵州盘江精煤股份有限公司,炼焦贫瘦煤|国内,G3MMJPS1,,红果,"4","2026-09-06 10:47:14",,,685360.0,采购中心,St.d,"0.91"
贵州盘江精煤股份有限公司,炼焦贫瘦煤|国内,G3MMJPS1,,红果,"4","2026-09-06 10:47:14",,,685360.0,采购中心,Vdaf,"12.79"
贵州盘江精煤股份有限公司,炼焦贫瘦煤|国内,G3MMJPS1,,红果,"4","2026-09-06 10:47:14",,,685360.0,采购中心,水分,"13.1"
贵州盘江精煤股份有限公司,"1/3焦煤|1级|国内",G3MMSY1,,火铺,"4","2026-09-06 10:14:52",,,481200.0,采购中心,Ad,"10.38"
贵州盘江精煤股份有限公司,"1/3焦煤|1级|国内",G3MMSY1,,火铺,"4","2026-09-06 10:14:52",,,481200.0,采购中心,FCad,"62.79"
贵州盘江精煤股份有限公司,"1/3焦煤|1级|国内",G3MMSY1,,火铺,"4","2026-09-06 10:14:52",,,481200.0,采购中心,Mad,"1.15"
贵州盘江精煤股份有限公司,"1/3焦煤|1级|国内",G3MMSY1,,火铺,"4","2026-09-06 10:14:52",,,481200.0,采购中心,St.d,"0.47"
贵州盘江精煤股份有限公司,"1/3焦煤|1级|国内",G3MMSY1,,火铺,"4","2026-09-06 10:14:52",,,481200.0,采购中心,Vdaf,"29.11"
贵州盘江精煤股份有限公司,"1/3焦煤|1级|国内",G3MMSY1,,火铺,"4","2026-09-06 10:14:52",,,481200.0,采购中心,水分,"13.3"
广西柳钢国际贸易有限公司,肥煤|国内,G3MMFF1,,宝丰,"4","2026-09-06 10:14:04",,,140800.0,采购中心,Ad,"10.46"
广西柳钢国际贸易有限公司,肥煤|国内,G3MMFF1,,宝丰,"4","2026-09-06 10:14:04",,,140800.0,采购中心,FCad,"63.47"
广西柳钢国际贸易有限公司,肥煤|国内,G3MMFF1,,宝丰,"4","2026-09-06 10:14:04",,,140800.0,采购中心,Mad,"1.06"
广西柳钢国际贸易有限公司,肥煤|国内,G3MMFF1,,宝丰,"4","2026-09-06 10:14:04",,,140800.0,采购中心,St.d,"2.37"
广西柳钢国际贸易有限公司,肥煤|国内,G3MMFF1,,宝丰,"4","2026-09-06 10:14:04",,,140800.0,采购中心,Vdaf,"28.36"
广西柳钢国际贸易有限公司,肥煤|国内,G3MMFF1,,宝丰,"4","2026-09-06 10:14:04",,,140800.0,采购中心,水分,"11.9"
广西钢铁集团有限公司,主焦煤|1级|进口|加拿大|普瑞,G3MMZJML,马尔凯洛,铁山港,"4","2026-09-06 09:57:35",,,3467070.0,采购中心,Ad,"9.56"
广西钢铁集团有限公司,主焦煤|1级|进口|加拿大|普瑞,G3MMZJML,马尔凯洛,铁山港,"4","2026-09-06 09:57:35",,,3467070.0,采购中心,FCad,"65.77"
广西钢铁集团有限公司,主焦煤|1级|进口|加拿大|普瑞,G3MMZJML,马尔凯洛,铁山港,"4","2026-09-06 09:57:35",,,3467070.0,采购中心,Mad,"1.23"
广西钢铁集团有限公司,主焦煤|1级|进口|加拿大|普瑞,G3MMZJML,马尔凯洛,铁山港,"4","2026-09-06 09:57:35",,,3467070.0,采购中心,St.d,"0.48"
广西钢铁集团有限公司,主焦煤|1级|进口|加拿大|普瑞,G3MMZJML,马尔凯洛,铁山港,"4","2026-09-06 09:57:35",,,3467070.0,采购中心,Vdaf,"26.37"
广西钢铁集团有限公司,主焦煤|1级|进口|加拿大|普瑞,G3MMZJML,马尔凯洛,铁山港,"4","2026-09-06 09:57:35",,,3467070.0,采购中心,水分,"11.4"
山西潞安环保能源开发股份有限公司,贫瘦煤|国内,G3MMPS1,,长治北,"4","2026-09-06 09:29:56",,,,采购中心,水分,"8.1"
山西潞安环保能源开发股份有限公司,贫瘦煤|国内,G3MMPS1,,长治北,"4","2026-09-06 09:24:03",,,,采购中心,Ad,"10.63"
山西潞安环保能源开发股份有限公司,贫瘦煤|国内,G3MMPS1,,长治北,"4","2026-09-06 09:24:03",,,,采购中心,Cad,"80.79"
山西潞安环保能源开发股份有限公司,贫瘦煤|国内,G3MMPS1,,长治北,"4","2026-09-06 09:24:03",,,,采购中心,FCad,"77.65"
山西潞安环保能源开发股份有限公司,贫瘦煤|国内,G3MMPS1,,长治北,"4","2026-09-06 09:24:03",,,,采购中心,Had,"3.46"
山西潞安环保能源开发股份有限公司,贫瘦煤|国内,G3MMPS1,,长治北,"4","2026-09-06 09:24:03",,,,采购中心,Mad,"1.46"
山西潞安环保能源开发股份有限公司,贫瘦煤|国内,G3MMPS1,,长治北,"4","2026-09-06 09:24:03",,,,采购中心,St.d,"0.35"
山西潞安环保能源开发股份有限公司,贫瘦煤|国内,G3MMPS1,,长治北,"4","2026-09-06 09:24:03",,,,采购中心,Vdaf,"11.83"
山西潞安环保能源开发股份有限公司,贫瘦煤|国内,G3MMPS1,,长治北,"4","2026-09-06 09:24:03",,,,采购中心,水分,"8.8"
山西潞安环保能源开发股份有限公司,贫瘦煤|国内,G3MMPS1,,长治北,"4","2026-09-06 09:21:52",,A7,1588760.0,采购中心,Ad,"10.56"
山西潞安环保能源开发股份有限公司,贫瘦煤|国内,G3MMPS1,,长治北,"4","2026-09-06 09:21:52",,A7,1588760.0,采购中心,FCad,"77.47"
山西潞安环保能源开发股份有限公司,贫瘦煤|国内,G3MMPS1,,长治北,"4","2026-09-06 09:21:52",,A7,1588760.0,采购中心,Mad,"1.49"
山西潞安环保能源开发股份有限公司,贫瘦煤|国内,G3MMPS1,,长治北,"4","2026-09-06 09:21:52",,A7,1588760.0,采购中心,St.d,"0.34"
山西潞安环保能源开发股份有限公司,贫瘦煤|国内,G3MMPS1,,长治北,"4","2026-09-06 09:21:52",,A7,1588760.0,采购中心,Vdaf,"12.08"
山西潞安环保能源开发股份有限公司,贫瘦煤|国内,G3MMPS1,,长治北,"4","2026-09-06 09:21:52",,A7,1588760.0,采购中心,水分,"8.8"
西部红果煤炭交易有限公司,主焦煤|1级|国内,G3MMZJ1,,威箐,"4","2026-09-06 06:36:07",,"4M",893880.0,采购中心,Ad,"10.49"
西部红果煤炭交易有限公司,主焦煤|1级|国内,G3MMZJ1,,威箐,"4","2026-09-06 06:36:07",,"4M",893880.0,采购中心,FCad,"65.64"
西部红果煤炭交易有限公司,主焦煤|1级|国内,G3MMZJ1,,威箐,"4","2026-09-06 06:36:07",,"4M",893880.0,采购中心,Mad,"1.61"
西部红果煤炭交易有限公司,主焦煤|1级|国内,G3MMZJ1,,威箐,"4","2026-09-06 06:36:07",,"4M",893880.0,采购中心,St.d,"0.57"
西部红果煤炭交易有限公司,主焦煤|1级|国内,G3MMZJ1,,威箐,"4","2026-09-06 06:36:07",,"4M",893880.0,采购中心,Vdaf,"25.46"
西部红果煤炭交易有限公司,主焦煤|1级|国内,G3MMZJ1,,威箐,"4","2026-09-06 06:36:07",,"4M",893880.0,采购中心,水分,"12.5"
四川省煤炭产业集团有限责任公司营销分公司,"1/3焦煤|3级|国内",G3MMSY5,,渡市,"4","2026-09-06 04:13:18",,"1M",693720.0,采购中心,Ad,"9.84"
四川省煤炭产业集团有限责任公司营销分公司,"1/3焦煤|3级|国内",G3MMSY5,,渡市,"4","2026-09-06 04:13:18",,"1M",693720.0,采购中心,FCad,"61.60"
四川省煤炭产业集团有限责任公司营销分公司,"1/3焦煤|3级|国内",G3MMSY5,,渡市,"4","2026-09-06 04:13:18",,"1M",693720.0,采购中心,Mad,"1.80"
四川省煤炭产业集团有限责任公司营销分公司,"1/3焦煤|3级|国内",G3MMSY5,,渡市,"4","2026-09-06 04:13:18",,"1M",693720.0,采购中心,St.d,"0.61"
四川省煤炭产业集团有限责任公司营销分公司,"1/3焦煤|3级|国内",G3MMSY5,,渡市,"4","2026-09-06 04:13:18",,"1M",693720.0,采购中心,Vdaf,"30.43"
四川省煤炭产业集团有限责任公司营销分公司,"1/3焦煤|3级|国内",G3MMSY5,,渡市,"4","2026-09-06 04:13:18",,"1M",693720.0,采购中心,水分,"10.1"
广西柳钢国际贸易有限公司,"1/3焦煤|2级|进口|哥伦比亚",G3MMSYK,第一玛歌,防城港,"4","2026-09-06 02:49:42",,,143260.0,采购中心,Ad,"10.51"
广西柳钢国际贸易有限公司,"1/3焦煤|2级|进口|哥伦比亚",G3MMSYK,第一玛歌,防城港,"4","2026-09-06 02:49:42",,,143260.0,采购中心,FCad,"58.56"
广西柳钢国际贸易有限公司,"1/3焦煤|2级|进口|哥伦比亚",G3MMSYK,第一玛歌,防城港,"4","2026-09-06 02:49:42",,,143260.0,采购中心,Mad,"1.69"
广西柳钢国际贸易有限公司,"1/3焦煤|2级|进口|哥伦比亚",G3MMSYK,第一玛歌,防城港,"4","2026-09-06 02:49:42",,,143260.0,采购中心,St.d,"0.74"
广西柳钢国际贸易有限公司,"1/3焦煤|2级|进口|哥伦比亚",G3MMSYK,第一玛歌,防城港,"4","2026-09-06 02:49:42",,,143260.0,采购中心,Vdaf,"33.44"
广西柳钢国际贸易有限公司,"1/3焦煤|2级|进口|哥伦比亚",G3MMSYK,第一玛歌,防城港,"4","2026-09-06 02:49:42",,,143260.0,采购中心,水分,"9.4"
四川省煤炭产业集团有限责任公司营销分公司,"1/3焦煤|3级|国内",G3MMSY5,,渡市,"4","2026-09-06 01:27:31",,"1M",596340.0,采购中心,Ad,"9.66"
四川省煤炭产业集团有限责任公司营销分公司,"1/3焦煤|3级|国内",G3MMSY5,,渡市,"4","2026-09-06 01:27:31",,"1M",596340.0,采购中心,FCad,"61.69"
四川省煤炭产业集团有限责任公司营销分公司,"1/3焦煤|3级|国内",G3MMSY5,,渡市,"4","2026-09-06 01:27:31",,"1M",596340.0,采购中心,Mad,"1.75"
四川省煤炭产业集团有限责任公司营销分公司,"1/3焦煤|3级|国内",G3MMSY5,,渡市,"4","2026-09-06 01:27:31",,"1M",596340.0,采购中心,St.d,"0.64"
四川省煤炭产业集团有限责任公司营销分公司,"1/3焦煤|3级|国内",G3MMSY5,,渡市,"4","2026-09-06 01:27:31",,"1M",596340.0,采购中心,Vdaf,"30.50"
四川省煤炭产业集团有限责任公司营销分公司,"1/3焦煤|3级|国内",G3MMSY5,,渡市,"4","2026-09-06 01:27:31",,"1M",596340.0,采购中心,水分,"8.9"
贵州盘江精煤股份有限公司,"1/3焦煤|1级|国内",G3MMSY1,,火铺,"4","2026-09-06 01:06:18",,A2,1016700.0,采购中心,Ad,"10.18"
贵州盘江精煤股份有限公司,"1/3焦煤|1级|国内",G3MMSY1,,火铺,"4","2026-09-06 01:06:18",,A2,1016700.0,采购中心,FCad,"62.10"
贵州盘江精煤股份有限公司,"1/3焦煤|1级|国内",G3MMSY1,,火铺,"4","2026-09-06 01:06:18",,A2,1016700.0,采购中心,Mad,"1.00"
贵州盘江精煤股份有限公司,"1/3焦煤|1级|国内",G3MMSY1,,火铺,"4","2026-09-06 01:06:18",,A2,1016700.0,采购中心,St.d,"0.41"
贵州盘江精煤股份有限公司,"1/3焦煤|1级|国内",G3MMSY1,,火铺,"4","2026-09-06 01:06:18",,A2,1016700.0,采购中心,Vdaf,"30.16"
贵州盘江精煤股份有限公司,"1/3焦煤|1级|国内",G3MMSY1,,火铺,"4","2026-09-06 01:06:18",,A2,1016700.0,采购中心,水分,"12.8"
贵州盘南煤炭开发有限责任公司,瘦焦煤|1级|国内,G3MMSJ1,,小雨谷,"4","2026-09-05 21:07:34",,"4M",1060710.0,采购中心,Ad,"11.39"
贵州盘南煤炭开发有限责任公司,瘦焦煤|1级|国内,G3MMSJ1,,小雨谷,"4","2026-09-05 21:07:34",,"4M",1060710.0,采购中心,FCad,"72.14"
贵州盘南煤炭开发有限责任公司,瘦焦煤|1级|国内,G3MMSJ1,,小雨谷,"4","2026-09-05 21:07:34",,"4M",1060710.0,采购中心,Mad,"0.97"
贵州盘南煤炭开发有限责任公司,瘦焦煤|1级|国内,G3MMSJ1,,小雨谷,"4","2026-09-05 21:07:34",,"4M",1060710.0,采购中心,St.d,"0.85"
贵州盘南煤炭开发有限责任公司,瘦焦煤|1级|国内,G3MMSJ1,,小雨谷,"4","2026-09-05 21:07:34",,"4M",1060710.0,采购中心,Vdaf,"17.79"
贵州盘南煤炭开发有限责任公司,瘦焦煤|1级|国内,G3MMSJ1,,小雨谷,"4","2026-09-05 21:07:34",,"4M",1060710.0,采购中心,水分,"12.9"
广西柳钢国际贸易有限公司,主焦煤|1级|进口|加拿大|普瑞,G3MMZJML,马尔凯洛,铁山港,"4","2026-09-05 21:00:29",,,5159990.0,采购中心,水分,"9.5"
广西柳钢国际贸易有限公司,主焦煤|1级|进口|加拿大|瑞峰,G3MMZJC,清水河,防城港,"4","2026-09-05 17:23:59",,"5M",3178910.0,采购中心,Ad,"10.58"
广西柳钢国际贸易有限公司,主焦煤|1级|进口|加拿大|瑞峰,G3MMZJC,清水河,防城港,"4","2026-09-05 17:23:59",,"5M",3178910.0,采购中心,FCad,"64.93"
广西柳钢国际贸易有限公司,主焦煤|1级|进口|加拿大|瑞峰,G3MMZJC,清水河,防城港,"4","2026-09-05 17:23:59",,"5M",3178910.0,采购中心,Mad,"1.57"
广西柳钢国际贸易有限公司,主焦煤|1级|进口|加拿大|瑞峰,G3MMZJC,清水河,防城港,"4","2026-09-05 17:23:59",,"5M",3178910.0,采购中心,St.d,"0.45"
广西柳钢国际贸易有限公司,主焦煤|1级|进口|加拿大|瑞峰,G3MMZJC,清水河,防城港,"4","2026-09-05 17:23:59",,"5M",3178910.0,采购中心,Vdaf,"26.23"
广西柳钢国际贸易有限公司,主焦煤|1级|进口|加拿大|瑞峰,G3MMZJC,清水河,防城港,"4","2026-09-05 17:23:59",,"5M",3178910.0,采购中心,水分,"12.8"
贵州盘江精煤股份有限公司,炼焦贫瘦煤|国内,G3MMJPS1,,红果,"4","2026-09-05 17:15:54",,"1M",208280.0,采购中心,Ad,"11.17"
贵州盘江精煤股份有限公司,炼焦贫瘦煤|国内,G3MMJPS1,,红果,"4","2026-09-05 17:15:54",,"1M",208280.0,采购中心,FCad,"75.86"
贵州盘江精煤股份有限公司,炼焦贫瘦煤|国内,G3MMJPS1,,红果,"4","2026-09-05 17:15:54",,"1M",208280.0,采购中心,Mad,"1.32"
贵州盘江精煤股份有限公司,炼焦贫瘦煤|国内,G3MMJPS1,,红果,"4","2026-09-05 17:15:54",,"1M",208280.0,采购中心,St.d,"0.88"
贵州盘江精煤股份有限公司,炼焦贫瘦煤|国内,G3MMJPS1,,红果,"4","2026-09-05 17:15:54",,"1M",208280.0,采购中心,Vdaf,"13.46"
贵州盘江精煤股份有限公司,炼焦贫瘦煤|国内,G3MMJPS1,,红果,"4","2026-09-05 17:15:54",,"1M",208280.0,采购中心,水分,"13.5"
焦化厂,炼焦配合煤,A2MMJPM,,,"4","2026-09-05 16:04:27",喷吹用煤（原料）,,,采购中心,Ad,"10.77"
焦化厂,炼焦配合煤,A2MMJPM,,,"4","2026-09-05 16:04:27",喷吹用煤（原料）,,,采购中心,Ad,"10.82"
焦化厂,炼焦配合煤,A2MMJPM,,,"4","2026-09-05 16:04:27",喷吹用煤（原料）,,,采购中心,FCad,"61.24"
焦化厂,炼焦配合煤,A2MMJPM,,,"4","2026-09-05 16:04:27",喷吹用煤（原料）,,,采购中心,FCad,"56.17"
焦化厂,炼焦配合煤,A2MMJPM,,,"4","2026-09-05 16:04:27",喷吹用煤（原料）,,,采购中心,Mad,"1.78"
焦化厂,炼焦配合煤,A2MMJPM,,,"4","2026-09-05 16:04:27",喷吹用煤（原料）,,,采购中心,Mad,"1.35"
焦化厂,炼焦配合煤,A2MMJPM,,,"4","2026-09-05 16:04:27",喷吹用煤（原料）,,,采购中心,St.d,"0.28"
焦化厂,炼焦配合煤,A2MMJPM,,,"4","2026-09-05 16:04:27",喷吹用煤（原料）,,,采购中心,St.d,"1.81"
焦化厂,炼焦配合煤,A2MMJPM,,,"4","2026-09-05 16:04:27",喷吹用煤（原料）,,,采购中心,Vdaf,"35.87"
焦化厂,炼焦配合煤,A2MMJPM,,,"4","2026-09-05 16:04:27",喷吹用煤（原料）,,,采购中心,Vdaf,"30.43"
焦化厂,炼焦配合煤,A2MMJPM,,,"4","2026-09-05 16:04:27",喷吹用煤（原料）,,,采购中心,水分,"11.2"
焦化厂,炼焦配合煤,A2MMJPM,,,"4","2026-09-05 16:04:27",喷吹用煤（原料）,,,采购中心,水分,"11.1"
贵州盘江精煤股份有限公司,"1/3焦煤|1级|国内",G3MMSY1,,火铺,"4","2026-09-05 11:28:43",,"5M",801380.0,采购中心,Ad,"10.10"
贵州盘江精煤股份有限公司,"1/3焦煤|1级|国内",G3MMSY1,,火铺,"4","2026-09-05 11:28:43",,"5M",801380.0,采购中心,FCad,"62.19"
贵州盘江精煤股份有限公司,"1/3焦煤|1级|国内",G3MMSY1,,火铺,"4","2026-09-05 11:28:43",,"5M",801380.0,采购中心,Mad,"1.10"
贵州盘江精煤股份有限公司,"1/3焦煤|1级|国内",G3MMSY1,,火铺,"4","2026-09-05 11:28:43",,"5M",801380.0,采购中心,St.d,"0.41"
贵州盘江精煤股份有限公司,"1/3焦煤|1级|国内",G3MMSY1,,火铺,"4","2026-09-05 11:28:43",,"5M",801380.0,采购中心,Vdaf,"30.05"
贵州盘江精煤股份有限公司,"1/3焦煤|1级|国内",G3MMSY1,,火铺,"4","2026-09-05 11:28:43",,"5M",801380.0,采购中心,水分,"12.5"
广西柳钢国际贸易有限公司,瘦焦煤|2级|进口|澳大利亚|半山,G3MMSJ5,牵牛星,防城港,"4","2026-09-05 11:27:22",,"1M",1620230.0,采购中心,Ad,"10.56"
广西柳钢国际贸易有限公司,瘦焦煤|2级|进口|澳大利亚|半山,G3MMSJ5,牵牛星,防城港,"4","2026-09-05 11:27:22",,"1M",1620230.0,采购中心,FCad,"70.58"
广西柳钢国际贸易有限公司,瘦焦煤|2级|进口|澳大利亚|半山,G3MMSJ5,牵牛星,防城港,"4","2026-09-05 11:27:22",,"1M",1620230.0,采购中心,Mad,"1.54"
广西柳钢国际贸易有限公司,瘦焦煤|2级|进口|澳大利亚|半山,G3MMSJ5,牵牛星,防城港,"4","2026-09-05 11:27:22",,"1M",1620230.0,采购中心,St.d,"0.38"
广西柳钢国际贸易有限公司,瘦焦煤|2级|进口|澳大利亚|半山,G3MMSJ5,牵牛星,防城港,"4","2026-09-05 11:27:22",,"1M",1620230.0,采购中心,Vdaf,"19.85"
广西柳钢国际贸易有限公司,瘦焦煤|2级|进口|澳大利亚|半山,G3MMSJ5,牵牛星,防城港,"4","2026-09-05 11:27:22",,"1M",1620230.0,采购中心,水分,"12.4"
山西潞安环保能源开发股份有限公司,贫瘦煤|国内,G3MMPS1,,,"4","2026-09-05 11:12:53",,,,采购中心,Ad,"10.72"
山西潞安环保能源开发股份有限公司,贫瘦煤|国内,G3MMPS1,,,"4","2026-09-05 11:12:53",,,,采购中心,Cad,"80.28"
山西潞安环保能源开发股份有限公司,贫瘦煤|国内,G3MMPS1,,,"4","2026-09-05 11:12:53",,,,采购中心,FCad,"77.49"
山西潞安环保能源开发股份有限公司,贫瘦煤|国内,G3MMPS1,,,"4","2026-09-05 11:12:53",,,,采购中心,Had,"3.22"
山西潞安环保能源开发股份有限公司,贫瘦煤|国内,G3MMPS1,,,"4","2026-09-05 11:12:53",,,,采购中心,Mad,"1.47"
山西潞安环保能源开发股份有限公司,贫瘦煤|国内,G3MMPS1,,,"4","2026-09-05 11:12:53",,,,采购中心,St.d,"0.31"
山西潞安环保能源开发股份有限公司,贫瘦煤|国内,G3MMPS1,,,"4","2026-09-05 11:12:53",,,,采购中心,Vdaf,"11.91"
山西潞安环保能源开发股份有限公司,贫瘦煤|国内,G3MMPS1,,,"4","2026-09-05 11:12:53",,,,采购中心,水分,"8.7"
山西潞安环保能源开发股份有限公司,贫瘦煤|国内,G3MMPS1,,长治北,"4","2026-09-05 11:11:00",,,1722120.0,采购中心,Ad,"10.67"
山西潞安环保能源开发股份有限公司,贫瘦煤|国内,G3MMPS1,,长治北,"4","2026-09-05 11:11:00",,,1722120.0,采购中心,FCad,"77.40"
山西潞安环保能源开发股份有限公司,贫瘦煤|国内,G3MMPS1,,长治北,"4","2026-09-05 11:11:00",,,1722120.0,采购中心,Mad,"1.36"
山西潞安环保能源开发股份有限公司,贫瘦煤|国内,G3MMPS1,,长治北,"4","2026-09-05 11:11:00",,,1722120.0,采购中心,St.d,"0.35"
山西潞安环保能源开发股份有限公司,贫瘦煤|国内,G3MMPS1,,长治北,"4","2026-09-05 11:11:00",,,1722120.0,采购中心,Vdaf,"12.15"
山西潞安环保能源开发股份有限公司,贫瘦煤|国内,G3MMPS1,,长治北,"4","2026-09-05 11:11:00",,,1722120.0,采购中心,水分,"8.9"
贵州盘江精煤股份有限公司,"1/3焦煤|1级|国内",G3MMSY1,,火铺,"4","2026-09-05 10:01:24",,"5M",315150.0,采购中心,Ad,"10.19"
贵州盘江精煤股份有限公司,"1/3焦煤|1级|国内",G3MMSY1,,火铺,"4","2026-09-05 10:01:24",,"5M",315150.0,采购中心,FCad,"62.41"
贵州盘江精煤股份有限公司,"1/3焦煤|1级|国内",G3MMSY1,,火铺,"4","2026-09-05 10:01:24",,"5M",315150.0,采购中心,Mad,"1.09"
贵州盘江精煤股份有限公司,"1/3焦煤|1级|国内",G3MMSY1,,火铺,"4","2026-09-05 10:01:24",,"5M",315150.0,采购中心,St.d,"0.42"
贵州盘江精煤股份有限公司,"1/3焦煤|1级|国内",G3MMSY1,,火铺,"4","2026-09-05 10:01:24",,"5M",315150.0,采购中心,Vdaf,"29.74"
贵州盘江精煤股份有限公司,"1/3焦煤|1级|国内",G3MMSY1,,火铺,"4","2026-09-05 10:01:24",,"5M",315150.0,采购中心,水分,"11.9"
广西柳钢国际贸易有限公司,瘦焦煤|2级|进口|澳大利亚|半山,G3MMSJ5,牵牛星,防城港,"4","2026-09-05 09:38:01",,"1M",607480.0,采购中心,Ad,"10.46"
广西柳钢国际贸易有限公司,瘦焦煤|2级|进口|澳大利亚|半山,G3MMSJ5,牵牛星,防城港,"4","2026-09-05 09:38:01",,"1M",607480.0,采购中心,FCad,"70.34"
广西柳钢国际贸易有限公司,瘦焦煤|2级|进口|澳大利亚|半山,G3MMSJ5,牵牛星,防城港,"4","2026-09-05 09:38:01",,"1M",607480.0,采购中心,Mad,"1.52"
广西柳钢国际贸易有限公司,瘦焦煤|2级|进口|澳大利亚|半山,G3MMSJ5,牵牛星,防城港,"4","2026-09-05 09:38:01",,"1M",607480.0,采购中心,St.d,"0.37"
广西柳钢国际贸易有限公司,瘦焦煤|2级|进口|澳大利亚|半山,G3MMSJ5,牵牛星,防城港,"4","2026-09-05 09:38:01",,"1M",607480.0,采购中心,Vdaf,"20.23"
广西柳钢国际贸易有限公司,瘦焦煤|2级|进口|澳大利亚|半山,G3MMSJ5,牵牛星,防城港,"4","2026-09-05 09:38:01",,"1M",607480.0,采购中心,水分,"11.9"
贵州盘江精煤股份有限公司,炼焦贫瘦煤|国内,G3MMJPS1,,红果,"4","2026-09-05 05:29:16",,"5M",529190.0,采购中心,Ad,"11.10"
贵州盘江精煤股份有限公司,炼焦贫瘦煤|国内,G3MMJPS1,,红果,"4","2026-09-05 05:29:16",,"5M",529190.0,采购中心,FCad,"76.09"
贵州盘江精煤股份有限公司,炼焦贫瘦煤|国内,G3MMJPS1,,红果,"4","2026-09-05 05:29:16",,"5M",529190.0,采购中心,Mad,"1.26"
贵州盘江精煤股份有限公司,炼焦贫瘦煤|国内,G3MMJPS1,,红果,"4","2026-09-05 05:29:16",,"5M",529190.0,采购中心,St.d,"0.91"
贵州盘江精煤股份有限公司,炼焦贫瘦煤|国内,G3MMJPS1,,红果,"4","2026-09-05 05:29:16",,"5M",529190.0,采购中心,Vdaf,"13.32"
贵州盘江精煤股份有限公司,炼焦贫瘦煤|国内,G3MMJPS1,,红果,"4","2026-09-05 05:29:16",,"5M",529190.0,采购中心,水分,"12.4"
广西柳钢国际贸易有限公司,瘦焦煤|2级|进口|澳大利亚|半山,G3MMSJ5,牵牛星,防城港,"4","2026-09-05 02:57:47",,A2,710510.0,采购中心,Ad,"10.62"
广西柳钢国际贸易有限公司,瘦焦煤|2级|进口|澳大利亚|半山,G3MMSJ5,牵牛星,防城港,"4","2026-09-05 02:57:47",,A2,710510.0,采购中心,FCad,"70.36"
广西柳钢国际贸易有限公司,瘦焦煤|2级|进口|澳大利亚|半山,G3MMSJ5,牵牛星,防城港,"4","2026-09-05 02:57:47",,A2,710510.0,采购中心,Mad,"1.36"
广西柳钢国际贸易有限公司,瘦焦煤|2级|进口|澳大利亚|半山,G3MMSJ5,牵牛星,防城港,"4","2026-09-05 02:57:47",,A2,710510.0,采购中心,St.d,"0.36"
广西柳钢国际贸易有限公司,瘦焦煤|2级|进口|澳大利亚|半山,G3MMSJ5,牵牛星,防城港,"4","2026-09-05 02:57:47",,A2,710510.0,采购中心,Vdaf,"20.19"
广西柳钢国际贸易有限公司,瘦焦煤|2级|进口|澳大利亚|半山,G3MMSJ5,牵牛星,防城港,"4","2026-09-05 02:57:47",,A2,710510.0,采购中心,水分,"11.4"
广西柳钢国际贸易有限公司,瘦焦煤|2级|进口|澳大利亚|半山,G3MMSJ5,牵牛星,防城港,"4","2026-09-05 02:54:33",,A2,634220.0,采购中心,Ad,"10.70"
广西柳钢国际贸易有限公司,瘦焦煤|2级|进口|澳大利亚|半山,G3MMSJ5,牵牛星,防城港,"4","2026-09-05 02:54:33",,A2,634220.0,采购中心,FCad,"70.28"
广西柳钢国际贸易有限公司,瘦焦煤|2级|进口|澳大利亚|半山,G3MMSJ5,牵牛星,防城港,"4","2026-09-05 02:54:33",,A2,634220.0,采购中心,Mad,"1.33"
广西柳钢国际贸易有限公司,瘦焦煤|2级|进口|澳大利亚|半山,G3MMSJ5,牵牛星,防城港,"4","2026-09-05 02:54:33",,A2,634220.0,采购中心,St.d,"0.35"
广西柳钢国际贸易有限公司,瘦焦煤|2级|进口|澳大利亚|半山,G3MMSJ5,牵牛星,防城港,"4","2026-09-05 02:54:33",,A2,634220.0,采购中心,Vdaf,"20.23"
广西柳钢国际贸易有限公司,瘦焦煤|2级|进口|澳大利亚|半山,G3MMSJ5,牵牛星,防城港,"4","2026-09-05 02:54:33",,A2,634220.0,采购中心,水分,"11.4"
贵州盘江精煤股份有限公司,炼焦贫瘦煤|国内,G3MMJPS1,,红果,"4","2026-09-05 02:34:18",,"5M",385080.0,采购中心,Ad,"11.30"
贵州盘江精煤股份有限公司,炼焦贫瘦煤|国内,G3MMJPS1,,红果,"4","2026-09-05 02:34:18",,"5M",385080.0,采购中心,FCad,"76.04"
贵州盘江精煤股份有限公司,炼焦贫瘦煤|国内,G3MMJPS1,,红果,"4","2026-09-05 02:34:18",,"5M",385080.0,采购中心,Mad,"1.04"
贵州盘江精煤股份有限公司,炼焦贫瘦煤|国内,G3MMJPS1,,红果,"4","2026-09-05 02:34:18",,"5M",385080.0,采购中心,St.d,"0.94"
贵州盘江精煤股份有限公司,炼焦贫瘦煤|国内,G3MMJPS1,,红果,"4","2026-09-05 02:34:18",,"5M",385080.0,采购中心,Vdaf,"13.37"
贵州盘江精煤股份有限公司,炼焦贫瘦煤|国内,G3MMJPS1,,红果,"4","2026-09-05 02:34:18",,"5M",385080.0,采购中心,水分,"13.1"
贵州盘江精煤股份有限公司,炼焦贫瘦煤|国内,G3MMJPS1,,红果,"4","2026-09-05 02:30:09",,"5M",474980.0,采购中心,Ad,"11.09"
贵州盘江精煤股份有限公司,炼焦贫瘦煤|国内,G3MMJPS1,,红果,"4","2026-09-05 02:30:09",,"5M",474980.0,采购中心,FCad,"76.35"
贵州盘江精煤股份有限公司,炼焦贫瘦煤|国内,G3MMJPS1,,红果,"4","2026-09-05 02:30:09",,"5M",474980.0,采购中心,Mad,"1.07"
贵州盘江精煤股份有限公司,炼焦贫瘦煤|国内,G3MMJPS1,,红果,"4","2026-09-05 02:30:09",,"5M",474980.0,采购中心,St.d,"0.89"
贵州盘江精煤股份有限公司,炼焦贫瘦煤|国内,G3MMJPS1,,红果,"4","2026-09-05 02:30:09",,"5M",474980.0,采购中心,Vdaf,"13.20"
贵州盘江精煤股份有限公司,炼焦贫瘦煤|国内,G3MMJPS1,,红果,"4","2026-09-05 02:30:09",,"5M",474980.0,采购中心,水分,"12.6"
贵州盘江精煤股份有限公司,"1/3焦煤|1级|国内",G3MMSY1,,火铺,"4","2026-09-04 22:58:00",,"5M",970840.0,采购中心,Ad,"10.58"
贵州盘江精煤股份有限公司,"1/3焦煤|1级|国内",G3MMSY1,,火铺,"4","2026-09-04 22:58:00",,"5M",970840.0,采购中心,FCad,"62.18"
贵州盘江精煤股份有限公司,"1/3焦煤|1级|国内",G3MMSY1,,火铺,"4","2026-09-04 22:58:00",,"5M",970840.0,采购中心,Mad,"1.02"
贵州盘江精煤股份有限公司,"1/3焦煤|1级|国内",G3MMSY1,,火铺,"4","2026-09-04 22:58:00",,"5M",970840.0,采购中心,St.d,"0.39"
贵州盘江精煤股份有限公司,"1/3焦煤|1级|国内",G3MMSY1,,火铺,"4","2026-09-04 22:58:00",,"5M",970840.0,采购中心,Vdaf,"29.75"
贵州盘江精煤股份有限公司,"1/3焦煤|1级|国内",G3MMSY1,,火铺,"4","2026-09-04 22:58:00",,"5M",970840.0,采购中心,水分,"13.4"
广西柳钢国际贸易有限公司,主焦煤|1级|进口|加拿大|普瑞,G3MMZJML,马尔凯洛,铁山港,"4","2026-09-04 21:11:21",,,1832850.0,采购中心,水分,"10.6"
贵州盘江精煤股份有限公司,"1/3焦煤|1级|国内",G3MMSY1,,火铺,"4","2026-09-04 20:33:01",,A2,1033070.0,采购中心,Ad,"10.28"
贵州盘江精煤股份有限公司,"1/3焦煤|1级|国内",G3MMSY1,,火铺,"4","2026-09-04 20:33:01",,A2,1033070.0,采购中心,FCad,"62.13"
贵州盘江精煤股份有限公司,"1/3焦煤|1级|国内",G3MMSY1,,火铺,"4","2026-09-04 20:33:01",,A2,1033070.0,采购中心,Mad,"0.91"
贵州盘江精煤股份有限公司,"1/3焦煤|1级|国内",G3MMSY1,,火铺,"4","2026-09-04 20:33:01",,A2,1033070.0,采购中心,St.d,"0.41"
贵州盘江精煤股份有限公司,"1/3焦煤|1级|国内",G3MMSY1,,火铺,"4","2026-09-04 20:33:01",,A2,1033070.0,采购中心,Vdaf,"30.11"
贵州盘江精煤股份有限公司,"1/3焦煤|1级|国内",G3MMSY1,,火铺,"4","2026-09-04 20:33:01",,A2,1033070.0,采购中心,水分,"12.8"
贵州盘江精煤股份有限公司,"1/3焦煤|1级|国内",G3MMSY1,,火铺,"4","2026-09-04 19:26:27",,"5M",958860.0,采购中心,Ad,"10.56"
贵州盘江精煤股份有限公司,"1/3焦煤|1级|国内",G3MMSY1,,火铺,"4","2026-09-04 19:26:27",,"5M",958860.0,采购中心,FCad,"62.12"
贵州盘江精煤股份有限公司,"1/3焦煤|1级|国内",G3MMSY1,,火铺,"4","2026-09-04 19:26:27",,"5M",958860.0,采购中心,Mad,"1.05"
贵州盘江精煤股份有限公司,"1/3焦煤|1级|国内",G3MMSY1,,火铺,"4","2026-09-04 19:26:27",,"5M",958860.0,采购中心,St.d,"0.44"
贵州盘江精煤股份有限公司,"1/3焦煤|1级|国内",G3MMSY1,,火铺,"4","2026-09-04 19:26:27",,"5M",958860.0,采购中心,Vdaf,"29.81"
贵州盘江精煤股份有限公司,"1/3焦煤|1级|国内",G3MMSY1,,火铺,"4","2026-09-04 19:26:27",,"5M",958860.0,采购中心,水分,"13.9"
焦化厂,炼焦配合煤,A2MMJPM,,,"4","2026-09-04 16:03:31",喷吹用煤（原料）,,,采购中心,Ad,"10.75"
焦化厂,炼焦配合煤,A2MMJPM,,,"4","2026-09-04 16:03:31",喷吹用煤（原料）,,,采购中心,Ad,"11.23"
焦化厂,炼焦配合煤,A2MMJPM,,,"4","2026-09-04 16:03:31",喷吹用煤（原料）,,,采购中心,FCad,"66.98"
焦化厂,炼焦配合煤,A2MMJPM,,,"4","2026-09-04 16:03:31",喷吹用煤（原料）,,,采购中心,FCad,"61.30"
焦化厂,炼焦配合煤,A2MMJPM,,,"4","2026-09-04 16:03:31",喷吹用煤（原料）,,,采购中心,Mad,"1.17"
焦化厂,炼焦配合煤,A2MMJPM,,,"4","2026-09-04 16:03:31",喷吹用煤（原料）,,,采购中心,Mad,"1.11"
焦化厂,炼焦配合煤,A2MMJPM,,,"4","2026-09-04 16:03:31",喷吹用煤（原料）,,,采购中心,St.d,"1.70"
焦化厂,炼焦配合煤,A2MMJPM,,,"4","2026-09-04 16:03:31",喷吹用煤（原料）,,,采购中心,St.d,"0.74"
焦化厂,炼焦配合煤,A2MMJPM,,,"4","2026-09-04 16:03:31",喷吹用煤（原料）,,,采购中心,Vdaf,"30.55"
焦化厂,炼焦配合煤,A2MMJPM,,,"4","2026-09-04 16:03:31",喷吹用煤（原料）,,,采购中心,Vdaf,"23.65"
焦化厂,炼焦配合煤,A2MMJPM,,,"4","2026-09-04 16:03:31",喷吹用煤（原料）,,,采购中心,水分,"10.2"
焦化厂,炼焦配合煤,A2MMJPM,,,"4","2026-09-04 16:03:31",喷吹用煤（原料）,,,采购中心,水分,"10.9"
焦化厂,炼焦配合煤,A2MMJPM,,,"4","2026-09-04 16:00:11",喷吹用煤（原料）,,,采购中心,Ad,"10.22"
焦化厂,炼焦配合煤,A2MMJPM,,,"4","2026-09-04 16:00:11",喷吹用煤（原料）,,,采购中心,Ad,"10.17"
焦化厂,炼焦配合煤,A2MMJPM,,,"4","2026-09-04 16:00:11",喷吹用煤（原料）,,,采购中心,Cad,"77.74"
焦化厂,炼焦配合煤,A2MMJPM,,,"4","2026-09-04 16:00:11",喷吹用煤（原料）,,,采购中心,Cad,"77.75"
焦化厂,炼焦配合煤,A2MMJPM,,,"4","2026-09-04 16:00:11",喷吹用煤（原料）,,,采购中心,FCad,"64.53"
焦化厂,炼焦配合煤,A2MMJPM,,,"4","2026-09-04 16:00:11",喷吹用煤（原料）,,,采购中心,FCad,"65.19"
焦化厂,炼焦配合煤,A2MMJPM,,,"4","2026-09-04 16:00:11",喷吹用煤（原料）,,,采购中心,Had,"4.3"
焦化厂,炼焦配合煤,A2MMJPM,,,"4","2026-09-04 16:00:11",喷吹用煤（原料）,,,采购中心,Had,"4.29"
焦化厂,炼焦配合煤,A2MMJPM,,,"4","2026-09-04 16:00:11",喷吹用煤（原料）,,,采购中心,Mad,"1.33"
焦化厂,炼焦配合煤,A2MMJPM,,,"4","2026-09-04 16:00:11",喷吹用煤（原料）,,,采购中心,Mad,"1.25"
焦化厂,炼焦配合煤,A2MMJPM,,,"4","2026-09-04 16:00:11",喷吹用煤（原料）,,,采购中心,St.d,"0.59"
焦化厂,炼焦配合煤,A2MMJPM,,,"4","2026-09-04 16:00:11",喷吹用煤（原料）,,,采购中心,St.d,"0.71"
焦化厂,炼焦配合煤,A2MMJPM,,,"4","2026-09-04 16:00:11",喷吹用煤（原料）,,,采购中心,Vdaf,"27.26"
焦化厂,炼焦配合煤,A2MMJPM,,,"4","2026-09-04 16:00:11",喷吹用煤（原料）,,,采购中心,Vdaf,"26.41"
焦化厂,炼焦配合煤,A2MMJPM,,,"4","2026-09-04 16:00:11",喷吹用煤（原料）,,,采购中心,水分,"10.4"
焦化厂,炼焦配合煤,A2MMJPM,,,"4","2026-09-04 16:00:11",喷吹用煤（原料）,,,采购中心,水分,"10.8"
中国诚通国际贸易有限公司,贫瘦煤|国内,G3MMPS1,,宋寨,"4","2026-09-04 14:49:12",,料3,529770.0,采购中心,Ad,"10.66"
中国诚通国际贸易有限公司,贫瘦煤|国内,G3MMPS1,,宋寨,"4","2026-09-04 14:49:12",,料3,529770.0,采购中心,FCad,"73.25"
中国诚通国际贸易有限公司,贫瘦煤|国内,G3MMPS1,,宋寨,"4","2026-09-04 14:49:12",,料3,529770.0,采购中心,Mad,"2.05"
中国诚通国际贸易有限公司,贫瘦煤|国内,G3MMPS1,,宋寨,"4","2026-09-04 14:49:12",,料3,529770.0,采购中心,St.d,"0.54"
中国诚通国际贸易有限公司,贫瘦煤|国内,G3MMPS1,,宋寨,"4","2026-09-04 14:49:12",,料3,529770.0,采购中心,Vdaf,"16.29"
中国诚通国际贸易有限公司,贫瘦煤|国内,G3MMPS1,,宋寨,"4","2026-09-04 14:49:12",,料3,529770.0,采购中心,水分,"15.1"
中国诚通国际贸易有限公司,贫瘦煤|国内,G3MMPS1,,宋寨,"4","2026-09-04 14:47:11",,料3,,采购中心,Ad,"10.72"
中国诚通国际贸易有限公司,贫瘦煤|国内,G3MMPS1,,宋寨,"4","2026-09-04 14:47:11",,料3,,采购中心,Cad,"78.45"
中国诚通国际贸易有限公司,贫瘦煤|国内,G3MMPS1,,宋寨,"4","2026-09-04 14:47:11",,料3,,采购中心,FCad,"73.39"
中国诚通国际贸易有限公司,贫瘦煤|国内,G3MMPS1,,宋寨,"4","2026-09-04 14:47:11",,料3,,采购中心,Had,"3.54"
中国诚通国际贸易有限公司,贫瘦煤|国内,G3MMPS1,,宋寨,"4","2026-09-04 14:47:11",,料3,,采购中心,Mad,"1.89"
中国诚通国际贸易有限公司,贫瘦煤|国内,G3MMPS1,,宋寨,"4","2026-09-04 14:47:11",,料3,,采购中心,St.d,"0.52"
中国诚通国际贸易有限公司,贫瘦煤|国内,G3MMPS1,,宋寨,"4","2026-09-04 14:47:11",,料3,,采购中心,Vdaf,"16.21"
中国诚通国际贸易有限公司,贫瘦煤|国内,G3MMPS1,,宋寨,"4","2026-09-04 14:47:11",,料3,,采购中心,水分,"15.1"
中国诚通国际贸易有限公司,贫瘦煤|国内,G3MMPS1,,宋寨,"4","2026-09-04 14:44:21",,料3,529770.0,采购中心,Ad,"10.80"
中国诚通国际贸易有限公司,贫瘦煤|国内,G3MMPS1,,宋寨,"4","2026-09-04 14:44:21",,料3,529770.0,采购中心,FCad,"73.92"
中国诚通国际贸易有限公司,贫瘦煤|国内,G3MMPS1,,宋寨,"4","2026-09-04 14:44:21",,料3,529770.0,采购中心,Mad,"1.78"
中国诚通国际贸易有限公司,贫瘦煤|国内,G3MMPS1,,宋寨,"4","2026-09-04 14:44:21",,料3,529770.0,采购中心,St.d,"0.50"
中国诚通国际贸易有限公司,贫瘦煤|国内,G3MMPS1,,宋寨,"4","2026-09-04 14:44:21",,料3,529770.0,采购中心,Vdaf,"15.63"
中国诚通国际贸易有限公司,贫瘦煤|国内,G3MMPS1,,宋寨,"4","2026-09-04 14:44:21",,料3,529770.0,采购中心,水分,"15.0"
贵州盘江精煤股份有限公司,炼焦贫瘦煤|国内,G3MMJPS1,,红果,"4","2026-09-04 13:35:25",,"1M",528160.0,采购中心,Ad,"11.29"
贵州盘江精煤股份有限公司,炼焦贫瘦煤|国内,G3MMJPS1,,红果,"4","2026-09-04 13:35:25",,"1M",528160.0,采购中心,FCad,"76.26"
贵州盘江精煤股份有限公司,炼焦贫瘦煤|国内,G3MMJPS1,,红果,"4","2026-09-04 13:35:25",,"1M",528160.0,采购中心,Mad,"1.04"
贵州盘江精煤股份有限公司,炼焦贫瘦煤|国内,G3MMJPS1,,红果,"4","2026-09-04 13:35:25",,"1M",528160.0,采购中心,St.d,"0.91"
贵州盘江精煤股份有限公司,炼焦贫瘦煤|国内,G3MMJPS1,,红果,"4","2026-09-04 13:35:25",,"1M",528160.0,采购中心,Vdaf,"13.13"
贵州盘江精煤股份有限公司,炼焦贫瘦煤|国内,G3MMJPS1,,红果,"4","2026-09-04 13:35:25",,"1M",528160.0,采购中心,水分,"13.1"
贵州盘江精煤股份有限公司,"1/3焦煤|1级|国内",G3MMSY1,,柏果,"4","2026-09-04 11:15:47",,"4M",995870.0,采购中心,Ad,"10.22"
贵州盘江精煤股份有限公司,"1/3焦煤|1级|国内",G3MMSY1,,柏果,"4","2026-09-04 11:15:47",,"4M",995870.0,采购中心,FCad,"62.20"
贵州盘江精煤股份有限公司,"1/3焦煤|1级|国内",G3MMSY1,,柏果,"4","2026-09-04 11:15:47",,"4M",995870.0,采购中心,Mad,"1.05"
贵州盘江精煤股份有限公司,"1/3焦煤|1级|国内",G3MMSY1,,柏果,"4","2026-09-04 11:15:47",,"4M",995870.0,采购中心,St.d,"0.26"
贵州盘江精煤股份有限公司,"1/3焦煤|1级|国内",G3MMSY1,,柏果,"4","2026-09-04 11:15:47",,"4M",995870.0,采购中心,Vdaf,"29.99"
贵州盘江精煤股份有限公司,"1/3焦煤|1级|国内",G3MMSY1,,柏果,"4","2026-09-04 11:15:47",,"4M",995870.0,采购中心,水分,"11.1"
贵州盘江精煤股份有限公司,炼焦贫瘦煤|国内,G3MMJPS1,,红果,"4","2026-09-04 09:58:59",,"1M",540110.0,采购中心,Ad,"11.29"
贵州盘江精煤股份有限公司,炼焦贫瘦煤|国内,G3MMJPS1,,红果,"4","2026-09-04 09:58:59",,"1M",540110.0,采购中心,FCad,"76.51"
贵州盘江精煤股份有限公司,炼焦贫瘦煤|国内,G3MMJPS1,,红果,"4","2026-09-04 09:58:59",,"1M",540110.0,采购中心,Mad,"1.10"
贵州盘江精煤股份有限公司,炼焦贫瘦煤|国内,G3MMJPS1,,红果,"4","2026-09-04 09:58:59",,"1M",540110.0,采购中心,St.d,"0.86"
贵州盘江精煤股份有限公司,炼焦贫瘦煤|国内,G3MMJPS1,,红果,"4","2026-09-04 09:58:59",,"1M",540110.0,采购中心,Vdaf,"12.79"
贵州盘江精煤股份有限公司,炼焦贫瘦煤|国内,G3MMJPS1,,红果,"4","2026-09-04 09:58:59",,"1M",540110.0,采购中心,水分,"13.1"
广西柳钢国际贸易有限公司,主焦煤|3级|进口|澳洲|Daunia,G3MMZJMH,吉利女神,铁山港,"4","2026-09-04 09:37:49",,"5M",3487970.0,采购中心,Ad,"8.67"
广西柳钢国际贸易有限公司,主焦煤|3级|进口|澳洲|Daunia,G3MMZJMH,吉利女神,铁山港,"4","2026-09-04 09:37:49",,"5M",3487970.0,采购中心,FCad,"69.37"
广西柳钢国际贸易有限公司,主焦煤|3级|进口|澳洲|Daunia,G3MMZJMH,吉利女神,铁山港,"4","2026-09-04 09:37:49",,"5M",3487970.0,采购中心,Mad,"1.47"
广西柳钢国际贸易有限公司,主焦煤|3级|进口|澳洲|Daunia,G3MMZJMH,吉利女神,铁山港,"4","2026-09-04 09:37:49",,"5M",3487970.0,采购中心,St.d,"0.41"
广西柳钢国际贸易有限公司,主焦煤|3级|进口|澳洲|Daunia,G3MMZJMH,吉利女神,铁山港,"4","2026-09-04 09:37:49",,"5M",3487970.0,采购中心,Vdaf,"22.91"
广西柳钢国际贸易有限公司,主焦煤|3级|进口|澳洲|Daunia,G3MMZJMH,吉利女神,铁山港,"4","2026-09-04 09:37:49",,"5M",3487970.0,采购中心,水分,"12.5"
西部红果煤炭交易有限公司,主焦煤|1级|国内,G3MMZJ1,,威箐,"4","2026-09-04 02:10:53",,,1021160.0,采购中心,Ad,"10.27"
西部红果煤炭交易有限公司,主焦煤|1级|国内,G3MMZJ1,,威箐,"4","2026-09-04 02:10:53",,,1021160.0,采购中心,FCad,"64.73"
西部红果煤炭交易有限公司,主焦煤|1级|国内,G3MMZJ1,,威箐,"4","2026-09-04 02:10:53",,,1021160.0,采购中心,Mad,"1.73"
西部红果煤炭交易有限公司,主焦煤|1级|国内,G3MMZJ1,,威箐,"4","2026-09-04 02:10:53",,,1021160.0,采购中心,St.d,"0.55"
西部红果煤炭交易有限公司,主焦煤|1级|国内,G3MMZJ1,,威箐,"4","2026-09-04 02:10:53",,,1021160.0,采购中心,Vdaf,"26.59"
西部红果煤炭交易有限公司,主焦煤|1级|国内,G3MMZJ1,,威箐,"4","2026-09-04 02:10:53",,,1021160.0,采购中心,水分,"13.8"
广西柳钢国际贸易有限公司,主焦煤|1级|进口|加拿大|普瑞,G3MMZJML,马尔凯洛,铁山港,"4","2026-09-04 01:48:01",,,10277300,采购中心,水分,"8.7"
贵州久泰邦达能源开发有限公司,"1/3焦煤|1级|国内",G3MMSY1,,花家庄,"4","2026-09-03 23:57:02",,A2,511330.0,采购中心,Ad,"9.89"
贵州久泰邦达能源开发有限公司,"1/3焦煤|1级|国内",G3MMSY1,,花家庄,"4","2026-09-03 23:57:02",,A2,511330.0,采购中心,FCad,"60.48"
贵州久泰邦达能源开发有限公司,"1/3焦煤|1级|国内",G3MMSY1,,花家庄,"4","2026-09-03 23:57:02",,A2,511330.0,采购中心,Mad,"1.27"
贵州久泰邦达能源开发有限公司,"1/3焦煤|1级|国内",G3MMSY1,,花家庄,"4","2026-09-03 23:57:02",,A2,511330.0,采购中心,St.d,"0.41"
贵州久泰邦达能源开发有限公司,"1/3焦煤|1级|国内",G3MMSY1,,花家庄,"4","2026-09-03 23:57:02",,A2,511330.0,采购中心,Vdaf,"32.02"
贵州久泰邦达能源开发有限公司,"1/3焦煤|1级|国内",G3MMSY1,,花家庄,"4","2026-09-03 23:57:02",,A2,511330.0,采购中心,水分,"8.3"
贵州久泰邦达能源开发有限公司,"1/3焦煤|1级|国内",G3MMSY1,,花家庄,"4","2026-09-03 23:50:06",,A2,527950.0,采购中心,Ad,"10.16"
贵州久泰邦达能源开发有限公司,"1/3焦煤|1级|国内",G3MMSY1,,花家庄,"4","2026-09-03 23:50:06",,A2,527950.0,采购中心,FCad,"59.96"
贵州久泰邦达能源开发有限公司,"1/3焦煤|1级|国内",G3MMSY1,,花家庄,"4","2026-09-03 23:50:06",,A2,527950.0,采购中心,Mad,"1.16"
贵州久泰邦达能源开发有限公司,"1/3焦煤|1级|国内",G3MMSY1,,花家庄,"4","2026-09-03 23:50:06",,A2,527950.0,采购中心,St.d,"0.41"
贵州久泰邦达能源开发有限公司,"1/3焦煤|1级|国内",G3MMSY1,,花家庄,"4","2026-09-03 23:50:06",,A2,527950.0,采购中心,Vdaf,"32.48"
贵州久泰邦达能源开发有限公司,"1/3焦煤|1级|国内",G3MMSY1,,花家庄,"4","2026-09-03 23:50:06",,A2,527950.0,采购中心,水分,"7.6"
中国诚通国际贸易有限公司,贫瘦煤|国内,G3MMPS1,,宋寨,"4","2026-09-03 22:22:08",,,946970.0,采购中心,Ad,"10.22"
中国诚通国际贸易有限公司,贫瘦煤|国内,G3MMPS1,,宋寨,"4","2026-09-03 22:22:08",,,946970.0,采购中心,FCad,"74.66"
中国诚通国际贸易有限公司,贫瘦煤|国内,G3MMPS1,,宋寨,"4","2026-09-03 22:22:08",,,946970.0,采购中心,Mad,"2.08"
中国诚通国际贸易有限公司,贫瘦煤|国内,G3MMPS1,,宋寨,"4","2026-09-03 22:22:08",,,946970.0,采购中心,St.d,"0.47"
中国诚通国际贸易有限公司,贫瘦煤|国内,G3MMPS1,,宋寨,"4","2026-09-03 22:22:08",,,946970.0,采购中心,Vdaf,"15.06"
中国诚通国际贸易有限公司,贫瘦煤|国内,G3MMPS1,,宋寨,"4","2026-09-03 22:22:08",,,946970.0,采购中心,水分,"15.6"
中国诚通国际贸易有限公司,贫瘦煤|国内,G3MMPS1,,宋寨,"4","2026-09-03 22:18:45",,"5M",946970.0,采购中心,Ad,"9.94"
中国诚通国际贸易有限公司,贫瘦煤|国内,G3MMPS1,,宋寨,"4","2026-09-03 22:18:45",,"5M",946970.0,采购中心,FCad,"73.64"
中国诚通国际贸易有限公司,贫瘦煤|国内,G3MMPS1,,宋寨,"4","2026-09-03 22:18:45",,"5M",946970.0,采购中心,Mad,"2.22"
中国诚通国际贸易有限公司,贫瘦煤|国内,G3MMPS1,,宋寨,"4","2026-09-03 22:18:45",,"5M",946970.0,采购中心,St.d,"0.55"
中国诚通国际贸易有限公司,贫瘦煤|国内,G3MMPS1,,宋寨,"4","2026-09-03 22:18:45",,"5M",946970.0,采购中心,Vdaf,"16.37"
中国诚通国际贸易有限公司,贫瘦煤|国内,G3MMPS1,,宋寨,"4","2026-09-03 22:18:45",,"5M",946970.0,采购中心,水分,"16.5"
西部红果煤炭交易有限公司,主焦煤|1级|国内,G3MMZJ1,,威箐,"4","2026-09-03 19:01:09",,"4M",475110.0,采购中心,Ad,"10.12"
西部红果煤炭交易有限公司,主焦煤|1级|国内,G3MMZJ1,,威箐,"4","2026-09-03 19:01:09",,"4M",475110.0,采购中心,FCad,"65.84"
西部红果煤炭交易有限公司,主焦煤|1级|国内,G3MMZJ1,,威箐,"4","2026-09-03 19:01:09",,"4M",475110.0,采购中心,Mad,"1.65"
西部红果煤炭交易有限公司,主焦煤|1级|国内,G3MMZJ1,,威箐,"4","2026-09-03 19:01:09",,"4M",475110.0,采购中心,St.d,"0.55"
西部红果煤炭交易有限公司,主焦煤|1级|国内,G3MMZJ1,,威箐,"4","2026-09-03 19:01:09",,"4M",475110.0,采购中心,Vdaf,"25.52"
西部红果煤炭交易有限公司,主焦煤|1级|国内,G3MMZJ1,,威箐,"4","2026-09-03 19:01:09",,"4M",475110.0,采购中心,水分,"14.2"
贵州久泰邦达能源开发有限公司,"1/3焦煤|1级|国内",G3MMSY1,,花家庄,"4","2026-09-03 18:08:10",,A2,682670.0,采购中心,Ad,"10.05"
贵州久泰邦达能源开发有限公司,"1/3焦煤|1级|国内",G3MMSY1,,花家庄,"4","2026-09-03 18:08:10",,A2,682670.0,采购中心,FCad,"60.83"
贵州久泰邦达能源开发有限公司,"1/3焦煤|1级|国内",G3MMSY1,,花家庄,"4","2026-09-03 18:08:10",,A2,682670.0,采购中心,Mad,"1.32"
贵州久泰邦达能源开发有限公司,"1/3焦煤|1级|国内",G3MMSY1,,花家庄,"4","2026-09-03 18:08:10",,A2,682670.0,采购中心,St.d,"0.38"
贵州久泰邦达能源开发有限公司,"1/3焦煤|1级|国内",G3MMSY1,,花家庄,"4","2026-09-03 18:08:10",,A2,682670.0,采购中心,Vdaf,"31.47"
贵州久泰邦达能源开发有限公司,"1/3焦煤|1级|国内",G3MMSY1,,花家庄,"4","2026-09-03 18:08:10",,A2,682670.0,采购中心,水分,"7.8"
广西柳钢国际贸易有限公司,气煤|进口|E|AEJ,G3MMQQD,振希宝兴,防城港,"4","2026-09-03 17:56:06",,"1M",3423620.0,采购中心,Ad,"10.84"
广西柳钢国际贸易有限公司,气煤|进口|E|AEJ,G3MMQQD,振希宝兴,防城港,"4","2026-09-03 17:56:06",,"1M",3423620.0,采购中心,FCad,"56.61"
广西柳钢国际贸易有限公司,气煤|进口|E|AEJ,G3MMQQD,振希宝兴,防城港,"4","2026-09-03 17:56:06",,"1M",3423620.0,采购中心,Mad,"1.67"
广西柳钢国际贸易有限公司,气煤|进口|E|AEJ,G3MMQQD,振希宝兴,防城港,"4","2026-09-03 17:56:06",,"1M",3423620.0,采购中心,St.d,"0.31"
广西柳钢国际贸易有限公司,气煤|进口|E|AEJ,G3MMQQD,振希宝兴,防城港,"4","2026-09-03 17:56:06",,"1M",3423620.0,采购中心,Vdaf,"35.43"
广西柳钢国际贸易有限公司,气煤|进口|E|AEJ,G3MMQQD,振希宝兴,防城港,"4","2026-09-03 17:56:06",,"1M",3423620.0,采购中心,水分,"10.6"
贵州久泰邦达能源开发有限公司,"1/3焦煤|1级|国内",G3MMSY1,,花家庄,"4","2026-09-03 17:52:18",,A2,698340.0,采购中心,Ad,"9.80"
贵州久泰邦达能源开发有限公司,"1/3焦煤|1级|国内",G3MMSY1,,花家庄,"4","2026-09-03 17:52:18",,A2,698340.0,采购中心,FCad,"59.86"
贵州久泰邦达能源开发有限公司,"1/3焦煤|1级|国内",G3MMSY1,,花家庄,"4","2026-09-03 17:52:18",,A2,698340.0,采购中心,Mad,"1.21"
贵州久泰邦达能源开发有限公司,"1/3焦煤|1级|国内",G3MMSY1,,花家庄,"4","2026-09-03 17:52:18",,A2,698340.0,采购中心,St.d,"0.38"
贵州久泰邦达能源开发有限公司,"1/3焦煤|1级|国内",G3MMSY1,,花家庄,"4","2026-09-03 17:52:18",,A2,698340.0,采购中心,Vdaf,"32.82"
贵州久泰邦达能源开发有限公司,"1/3焦煤|1级|国内",G3MMSY1,,花家庄,"4","2026-09-03 17:52:18",,A2,698340.0,采购中心,水分,"8.3"
河南天元清洁能源有限公司,贫瘦煤|国内,G3MMPS1,,苏桥,"4","2026-09-03 17:45:22",,"5M",585050.0,采购中心,Ad,"10.81"
河南天元清洁能源有限公司,贫瘦煤|国内,G3MMPS1,,苏桥,"4","2026-09-03 17:45:22",,"5M",585050.0,采购中心,FCad,"75.41"
河南天元清洁能源有限公司,贫瘦煤|国内,G3MMPS1,,苏桥,"4","2026-09-03 17:45:22",,"5M",585050.0,采购中心,Mad,"1.34"
河南天元清洁能源有限公司,贫瘦煤|国内,G3MMPS1,,苏桥,"4","2026-09-03 17:45:22",,"5M",585050.0,采购中心,St.d,"0.35"
河南天元清洁能源有限公司,贫瘦煤|国内,G3MMPS1,,苏桥,"4","2026-09-03 17:45:22",,"5M",585050.0,采购中心,Vdaf,"14.30"
河南天元清洁能源有限公司,贫瘦煤|国内,G3MMPS1,,苏桥,"4","2026-09-03 17:45:22",,"5M",585050.0,采购中心,水分,"13.3"
河南天元清洁能源有限公司,贫瘦煤|国内,G3MMPS1,,苏桥,"4","2026-09-03 17:38:12",,"5M",585050.0,采购中心,Ad,"10.31"
河南天元清洁能源有限公司,贫瘦煤|国内,G3MMPS1,,苏桥,"4","2026-09-03 17:38:12",,"5M",585050.0,采购中心,FCad,"76.33"
河南天元清洁能源有限公司,贫瘦煤|国内,G3MMPS1,,苏桥,"4","2026-09-03 17:38:12",,"5M",585050.0,采购中心,Mad,"1.37"
河南天元清洁能源有限公司,贫瘦煤|国内,G3MMPS1,,苏桥,"4","2026-09-03 17:38:12",,"5M",585050.0,采购中心,St.d,"0.35"
河南天元清洁能源有限公司,贫瘦煤|国内,G3MMPS1,,苏桥,"4","2026-09-03 17:38:12",,"5M",585050.0,采购中心,Vdaf,"13.71"
河南天元清洁能源有限公司,贫瘦煤|国内,G3MMPS1,,苏桥,"4","2026-09-03 17:38:12",,"5M",585050.0,采购中心,水分,"13.3"
山西潞安环保能源开发股份有限公司,贫瘦煤|国内,G3MMPS1,,长治北,"4","2026-09-03 17:36:07",,"5M",138450.0,采购中心,Ad,"10.17"
山西潞安环保能源开发股份有限公司,贫瘦煤|国内,G3MMPS1,,长治北,"4","2026-09-03 17:36:07",,"5M",138450.0,采购中心,FCad,"77.75"
山西潞安环保能源开发股份有限公司,贫瘦煤|国内,G3MMPS1,,长治北,"4","2026-09-03 17:36:07",,"5M",138450.0,采购中心,Mad,"1.33"
山西潞安环保能源开发股份有限公司,贫瘦煤|国内,G3MMPS1,,长治北,"4","2026-09-03 17:36:07",,"5M",138450.0,采购中心,St.d,"0.36"
山西潞安环保能源开发股份有限公司,贫瘦煤|国内,G3MMPS1,,长治北,"4","2026-09-03 17:36:07",,"5M",138450.0,采购中心,Vdaf,"12.29"
山西潞安环保能源开发股份有限公司,贫瘦煤|国内,G3MMPS1,,长治北,"4","2026-09-03 17:36:07",,"5M",138450.0,采购中心,水分,"7.7"
焦化厂,炼焦配合煤,A2MMJPM,,,"4","2026-09-03 16:08:47",喷吹用煤（原料）,,,采购中心,Ad,"9.03"
焦化厂,炼焦配合煤,A2MMJPM,,,"4","2026-09-03 16:08:47",喷吹用煤（原料）,,,采购中心,Ad,"10.37"
焦化厂,炼焦配合煤,A2MMJPM,,,"4","2026-09-03 16:08:47",喷吹用煤（原料）,,,采购中心,FCad,"68.70"
焦化厂,炼焦配合煤,A2MMJPM,,,"4","2026-09-03 16:08:47",喷吹用煤（原料）,,,采购中心,FCad,"71.40"
焦化厂,炼焦配合煤,A2MMJPM,,,"4","2026-09-03 16:08:47",喷吹用煤（原料）,,,采购中心,Mad,"1.39"
焦化厂,炼焦配合煤,A2MMJPM,,,"4","2026-09-03 16:08:47",喷吹用煤（原料）,,,采购中心,Mad,"1.58"
焦化厂,炼焦配合煤,A2MMJPM,,,"4","2026-09-03 16:08:47",喷吹用煤（原料）,,,采购中心,St.d,"0.37"
焦化厂,炼焦配合煤,A2MMJPM,,,"4","2026-09-03 16:08:47",喷吹用煤（原料）,,,采购中心,St.d,"0.41"
焦化厂,炼焦配合煤,A2MMJPM,,,"4","2026-09-03 16:08:47",喷吹用煤（原料）,,,采购中心,Vdaf,"20.25"
焦化厂,炼焦配合煤,A2MMJPM,,,"4","2026-09-03 16:08:47",喷吹用煤（原料）,,,采购中心,Vdaf,"22.27"
焦化厂,炼焦配合煤,A2MMJPM,,,"4","2026-09-03 16:08:47",喷吹用煤（原料）,,,采购中心,水分,"6.8"
焦化厂,炼焦配合煤,A2MMJPM,,,"4","2026-09-03 16:08:47",喷吹用煤（原料）,,,采购中心,水分,"10.2"
广西柳钢国际贸易有限公司,国内烧结无烟煤,G3MMSWM,,嘉峰,"4","2026-09-03 15:05:27",,,839050.0,采购中心,Ad,"11.04"
广西柳钢国际贸易有限公司,国内烧结无烟煤,G3MMSWM,,嘉峰,"4","2026-09-03 15:05:27",,,839050.0,采购中心,FCad,"80.44"
广西柳钢国际贸易有限公司,国内烧结无烟煤,G3MMSWM,,嘉峰,"4","2026-09-03 15:05:27",,,839050.0,采购中心,Mad,"2.94"
广西柳钢国际贸易有限公司,国内烧结无烟煤,G3MMSWM,,嘉峰,"4","2026-09-03 15:05:27",,,839050.0,采购中心,St.d,"0.36"
广西柳钢国际贸易有限公司,国内烧结无烟煤,G3MMSWM,,嘉峰,"4","2026-09-03 15:05:27",,,839050.0,采购中心,Vdaf,"6.83"
广西柳钢国际贸易有限公司,国内烧结无烟煤,G3MMSWM,,嘉峰,"4","2026-09-03 15:05:27",,,839050.0,采购中心,水分,"6.9"
贵州盘江精煤股份有限公司,炼焦贫瘦煤|国内,G3MMJPS1,,红果,"4","2026-09-03 12:36:42",,"1M",426990.0,采购中心,Ad,"11.22"
贵州盘江精煤股份有限公司,炼焦贫瘦煤|国内,G3MMJPS1,,红果,"4","2026-09-03 12:36:42",,"1M",426990.0,采购中心,FCad,"76.02"
贵州盘江精煤股份有限公司,炼焦贫瘦煤|国内,G3MMJPS1,,红果,"4","2026-09-03 12:36:42",,"1M",426990.0,采购中心,Mad,"1.20"
贵州盘江精煤股份有限公司,炼焦贫瘦煤|国内,G3MMJPS1,,红果,"4","2026-09-03 12:36:42",,"1M",426990.0,采购中心,St.d,"0.91"
贵州盘江精煤股份有限公司,炼焦贫瘦煤|国内,G3MMJPS1,,红果,"4","2026-09-03 12:36:42",,"1M",426990.0,采购中心,Vdaf,"13.33"
贵州盘江精煤股份有限公司,炼焦贫瘦煤|国内,G3MMJPS1,,红果,"4","2026-09-03 12:36:42",,"1M",426990.0,采购中心,水分,"12.5"
贵州盘江精煤股份有限公司,炼焦贫瘦煤|国内,G3MMJPS1,,红果,"4","2026-09-03 10:45:37",,A2,448830.0,采购中心,Ad,"11.33"
贵州盘江精煤股份有限公司,炼焦贫瘦煤|国内,G3MMJPS1,,红果,"4","2026-09-03 10:45:37",,A2,448830.0,采购中心,FCad,"75.81"
贵州盘江精煤股份有限公司,炼焦贫瘦煤|国内,G3MMJPS1,,红果,"4","2026-09-03 10:45:37",,A2,448830.0,采购中心,Mad,"1.24"
贵州盘江精煤股份有限公司,炼焦贫瘦煤|国内,G3MMJPS1,,红果,"4","2026-09-03 10:45:37",,A2,448830.0,采购中心,St.d,"0.92"
贵州盘江精煤股份有限公司,炼焦贫瘦煤|国内,G3MMJPS1,,红果,"4","2026-09-03 10:45:37",,A2,448830.0,采购中心,Vdaf,"13.43"
贵州盘江精煤股份有限公司,炼焦贫瘦煤|国内,G3MMJPS1,,红果,"4","2026-09-03 10:45:37",,A2,448830.0,采购中心,水分,"12.0"
贵州盘江精煤股份有限公司,炼焦贫瘦煤|国内,G3MMJPS1,,红果,"4","2026-09-03 09:10:12",,"1M",461730.0,采购中心,Ad,"11.34"
贵州盘江精煤股份有限公司,炼焦贫瘦煤|国内,G3MMJPS1,,红果,"4","2026-09-03 09:10:12",,"1M",461730.0,采购中心,FCad,"76.15"
贵州盘江精煤股份有限公司,炼焦贫瘦煤|国内,G3MMJPS1,,红果,"4","2026-09-03 09:10:12",,"1M",461730.0,采购中心,Mad,"1.21"
贵州盘江精煤股份有限公司,炼焦贫瘦煤|国内,G3MMJPS1,,红果,"4","2026-09-03 09:10:12",,"1M",461730.0,采购中心,St.d,"0.91"
贵州盘江精煤股份有限公司,炼焦贫瘦煤|国内,G3MMJPS1,,红果,"4","2026-09-03 09:10:12",,"1M",461730.0,采购中心,Vdaf,"13.05"
贵州盘江精煤股份有限公司,炼焦贫瘦煤|国内,G3MMJPS1,,红果,"4","2026-09-03 09:10:12",,"1M",461730.0,采购中心,水分,"13.3"
贵州盘江精煤股份有限公司,炼焦贫瘦煤|国内,G3MMJPS1,,红果,"4","2026-09-03 05:22:20",,"1M",555050.0,采购中心,Ad,"11.26"
贵州盘江精煤股份有限公司,炼焦贫瘦煤|国内,G3MMJPS1,,红果,"4","2026-09-03 05:22:20",,"1M",555050.0,采购中心,FCad,"75.84"
贵州盘江精煤股份有限公司,炼焦贫瘦煤|国内,G3MMJPS1,,红果,"4","2026-09-03 05:22:20",,"1M",555050.0,采购中心,Mad,"1.21"
贵州盘江精煤股份有限公司,炼焦贫瘦煤|国内,G3MMJPS1,,红果,"4","2026-09-03 05:22:20",,"1M",555050.0,采购中心,St.d,"0.91"
贵州盘江精煤股份有限公司,炼焦贫瘦煤|国内,G3MMJPS1,,红果,"4","2026-09-03 05:22:20",,"1M",555050.0,采购中心,Vdaf,"13.49"
贵州盘江精煤股份有限公司,炼焦贫瘦煤|国内,G3MMJPS1,,红果,"4","2026-09-03 05:22:20",,"1M",555050.0,采购中心,水分,"12.8"
广西柳钢国际贸易有限公司,主焦煤|2级|进口|澳洲|GLV Prime,G3MMZJ8,瑞海,防城港,"4","2026-09-03 05:14:43",,"4M",3349140.0,采购中心,Ad,"10.39"
广西柳钢国际贸易有限公司,主焦煤|2级|进口|澳洲|GLV Prime,G3MMZJ8,瑞海,防城港,"4","2026-09-03 05:14:43",,"4M",3349140.0,采购中心,FCad,"68.35"
广西柳钢国际贸易有限公司,主焦煤|2级|进口|澳洲|GLV Prime,G3MMZJ8,瑞海,防城港,"4","2026-09-03 05:14:43",,"4M",3349140.0,采购中心,Mad,"1.14"
广西柳钢国际贸易有限公司,主焦煤|2级|进口|澳洲|GLV Prime,G3MMZJ8,瑞海,防城港,"4","2026-09-03 05:14:43",,"4M",3349140.0,采购中心,St.d,"0.36"
广西柳钢国际贸易有限公司,主焦煤|2级|进口|澳洲|GLV Prime,G3MMZJ8,瑞海,防城港,"4","2026-09-03 05:14:43",,"4M",3349140.0,采购中心,Vdaf,"22.85"
广西柳钢国际贸易有限公司,主焦煤|2级|进口|澳洲|GLV Prime,G3MMZJ8,瑞海,防城港,"4","2026-09-03 05:14:43",,"4M",3349140.0,采购中心,水分,"11.7"
广西柳钢国际贸易有限公司,肥煤|国内,G3MMFF1,,宝丰,"4","2026-09-03 02:35:24",,"1M",625260.0,采购中心,Ad,"10.81"
广西柳钢国际贸易有限公司,肥煤|国内,G3MMFF1,,宝丰,"4","2026-09-03 02:35:24",,"1M",625260.0,采购中心,FCad,"61.22"
广西柳钢国际贸易有限公司,肥煤|国内,G3MMFF1,,宝丰,"4","2026-09-03 02:35:24",,"1M",625260.0,采购中心,Mad,"1.12"
广西柳钢国际贸易有限公司,肥煤|国内,G3MMFF1,,宝丰,"4","2026-09-03 02:35:24",,"1M",625260.0,采购中心,St.d,"1.81"
广西柳钢国际贸易有限公司,肥煤|国内,G3MMFF1,,宝丰,"4","2026-09-03 02:35:24",,"1M",625260.0,采购中心,Vdaf,"30.58"
广西柳钢国际贸易有限公司,肥煤|国内,G3MMFF1,,宝丰,"4","2026-09-03 02:35:24",,"1M",625260.0,采购中心,水分,"12.0"
石嘴山市惠农区永鑫工贸有限公司,肥煤|国内,G3MMFF1,,惠农,"4","2026-09-03 01:19:46",,A2,751300.0,采购中心,Ad,"10.15"
石嘴山市惠农区永鑫工贸有限公司,肥煤|国内,G3MMFF1,,惠农,"4","2026-09-03 01:19:46",,A2,751300.0,采购中心,FCad,"61.70"
石嘴山市惠农区永鑫工贸有限公司,肥煤|国内,G3MMFF1,,惠农,"4","2026-09-03 01:19:46",,A2,751300.0,采购中心,Mad,"1.08"
石嘴山市惠农区永鑫工贸有限公司,肥煤|国内,G3MMFF1,,惠农,"4","2026-09-03 01:19:46",,A2,751300.0,采购中心,St.d,"1.98"
石嘴山市惠农区永鑫工贸有限公司,肥煤|国内,G3MMFF1,,惠农,"4","2026-09-03 01:19:46",,A2,751300.0,采购中心,Vdaf,"30.58"
石嘴山市惠农区永鑫工贸有限公司,肥煤|国内,G3MMFF1,,惠农,"4","2026-09-03 01:19:46",,A2,751300.0,采购中心,水分,"9.7"
石嘴山市惠农区永鑫工贸有限公司,肥煤|国内,G3MMFF1,,惠农,"4","2026-09-03 01:18:22",,A2,751040.0,采购中心,Ad,"10.09"
石嘴山市惠农区永鑫工贸有限公司,肥煤|国内,G3MMFF1,,惠农,"4","2026-09-03 01:18:22",,A2,751040.0,采购中心,FCad,"62.14"
石嘴山市惠农区永鑫工贸有限公司,肥煤|国内,G3MMFF1,,惠农,"4","2026-09-03 01:18:22",,A2,751040.0,采购中心,Mad,"0.99"
石嘴山市惠农区永鑫工贸有限公司,肥煤|国内,G3MMFF1,,惠农,"4","2026-09-03 01:18:22",,A2,751040.0,采购中心,St.d,"1.97"
石嘴山市惠农区永鑫工贸有限公司,肥煤|国内,G3MMFF1,,惠农,"4","2026-09-03 01:18:22",,A2,751040.0,采购中心,Vdaf,"30.19"
石嘴山市惠农区永鑫工贸有限公司,肥煤|国内,G3MMFF1,,惠农,"4","2026-09-03 01:18:22",,A2,751040.0,采购中心,水分,"9.8"
国家能源投资集团有限责任公司煤炭经营分公司,烟煤|国内,G3MMYY1,,大保当,"4","2026-09-03 00:24:26",,A7,3175670.0,采购中心,Ad,"6.47"
国家能源投资集团有限责任公司煤炭经营分公司,烟煤|国内,G3MMYY1,,大保当,"4","2026-09-03 00:24:26",,A7,3175670.0,采购中心,FCad,"55.59"
国家能源投资集团有限责任公司煤炭经营分公司,烟煤|国内,G3MMYY1,,大保当,"4","2026-09-03 00:24:26",,A7,3175670.0,采购中心,Mad,"4.19"
国家能源投资集团有限责任公司煤炭经营分公司,烟煤|国内,G3MMYY1,,大保当,"4","2026-09-03 00:24:26",,A7,3175670.0,采购中心,St.d,"0.62"
国家能源投资集团有限责任公司煤炭经营分公司,烟煤|国内,G3MMYY1,,大保当,"4","2026-09-03 00:24:26",,A7,3175670.0,采购中心,Vdaf,"37.96"
国家能源投资集团有限责任公司煤炭经营分公司,烟煤|国内,G3MMYY1,,大保当,"4","2026-09-03 00:24:26",,A7,3175670.0,采购中心,水分,"10.9"
中国诚通国际贸易有限公司,贫瘦煤|国内,G3MMPS1,,宋寨,"4","2026-09-03 00:09:03",,"5M",457940.0,采购中心,Ad,"10.42"
中国诚通国际贸易有限公司,贫瘦煤|国内,G3MMPS1,,宋寨,"4","2026-09-03 00:09:03",,"5M",457940.0,采购中心,FCad,"74.17"
中国诚通国际贸易有限公司,贫瘦煤|国内,G3MMPS1,,宋寨,"4","2026-09-03 00:09:03",,"5M",457940.0,采购中心,Mad,"1.85"
中国诚通国际贸易有限公司,贫瘦煤|国内,G3MMPS1,,宋寨,"4","2026-09-03 00:09:03",,"5M",457940.0,采购中心,St.d,"0.54"
中国诚通国际贸易有限公司,贫瘦煤|国内,G3MMPS1,,宋寨,"4","2026-09-03 00:09:03",,"5M",457940.0,采购中心,Vdaf,"15.64"
中国诚通国际贸易有限公司,贫瘦煤|国内,G3MMPS1,,宋寨,"4","2026-09-03 00:09:03",,"5M",457940.0,采购中心,水分,"15.2"
中国诚通国际贸易有限公司,贫瘦煤|国内,G3MMPS1,,宋寨,"4","2026-09-02 22:09:16",,"5M",457940.0,采购中心,Ad,"10.01"
中国诚通国际贸易有限公司,贫瘦煤|国内,G3MMPS1,,宋寨,"4","2026-09-02 22:09:16",,"5M",457940.0,采购中心,FCad,"73.45"
中国诚通国际贸易有限公司,贫瘦煤|国内,G3MMPS1,,宋寨,"4","2026-09-02 22:09:16",,"5M",457940.0,采购中心,Mad,"1.95"
中国诚通国际贸易有限公司,贫瘦煤|国内,G3MMPS1,,宋寨,"4","2026-09-02 22:09:16",,"5M",457940.0,采购中心,St.d,"0.59"
中国诚通国际贸易有限公司,贫瘦煤|国内,G3MMPS1,,宋寨,"4","2026-09-02 22:09:16",,"5M",457940.0,采购中心,Vdaf,"16.76"
中国诚通国际贸易有限公司,贫瘦煤|国内,G3MMPS1,,宋寨,"4","2026-09-02 22:09:16",,"5M",457940.0,采购中心,水分,"16.4"
石嘴山市惠农区永鑫工贸有限公司,肥煤|国内,G3MMFF1,,惠农,"4","2026-09-02 20:26:55",,"1M",618740.0,采购中心,Ad,"10.03"
石嘴山市惠农区永鑫工贸有限公司,肥煤|国内,G3MMFF1,,惠农,"4","2026-09-02 20:26:55",,"1M",618740.0,采购中心,FCad,"62.07"
石嘴山市惠农区永鑫工贸有限公司,肥煤|国内,G3MMFF1,,惠农,"4","2026-09-02 20:26:55",,"1M",618740.0,采购中心,Mad,"1.04"
石嘴山市惠农区永鑫工贸有限公司,肥煤|国内,G3MMFF1,,惠农,"4","2026-09-02 20:26:55",,"1M",618740.0,采购中心,St.d,"1.88"
石嘴山市惠农区永鑫工贸有限公司,肥煤|国内,G3MMFF1,,惠农,"4","2026-09-02 20:26:55",,"1M",618740.0,采购中心,Vdaf,"30.28"
石嘴山市惠农区永鑫工贸有限公司,肥煤|国内,G3MMFF1,,惠农,"4","2026-09-02 20:26:55",,"1M",618740.0,采购中心,水分,"10.4"
石嘴山市惠农区永鑫工贸有限公司,肥煤|国内,G3MMFF1,,惠农,"4","2026-09-02 20:14:14",,"4M",485450.0,采购中心,Ad,"10.11"
石嘴山市惠农区永鑫工贸有限公司,肥煤|国内,G3MMFF1,,惠农,"4","2026-09-02 20:14:14",,"4M",485450.0,采购中心,FCad,"61.72"
石嘴山市惠农区永鑫工贸有限公司,肥煤|国内,G3MMFF1,,惠农,"4","2026-09-02 20:14:14",,"4M",485450.0,采购中心,Mad,"1.02"
石嘴山市惠农区永鑫工贸有限公司,肥煤|国内,G3MMFF1,,惠农,"4","2026-09-02 20:14:14",,"4M",485450.0,采购中心,St.d,"1.90"
石嘴山市惠农区永鑫工贸有限公司,肥煤|国内,G3MMFF1,,惠农,"4","2026-09-02 20:14:14",,"4M",485450.0,采购中心,Vdaf,"30.63"
石嘴山市惠农区永鑫工贸有限公司,肥煤|国内,G3MMFF1,,惠农,"4","2026-09-02 20:14:14",,"4M",485450.0,采购中心,水分,"10.6"
石嘴山市惠农区永鑫工贸有限公司,肥煤|国内,G3MMFF1,,惠农,"4","2026-09-02 19:59:09",,"1M",618280.0,采购中心,Ad,"9.98"
石嘴山市惠农区永鑫工贸有限公司,肥煤|国内,G3MMFF1,,惠农,"4","2026-09-02 19:59:09",,"1M",618280.0,采购中心,FCad,"61.96"
石嘴山市惠农区永鑫工贸有限公司,肥煤|国内,G3MMFF1,,惠农,"4","2026-09-02 19:59:09",,"1M",618280.0,采购中心,Mad,"1.07"
石嘴山市惠农区永鑫工贸有限公司,肥煤|国内,G3MMFF1,,惠农,"4","2026-09-02 19:59:09",,"1M",618280.0,采购中心,St.d,"1.98"
石嘴山市惠农区永鑫工贸有限公司,肥煤|国内,G3MMFF1,,惠农,"4","2026-09-02 19:59:09",,"1M",618280.0,采购中心,Vdaf,"30.43"
石嘴山市惠农区永鑫工贸有限公司,肥煤|国内,G3MMFF1,,惠农,"4","2026-09-02 19:59:09",,"1M",618280.0,采购中心,水分,"10.6"
中国诚通国际贸易有限公司,贫瘦煤|国内,G3MMPS1,,宋寨,"4","2026-09-02 19:19:54",,,1020690.0,采购中心,Ad,"10.20"
中国诚通国际贸易有限公司,贫瘦煤|国内,G3MMPS1,,宋寨,"4","2026-09-02 19:19:54",,,1020690.0,采购中心,FCad,"73.54"
中国诚通国际贸易有限公司,贫瘦煤|国内,G3MMPS1,,宋寨,"4","2026-09-02 19:19:54",,,1020690.0,采购中心,Mad,"1.91"
中国诚通国际贸易有限公司,贫瘦煤|国内,G3MMPS1,,宋寨,"4","2026-09-02 19:19:54",,,1020690.0,采购中心,St.d,"0.59"
中国诚通国际贸易有限公司,贫瘦煤|国内,G3MMPS1,,宋寨,"4","2026-09-02 19:19:54",,,1020690.0,采购中心,Vdaf,"16.51"
中国诚通国际贸易有限公司,贫瘦煤|国内,G3MMPS1,,宋寨,"4","2026-09-02 19:19:54",,,1020690.0,采购中心,水分,"15.4"
中国诚通国际贸易有限公司,贫瘦煤|国内,G3MMPS1,,宋寨,"4","2026-09-02 17:52:44",,"5M",1020690.0,采购中心,Ad,"10.71"
中国诚通国际贸易有限公司,贫瘦煤|国内,G3MMPS1,,宋寨,"4","2026-09-02 17:52:44",,"5M",1020690.0,采购中心,FCad,"73.60"
中国诚通国际贸易有限公司,贫瘦煤|国内,G3MMPS1,,宋寨,"4","2026-09-02 17:52:44",,"5M",1020690.0,采购中心,Mad,"1.70"
中国诚通国际贸易有限公司,贫瘦煤|国内,G3MMPS1,,宋寨,"4","2026-09-02 17:52:44",,"5M",1020690.0,采购中心,St.d,"0.54"
中国诚通国际贸易有限公司,贫瘦煤|国内,G3MMPS1,,宋寨,"4","2026-09-02 17:52:44",,"5M",1020690.0,采购中心,Vdaf,"16.14"
中国诚通国际贸易有限公司,贫瘦煤|国内,G3MMPS1,,宋寨,"4","2026-09-02 17:52:44",,"5M",1020690.0,采购中心,水分,"15.2"
贵州盘江精煤股份有限公司,"1/3焦煤|1级|国内",G3MMSY1,,月亮田,"4","2026-09-02 17:34:46",,A2,997250.0,采购中心,Ad,"10.73"
贵州盘江精煤股份有限公司,"1/3焦煤|1级|国内",G3MMSY1,,月亮田,"4","2026-09-02 17:34:46",,A2,997250.0,采购中心,FCad,"56.57"
贵州盘江精煤股份有限公司,"1/3焦煤|1级|国内",G3MMSY1,,月亮田,"4","2026-09-02 17:34:46",,A2,997250.0,采购中心,Mad,"1.14"
贵州盘江精煤股份有限公司,"1/3焦煤|1级|国内",G3MMSY1,,月亮田,"4","2026-09-02 17:34:46",,A2,997250.0,采购中心,St.d,"0.78"
贵州盘江精煤股份有限公司,"1/3焦煤|1级|国内",G3MMSY1,,月亮田,"4","2026-09-02 17:34:46",,A2,997250.0,采购中心,Vdaf,"35.90"
贵州盘江精煤股份有限公司,"1/3焦煤|1级|国内",G3MMSY1,,月亮田,"4","2026-09-02 17:34:46",,A2,997250.0,采购中心,水分,"10.7"
焦化厂,炼焦配合煤,A2MMJPM,,,"4","2026-09-02 15:52:43",喷吹用煤（原料）,,,采购中心,Ad,"10.06"
焦化厂,炼焦配合煤,A2MMJPM,,,"4","2026-09-02 15:52:43",喷吹用煤（原料）,,,采购中心,Ad,"10.44"
焦化厂,炼焦配合煤,A2MMJPM,,,"4","2026-09-02 15:52:43",喷吹用煤（原料）,,,采购中心,FCad,"61.90"
焦化厂,炼焦配合煤,A2MMJPM,,,"4","2026-09-02 15:52:43",喷吹用煤（原料）,,,采购中心,FCad,"68.62"
焦化厂,炼焦配合煤,A2MMJPM,,,"4","2026-09-02 15:52:43",喷吹用煤（原料）,,,采购中心,Mad,"1.15"
焦化厂,炼焦配合煤,A2MMJPM,,,"4","2026-09-02 15:52:43",喷吹用煤（原料）,,,采购中心,Mad,"1.28"
焦化厂,炼焦配合煤,A2MMJPM,,,"4","2026-09-02 15:52:43",喷吹用煤（原料）,,,采购中心,St.d,"0.36"
焦化厂,炼焦配合煤,A2MMJPM,,,"4","2026-09-02 15:52:43",喷吹用煤（原料）,,,采购中心,St.d,"1.87"
焦化厂,炼焦配合煤,A2MMJPM,,,"4","2026-09-02 15:52:43",喷吹用煤（原料）,,,采购中心,Vdaf,"30.08"
焦化厂,炼焦配合煤,A2MMJPM,,,"4","2026-09-02 15:52:43",喷吹用煤（原料）,,,采购中心,Vdaf,"22.72"
焦化厂,炼焦配合煤,A2MMJPM,,,"4","2026-09-02 15:52:43",喷吹用煤（原料）,,,采购中心,水分,"10.4"
焦化厂,炼焦配合煤,A2MMJPM,,,"4","2026-09-02 15:52:43",喷吹用煤（原料）,,,采购中心,水分,"10.4"
广西柳钢国际贸易有限公司,国内烧结无烟煤,G3MMSWM,,嘉峰,"4","2026-09-02 13:50:39",,,1229430.0,采购中心,Ad,"11.53"
广西柳钢国际贸易有限公司,国内烧结无烟煤,G3MMSWM,,嘉峰,"4","2026-09-02 13:50:39",,,1229430.0,采购中心,FCad,"80.53"
广西柳钢国际贸易有限公司,国内烧结无烟煤,G3MMSWM,,嘉峰,"4","2026-09-02 13:50:39",,,1229430.0,采购中心,Mad,"2.12"
广西柳钢国际贸易有限公司,国内烧结无烟煤,G3MMSWM,,嘉峰,"4","2026-09-02 13:50:39",,,1229430.0,采购中心,St.d,"0.40"
广西柳钢国际贸易有限公司,国内烧结无烟煤,G3MMSWM,,嘉峰,"4","2026-09-02 13:50:39",,,1229430.0,采购中心,Vdaf,"7.00"
广西柳钢国际贸易有限公司,国内烧结无烟煤,G3MMSWM,,嘉峰,"4","2026-09-02 13:50:39",,,1229430.0,采购中心,水分,"6.9"
贵州盘江精煤股份有限公司,炼焦贫瘦煤|国内,G3MMJPS1,,红果,"4","2026-09-02 13:18:24",,"1M",556510.0,采购中心,Ad,"10.94"
贵州盘江精煤股份有限公司,炼焦贫瘦煤|国内,G3MMJPS1,,红果,"4","2026-09-02 13:18:24",,"1M",556510.0,采购中心,FCad,"76.33"
贵州盘江精煤股份有限公司,炼焦贫瘦煤|国内,G3MMJPS1,,红果,"4","2026-09-02 13:18:24",,"1M",556510.0,采购中心,Mad,"1.06"
贵州盘江精煤股份有限公司,炼焦贫瘦煤|国内,G3MMJPS1,,红果,"4","2026-09-02 13:18:24",,"1M",556510.0,采购中心,St.d,"0.85"
贵州盘江精煤股份有限公司,炼焦贫瘦煤|国内,G3MMJPS1,,红果,"4","2026-09-02 13:18:24",,"1M",556510.0,采购中心,Vdaf,"13.38"
贵州盘江精煤股份有限公司,炼焦贫瘦煤|国内,G3MMJPS1,,红果,"4","2026-09-02 13:18:24",,"1M",556510.0,采购中心,水分,"12.6"
贵州盘江精煤股份有限公司,"1/3焦煤|1级|国内",G3MMSY1,,月亮田,"4","2026-09-02 08:00:54",,A2,815200.0,采购中心,Ad,"11.11"
贵州盘江精煤股份有限公司,"1/3焦煤|1级|国内",G3MMSY1,,月亮田,"4","2026-09-02 08:00:54",,A2,815200.0,采购中心,FCad,"56.74"
贵州盘江精煤股份有限公司,"1/3焦煤|1级|国内",G3MMSY1,,月亮田,"4","2026-09-02 08:00:54",,A2,815200.0,采购中心,Mad,"1.12"
贵州盘江精煤股份有限公司,"1/3焦煤|1级|国内",G3MMSY1,,月亮田,"4","2026-09-02 08:00:54",,A2,815200.0,采购中心,St.d,"0.87"
贵州盘江精煤股份有限公司,"1/3焦煤|1级|国内",G3MMSY1,,月亮田,"4","2026-09-02 08:00:54",,A2,815200.0,采购中心,Vdaf,"35.44"
贵州盘江精煤股份有限公司,"1/3焦煤|1级|国内",G3MMSY1,,月亮田,"4","2026-09-02 08:00:54",,A2,815200.0,采购中心,水分,"10.7"
贵州盘江精煤股份有限公司,"1/3焦煤|1级|国内",G3MMSY1,,柏果,"4","2026-09-02 06:52:59",,"4M",371510.0,采购中心,Ad,"10.50"
贵州盘江精煤股份有限公司,"1/3焦煤|1级|国内",G3MMSY1,,柏果,"4","2026-09-02 06:52:59",,"4M",371510.0,采购中心,FCad,"61.72"
贵州盘江精煤股份有限公司,"1/3焦煤|1级|国内",G3MMSY1,,柏果,"4","2026-09-02 06:52:59",,"4M",371510.0,采购中心,Mad,"1.03"
贵州盘江精煤股份有限公司,"1/3焦煤|1级|国内",G3MMSY1,,柏果,"4","2026-09-02 06:52:59",,"4M",371510.0,采购中心,St.d,"0.29"
贵州盘江精煤股份有限公司,"1/3焦煤|1级|国内",G3MMSY1,,柏果,"4","2026-09-02 06:52:59",,"4M",371510.0,采购中心,Vdaf,"30.32"
贵州盘江精煤股份有限公司,"1/3焦煤|1级|国内",G3MMSY1,,柏果,"4","2026-09-02 06:52:59",,"4M",371510.0,采购中心,水分,"11.7"
贵州盘江精煤股份有限公司,炼焦贫瘦煤|国内,G3MMJPS1,,红果,"4","2026-09-02 05:23:36",,A2,612920.0,采购中心,Ad,"11.44"
贵州盘江精煤股份有限公司,炼焦贫瘦煤|国内,G3MMJPS1,,红果,"4","2026-09-02 05:23:36",,A2,612920.0,采购中心,FCad,"76.04"
贵州盘江精煤股份有限公司,炼焦贫瘦煤|国内,G3MMJPS1,,红果,"4","2026-09-02 05:23:36",,A2,612920.0,采购中心,Mad,"0.73"
贵州盘江精煤股份有限公司,炼焦贫瘦煤|国内,G3MMJPS1,,红果,"4","2026-09-02 05:23:36",,A2,612920.0,采购中心,St.d,"0.94"
贵州盘江精煤股份有限公司,炼焦贫瘦煤|国内,G3MMJPS1,,红果,"4","2026-09-02 05:23:36",,A2,612920.0,采购中心,Vdaf,"13.50"
贵州盘江精煤股份有限公司,炼焦贫瘦煤|国内,G3MMJPS1,,红果,"4","2026-09-02 05:23:36",,A2,612920.0,采购中心,水分,"13.0"
广西柳钢国际贸易有限公司,主焦煤|1级|进口|加拿大|普瑞,G3MMZJML,马尔凯洛,铁山港,"4","2026-09-02 05:05:49",,,4944090.0,采购中心,水分,"9.2"
湖南华菱资源贸易有限公司,贫瘦煤|进口|E|低挥发,G3MMPS10,大文兴,防城港,"4","2026-09-01 20:42:07",,,5471570.0,采购中心,Ad,"9.44"
湖南华菱资源贸易有限公司,贫瘦煤|进口|E|低挥发,G3MMPS10,大文兴,防城港,"4","2026-09-01 20:42:07",,,5471570.0,采购中心,FCad,"78.60"
湖南华菱资源贸易有限公司,贫瘦煤|进口|E|低挥发,G3MMPS10,大文兴,防城港,"4","2026-09-01 20:42:07",,,5471570.0,采购中心,Mad,"2.33"
湖南华菱资源贸易有限公司,贫瘦煤|进口|E|低挥发,G3MMPS10,大文兴,防城港,"4","2026-09-01 20:42:07",,,5471570.0,采购中心,St.d,"0.34"
湖南华菱资源贸易有限公司,贫瘦煤|进口|E|低挥发,G3MMPS10,大文兴,防城港,"4","2026-09-01 20:42:07",,,5471570.0,采购中心,Vdaf,"11.14"
湖南华菱资源贸易有限公司,贫瘦煤|进口|E|低挥发,G3MMPS10,大文兴,防城港,"4","2026-09-01 20:42:07",,,5471570.0,采购中心,水分,"10.2"
炼铁总厂,国内烧结无烟煤,G3MMSWM,,,"4","2026-09-01 19:40:49",烧结用煤,,,采购中心,Ad,"10.73"
炼铁总厂,国内烧结无烟煤,G3MMSWM,,,"4","2026-09-01 19:40:49",烧结用煤,,,采购中心,Ad,"11.31"
炼铁总厂,国内烧结无烟煤,G3MMSWM,,,"4","2026-09-01 19:40:49",烧结用煤,,,采购中心,Cad,"83.18"
炼铁总厂,国内烧结无烟煤,G3MMSWM,,,"4","2026-09-01 19:40:49",烧结用煤,,,采购中心,Cad,"82.22"
炼铁总厂,国内烧结无烟煤,G3MMSWM,,,"4","2026-09-01 19:40:49",烧结用煤,,,采购中心,FCad,"81.53"
炼铁总厂,国内烧结无烟煤,G3MMSWM,,,"4","2026-09-01 19:40:49",烧结用煤,,,采购中心,FCad,"82.21"
炼铁总厂,国内烧结无烟煤,G3MMSWM,,,"4","2026-09-01 19:40:49",烧结用煤,,,采购中心,Had,"2.34"
炼铁总厂,国内烧结无烟煤,G3MMSWM,,,"4","2026-09-01 19:40:49",烧结用煤,,,采购中心,Had,"2.64"
炼铁总厂,国内烧结无烟煤,G3MMSWM,,,"4","2026-09-01 19:40:49",烧结用煤,,,采购中心,Mad,"2.11"
炼铁总厂,国内烧结无烟煤,G3MMSWM,,,"4","2026-09-01 19:40:49",烧结用煤,,,采购中心,Mad,"1.78"
炼铁总厂,国内烧结无烟煤,G3MMSWM,,,"4","2026-09-01 19:40:49",烧结用煤,,,采购中心,St.d,"0.42"
炼铁总厂,国内烧结无烟煤,G3MMSWM,,,"4","2026-09-01 19:40:49",烧结用煤,,,采购中心,St.d,"0.43"
炼铁总厂,国内烧结无烟煤,G3MMSWM,,,"4","2026-09-01 19:40:49",烧结用煤,,,采购中心,Vdaf,"6.09"
炼铁总厂,国内烧结无烟煤,G3MMSWM,,,"4","2026-09-01 19:40:49",烧结用煤,,,采购中心,Vdaf,"6.24"
炼铁总厂,国内烧结无烟煤,G3MMSWM,,,"4","2026-09-01 19:40:49",烧结用煤,,,采购中心,水分,"8.4"
炼铁总厂,国内烧结无烟煤,G3MMSWM,,,"4","2026-09-01 19:40:49",烧结用煤,,,采购中心,水分,"8.2"
广西柳钢国际贸易有限公司,肥煤|国内,G3MMFF1,,宝丰,"4","2026-09-01 18:42:50",,,821360.0,采购中心,Ad,"11.47"
广西柳钢国际贸易有限公司,肥煤|国内,G3MMFF1,,宝丰,"4","2026-09-01 18:42:50",,,821360.0,采购中心,FCad,"61.03"
广西柳钢国际贸易有限公司,肥煤|国内,G3MMFF1,,宝丰,"4","2026-09-01 18:42:50",,,821360.0,采购中心,Mad,"1.08"
广西柳钢国际贸易有限公司,肥煤|国内,G3MMFF1,,宝丰,"4","2026-09-01 18:42:50",,,821360.0,采购中心,St.d,"1.81"
广西柳钢国际贸易有限公司,肥煤|国内,G3MMFF1,,宝丰,"4","2026-09-01 18:42:50",,,821360.0,采购中心,Vdaf,"30.31"
广西柳钢国际贸易有限公司,肥煤|国内,G3MMFF1,,宝丰,"4","2026-09-01 18:42:50",,,821360.0,采购中心,水分,"12.9"
贵州盘江精煤股份有限公司,"1/3焦煤|1级|国内",G3MMSY1,,月亮田,"4","2026-09-01 18:13:09",,,201280.0,采购中心,Ad,"10.59"
贵州盘江精煤股份有限公司,"1/3焦煤|1级|国内",G3MMSY1,,月亮田,"4","2026-09-01 18:13:09",,,201280.0,采购中心,FCad,"56.97"
贵州盘江精煤股份有限公司,"1/3焦煤|1级|国内",G3MMSY1,,月亮田,"4","2026-09-01 18:13:09",,,201280.0,采购中心,Mad,"0.89"
贵州盘江精煤股份有限公司,"1/3焦煤|1级|国内",G3MMSY1,,月亮田,"4","2026-09-01 18:13:09",,,201280.0,采购中心,St.d,"0.88"
贵州盘江精煤股份有限公司,"1/3焦煤|1级|国内",G3MMSY1,,月亮田,"4","2026-09-01 18:13:09",,,201280.0,采购中心,Vdaf,"35.71"
贵州盘江精煤股份有限公司,"1/3焦煤|1级|国内",G3MMSY1,,月亮田,"4","2026-09-01 18:13:09",,,201280.0,采购中心,水分,"11.4"
广西柳钢国际贸易有限公司,主焦煤|3级|进口|澳洲|Fitzroy CD,G3MMZJMO,壮丽和谐,防城港,"4","2026-09-01 18:06:21",,"5M",7031350.0,采购中心,Ad,"8.60"
广西柳钢国际贸易有限公司,主焦煤|3级|进口|澳洲|Fitzroy CD,G3MMZJMO,壮丽和谐,防城港,"4","2026-09-01 18:06:21",,"5M",7031350.0,采购中心,FCad,"69.33"
广西柳钢国际贸易有限公司,主焦煤|3级|进口|澳洲|Fitzroy CD,G3MMZJMO,壮丽和谐,防城港,"4","2026-09-01 18:06:21",,"5M",7031350.0,采购中心,Mad,"1.20"
广西柳钢国际贸易有限公司,主焦煤|3级|进口|澳洲|Fitzroy CD,G3MMZJMO,壮丽和谐,防城港,"4","2026-09-01 18:06:21",,"5M",7031350.0,采购中心,St.d,"0.32"
广西柳钢国际贸易有限公司,主焦煤|3级|进口|澳洲|Fitzroy CD,G3MMZJMO,壮丽和谐,防城港,"4","2026-09-01 18:06:21",,"5M",7031350.0,采购中心,Vdaf,"23.22"
广西柳钢国际贸易有限公司,主焦煤|3级|进口|澳洲|Fitzroy CD,G3MMZJMO,壮丽和谐,防城港,"4","2026-09-01 18:06:21",,"5M",7031350.0,采购中心,水分,"12.7"
焦化厂,炼焦配合煤,A2MMJPM,,,"4","2026-09-01 15:56:59",喷吹用煤（原料）,,,采购中心,Ad,"9.89"
焦化厂,炼焦配合煤,A2MMJPM,,,"4","2026-09-01 15:56:59",喷吹用煤（原料）,,,采购中心,Ad,"10.06"
焦化厂,炼焦配合煤,A2MMJPM,,,"4","2026-09-01 15:56:59",喷吹用煤（原料）,,,采购中心,Cad,"79.31"
焦化厂,炼焦配合煤,A2MMJPM,,,"4","2026-09-01 15:56:59",喷吹用煤（原料）,,,采购中心,Cad,"79.08"
焦化厂,炼焦配合煤,A2MMJPM,,,"4","2026-09-01 15:56:59",喷吹用煤（原料）,,,采购中心,FCad,"65.50"
焦化厂,炼焦配合煤,A2MMJPM,,,"4","2026-09-01 15:56:59",喷吹用煤（原料）,,,采购中心,FCad,"65.54"
焦化厂,炼焦配合煤,A2MMJPM,,,"4","2026-09-01 15:56:59",喷吹用煤（原料）,,,采购中心,Had,"4.49"
焦化厂,炼焦配合煤,A2MMJPM,,,"4","2026-09-01 15:56:59",喷吹用煤（原料）,,,采购中心,Had,"4.54"
焦化厂,炼焦配合煤,A2MMJPM,,,"4","2026-09-01 15:56:59",喷吹用煤（原料）,,,采购中心,Mad,"1.10"
焦化厂,炼焦配合煤,A2MMJPM,,,"4","2026-09-01 15:56:59",喷吹用煤（原料）,,,采购中心,Mad,"1.10"
焦化厂,炼焦配合煤,A2MMJPM,,,"4","2026-09-01 15:56:59",喷吹用煤（原料）,,,采购中心,St.d,"0.68"
焦化厂,炼焦配合煤,A2MMJPM,,,"4","2026-09-01 15:56:59",喷吹用煤（原料）,,,采购中心,St.d,"0.64"
焦化厂,炼焦配合煤,A2MMJPM,,,"4","2026-09-01 15:56:59",喷吹用煤（原料）,,,采购中心,Vdaf,"26.32"
焦化厂,炼焦配合煤,A2MMJPM,,,"4","2026-09-01 15:56:59",喷吹用煤（原料）,,,采购中心,Vdaf,"26.50"
焦化厂,炼焦配合煤,A2MMJPM,,,"4","2026-09-01 15:56:59",喷吹用煤（原料）,,,采购中心,水分,"11.5"
焦化厂,炼焦配合煤,A2MMJPM,,,"4","2026-09-01 15:56:59",喷吹用煤（原料）,,,采购中心,水分,"11.2"
焦化厂,炼焦配合煤,A2MMJPM,,,"4","2026-09-01 15:52:04",喷吹用煤（原料）,,,采购中心,Ad,"10.05"
焦化厂,炼焦配合煤,A2MMJPM,,,"4","2026-09-01 15:52:04",喷吹用煤（原料）,,,采购中心,Ad,"10.23"
焦化厂,炼焦配合煤,A2MMJPM,,,"4","2026-09-01 15:52:04",喷吹用煤（原料）,,,采购中心,Ad,"8.72"
焦化厂,炼焦配合煤,A2MMJPM,,,"4","2026-09-01 15:52:04",喷吹用煤（原料）,,,采购中心,FCad,"54.99"
焦化厂,炼焦配合煤,A2MMJPM,,,"4","2026-09-01 15:52:04",喷吹用煤（原料）,,,采购中心,FCad,"68.87"
焦化厂,炼焦配合煤,A2MMJPM,,,"4","2026-09-01 15:52:04",喷吹用煤（原料）,,,采购中心,FCad,"70.20"
焦化厂,炼焦配合煤,A2MMJPM,,,"4","2026-09-01 15:52:04",喷吹用煤（原料）,,,采购中心,Mad,"0.83"
焦化厂,炼焦配合煤,A2MMJPM,,,"4","2026-09-01 15:52:04",喷吹用煤（原料）,,,采购中心,Mad,"0.96"
焦化厂,炼焦配合煤,A2MMJPM,,,"4","2026-09-01 15:52:04",喷吹用煤（原料）,,,采购中心,Mad,"1.93"
焦化厂,炼焦配合煤,A2MMJPM,,,"4","2026-09-01 15:52:04",喷吹用煤（原料）,,,采购中心,St.d,"0.37"
焦化厂,炼焦配合煤,A2MMJPM,,,"4","2026-09-01 15:52:04",喷吹用煤（原料）,,,采购中心,St.d,"0.52"
焦化厂,炼焦配合煤,A2MMJPM,,,"4","2026-09-01 15:52:04",喷吹用煤（原料）,,,采购中心,St.d,"0.36"
焦化厂,炼焦配合煤,A2MMJPM,,,"4","2026-09-01 15:52:04",喷吹用煤（原料）,,,采购中心,Vdaf,"38.57"
焦化厂,炼焦配合煤,A2MMJPM,,,"4","2026-09-01 15:52:04",喷吹用煤（原料）,,,采购中心,Vdaf,"21.04"
焦化厂,炼焦配合煤,A2MMJPM,,,"4","2026-09-01 15:52:04",喷吹用煤（原料）,,,采购中心,Vdaf,"22.79"
焦化厂,炼焦配合煤,A2MMJPM,,,"4","2026-09-01 15:52:04",喷吹用煤（原料）,,,采购中心,水分,"10.6"
焦化厂,炼焦配合煤,A2MMJPM,,,"4","2026-09-01 15:52:04",喷吹用煤（原料）,,,采购中心,水分,"12.4"
焦化厂,炼焦配合煤,A2MMJPM,,,"4","2026-09-01 15:52:04",喷吹用煤（原料）,,,采购中心,水分,"10.8"
广西柳钢国际贸易有限公司,瘦焦煤|2级|进口|澳大利亚|半山,G3MMSJ5,牵牛星,防城港,"4","2026-09-01 14:45:19",,"1M",68340.0,采购中心,Ad,"9.96"
广西柳钢国际贸易有限公司,瘦焦煤|2级|进口|澳大利亚|半山,G3MMSJ5,牵牛星,防城港,"4","2026-09-01 14:45:19",,"1M",68340.0,采购中心,FCad,"70.94"
广西柳钢国际贸易有限公司,瘦焦煤|2级|进口|澳大利亚|半山,G3MMSJ5,牵牛星,防城港,"4","2026-09-01 14:45:19",,"1M",68340.0,采购中心,Mad,"1.19"
广西柳钢国际贸易有限公司,瘦焦煤|2级|进口|澳大利亚|半山,G3MMSJ5,牵牛星,防城港,"4","2026-09-01 14:45:19",,"1M",68340.0,采购中心,St.d,"0.37"
广西柳钢国际贸易有限公司,瘦焦煤|2级|进口|澳大利亚|半山,G3MMSJ5,牵牛星,防城港,"4","2026-09-01 14:45:19",,"1M",68340.0,采购中心,Vdaf,"20.26"
广西柳钢国际贸易有限公司,瘦焦煤|2级|进口|澳大利亚|半山,G3MMSJ5,牵牛星,防城港,"4","2026-09-01 14:45:19",,"1M",68340.0,采购中心,水分,"10.7"
贵州盘江精煤股份有限公司,炼焦贫瘦煤|国内,G3MMJPS1,,红果,"4","2026-09-01 13:54:57",,A2,130380.0,采购中心,Ad,"11.09"
贵州盘江精煤股份有限公司,炼焦贫瘦煤|国内,G3MMJPS1,,红果,"4","2026-09-01 13:54:57",,A2,130380.0,采购中心,FCad,"76.55"
贵州盘江精煤股份有限公司,炼焦贫瘦煤|国内,G3MMJPS1,,红果,"4","2026-09-01 13:54:57",,A2,130380.0,采购中心,Mad,"0.73"
贵州盘江精煤股份有限公司,炼焦贫瘦煤|国内,G3MMJPS1,,红果,"4","2026-09-01 13:54:57",,A2,130380.0,采购中心,St.d,"0.93"
贵州盘江精煤股份有限公司,炼焦贫瘦煤|国内,G3MMJPS1,,红果,"4","2026-09-01 13:54:57",,A2,130380.0,采购中心,Vdaf,"13.27"
贵州盘江精煤股份有限公司,炼焦贫瘦煤|国内,G3MMJPS1,,红果,"4","2026-09-01 13:54:57",,A2,130380.0,采购中心,水分,"12.8"
广西柳钢国际贸易有限公司,主焦煤|1级|进口|加拿大|普瑞,G3MMZJML,马尔凯洛,铁山港,"4","2026-09-01 13:01:52",,A2,3283540.0,采购中心,Ad,"9.62"
广西柳钢国际贸易有限公司,主焦煤|1级|进口|加拿大|普瑞,G3MMZJML,马尔凯洛,铁山港,"4","2026-09-01 13:01:52",,A2,3283540.0,采购中心,FCad,"65.95"
广西柳钢国际贸易有限公司,主焦煤|1级|进口|加拿大|普瑞,G3MMZJML,马尔凯洛,铁山港,"4","2026-09-01 13:01:52",,A2,3283540.0,采购中心,Mad,"0.89"
广西柳钢国际贸易有限公司,主焦煤|1级|进口|加拿大|普瑞,G3MMZJML,马尔凯洛,铁山港,"4","2026-09-01 13:01:52",,A2,3283540.0,采购中心,St.d,"0.45"
广西柳钢国际贸易有限公司,主焦煤|1级|进口|加拿大|普瑞,G3MMZJML,马尔凯洛,铁山港,"4","2026-09-01 13:01:52",,A2,3283540.0,采购中心,Vdaf,"26.38"
广西柳钢国际贸易有限公司,主焦煤|1级|进口|加拿大|普瑞,G3MMZJML,马尔凯洛,铁山港,"4","2026-09-01 13:01:52",,A2,3283540.0,采购中心,水分,"11.9"
贵州盘江马依煤业有限公司,炼焦贫瘦煤|国内,G3MMJPS1,,瓦窑田,"4","2026-09-01 11:54:10",,,572290.0,采购中心,Ad,"10.41"
贵州盘江马依煤业有限公司,炼焦贫瘦煤|国内,G3MMJPS1,,瓦窑田,"4","2026-09-01 11:54:10",,,572290.0,采购中心,FCad,"76.12"
贵州盘江马依煤业有限公司,炼焦贫瘦煤|国内,G3MMJPS1,,瓦窑田,"4","2026-09-01 11:54:10",,,572290.0,采购中心,Mad,"0.74"
贵州盘江马依煤业有限公司,炼焦贫瘦煤|国内,G3MMJPS1,,瓦窑田,"4","2026-09-01 11:54:10",,,572290.0,采购中心,St.d,"0.82"
贵州盘江马依煤业有限公司,炼焦贫瘦煤|国内,G3MMJPS1,,瓦窑田,"4","2026-09-01 11:54:10",,,572290.0,采购中心,Vdaf,"14.40"
贵州盘江马依煤业有限公司,炼焦贫瘦煤|国内,G3MMJPS1,,瓦窑田,"4","2026-09-01 11:54:10",,,572290.0,采购中心,水分,"14.1"
贵州盘江马依煤业有限公司,炼焦贫瘦煤|国内,G3MMJPS1,,瓦窑田,"4","2026-09-01 10:56:24",,,355960.0,采购中心,Ad,"10.34"
贵州盘江马依煤业有限公司,炼焦贫瘦煤|国内,G3MMJPS1,,瓦窑田,"4","2026-09-01 10:56:24",,,355960.0,采购中心,FCad,"76.04"
贵州盘江马依煤业有限公司,炼焦贫瘦煤|国内,G3MMJPS1,,瓦窑田,"4","2026-09-01 10:56:24",,,355960.0,采购中心,Mad,"0.83"
贵州盘江马依煤业有限公司,炼焦贫瘦煤|国内,G3MMJPS1,,瓦窑田,"4","2026-09-01 10:56:24",,,355960.0,采购中心,St.d,"0.86"
贵州盘江马依煤业有限公司,炼焦贫瘦煤|国内,G3MMJPS1,,瓦窑田,"4","2026-09-01 10:56:24",,,355960.0,采购中心,Vdaf,"14.49"
贵州盘江马依煤业有限公司,炼焦贫瘦煤|国内,G3MMJPS1,,瓦窑田,"4","2026-09-01 10:56:24",,,355960.0,采购中心,水分,"14.9"
山西潞安环保能源开发股份有限公司,贫瘦煤|国内,G3MMPS1,,长治北,"4","2026-09-01 09:22:18",,A2,3272460.0,采购中心,Ad,"10.62"
山西潞安环保能源开发股份有限公司,贫瘦煤|国内,G3MMPS1,,长治北,"4","2026-09-01 09:22:18",,A2,3272460.0,采购中心,FCad,"77.50"
山西潞安环保能源开发股份有限公司,贫瘦煤|国内,G3MMPS1,,长治北,"4","2026-09-01 09:22:18",,A2,3272460.0,采购中心,Mad,"0.93"
山西潞安环保能源开发股份有限公司,贫瘦煤|国内,G3MMPS1,,长治北,"4","2026-09-01 09:22:18",,A2,3272460.0,采购中心,St.d,"0.38"
山西潞安环保能源开发股份有限公司,贫瘦煤|国内,G3MMPS1,,长治北,"4","2026-09-01 09:22:18",,A2,3272460.0,采购中心,Vdaf,"12.48"
山西潞安环保能源开发股份有限公司,贫瘦煤|国内,G3MMPS1,,长治北,"4","2026-09-01 09:22:18",,A2,3272460.0,采购中心,水分,"9.1"
河南天元清洁能源有限公司,贫瘦煤|国内,G3MMPS1,,苏桥,"4","2026-09-01 06:19:46",,"5M",270620.0,采购中心,Ad,"10.78"
河南天元清洁能源有限公司,贫瘦煤|国内,G3MMPS1,,苏桥,"4","2026-09-01 06:19:46",,"5M",270620.0,采购中心,FCad,"76.00"
河南天元清洁能源有限公司,贫瘦煤|国内,G3MMPS1,,苏桥,"4","2026-09-01 06:19:46",,"5M",270620.0,采购中心,Mad,"1.06"
河南天元清洁能源有限公司,贫瘦煤|国内,G3MMPS1,,苏桥,"4","2026-09-01 06:19:46",,"5M",270620.0,采购中心,St.d,"0.34"
河南天元清洁能源有限公司,贫瘦煤|国内,G3MMPS1,,苏桥,"4","2026-09-01 06:19:46",,"5M",270620.0,采购中心,Vdaf,"13.90"
河南天元清洁能源有限公司,贫瘦煤|国内,G3MMPS1,,苏桥,"4","2026-09-01 06:19:46",,"5M",270620.0,采购中心,水分,"12.6"
石嘴山市惠农区永鑫工贸有限公司,肥煤|国内,G3MMFF1,,惠农,"4","2026-09-01 03:23:17",,"1M",607720.0,采购中心,Ad,"10.30"
石嘴山市惠农区永鑫工贸有限公司,肥煤|国内,G3MMFF1,,惠农,"4","2026-09-01 03:23:17",,"1M",607720.0,采购中心,FCad,"61.70"
石嘴山市惠农区永鑫工贸有限公司,肥煤|国内,G3MMFF1,,惠农,"4","2026-09-01 03:23:17",,"1M",607720.0,采购中心,Mad,"0.95"
石嘴山市惠农区永鑫工贸有限公司,肥煤|国内,G3MMFF1,,惠农,"4","2026-09-01 03:23:17",,"1M",607720.0,采购中心,St.d,"1.85"
石嘴山市惠农区永鑫工贸有限公司,肥煤|国内,G3MMFF1,,惠农,"4","2026-09-01 03:23:17",,"1M",607720.0,采购中心,Vdaf,"30.56"
石嘴山市惠农区永鑫工贸有限公司,肥煤|国内,G3MMFF1,,惠农,"4","2026-09-01 03:23:17",,"1M",607720.0,采购中心,水分,"10.4"
河南天元清洁能源有限公司,贫瘦煤|国内,G3MMPS1,,苏桥,"4","2026-09-01 02:35:49",,"5M",958220.0,采购中心,Ad,"10.47"
河南天元清洁能源有限公司,贫瘦煤|国内,G3MMPS1,,苏桥,"4","2026-09-01 02:35:49",,"5M",958220.0,采购中心,FCad,"76.25"
河南天元清洁能源有限公司,贫瘦煤|国内,G3MMPS1,,苏桥,"4","2026-09-01 02:35:49",,"5M",958220.0,采购中心,Mad,"1.02"
河南天元清洁能源有限公司,贫瘦煤|国内,G3MMPS1,,苏桥,"4","2026-09-01 02:35:49",,"5M",958220.0,采购中心,St.d,"0.36"
河南天元清洁能源有限公司,贫瘦煤|国内,G3MMPS1,,苏桥,"4","2026-09-01 02:35:49",,"5M",958220.0,采购中心,Vdaf,"13.96"
河南天元清洁能源有限公司,贫瘦煤|国内,G3MMPS1,,苏桥,"4","2026-09-01 02:35:49",,"5M",958220.0,采购中心,水分,"13.1"
河南天元清洁能源有限公司,贫瘦煤|国内,G3MMPS1,,苏桥,"4","2026-09-01 02:24:19",,"5M",877470.0,采购中心,Ad,"10.53"
河南天元清洁能源有限公司,贫瘦煤|国内,G3MMPS1,,苏桥,"4","2026-09-01 02:24:19",,"5M",877470.0,采购中心,FCad,"76.26"
河南天元清洁能源有限公司,贫瘦煤|国内,G3MMPS1,,苏桥,"4","2026-09-01 02:24:19",,"5M",877470.0,采购中心,Mad,"0.94"
河南天元清洁能源有限公司,贫瘦煤|国内,G3MMPS1,,苏桥,"4","2026-09-01 02:24:19",,"5M",877470.0,采购中心,St.d,"0.35"
河南天元清洁能源有限公司,贫瘦煤|国内,G3MMPS1,,苏桥,"4","2026-09-01 02:24:19",,"5M",877470.0,采购中心,Vdaf,"13.96"
河南天元清洁能源有限公司,贫瘦煤|国内,G3MMPS1,,苏桥,"4","2026-09-01 02:24:19",,"5M",877470.0,采购中心,水分,"10.7"
石嘴山市惠农区永鑫工贸有限公司,肥煤|国内,G3MMFF1,,惠农,"4","2026-09-01 02:23:31",,A2,1072250.0,采购中心,Ad,"10.52"
石嘴山市惠农区永鑫工贸有限公司,肥煤|国内,G3MMFF1,,惠农,"4","2026-09-01 02:23:31",,A2,1072250.0,采购中心,FCad,"61.49"
石嘴山市惠农区永鑫工贸有限公司,肥煤|国内,G3MMFF1,,惠农,"4","2026-09-01 02:23:31",,A2,1072250.0,采购中心,Mad,"0.99"
石嘴山市惠农区永鑫工贸有限公司,肥煤|国内,G3MMFF1,,惠农,"4","2026-09-01 02:23:31",,A2,1072250.0,采购中心,St.d,"1.91"
石嘴山市惠农区永鑫工贸有限公司,肥煤|国内,G3MMFF1,,惠农,"4","2026-09-01 02:23:31",,A2,1072250.0,采购中心,Vdaf,"30.58"
石嘴山市惠农区永鑫工贸有限公司,肥煤|国内,G3MMFF1,,惠农,"4","2026-09-01 02:23:31",,A2,1072250.0,采购中心,水分,"10.1"
石嘴山市惠农区永鑫工贸有限公司,肥煤|国内,G3MMFF1,,惠农,"4","2026-09-01 01:43:10",,"4M",981480.0,采购中心,Ad,"10.29"
石嘴山市惠农区永鑫工贸有限公司,肥煤|国内,G3MMFF1,,惠农,"4","2026-09-01 01:43:10",,"4M",981480.0,采购中心,FCad,"61.93"
石嘴山市惠农区永鑫工贸有限公司,肥煤|国内,G3MMFF1,,惠农,"4","2026-09-01 01:43:10",,"4M",981480.0,采购中心,Mad,"1.01"
石嘴山市惠农区永鑫工贸有限公司,肥煤|国内,G3MMFF1,,惠农,"4","2026-09-01 01:43:10",,"4M",981480.0,采购中心,St.d,"1.89"
石嘴山市惠农区永鑫工贸有限公司,肥煤|国内,G3MMFF1,,惠农,"4","2026-09-01 01:43:10",,"4M",981480.0,采购中心,Vdaf,"30.26"
石嘴山市惠农区永鑫工贸有限公司,肥煤|国内,G3MMFF1,,惠农,"4","2026-09-01 01:43:10",,"4M",981480.0,采购中心,水分,"10.2"
石嘴山市惠农区永鑫工贸有限公司,肥煤|国内,G3MMFF1,,惠农,"4","2026-09-01 01:20:06",,"1M",606980.0,采购中心,Ad,"10.29"
石嘴山市惠农区永鑫工贸有限公司,肥煤|国内,G3MMFF1,,惠农,"4","2026-09-01 01:20:06",,"1M",606980.0,采购中心,FCad,"62.06"
石嘴山市惠农区永鑫工贸有限公司,肥煤|国内,G3MMFF1,,惠农,"4","2026-09-01 01:20:06",,"1M",606980.0,采购中心,Mad,"0.97"
石嘴山市惠农区永鑫工贸有限公司,肥煤|国内,G3MMFF1,,惠农,"4","2026-09-01 01:20:06",,"1M",606980.0,采购中心,St.d,"1.89"
石嘴山市惠农区永鑫工贸有限公司,肥煤|国内,G3MMFF1,,惠农,"4","2026-09-01 01:20:06",,"1M",606980.0,采购中心,Vdaf,"30.14"
石嘴山市惠农区永鑫工贸有限公司,肥煤|国内,G3MMFF1,,惠农,"4","2026-09-01 01:20:06",,"1M",606980.0,采购中心,水分,"10.4"
河南天元清洁能源有限公司,贫瘦煤|国内,G3MMPS1,,苏桥,"4","2026-08-31 22:40:26",,"5M",877470.0,采购中心,Ad,"10.49"
河南天元清洁能源有限公司,贫瘦煤|国内,G3MMPS1,,苏桥,"4","2026-08-31 22:40:26",,"5M",877470.0,采购中心,FCad,"76.18"
河南天元清洁能源有限公司,贫瘦煤|国内,G3MMPS1,,苏桥,"4","2026-08-31 22:40:26",,"5M",877470.0,采购中心,Mad,"1.05"
河南天元清洁能源有限公司,贫瘦煤|国内,G3MMPS1,,苏桥,"4","2026-08-31 22:40:26",,"5M",877470.0,采购中心,St.d,"0.35"
河南天元清洁能源有限公司,贫瘦煤|国内,G3MMPS1,,苏桥,"4","2026-08-31 22:40:26",,"5M",877470.0,采购中心,Vdaf,"13.99"
河南天元清洁能源有限公司,贫瘦煤|国内,G3MMPS1,,苏桥,"4","2026-08-31 22:40:26",,"5M",877470.0,采购中心,水分,"12.8"
国家能源投资集团有限责任公司煤炭经营分公司,烟煤|国内,G3MMYY1,,大保当,"4","2026-08-31 19:31:03",,,3344310.0,采购中心,Ad,"6.91"
国家能源投资集团有限责任公司煤炭经营分公司,烟煤|国内,G3MMYY1,,大保当,"4","2026-08-31 19:31:03",,,3344310.0,采购中心,FCad,"55.29"
国家能源投资集团有限责任公司煤炭经营分公司,烟煤|国内,G3MMYY1,,大保当,"4","2026-08-31 19:31:03",,,3344310.0,采购中心,Mad,"3.66"
国家能源投资集团有限责任公司煤炭经营分公司,烟煤|国内,G3MMYY1,,大保当,"4","2026-08-31 19:31:03",,,3344310.0,采购中心,St.d,"0.56"
国家能源投资集团有限责任公司煤炭经营分公司,烟煤|国内,G3MMYY1,,大保当,"4","2026-08-31 19:31:03",,,3344310.0,采购中心,Vdaf,"38.35"
国家能源投资集团有限责任公司煤炭经营分公司,烟煤|国内,G3MMYY1,,大保当,"4","2026-08-31 19:31:03",,,3344310.0,采购中心,水分,"12.3"
贵州盘江精煤股份有限公司,"1/3焦煤|1级|国内",G3MMSY1,,柏果,"4","2026-08-31 19:10:02",,,668550.0,采购中心,Ad,"10.23"
贵州盘江精煤股份有限公司,"1/3焦煤|1级|国内",G3MMSY1,,柏果,"4","2026-08-31 19:10:02",,,668550.0,采购中心,FCad,"62.33"
贵州盘江精煤股份有限公司,"1/3焦煤|1级|国内",G3MMSY1,,柏果,"4","2026-08-31 19:10:02",,,668550.0,采购中心,Mad,"0.86"
贵州盘江精煤股份有限公司,"1/3焦煤|1级|国内",G3MMSY1,,柏果,"4","2026-08-31 19:10:02",,,668550.0,采购中心,St.d,"0.24"
贵州盘江精煤股份有限公司,"1/3焦煤|1级|国内",G3MMSY1,,柏果,"4","2026-08-31 19:10:02",,,668550.0,采购中心,Vdaf,"29.96"
贵州盘江精煤股份有限公司,"1/3焦煤|1级|国内",G3MMSY1,,柏果,"4","2026-08-31 19:10:02",,,668550.0,采购中心,水分,"12.5"
贵州盘江精煤股份有限公司,"1/3焦煤|1级|国内",G3MMSY1,,柏果,"4","2026-08-31 17:54:34",,,143690.0,采购中心,Ad,"9.93"
贵州盘江精煤股份有限公司,"1/3焦煤|1级|国内",G3MMSY1,,柏果,"4","2026-08-31 17:54:34",,,143690.0,采购中心,FCad,"61.37"
贵州盘江精煤股份有限公司,"1/3焦煤|1级|国内",G3MMSY1,,柏果,"4","2026-08-31 17:54:34",,,143690.0,采购中心,Mad,"1.03"
贵州盘江精煤股份有限公司,"1/3焦煤|1级|国内",G3MMSY1,,柏果,"4","2026-08-31 17:54:34",,,143690.0,采购中心,St.d,"0.28"
贵州盘江精煤股份有限公司,"1/3焦煤|1级|国内",G3MMSY1,,柏果,"4","2026-08-31 17:54:34",,,143690.0,采购中心,Vdaf,"31.15"
贵州盘江精煤股份有限公司,"1/3焦煤|1级|国内",G3MMSY1,,柏果,"4","2026-08-31 17:54:34",,,143690.0,采购中心,水分,"14.5"
西部红果煤炭交易有限公司,主焦煤|3级|国内,G3MMZJF,,大湾,"4","2026-08-31 17:52:56",,,471100.0,采购中心,Ad,"11.39"
西部红果煤炭交易有限公司,主焦煤|3级|国内,G3MMZJF,,大湾,"4","2026-08-31 17:52:56",,,471100.0,采购中心,FCad,"64.52"
西部红果煤炭交易有限公司,主焦煤|3级|国内,G3MMZJF,,大湾,"4","2026-08-31 17:52:56",,,471100.0,采购中心,Mad,"0.67"
西部红果煤炭交易有限公司,主焦煤|3级|国内,G3MMZJF,,大湾,"4","2026-08-31 17:52:56",,,471100.0,采购中心,St.d,"1.11"
西部红果煤炭交易有限公司,主焦煤|3级|国内,G3MMZJF,,大湾,"4","2026-08-31 17:52:56",,,471100.0,采购中心,Vdaf,"26.70"
西部红果煤炭交易有限公司,主焦煤|3级|国内,G3MMZJF,,大湾,"4","2026-08-31 17:52:56",,,471100.0,采购中心,水分,"15.7"
焦化厂,炼焦配合煤,A2MMJPM,,,"4","2026-08-31 16:51:47",喷吹用煤（原料）,,,采购中心,Ad,"10.67"
焦化厂,炼焦配合煤,A2MMJPM,,,"4","2026-08-31 16:51:47",喷吹用煤（原料）,,,采购中心,FCad,"58.71"
焦化厂,炼焦配合煤,A2MMJPM,,,"4","2026-08-31 16:51:47",喷吹用煤（原料）,,,采购中心,Mad,"0.94"
焦化厂,炼焦配合煤,A2MMJPM,,,"4","2026-08-31 16:51:47",喷吹用煤（原料）,,,采购中心,St.d,"0.72"
焦化厂,炼焦配合煤,A2MMJPM,,,"4","2026-08-31 16:51:47",喷吹用煤（原料）,,,采购中心,Vdaf,"33.66"
焦化厂,炼焦配合煤,A2MMJPM,,,"4","2026-08-31 16:51:47",喷吹用煤（原料）,,,采购中心,水分,"11.0"
焦化厂,炼焦配合煤,A2MMJPM,,,"4","2026-08-31 16:51:46",喷吹用煤（原料）,,,采购中心,Ad,"10.32"
焦化厂,炼焦配合煤,A2MMJPM,,,"4","2026-08-31 16:51:46",喷吹用煤（原料）,,,采购中心,FCad,"58.80"
焦化厂,炼焦配合煤,A2MMJPM,,,"4","2026-08-31 16:51:46",喷吹用煤（原料）,,,采购中心,Mad,"0.99"
焦化厂,炼焦配合煤,A2MMJPM,,,"4","2026-08-31 16:51:46",喷吹用煤（原料）,,,采购中心,St.d,"0.68"
焦化厂,炼焦配合煤,A2MMJPM,,,"4","2026-08-31 16:51:46",喷吹用煤（原料）,,,采购中心,Vdaf,"33.78"
焦化厂,炼焦配合煤,A2MMJPM,,,"4","2026-08-31 16:51:46",喷吹用煤（原料）,,,采购中心,水分,"11.0"
焦化厂,炼焦配合煤,A2MMJPM,,,"4","2026-08-31 16:51:45",喷吹用煤（原料）,,,采购中心,Ad,"11.29"
焦化厂,炼焦配合煤,A2MMJPM,,,"4","2026-08-31 16:51:45",喷吹用煤（原料）,,,采购中心,Ad,"9.72"
焦化厂,炼焦配合煤,A2MMJPM,,,"4","2026-08-31 16:51:45",喷吹用煤（原料）,,,采购中心,FCad,"56.90"
焦化厂,炼焦配合煤,A2MMJPM,,,"4","2026-08-31 16:51:45",喷吹用煤（原料）,,,采购中心,FCad,"65.63"
焦化厂,炼焦配合煤,A2MMJPM,,,"4","2026-08-31 16:51:45",喷吹用煤（原料）,,,采购中心,Mad,"1.30"
焦化厂,炼焦配合煤,A2MMJPM,,,"4","2026-08-31 16:51:45",喷吹用煤（原料）,,,采购中心,Mad,"1.05"
焦化厂,炼焦配合煤,A2MMJPM,,,"4","2026-08-31 16:51:45",喷吹用煤（原料）,,,采购中心,St.d,"0.47"
焦化厂,炼焦配合煤,A2MMJPM,,,"4","2026-08-31 16:51:45",喷吹用煤（原料）,,,采购中心,St.d,"0.29"
焦化厂,炼焦配合煤,A2MMJPM,,,"4","2026-08-31 16:51:45",喷吹用煤（原料）,,,采购中心,Vdaf,"26.53"
焦化厂,炼焦配合煤,A2MMJPM,,,"4","2026-08-31 16:51:45",喷吹用煤（原料）,,,采购中心,Vdaf,"35.02"
焦化厂,炼焦配合煤,A2MMJPM,,,"4","2026-08-31 16:51:45",喷吹用煤（原料）,,,采购中心,水分,"10.4"
焦化厂,炼焦配合煤,A2MMJPM,,,"4","2026-08-31 16:51:45",喷吹用煤（原料）,,,采购中心,水分,"10.4"
焦化厂,炼焦配合煤,A2MMJPM,,,"4","2026-08-31 16:51:44",喷吹用煤（原料）,,,采购中心,Ad,"9.97"
焦化厂,炼焦配合煤,A2MMJPM,,,"4","2026-08-31 16:51:44",喷吹用煤（原料）,,,采购中心,Ad,"10.61"
焦化厂,炼焦配合煤,A2MMJPM,,,"4","2026-08-31 16:51:44",喷吹用煤（原料）,,,采购中心,FCad,"68.77"
焦化厂,炼焦配合煤,A2MMJPM,,,"4","2026-08-31 16:51:44",喷吹用煤（原料）,,,采购中心,FCad,"59.06"
焦化厂,炼焦配合煤,A2MMJPM,,,"4","2026-08-31 16:51:44",喷吹用煤（原料）,,,采购中心,Mad,"0.92"
焦化厂,炼焦配合煤,A2MMJPM,,,"4","2026-08-31 16:51:44",喷吹用煤（原料）,,,采购中心,Mad,"0.93"
焦化厂,炼焦配合煤,A2MMJPM,,,"4","2026-08-31 16:51:44",喷吹用煤（原料）,,,采购中心,St.d,"0.67"
焦化厂,炼焦配合煤,A2MMJPM,,,"4","2026-08-31 16:51:44",喷吹用煤（原料）,,,采购中心,St.d,"0.35"
焦化厂,炼焦配合煤,A2MMJPM,,,"4","2026-08-31 16:51:44",喷吹用煤（原料）,,,采购中心,Vdaf,"22.90"
焦化厂,炼焦配合煤,A2MMJPM,,,"4","2026-08-31 16:51:44",喷吹用煤（原料）,,,采购中心,Vdaf,"33.31"
焦化厂,炼焦配合煤,A2MMJPM,,,"4","2026-08-31 16:51:44",喷吹用煤（原料）,,,采购中心,水分,"12.0"
焦化厂,炼焦配合煤,A2MMJPM,,,"4","2026-08-31 16:51:44",喷吹用煤（原料）,,,采购中心,水分,"11.0"
贵州盘江精煤股份有限公司,"1/3焦煤|1级|国内",G3MMSY1,,柏果,"4","2026-08-31 16:00:39",,,417900.0,采购中心,Ad,"10.36"
贵州盘江精煤股份有限公司,"1/3焦煤|1级|国内",G3MMSY1,,柏果,"4","2026-08-31 16:00:39",,,417900.0,采购中心,FCad,"60.71"
贵州盘江精煤股份有限公司,"1/3焦煤|1级|国内",G3MMSY1,,柏果,"4","2026-08-31 16:00:39",,,417900.0,采购中心,Mad,"0.89"
贵州盘江精煤股份有限公司,"1/3焦煤|1级|国内",G3MMSY1,,柏果,"4","2026-08-31 16:00:39",,,417900.0,采购中心,St.d,"0.25"
贵州盘江精煤股份有限公司,"1/3焦煤|1级|国内",G3MMSY1,,柏果,"4","2026-08-31 16:00:39",,,417900.0,采购中心,Vdaf,"31.67"
贵州盘江精煤股份有限公司,"1/3焦煤|1级|国内",G3MMSY1,,柏果,"4","2026-08-31 16:00:39",,,417900.0,采购中心,水分,"12.0"
广西柳钢国际贸易有限公司,肥煤|国内,G3MMFF1,,宝丰,"4","2026-08-31 12:56:15",,"1M",715070.0,采购中心,Ad,"10.44"
广西柳钢国际贸易有限公司,肥煤|国内,G3MMFF1,,宝丰,"4","2026-08-31 12:56:15",,"1M",715070.0,采购中心,FCad,"61.70"
广西柳钢国际贸易有限公司,肥煤|国内,G3MMFF1,,宝丰,"4","2026-08-31 12:56:15",,"1M",715070.0,采购中心,Mad,"0.95"
广西柳钢国际贸易有限公司,肥煤|国内,G3MMFF1,,宝丰,"4","2026-08-31 12:56:15",,"1M",715070.0,采购中心,St.d,"1.94"
广西柳钢国际贸易有限公司,肥煤|国内,G3MMFF1,,宝丰,"4","2026-08-31 12:56:15",,"1M",715070.0,采购中心,Vdaf,"30.45"
广西柳钢国际贸易有限公司,肥煤|国内,G3MMFF1,,宝丰,"4","2026-08-31 12:56:15",,"1M",715070.0,采购中心,水分,"11.7"
广西柳钢国际贸易有限公司,肥煤|国内,G3MMFF1,,宝丰,"4","2026-08-31 10:25:23",,"1M",628110.0,采购中心,Ad,"10.44"
广西柳钢国际贸易有限公司,肥煤|国内,G3MMFF1,,宝丰,"4","2026-08-31 10:25:23",,"1M",628110.0,采购中心,FCad,"61.95"
广西柳钢国际贸易有限公司,肥煤|国内,G3MMFF1,,宝丰,"4","2026-08-31 10:25:23",,"1M",628110.0,采购中心,Mad,"1.00"
广西柳钢国际贸易有限公司,肥煤|国内,G3MMFF1,,宝丰,"4","2026-08-31 10:25:23",,"1M",628110.0,采购中心,St.d,"2.08"
广西柳钢国际贸易有限公司,肥煤|国内,G3MMFF1,,宝丰,"4","2026-08-31 10:25:23",,"1M",628110.0,采购中心,Vdaf,"30.12"
广西柳钢国际贸易有限公司,肥煤|国内,G3MMFF1,,宝丰,"4","2026-08-31 10:25:23",,"1M",628110.0,采购中心,水分,"11.1"
河南天元清洁能源有限公司,贫瘦煤|国内,G3MMPS1,,苏桥,"4","2026-08-31 09:42:26",,"5M",471400.0,采购中心,Ad,"9.95"
河南天元清洁能源有限公司,贫瘦煤|国内,G3MMPS1,,苏桥,"4","2026-08-31 09:42:26",,"5M",471400.0,采购中心,FCad,"77.43"
河南天元清洁能源有限公司,贫瘦煤|国内,G3MMPS1,,苏桥,"4","2026-08-31 09:42:26",,"5M",471400.0,采购中心,Mad,"1.10"
河南天元清洁能源有限公司,贫瘦煤|国内,G3MMPS1,,苏桥,"4","2026-08-31 09:42:26",,"5M",471400.0,采购中心,St.d,"0.37"
河南天元清洁能源有限公司,贫瘦煤|国内,G3MMPS1,,苏桥,"4","2026-08-31 09:42:26",,"5M",471400.0,采购中心,Vdaf,"13.06"
河南天元清洁能源有限公司,贫瘦煤|国内,G3MMPS1,,苏桥,"4","2026-08-31 09:42:26",,"5M",471400.0,采购中心,水分,"15.6"
广西柳钢国际贸易有限公司,瘦焦煤|2级|进口|澳大利亚|半山,G3MMSJ5,牵牛星,防城港,"4","2026-08-31 07:10:57",,,208120.0,采购中心,水分,"10.1"
河南天元清洁能源有限公司,贫瘦煤|国内,G3MMPS1,,苏桥,"4","2026-08-31 05:29:59",,,947460.0,采购中心,Ad,"9.80"
河南天元清洁能源有限公司,贫瘦煤|国内,G3MMPS1,,苏桥,"4","2026-08-31 05:29:59",,,947460.0,采购中心,FCad,"77.51"
河南天元清洁能源有限公司,贫瘦煤|国内,G3MMPS1,,苏桥,"4","2026-08-31 05:29:59",,,947460.0,采购中心,Mad,"1.09"
河南天元清洁能源有限公司,贫瘦煤|国内,G3MMPS1,,苏桥,"4","2026-08-31 05:29:59",,,947460.0,采购中心,St.d,"0.35"
河南天元清洁能源有限公司,贫瘦煤|国内,G3MMPS1,,苏桥,"4","2026-08-31 05:29:59",,,947460.0,采购中心,Vdaf,"13.12"
河南天元清洁能源有限公司,贫瘦煤|国内,G3MMPS1,,苏桥,"4","2026-08-31 05:29:59",,,947460.0,采购中心,水分,"14.3"
河南天元清洁能源有限公司,贫瘦煤|国内,G3MMPS1,,苏桥,"4","2026-08-31 05:17:38",,"5M",947460.0,采购中心,Ad,"10.12"
河南天元清洁能源有限公司,贫瘦煤|国内,G3MMPS1,,苏桥,"4","2026-08-31 05:17:38",,"5M",947460.0,采购中心,FCad,"77.11"
河南天元清洁能源有限公司,贫瘦煤|国内,G3MMPS1,,苏桥,"4","2026-08-31 05:17:38",,"5M",947460.0,采购中心,Mad,"1.09"
河南天元清洁能源有限公司,贫瘦煤|国内,G3MMPS1,,苏桥,"4","2026-08-31 05:17:38",,"5M",947460.0,采购中心,St.d,"0.36"
河南天元清洁能源有限公司,贫瘦煤|国内,G3MMPS1,,苏桥,"4","2026-08-31 05:17:38",,"5M",947460.0,采购中心,Vdaf,"13.26"
河南天元清洁能源有限公司,贫瘦煤|国内,G3MMPS1,,苏桥,"4","2026-08-31 05:17:38",,"5M",947460.0,采购中心,水分,"14.7"
贵州盘江精煤股份有限公司,"1/3焦煤|1级|国内",G3MMSY1,,柏果,"4","2026-08-31 01:48:08",,"4M",212010.0,采购中心,Ad,"10.50"
贵州盘江精煤股份有限公司,"1/3焦煤|1级|国内",G3MMSY1,,柏果,"4","2026-08-31 01:48:08",,"4M",212010.0,采购中心,FCad,"61.40"
贵州盘江精煤股份有限公司,"1/3焦煤|1级|国内",G3MMSY1,,柏果,"4","2026-08-31 01:48:08",,"4M",212010.0,采购中心,Mad,"1.06"
贵州盘江精煤股份有限公司,"1/3焦煤|1级|国内",G3MMSY1,,柏果,"4","2026-08-31 01:48:08",,"4M",212010.0,采购中心,St.d,"0.24"
贵州盘江精煤股份有限公司,"1/3焦煤|1级|国内",G3MMSY1,,柏果,"4","2026-08-31 01:48:08",,"4M",212010.0,采购中心,Vdaf,"30.66"
贵州盘江精煤股份有限公司,"1/3焦煤|1级|国内",G3MMSY1,,柏果,"4","2026-08-31 01:48:08",,"4M",212010.0,采购中心,水分,"12.4"
广西柳钢国际贸易有限公司,国内烧结无烟煤,G3MMSWM,,嘉峰,"4","2026-08-30 22:07:17",,,784360.0,采购中心,Ad,"9.70"
广西柳钢国际贸易有限公司,国内烧结无烟煤,G3MMSWM,,嘉峰,"4","2026-08-30 22:07:17",,,784360.0,采购中心,FCad,"82.06"
广西柳钢国际贸易有限公司,国内烧结无烟煤,G3MMSWM,,嘉峰,"4","2026-08-30 22:07:17",,,784360.0,采购中心,Mad,"2.40"
广西柳钢国际贸易有限公司,国内烧结无烟煤,G3MMSWM,,嘉峰,"4","2026-08-30 22:07:17",,,784360.0,采购中心,St.d,"0.37"
广西柳钢国际贸易有限公司,国内烧结无烟煤,G3MMSWM,,嘉峰,"4","2026-08-30 22:07:17",,,784360.0,采购中心,Vdaf,"6.89"
广西柳钢国际贸易有限公司,国内烧结无烟煤,G3MMSWM,,嘉峰,"4","2026-08-30 22:07:17",,,784360.0,采购中心,水分,"7.6"
贵州盘江马依煤业有限公司,炼焦贫瘦煤|国内,G3MMJPS1,,瓦窑田,"4","2026-08-30 17:48:10",,,693710.0,采购中心,Ad,"10.46"
贵州盘江马依煤业有限公司,炼焦贫瘦煤|国内,G3MMJPS1,,瓦窑田,"4","2026-08-30 17:48:10",,,693710.0,采购中心,FCad,"76.10"
贵州盘江马依煤业有限公司,炼焦贫瘦煤|国内,G3MMJPS1,,瓦窑田,"4","2026-08-30 17:48:10",,,693710.0,采购中心,Mad,"0.89"
贵州盘江马依煤业有限公司,炼焦贫瘦煤|国内,G3MMJPS1,,瓦窑田,"4","2026-08-30 17:48:10",,,693710.0,采购中心,St.d,"0.74"
贵州盘江马依煤业有限公司,炼焦贫瘦煤|国内,G3MMJPS1,,瓦窑田,"4","2026-08-30 17:48:10",,,693710.0,采购中心,Vdaf,"14.24"
贵州盘江马依煤业有限公司,炼焦贫瘦煤|国内,G3MMJPS1,,瓦窑田,"4","2026-08-30 17:48:10",,,693710.0,采购中心,水分,"13.9"
广西柳钢国际贸易有限公司,贫瘦煤|国内|低挥发,G3MMPS11,,东田良,"4","2026-08-30 17:24:39",,料3,3361120.0,采购中心,Ad,"10.93"
广西柳钢国际贸易有限公司,贫瘦煤|国内|低挥发,G3MMPS11,,东田良,"4","2026-08-30 17:24:39",,料3,3361120.0,采购中心,FCad,"78.60"
广西柳钢国际贸易有限公司,贫瘦煤|国内|低挥发,G3MMPS11,,东田良,"4","2026-08-30 17:24:39",,料3,3361120.0,采购中心,Mad,"1.08"
广西柳钢国际贸易有限公司,贫瘦煤|国内|低挥发,G3MMPS11,,东田良,"4","2026-08-30 17:24:39",,料3,3361120.0,采购中心,St.d,"0.37"
广西柳钢国际贸易有限公司,贫瘦煤|国内|低挥发,G3MMPS11,,东田良,"4","2026-08-30 17:24:39",,料3,3361120.0,采购中心,Vdaf,"10.79"
广西柳钢国际贸易有限公司,贫瘦煤|国内|低挥发,G3MMPS11,,东田良,"4","2026-08-30 17:24:39",,料3,3361120.0,采购中心,水分,"7.1"
广西柳钢国际贸易有限公司,主焦煤|1级|进口|加拿大|普瑞,G3MMZJML,马尔凯洛,铁山港,"4","2026-08-30 12:35:05",,,3509460.0,采购中心,水分,"10.9"
广西柳钢国际贸易有限公司,"1/3焦煤|2级|进口|哥伦比亚",G3MMSYK,第一玛歌,防城港,"4","2026-08-30 12:12:11",,"4M",1564470.0,采购中心,Ad,"10.29"
广西柳钢国际贸易有限公司,"1/3焦煤|2级|进口|哥伦比亚",G3MMSYK,第一玛歌,防城港,"4","2026-08-30 12:12:11",,"4M",1564470.0,采购中心,FCad,"59.24"
广西柳钢国际贸易有限公司,"1/3焦煤|2级|进口|哥伦比亚",G3MMSYK,第一玛歌,防城港,"4","2026-08-30 12:12:11",,"4M",1564470.0,采购中心,Mad,"1.29"
广西柳钢国际贸易有限公司,"1/3焦煤|2级|进口|哥伦比亚",G3MMSYK,第一玛歌,防城港,"4","2026-08-30 12:12:11",,"4M",1564470.0,采购中心,St.d,"0.76"
广西柳钢国际贸易有限公司,"1/3焦煤|2级|进口|哥伦比亚",G3MMSYK,第一玛歌,防城港,"4","2026-08-30 12:12:11",,"4M",1564470.0,采购中心,Vdaf,"33.10"
广西柳钢国际贸易有限公司,"1/3焦煤|2级|进口|哥伦比亚",G3MMSYK,第一玛歌,防城港,"4","2026-08-30 12:12:11",,"4M",1564470.0,采购中心,水分,"10.9"
贵州盘江精煤股份有限公司,炼焦贫瘦煤|国内,G3MMJPS1,,红果,"4","2026-08-30 10:09:57",,"1M",544020.0,采购中心,Ad,"10.78"
贵州盘江精煤股份有限公司,炼焦贫瘦煤|国内,G3MMJPS1,,红果,"4","2026-08-30 10:09:57",,"1M",544020.0,采购中心,FCad,"77.22"
贵州盘江精煤股份有限公司,炼焦贫瘦煤|国内,G3MMJPS1,,红果,"4","2026-08-30 10:09:57",,"1M",544020.0,采购中心,Mad,"0.97"
贵州盘江精煤股份有限公司,炼焦贫瘦煤|国内,G3MMJPS1,,红果,"4","2026-08-30 10:09:57",,"1M",544020.0,采购中心,St.d,"0.83"
贵州盘江精煤股份有限公司,炼焦贫瘦煤|国内,G3MMJPS1,,红果,"4","2026-08-30 10:09:57",,"1M",544020.0,采购中心,Vdaf,"12.60"
贵州盘江精煤股份有限公司,炼焦贫瘦煤|国内,G3MMJPS1,,红果,"4","2026-08-30 10:09:57",,"1M",544020.0,采购中心,水分,"13.7"
贵州盘江精煤股份有限公司,"1/3焦煤|1级|国内",G3MMSY1,,火铺,"4","2026-08-30 08:49:00",,"1M",271070.0,采购中心,Ad,"10.00"
贵州盘江精煤股份有限公司,"1/3焦煤|1级|国内",G3MMSY1,,火铺,"4","2026-08-30 08:49:00",,"1M",271070.0,采购中心,FCad,"62.47"
贵州盘江精煤股份有限公司,"1/3焦煤|1级|国内",G3MMSY1,,火铺,"4","2026-08-30 08:49:00",,"1M",271070.0,采购中心,Mad,"0.93"
贵州盘江精煤股份有限公司,"1/3焦煤|1级|国内",G3MMSY1,,火铺,"4","2026-08-30 08:49:00",,"1M",271070.0,采购中心,St.d,"0.44"
贵州盘江精煤股份有限公司,"1/3焦煤|1级|国内",G3MMSY1,,火铺,"4","2026-08-30 08:49:00",,"1M",271070.0,采购中心,Vdaf,"29.94"
贵州盘江精煤股份有限公司,"1/3焦煤|1级|国内",G3MMSY1,,火铺,"4","2026-08-30 08:49:00",,"1M",271070.0,采购中心,水分,"12.4"
贵州松河煤业发展有限责任公司,主焦煤|1级|国内,G3MMZJ1,,松河,"4","2026-08-30 08:49:00",,"1M",131290.0,采购中心,Ad,"10.67"
贵州松河煤业发展有限责任公司,主焦煤|1级|国内,G3MMZJ1,,松河,"4","2026-08-30 08:49:00",,"1M",131290.0,采购中心,FCad,"66.82"
贵州松河煤业发展有限责任公司,主焦煤|1级|国内,G3MMZJ1,,松河,"4","2026-08-30 08:49:00",,"1M",131290.0,采购中心,Mad,"0.91"
贵州松河煤业发展有限责任公司,主焦煤|1级|国内,G3MMZJ1,,松河,"4","2026-08-30 08:49:00",,"1M",131290.0,采购中心,St.d,"0.36"
贵州松河煤业发展有限责任公司,主焦煤|1级|国内,G3MMZJ1,,松河,"4","2026-08-30 08:49:00",,"1M",131290.0,采购中心,Vdaf,"24.51"
贵州松河煤业发展有限责任公司,主焦煤|1级|国内,G3MMZJ1,,松河,"4","2026-08-30 08:49:00",,"1M",131290.0,采购中心,水分,"13.2"
贵州盘江精煤股份有限公司,炼焦贫瘦煤|国内,G3MMJPS1,,红果,"4","2026-08-30 08:49:00",,"1M",215370.0,采购中心,Ad,"10.68"
贵州盘江精煤股份有限公司,炼焦贫瘦煤|国内,G3MMJPS1,,红果,"4","2026-08-30 08:49:00",,"1M",215370.0,采购中心,FCad,"77.44"
贵州盘江精煤股份有限公司,炼焦贫瘦煤|国内,G3MMJPS1,,红果,"4","2026-08-30 08:49:00",,"1M",215370.0,采购中心,Mad,"0.90"
贵州盘江精煤股份有限公司,炼焦贫瘦煤|国内,G3MMJPS1,,红果,"4","2026-08-30 08:49:00",,"1M",215370.0,采购中心,St.d,"0.81"
贵州盘江精煤股份有限公司,炼焦贫瘦煤|国内,G3MMJPS1,,红果,"4","2026-08-30 08:49:00",,"1M",215370.0,采购中心,Vdaf,"12.52"
贵州盘江精煤股份有限公司,炼焦贫瘦煤|国内,G3MMJPS1,,红果,"4","2026-08-30 08:49:00",,"1M",215370.0,采购中心,水分,"13.3"
中国诚通国际贸易有限公司,贫瘦煤|国内,G3MMPS1,,宋寨,"4","2026-08-30 07:18:21",,,272960.0,采购中心,Ad,"10.23"
中国诚通国际贸易有限公司,贫瘦煤|国内,G3MMPS1,,宋寨,"4","2026-08-30 07:18:21",,,272960.0,采购中心,FCad,"73.86"
中国诚通国际贸易有限公司,贫瘦煤|国内,G3MMPS1,,宋寨,"4","2026-08-30 07:18:21",,,272960.0,采购中心,Mad,"2.09"
中国诚通国际贸易有限公司,贫瘦煤|国内,G3MMPS1,,宋寨,"4","2026-08-30 07:18:21",,,272960.0,采购中心,St.d,"0.50"
中国诚通国际贸易有限公司,贫瘦煤|国内,G3MMPS1,,宋寨,"4","2026-08-30 07:18:21",,,272960.0,采购中心,Vdaf,"15.96"
中国诚通国际贸易有限公司,贫瘦煤|国内,G3MMPS1,,宋寨,"4","2026-08-30 07:18:21",,,272960.0,采购中心,水分,"16.6"
中国诚通国际贸易有限公司,贫瘦煤|国内,G3MMPS1,,宋寨,"4","2026-08-30 07:17:02",,,673000.0,采购中心,Ad,"10.59"
中国诚通国际贸易有限公司,贫瘦煤|国内,G3MMPS1,,宋寨,"4","2026-08-30 07:17:02",,,673000.0,采购中心,FCad,"74.43"
中国诚通国际贸易有限公司,贫瘦煤|国内,G3MMPS1,,宋寨,"4","2026-08-30 07:17:02",,,673000.0,采购中心,Mad,"1.89"
中国诚通国际贸易有限公司,贫瘦煤|国内,G3MMPS1,,宋寨,"4","2026-08-30 07:17:02",,,673000.0,采购中心,St.d,"0.49"
中国诚通国际贸易有限公司,贫瘦煤|国内,G3MMPS1,,宋寨,"4","2026-08-30 07:17:02",,,673000.0,采购中心,Vdaf,"15.15"
中国诚通国际贸易有限公司,贫瘦煤|国内,G3MMPS1,,宋寨,"4","2026-08-30 07:17:02",,,673000.0,采购中心,水分,"12.6"
中国诚通国际贸易有限公司,贫瘦煤|国内,G3MMPS1,,宋寨,"4","2026-08-30 07:10:56",,"5M",272960.0,采购中心,Ad,"10.30"
中国诚通国际贸易有限公司,贫瘦煤|国内,G3MMPS1,,宋寨,"4","2026-08-30 07:10:56",,"5M",272960.0,采购中心,FCad,"74.28"
中国诚通国际贸易有限公司,贫瘦煤|国内,G3MMPS1,,宋寨,"4","2026-08-30 07:10:56",,"5M",272960.0,采购中心,Mad,"1.64"
中国诚通国际贸易有限公司,贫瘦煤|国内,G3MMPS1,,宋寨,"4","2026-08-30 07:10:56",,"5M",272960.0,采购中心,St.d,"0.52"
中国诚通国际贸易有限公司,贫瘦煤|国内,G3MMPS1,,宋寨,"4","2026-08-30 07:10:56",,"5M",272960.0,采购中心,Vdaf,"15.81"
中国诚通国际贸易有限公司,贫瘦煤|国内,G3MMPS1,,宋寨,"4","2026-08-30 07:10:56",,"5M",272960.0,采购中心,水分,"16.1"
中国诚通国际贸易有限公司,贫瘦煤|国内,G3MMPS1,,宋寨,"4","2026-08-30 07:08:24",,"5M",673000.0,采购中心,Ad,"10.55"
中国诚通国际贸易有限公司,贫瘦煤|国内,G3MMPS1,,宋寨,"4","2026-08-30 07:08:24",,"5M",673000.0,采购中心,FCad,"73.39"
中国诚通国际贸易有限公司,贫瘦煤|国内,G3MMPS1,,宋寨,"4","2026-08-30 07:08:24",,"5M",673000.0,采购中心,Mad,"1.85"
中国诚通国际贸易有限公司,贫瘦煤|国内,G3MMPS1,,宋寨,"4","2026-08-30 07:08:24",,"5M",673000.0,采购中心,St.d,"0.51"
中国诚通国际贸易有限公司,贫瘦煤|国内,G3MMPS1,,宋寨,"4","2026-08-30 07:08:24",,"5M",673000.0,采购中心,Vdaf,"16.41"
中国诚通国际贸易有限公司,贫瘦煤|国内,G3MMPS1,,宋寨,"4","2026-08-30 07:08:24",,"5M",673000.0,采购中心,水分,"15.0"
中国诚通国际贸易有限公司,贫瘦煤|国内,G3MMPS1,,宋寨,"4","2026-08-30 06:58:41",,"5M",1042680.0,采购中心,Ad,"10.48"
中国诚通国际贸易有限公司,贫瘦煤|国内,G3MMPS1,,宋寨,"4","2026-08-30 06:58:41",,"5M",1042680.0,采购中心,FCad,"72.82"
中国诚通国际贸易有限公司,贫瘦煤|国内,G3MMPS1,,宋寨,"4","2026-08-30 06:58:41",,"5M",1042680.0,采购中心,Mad,"2.19"
中国诚通国际贸易有限公司,贫瘦煤|国内,G3MMPS1,,宋寨,"4","2026-08-30 06:58:41",,"5M",1042680.0,采购中心,St.d,"0.61"
中国诚通国际贸易有限公司,贫瘦煤|国内,G3MMPS1,,宋寨,"4","2026-08-30 06:58:41",,"5M",1042680.0,采购中心,Vdaf,"16.83"
中国诚通国际贸易有限公司,贫瘦煤|国内,G3MMPS1,,宋寨,"4","2026-08-30 06:58:41",,"5M",1042680.0,采购中心,水分,"18.3"
广西柳钢国际贸易有限公司,"1/3焦煤|2级|进口|哥伦比亚",G3MMSYK,贾巴尔,云约,"4","2026-08-30 05:56:03",,,72180.0,采购中心,水分,"8.3"
广西柳钢国际贸易有限公司,肥煤|国内,G3MMFF1,,宝丰,"4","2026-08-30 03:57:38",,"4M",489150.0,采购中心,Ad,"11.79"
广西柳钢国际贸易有限公司,肥煤|国内,G3MMFF1,,宝丰,"4","2026-08-30 03:57:38",,"4M",489150.0,采购中心,FCad,"60.37"
广西柳钢国际贸易有限公司,肥煤|国内,G3MMFF1,,宝丰,"4","2026-08-30 03:57:38",,"4M",489150.0,采购中心,Mad,"1.10"
广西柳钢国际贸易有限公司,肥煤|国内,G3MMFF1,,宝丰,"4","2026-08-30 03:57:38",,"4M",489150.0,采购中心,St.d,"1.83"
广西柳钢国际贸易有限公司,肥煤|国内,G3MMFF1,,宝丰,"4","2026-08-30 03:57:38",,"4M",489150.0,采购中心,Vdaf,"30.80"
广西柳钢国际贸易有限公司,肥煤|国内,G3MMFF1,,宝丰,"4","2026-08-30 03:57:38",,"4M",489150.0,采购中心,水分,"13.7"
中国诚通国际贸易有限公司,贫瘦煤|国内,G3MMPS1,,宋寨,"4","2026-08-30 02:43:36",,"5M",1042680.0,采购中心,Ad,"10.58"
中国诚通国际贸易有限公司,贫瘦煤|国内,G3MMPS1,,宋寨,"4","2026-08-30 02:43:36",,"5M",1042680.0,采购中心,FCad,"74.64"
中国诚通国际贸易有限公司,贫瘦煤|国内,G3MMPS1,,宋寨,"4","2026-08-30 02:43:36",,"5M",1042680.0,采购中心,Mad,"1.83"
中国诚通国际贸易有限公司,贫瘦煤|国内,G3MMPS1,,宋寨,"4","2026-08-30 02:43:36",,"5M",1042680.0,采购中心,St.d,"0.51"
中国诚通国际贸易有限公司,贫瘦煤|国内,G3MMPS1,,宋寨,"4","2026-08-30 02:43:36",,"5M",1042680.0,采购中心,Vdaf,"14.97"
中国诚通国际贸易有限公司,贫瘦煤|国内,G3MMPS1,,宋寨,"4","2026-08-30 02:43:36",,"5M",1042680.0,采购中心,水分,"16.0"
广西柳钢国际贸易有限公司,主焦煤|2级|进口|澳洲|GLV Prime,G3MMZJ8,瑞海,防城港,"4","2026-08-30 01:57:51",,,5016220.0,采购中心,水分,"10.6"
贵州松河煤业发展有限责任公司,主焦煤|1级|国内,G3MMZJ1,,松河,"4","2026-08-29 22:12:06",,"4M",182350.0,采购中心,Ad,"10.53"
贵州松河煤业发展有限责任公司,主焦煤|1级|国内,G3MMZJ1,,松河,"4","2026-08-29 22:12:06",,"4M",182350.0,采购中心,FCad,"67.19"
贵州松河煤业发展有限责任公司,主焦煤|1级|国内,G3MMZJ1,,松河,"4","2026-08-29 22:12:06",,"4M",182350.0,采购中心,Mad,"1.02"
贵州松河煤业发展有限责任公司,主焦煤|1级|国内,G3MMZJ1,,松河,"4","2026-08-29 22:12:06",,"4M",182350.0,采购中心,St.d,"0.31"
贵州松河煤业发展有限责任公司,主焦煤|1级|国内,G3MMZJ1,,松河,"4","2026-08-29 22:12:06",,"4M",182350.0,采购中心,Vdaf,"24.13"
贵州松河煤业发展有限责任公司,主焦煤|1级|国内,G3MMZJ1,,松河,"4","2026-08-29 22:12:06",,"4M",182350.0,采购中心,水分,"12.5"
贵州松河煤业发展有限责任公司,主焦煤|1级|国内,G3MMZJ1,,松河,"4","2026-08-29 21:42:45",,"1M",271540.0,采购中心,Ad,"10.69"
贵州松河煤业发展有限责任公司,主焦煤|1级|国内,G3MMZJ1,,松河,"4","2026-08-29 21:42:45",,"1M",271540.0,采购中心,FCad,"67.29"
贵州松河煤业发展有限责任公司,主焦煤|1级|国内,G3MMZJ1,,松河,"4","2026-08-29 21:42:45",,"1M",271540.0,采购中心,Mad,"1.02"
贵州松河煤业发展有限责任公司,主焦煤|1级|国内,G3MMZJ1,,松河,"4","2026-08-29 21:42:45",,"1M",271540.0,采购中心,St.d,"0.31"
贵州松河煤业发展有限责任公司,主焦煤|1级|国内,G3MMZJ1,,松河,"4","2026-08-29 21:42:45",,"1M",271540.0,采购中心,Vdaf,"23.88"
贵州松河煤业发展有限责任公司,主焦煤|1级|国内,G3MMZJ1,,松河,"4","2026-08-29 21:42:45",,"1M",271540.0,采购中心,水分,"13.6"
贵州松河煤业发展有限责任公司,主焦煤|1级|国内,G3MMZJ1,,松河,"4","2026-08-29 21:38:36",,"1M",416460.0,采购中心,Ad,"10.57"
贵州松河煤业发展有限责任公司,主焦煤|1级|国内,G3MMZJ1,,松河,"4","2026-08-29 21:38:36",,"1M",416460.0,采购中心,FCad,"66.95"
贵州松河煤业发展有限责任公司,主焦煤|1级|国内,G3MMZJ1,,松河,"4","2026-08-29 21:38:36",,"1M",416460.0,采购中心,Mad,"1.00"
贵州松河煤业发展有限责任公司,主焦煤|1级|国内,G3MMZJ1,,松河,"4","2026-08-29 21:38:36",,"1M",416460.0,采购中心,St.d,"0.31"
贵州松河煤业发展有限责任公司,主焦煤|1级|国内,G3MMZJ1,,松河,"4","2026-08-29 21:38:36",,"1M",416460.0,采购中心,Vdaf,"24.38"
贵州松河煤业发展有限责任公司,主焦煤|1级|国内,G3MMZJ1,,松河,"4","2026-08-29 21:38:36",,"1M",416460.0,采购中心,水分,"13.0"
贵州盘江精煤股份有限公司,"1/3焦煤|1级|国内",G3MMSY1,,月亮田,"4","2026-08-29 18:27:02",,"1M",502480.0,采购中心,Ad,"10.47"
贵州盘江精煤股份有限公司,"1/3焦煤|1级|国内",G3MMSY1,,月亮田,"4","2026-08-29 18:27:02",,"1M",502480.0,采购中心,FCad,"56.29"
贵州盘江精煤股份有限公司,"1/3焦煤|1级|国内",G3MMSY1,,月亮田,"4","2026-08-29 18:27:02",,"1M",502480.0,采购中心,Mad,"1.11"
贵州盘江精煤股份有限公司,"1/3焦煤|1级|国内",G3MMSY1,,月亮田,"4","2026-08-29 18:27:02",,"1M",502480.0,采购中心,St.d,"0.87"
贵州盘江精煤股份有限公司,"1/3焦煤|1级|国内",G3MMSY1,,月亮田,"4","2026-08-29 18:27:02",,"1M",502480.0,采购中心,Vdaf,"36.42"
贵州盘江精煤股份有限公司,"1/3焦煤|1级|国内",G3MMSY1,,月亮田,"4","2026-08-29 18:27:02",,"1M",502480.0,采购中心,水分,"10.0"
焦化厂,炼焦配合煤,A2MMJPM,,,"4","2026-08-29 15:48:17",喷吹用煤（原料）,,,采购中心,Ad,"10.43"
焦化厂,炼焦配合煤,A2MMJPM,,,"4","2026-08-29 15:48:17",喷吹用煤（原料）,,,采购中心,Ad,"10.70"
焦化厂,炼焦配合煤,A2MMJPM,,,"4","2026-08-29 15:48:17",喷吹用煤（原料）,,,采购中心,Ad,"9.85"
焦化厂,炼焦配合煤,A2MMJPM,,,"4","2026-08-29 15:48:17",喷吹用煤（原料）,,,采购中心,FCad,"62.58"
焦化厂,炼焦配合煤,A2MMJPM,,,"4","2026-08-29 15:48:17",喷吹用煤（原料）,,,采购中心,FCad,"72.26"
焦化厂,炼焦配合煤,A2MMJPM,,,"4","2026-08-29 15:48:17",喷吹用煤（原料）,,,采购中心,FCad,"55.89"
焦化厂,炼焦配合煤,A2MMJPM,,,"4","2026-08-29 15:48:17",喷吹用煤（原料）,,,采购中心,Mad,"1.16"
焦化厂,炼焦配合煤,A2MMJPM,,,"4","2026-08-29 15:48:17",喷吹用煤（原料）,,,采购中心,Mad,"1.59"
焦化厂,炼焦配合煤,A2MMJPM,,,"4","2026-08-29 15:48:17",喷吹用煤（原料）,,,采购中心,Mad,"0.96"
焦化厂,炼焦配合煤,A2MMJPM,,,"4","2026-08-29 15:48:17",喷吹用煤（原料）,,,采购中心,St.d,"1.90"
焦化厂,炼焦配合煤,A2MMJPM,,,"4","2026-08-29 15:48:17",喷吹用煤（原料）,,,采购中心,St.d,"0.63"
焦化厂,炼焦配合煤,A2MMJPM,,,"4","2026-08-29 15:48:17",喷吹用煤（原料）,,,采购中心,St.d,"0.50"
焦化厂,炼焦配合煤,A2MMJPM,,,"4","2026-08-29 15:48:17",喷吹用煤（原料）,,,采购中心,Vdaf,"19.06"
焦化厂,炼焦配合煤,A2MMJPM,,,"4","2026-08-29 15:48:17",喷吹用煤（原料）,,,采购中心,Vdaf,"36.60"
焦化厂,炼焦配合煤,A2MMJPM,,,"4","2026-08-29 15:48:17",喷吹用煤（原料）,,,采购中心,Vdaf,"29.10"
焦化厂,炼焦配合煤,A2MMJPM,,,"4","2026-08-29 15:48:17",喷吹用煤（原料）,,,采购中心,水分,"11.6"
焦化厂,炼焦配合煤,A2MMJPM,,,"4","2026-08-29 15:48:17",喷吹用煤（原料）,,,采购中心,水分,"12.6"
焦化厂,炼焦配合煤,A2MMJPM,,,"4","2026-08-29 15:48:17",喷吹用煤（原料）,,,采购中心,水分,"9.4"
广西柳钢国际贸易有限公司,肥煤|国内,G3MMFF1,,宝丰,"4","2026-08-29 15:03:57",,"4M",1103280.0,采购中心,Ad,"10.76"
广西柳钢国际贸易有限公司,肥煤|国内,G3MMFF1,,宝丰,"4","2026-08-29 15:03:57",,"4M",1103280.0,采购中心,FCad,"61.11"
广西柳钢国际贸易有限公司,肥煤|国内,G3MMFF1,,宝丰,"4","2026-08-29 15:03:57",,"4M",1103280.0,采购中心,Mad,"1.21"
广西柳钢国际贸易有限公司,肥煤|国内,G3MMFF1,,宝丰,"4","2026-08-29 15:03:57",,"4M",1103280.0,采购中心,St.d,"1.71"
广西柳钢国际贸易有限公司,肥煤|国内,G3MMFF1,,宝丰,"4","2026-08-29 15:03:57",,"4M",1103280.0,采购中心,Vdaf,"30.68"
广西柳钢国际贸易有限公司,肥煤|国内,G3MMFF1,,宝丰,"4","2026-08-29 15:03:57",,"4M",1103280.0,采购中心,水分,"12.6"
中国诚通国际贸易有限公司,贫瘦煤|国内,G3MMPS1,,宋寨,"4","2026-08-29 12:54:24",,,,采购中心,水分,"16.8"
广西柳钢国际贸易有限公司,贫瘦煤|国内|低挥发,G3MMPS11,,,"4","2026-08-29 11:16:41",,,,采购中心,Ad,"10.89"
广西柳钢国际贸易有限公司,贫瘦煤|国内|低挥发,G3MMPS11,,,"4","2026-08-29 11:16:41",,,,采购中心,Cad,"80.92"
广西柳钢国际贸易有限公司,贫瘦煤|国内|低挥发,G3MMPS11,,,"4","2026-08-29 11:16:41",,,,采购中心,FCad,"78.33"
广西柳钢国际贸易有限公司,贫瘦煤|国内|低挥发,G3MMPS11,,,"4","2026-08-29 11:16:41",,,,采购中心,Had,"3.48"
广西柳钢国际贸易有限公司,贫瘦煤|国内|低挥发,G3MMPS11,,,"4","2026-08-29 11:16:41",,,,采购中心,Mad,"1.44"
广西柳钢国际贸易有限公司,贫瘦煤|国内|低挥发,G3MMPS11,,,"4","2026-08-29 11:16:41",,,,采购中心,St.d,"0.38"
广西柳钢国际贸易有限公司,贫瘦煤|国内|低挥发,G3MMPS11,,,"4","2026-08-29 11:16:41",,,,采购中心,Vdaf,"10.82"
广西柳钢国际贸易有限公司,贫瘦煤|国内|低挥发,G3MMPS11,,,"4","2026-08-29 11:16:41",,,,采购中心,水分,"7.2"
广西柳钢国际贸易有限公司,贫瘦煤|国内|低挥发,G3MMPS11,,东田良,"4","2026-08-29 11:08:17",,,278590.0,采购中心,Ad,"10.89"
广西柳钢国际贸易有限公司,贫瘦煤|国内|低挥发,G3MMPS11,,东田良,"4","2026-08-29 11:08:17",,,278590.0,采购中心,FCad,"78.42"
广西柳钢国际贸易有限公司,贫瘦煤|国内|低挥发,G3MMPS11,,东田良,"4","2026-08-29 11:08:17",,,278590.0,采购中心,Mad,"1.47"
广西柳钢国际贸易有限公司,贫瘦煤|国内|低挥发,G3MMPS11,,东田良,"4","2026-08-29 11:08:17",,,278590.0,采购中心,St.d,"0.38"
广西柳钢国际贸易有限公司,贫瘦煤|国内|低挥发,G3MMPS11,,东田良,"4","2026-08-29 11:08:17",,,278590.0,采购中心,Vdaf,"10.68"
广西柳钢国际贸易有限公司,贫瘦煤|国内|低挥发,G3MMPS11,,东田良,"4","2026-08-29 11:08:17",,,278590.0,采购中心,水分,"6.8"
广西柳钢国际贸易有限公司,主焦煤|1级|进口|加拿大|普瑞,G3MMZJML,马尔凯洛,铁山港,"4","2026-08-29 04:51:20",,,3399240.0,采购中心,水分,"12.7"
西部红果煤炭交易有限公司,主焦煤|3级|国内,G3MMZJF,,大湾,"4","2026-08-28 21:10:26",,"4M",909020.0,采购中心,Ad,"11.33"
西部红果煤炭交易有限公司,主焦煤|3级|国内,G3MMZJF,,大湾,"4","2026-08-28 21:10:26",,"4M",909020.0,采购中心,FCad,"64.14"
西部红果煤炭交易有限公司,主焦煤|3级|国内,G3MMZJF,,大湾,"4","2026-08-28 21:10:26",,"4M",909020.0,采购中心,Mad,"0.90"
西部红果煤炭交易有限公司,主焦煤|3级|国内,G3MMZJF,,大湾,"4","2026-08-28 21:10:26",,"4M",909020.0,采购中心,St.d,"1.10"
西部红果煤炭交易有限公司,主焦煤|3级|国内,G3MMZJF,,大湾,"4","2026-08-28 21:10:26",,"4M",909020.0,采购中心,Vdaf,"27.01"
西部红果煤炭交易有限公司,主焦煤|3级|国内,G3MMZJF,,大湾,"4","2026-08-28 21:10:26",,"4M",909020.0,采购中心,水分,"15.8"
广西柳钢国际贸易有限公司,国内烧结无烟煤,G3MMSWM,,嘉峰,"4","2026-08-28 20:10:50",,,1852930.0,采购中心,Ad,"9.71"
广西柳钢国际贸易有限公司,国内烧结无烟煤,G3MMSWM,,嘉峰,"4","2026-08-28 20:10:50",,,1852930.0,采购中心,FCad,"82.41"
广西柳钢国际贸易有限公司,国内烧结无烟煤,G3MMSWM,,嘉峰,"4","2026-08-28 20:10:50",,,1852930.0,采购中心,Mad,"2.63"
广西柳钢国际贸易有限公司,国内烧结无烟煤,G3MMSWM,,嘉峰,"4","2026-08-28 20:10:50",,,1852930.0,采购中心,St.d,"0.35"
广西柳钢国际贸易有限公司,国内烧结无烟煤,G3MMSWM,,嘉峰,"4","2026-08-28 20:10:50",,,1852930.0,采购中心,Vdaf,"6.27"
广西柳钢国际贸易有限公司,国内烧结无烟煤,G3MMSWM,,嘉峰,"4","2026-08-28 20:10:50",,,1852930.0,采购中心,水分,"8.4"
贵州盘江精煤股份有限公司,"1/3焦煤|1级|国内",G3MMSY1,,火铺,"4","2026-08-28 18:50:51",,A2,857960.0,采购中心,Ad,"9.75"
贵州盘江精煤股份有限公司,"1/3焦煤|1级|国内",G3MMSY1,,火铺,"4","2026-08-28 18:50:51",,A2,857960.0,采购中心,FCad,"62.63"
贵州盘江精煤股份有限公司,"1/3焦煤|1级|国内",G3MMSY1,,火铺,"4","2026-08-28 18:50:51",,A2,857960.0,采购中心,Mad,"1.02"
贵州盘江精煤股份有限公司,"1/3焦煤|1级|国内",G3MMSY1,,火铺,"4","2026-08-28 18:50:51",,A2,857960.0,采购中心,St.d,"0.42"
贵州盘江精煤股份有限公司,"1/3焦煤|1级|国内",G3MMSY1,,火铺,"4","2026-08-28 18:50:51",,A2,857960.0,采购中心,Vdaf,"29.89"
贵州盘江精煤股份有限公司,"1/3焦煤|1级|国内",G3MMSY1,,火铺,"4","2026-08-28 18:50:51",,A2,857960.0,采购中心,水分,"13.3"
广西柳钢国际贸易有限公司,主焦煤|3级|进口|澳洲|Daunia,G3MMZJMH,吉利女神,铁山港,"4","2026-08-28 17:31:56",,,3346170.0,采购中心,水分,"12.9"
焦化厂,炼焦配合煤,A2MMJPM,,,"4","2026-08-28 16:43:21",喷吹用煤（原料）,,,采购中心,Ad,"9.75"
焦化厂,炼焦配合煤,A2MMJPM,,,"4","2026-08-28 16:43:21",喷吹用煤（原料）,,,采购中心,Ad,"9.94"
焦化厂,炼焦配合煤,A2MMJPM,,,"4","2026-08-28 16:43:21",喷吹用煤（原料）,,,采购中心,Cad,"78.59"
焦化厂,炼焦配合煤,A2MMJPM,,,"4","2026-08-28 16:43:21",喷吹用煤（原料）,,,采购中心,Cad,"78.61"
焦化厂,炼焦配合煤,A2MMJPM,,,"4","2026-08-28 16:43:21",喷吹用煤（原料）,,,采购中心,FCad,"65.61"
焦化厂,炼焦配合煤,A2MMJPM,,,"4","2026-08-28 16:43:21",喷吹用煤（原料）,,,采购中心,FCad,"65.46"
焦化厂,炼焦配合煤,A2MMJPM,,,"4","2026-08-28 16:43:21",喷吹用煤（原料）,,,采购中心,Had,"4.49"
焦化厂,炼焦配合煤,A2MMJPM,,,"4","2026-08-28 16:43:21",喷吹用煤（原料）,,,采购中心,Had,"4.46"
焦化厂,炼焦配合煤,A2MMJPM,,,"4","2026-08-28 16:43:21",喷吹用煤（原料）,,,采购中心,Mad,"1.30"
焦化厂,炼焦配合煤,A2MMJPM,,,"4","2026-08-28 16:43:21",喷吹用煤（原料）,,,采购中心,Mad,"1.29"
焦化厂,炼焦配合煤,A2MMJPM,,,"4","2026-08-28 16:43:21",喷吹用煤（原料）,,,采购中心,St.d,"0.91"
焦化厂,炼焦配合煤,A2MMJPM,,,"4","2026-08-28 16:43:21",喷吹用煤（原料）,,,采购中心,St.d,"0.64"
焦化厂,炼焦配合煤,A2MMJPM,,,"4","2026-08-28 16:43:21",喷吹用煤（原料）,,,采购中心,Vdaf,"26.36"
焦化厂,炼焦配合煤,A2MMJPM,,,"4","2026-08-28 16:43:21",喷吹用煤（原料）,,,采购中心,Vdaf,"26.36"
焦化厂,炼焦配合煤,A2MMJPM,,,"4","2026-08-28 16:43:21",喷吹用煤（原料）,,,采购中心,水分,"10.6"
焦化厂,炼焦配合煤,A2MMJPM,,,"4","2026-08-28 16:43:21",喷吹用煤（原料）,,,采购中心,水分,"11.6"
焦化厂,炼焦配合煤,A2MMJPM,,,"4","2026-08-28 15:53:06",喷吹用煤（原料）,,,采购中心,Ad,"9.35"
焦化厂,炼焦配合煤,A2MMJPM,,,"4","2026-08-28 15:53:06",喷吹用煤（原料）,,,采购中心,Ad,"10.31"
焦化厂,炼焦配合煤,A2MMJPM,,,"4","2026-08-28 15:53:06",喷吹用煤（原料）,,,采购中心,Ad,"10.13"
焦化厂,炼焦配合煤,A2MMJPM,,,"4","2026-08-28 15:53:06",喷吹用煤（原料）,,,采购中心,FCad,"63.02"
焦化厂,炼焦配合煤,A2MMJPM,,,"4","2026-08-28 15:53:06",喷吹用煤（原料）,,,采购中心,FCad,"65.42"
焦化厂,炼焦配合煤,A2MMJPM,,,"4","2026-08-28 15:53:06",喷吹用煤（原料）,,,采购中心,FCad,"72.58"
焦化厂,炼焦配合煤,A2MMJPM,,,"4","2026-08-28 15:53:06",喷吹用煤（原料）,,,采购中心,Mad,"1.27"
焦化厂,炼焦配合煤,A2MMJPM,,,"4","2026-08-28 15:53:06",喷吹用煤（原料）,,,采购中心,Mad,"1.08"
焦化厂,炼焦配合煤,A2MMJPM,,,"4","2026-08-28 15:53:06",喷吹用煤（原料）,,,采购中心,Mad,"0.88"
焦化厂,炼焦配合煤,A2MMJPM,,,"4","2026-08-28 15:53:06",喷吹用煤（原料）,,,采购中心,St.d,"0.73"
焦化厂,炼焦配合煤,A2MMJPM,,,"4","2026-08-28 15:53:06",喷吹用煤（原料）,,,采购中心,St.d,"0.45"
焦化厂,炼焦配合煤,A2MMJPM,,,"4","2026-08-28 15:53:06",喷吹用煤（原料）,,,采购中心,St.d,"2.00"
焦化厂,炼焦配合煤,A2MMJPM,,,"4","2026-08-28 15:53:06",喷吹用煤（原料）,,,采购中心,Vdaf,"18.52"
焦化厂,炼焦配合煤,A2MMJPM,,,"4","2026-08-28 15:53:06",喷吹用煤（原料）,,,采购中心,Vdaf,"28.97"
焦化厂,炼焦配合煤,A2MMJPM,,,"4","2026-08-28 15:53:06",喷吹用煤（原料）,,,采购中心,Vdaf,"26.91"
焦化厂,炼焦配合煤,A2MMJPM,,,"4","2026-08-28 15:53:06",喷吹用煤（原料）,,,采购中心,水分,"11.1"
焦化厂,炼焦配合煤,A2MMJPM,,,"4","2026-08-28 15:53:06",喷吹用煤（原料）,,,采购中心,水分,"11.0"
焦化厂,炼焦配合煤,A2MMJPM,,,"4","2026-08-28 15:53:06",喷吹用煤（原料）,,,采购中心,水分,"12.9"
国家能源投资集团有限责任公司煤炭经营分公司,烟煤|国内,G3MMYY1,,,"4","2026-08-28 14:59:46",,,,采购中心,Ad,"9.66"
国家能源投资集团有限责任公司煤炭经营分公司,烟煤|国内,G3MMYY1,,,"4","2026-08-28 14:59:46",,,,采购中心,Cad,"70.96"
国家能源投资集团有限责任公司煤炭经营分公司,烟煤|国内,G3MMYY1,,,"4","2026-08-28 14:59:46",,,,采购中心,FCad,"52.57"
国家能源投资集团有限责任公司煤炭经营分公司,烟煤|国内,G3MMYY1,,,"4","2026-08-28 14:59:46",,,,采购中心,Had,"4.49"
国家能源投资集团有限责任公司煤炭经营分公司,烟煤|国内,G3MMYY1,,,"4","2026-08-28 14:59:46",,,,采购中心,Mad,"4.17"
国家能源投资集团有限责任公司煤炭经营分公司,烟煤|国内,G3MMYY1,,,"4","2026-08-28 14:59:46",,,,采购中心,St.d,"0.55"
国家能源投资集团有限责任公司煤炭经营分公司,烟煤|国内,G3MMYY1,,,"4","2026-08-28 14:59:46",,,,采购中心,Vdaf,"39.28"
国家能源投资集团有限责任公司煤炭经营分公司,烟煤|国内,G3MMYY1,,,"4","2026-08-28 14:59:46",,,,采购中心,水分,"13.7"
国家能源投资集团有限责任公司煤炭经营分公司,烟煤|国内,G3MMYY1,,大保当,"4","2026-08-28 14:58:06",,料3,3405840.0,采购中心,Ad,"9.22"
国家能源投资集团有限责任公司煤炭经营分公司,烟煤|国内,G3MMYY1,,大保当,"4","2026-08-28 14:58:06",,料3,3405840.0,采购中心,FCad,"52.99"
国家能源投资集团有限责任公司煤炭经营分公司,烟煤|国内,G3MMYY1,,大保当,"4","2026-08-28 14:58:06",,料3,3405840.0,采购中心,Mad,"4.60"
国家能源投资集团有限责任公司煤炭经营分公司,烟煤|国内,G3MMYY1,,大保当,"4","2026-08-28 14:58:06",,料3,3405840.0,采购中心,St.d,"0.57"
国家能源投资集团有限责任公司煤炭经营分公司,烟煤|国内,G3MMYY1,,大保当,"4","2026-08-28 14:58:06",,料3,3405840.0,采购中心,Vdaf,"38.81"
国家能源投资集团有限责任公司煤炭经营分公司,烟煤|国内,G3MMYY1,,大保当,"4","2026-08-28 14:58:06",,料3,3405840.0,采购中心,水分,"14.0"
广西柳钢国际贸易有限公司,主焦煤|2级|进口|澳洲|GLV Prime,G3MMZJ8,瑞海,防城港,"4","2026-08-28 12:12:22",,"4M",3491960.0,采购中心,Ad,"10.39"
广西柳钢国际贸易有限公司,主焦煤|2级|进口|澳洲|GLV Prime,G3MMZJ8,瑞海,防城港,"4","2026-08-28 12:12:22",,"4M",3491960.0,采购中心,FCad,"68.86"
广西柳钢国际贸易有限公司,主焦煤|2级|进口|澳洲|GLV Prime,G3MMZJ8,瑞海,防城港,"4","2026-08-28 12:12:22",,"4M",3491960.0,采购中心,Mad,"1.27"
广西柳钢国际贸易有限公司,主焦煤|2级|进口|澳洲|GLV Prime,G3MMZJ8,瑞海,防城港,"4","2026-08-28 12:12:22",,"4M",3491960.0,采购中心,St.d,"0.34"
广西柳钢国际贸易有限公司,主焦煤|2级|进口|澳洲|GLV Prime,G3MMZJ8,瑞海,防城港,"4","2026-08-28 12:12:22",,"4M",3491960.0,采购中心,Vdaf,"22.16"
广西柳钢国际贸易有限公司,主焦煤|2级|进口|澳洲|GLV Prime,G3MMZJ8,瑞海,防城港,"4","2026-08-28 12:12:22",,"4M",3491960.0,采购中心,水分,"13.5"
贵州盘江精煤股份有限公司,"1/3焦煤|1级|国内",G3MMSY1,,火铺,"4","2026-08-28 12:00:26",,A2,450290.0,采购中心,Ad,"10.32"
贵州盘江精煤股份有限公司,"1/3焦煤|1级|国内",G3MMSY1,,火铺,"4","2026-08-28 12:00:26",,A2,450290.0,采购中心,FCad,"62.27"
贵州盘江精煤股份有限公司,"1/3焦煤|1级|国内",G3MMSY1,,火铺,"4","2026-08-28 12:00:26",,A2,450290.0,采购中心,Mad,"1.18"
贵州盘江精煤股份有限公司,"1/3焦煤|1级|国内",G3MMSY1,,火铺,"4","2026-08-28 12:00:26",,A2,450290.0,采购中心,St.d,"0.45"
贵州盘江精煤股份有限公司,"1/3焦煤|1级|国内",G3MMSY1,,火铺,"4","2026-08-28 12:00:26",,A2,450290.0,采购中心,Vdaf,"29.73"
贵州盘江精煤股份有限公司,"1/3焦煤|1级|国内",G3MMSY1,,火铺,"4","2026-08-28 12:00:26",,A2,450290.0,采购中心,水分,"15.9"
山西焦煤能源集团股份有限公司,气煤|2级|国内,G3MMQQB,,瓦塘,"4","2026-08-28 11:44:13",,A2,353940.0,采购中心,Ad,"10.88"
山西焦煤能源集团股份有限公司,气煤|2级|国内,G3MMQQB,,瓦塘,"4","2026-08-28 11:44:13",,A2,353940.0,采购中心,FCad,"57.07"
山西焦煤能源集团股份有限公司,气煤|2级|国内,G3MMQQB,,瓦塘,"4","2026-08-28 11:44:13",,A2,353940.0,采购中心,Mad,"2.23"
山西焦煤能源集团股份有限公司,气煤|2级|国内,G3MMQQB,,瓦塘,"4","2026-08-28 11:44:13",,A2,353940.0,采购中心,St.d,"0.81"
山西焦煤能源集团股份有限公司,气煤|2级|国内,G3MMQQB,,瓦塘,"4","2026-08-28 11:44:13",,A2,353940.0,采购中心,Vdaf,"34.50"
山西焦煤能源集团股份有限公司,气煤|2级|国内,G3MMQQB,,瓦塘,"4","2026-08-28 11:44:13",,A2,353940.0,采购中心,水分,"7.7"
贵州盘江精煤股份有限公司,炼焦贫瘦煤|国内,G3MMJPS1,,红果,"4","2026-08-28 11:44:13",,A2,437350.0,采购中心,Ad,"10.98"
贵州盘江精煤股份有限公司,炼焦贫瘦煤|国内,G3MMJPS1,,红果,"4","2026-08-28 11:44:13",,A2,437350.0,采购中心,FCad,"76.85"
贵州盘江精煤股份有限公司,炼焦贫瘦煤|国内,G3MMJPS1,,红果,"4","2026-08-28 11:44:13",,A2,437350.0,采购中心,Mad,"1.08"
贵州盘江精煤股份有限公司,炼焦贫瘦煤|国内,G3MMJPS1,,红果,"4","2026-08-28 11:44:13",,A2,437350.0,采购中心,St.d,"0.86"
贵州盘江精煤股份有限公司,炼焦贫瘦煤|国内,G3MMJPS1,,红果,"4","2026-08-28 11:44:13",,A2,437350.0,采购中心,Vdaf,"12.73"
贵州盘江精煤股份有限公司,炼焦贫瘦煤|国内,G3MMJPS1,,红果,"4","2026-08-28 11:44:13",,A2,437350.0,采购中心,水分,"14.3"
山西潞安环保能源开发股份有限公司,贫瘦煤|国内,G3MMPS1,,长治北,"4","2026-08-28 09:22:31",,A2,130560.0,采购中心,Ad,"10.60"
山西潞安环保能源开发股份有限公司,贫瘦煤|国内,G3MMPS1,,长治北,"4","2026-08-28 09:22:31",,A2,130560.0,采购中心,FCad,"77.19"
山西潞安环保能源开发股份有限公司,贫瘦煤|国内,G3MMPS1,,长治北,"4","2026-08-28 09:22:31",,A2,130560.0,采购中心,Mad,"1.09"
山西潞安环保能源开发股份有限公司,贫瘦煤|国内,G3MMPS1,,长治北,"4","2026-08-28 09:22:31",,A2,130560.0,采购中心,St.d,"0.38"
山西潞安环保能源开发股份有限公司,贫瘦煤|国内,G3MMPS1,,长治北,"4","2026-08-28 09:22:31",,A2,130560.0,采购中心,Vdaf,"12.71"
山西潞安环保能源开发股份有限公司,贫瘦煤|国内,G3MMPS1,,长治北,"4","2026-08-28 09:22:31",,A2,130560.0,采购中心,水分,"8.2"
广西柳钢国际贸易有限公司,"1/3焦煤|2级|进口|哥伦比亚",G3MMSYK,贾巴尔,云约,"4","2026-08-28 02:45:37",,"5M",2651270.0,采购中心,Ad,"12.01"
广西柳钢国际贸易有限公司,"1/3焦煤|2级|进口|哥伦比亚",G3MMSYK,贾巴尔,云约,"4","2026-08-28 02:45:37",,"5M",2651270.0,采购中心,FCad,"57.73"
广西柳钢国际贸易有限公司,"1/3焦煤|2级|进口|哥伦比亚",G3MMSYK,贾巴尔,云约,"4","2026-08-28 02:45:37",,"5M",2651270.0,采购中心,Mad,"1.62"
广西柳钢国际贸易有限公司,"1/3焦煤|2级|进口|哥伦比亚",G3MMSYK,贾巴尔,云约,"4","2026-08-28 02:45:37",,"5M",2651270.0,采购中心,St.d,"0.79"
广西柳钢国际贸易有限公司,"1/3焦煤|2级|进口|哥伦比亚",G3MMSYK,贾巴尔,云约,"4","2026-08-28 02:45:37",,"5M",2651270.0,采购中心,Vdaf,"33.31"
广西柳钢国际贸易有限公司,"1/3焦煤|2级|进口|哥伦比亚",G3MMSYK,贾巴尔,云约,"4","2026-08-28 02:45:37",,"5M",2651270.0,采购中心,水分,"7.2"
广西柳钢国际贸易有限公司,主焦煤|1级|进口|加拿大|普瑞,G3MMZJML,马尔凯洛,铁山港,"4","2026-08-27 21:56:43",,,3094420.0,采购中心,水分,"14.1"
广西柳钢国际贸易有限公司,肥煤|国内,G3MMFF1,,宝丰,"4","2026-08-27 20:45:21",,A2,477690.0,采购中心,Ad,"11.79"
广西柳钢国际贸易有限公司,肥煤|国内,G3MMFF1,,宝丰,"4","2026-08-27 20:45:21",,A2,477690.0,采购中心,FCad,"60.77"
广西柳钢国际贸易有限公司,肥煤|国内,G3MMFF1,,宝丰,"4","2026-08-27 20:45:21",,A2,477690.0,采购中心,Mad,"1.17"
广西柳钢国际贸易有限公司,肥煤|国内,G3MMFF1,,宝丰,"4","2026-08-27 20:45:21",,A2,477690.0,采购中心,St.d,"1.89"
广西柳钢国际贸易有限公司,肥煤|国内,G3MMFF1,,宝丰,"4","2026-08-27 20:45:21",,A2,477690.0,采购中心,Vdaf,"30.29"
广西柳钢国际贸易有限公司,肥煤|国内,G3MMFF1,,宝丰,"4","2026-08-27 20:45:21",,A2,477690.0,采购中心,水分,"12.7"
贵州盘江精煤股份有限公司,"1/3焦煤|1级|国内",G3MMSY1,,月亮田,"4","2026-08-27 20:31:02",,"1M",484790.0,采购中心,Ad,"12.00"
贵州盘江精煤股份有限公司,"1/3焦煤|1级|国内",G3MMSY1,,月亮田,"4","2026-08-27 20:31:02",,"1M",484790.0,采购中心,FCad,"55.55"
贵州盘江精煤股份有限公司,"1/3焦煤|1级|国内",G3MMSY1,,月亮田,"4","2026-08-27 20:31:02",,"1M",484790.0,采购中心,Mad,"1.28"
贵州盘江精煤股份有限公司,"1/3焦煤|1级|国内",G3MMSY1,,月亮田,"4","2026-08-27 20:31:02",,"1M",484790.0,采购中心,St.d,"0.91"
贵州盘江精煤股份有限公司,"1/3焦煤|1级|国内",G3MMSY1,,月亮田,"4","2026-08-27 20:31:02",,"1M",484790.0,采购中心,Vdaf,"36.06"
贵州盘江精煤股份有限公司,"1/3焦煤|1级|国内",G3MMSY1,,月亮田,"4","2026-08-27 20:31:02",,"1M",484790.0,采购中心,水分,"11.7"
淮南矿业（集团）有限责任公司,"1/3焦煤|1级|国内",G3MMSY1,,潘集西,"4","2026-08-27 20:08:09",,A2,3280850.0,采购中心,Ad,"9.90"
淮南矿业（集团）有限责任公司,"1/3焦煤|1级|国内",G3MMSY1,,潘集西,"4","2026-08-27 20:08:09",,A2,3280850.0,采购中心,FCad,"58.11"
淮南矿业（集团）有限责任公司,"1/3焦煤|1级|国内",G3MMSY1,,潘集西,"4","2026-08-27 20:08:09",,A2,3280850.0,采购中心,Mad,"1.75"
淮南矿业（集团）有限责任公司,"1/3焦煤|1级|国内",G3MMSY1,,潘集西,"4","2026-08-27 20:08:09",,A2,3280850.0,采购中心,St.d,"0.47"
淮南矿业（集团）有限责任公司,"1/3焦煤|1级|国内",G3MMSY1,,潘集西,"4","2026-08-27 20:08:09",,A2,3280850.0,采购中心,Vdaf,"34.35"
淮南矿业（集团）有限责任公司,"1/3焦煤|1级|国内",G3MMSY1,,潘集西,"4","2026-08-27 20:08:09",,A2,3280850.0,采购中心,水分,"9.3"
贵州盘江精煤股份有限公司,"1/3焦煤|1级|国内",G3MMSY1,,月亮田,"4","2026-08-27 18:24:38",,"1M",604110.0,采购中心,Ad,"11.37"
贵州盘江精煤股份有限公司,"1/3焦煤|1级|国内",G3MMSY1,,月亮田,"4","2026-08-27 18:24:38",,"1M",604110.0,采购中心,FCad,"56.01"
贵州盘江精煤股份有限公司,"1/3焦煤|1级|国内",G3MMSY1,,月亮田,"4","2026-08-27 18:24:38",,"1M",604110.0,采购中心,Mad,"1.38"
贵州盘江精煤股份有限公司,"1/3焦煤|1级|国内",G3MMSY1,,月亮田,"4","2026-08-27 18:24:38",,"1M",604110.0,采购中心,St.d,"0.88"
贵州盘江精煤股份有限公司,"1/3焦煤|1级|国内",G3MMSY1,,月亮田,"4","2026-08-27 18:24:38",,"1M",604110.0,采购中心,Vdaf,"35.92"
贵州盘江精煤股份有限公司,"1/3焦煤|1级|国内",G3MMSY1,,月亮田,"4","2026-08-27 18:24:38",,"1M",604110.0,采购中心,水分,"11.8"
焦化厂,炼焦配合煤,A2MMJPM,,,"4","2026-08-27 17:01:48",喷吹用煤（原料）,,,采购中心,Ad,"10.47"
焦化厂,炼焦配合煤,A2MMJPM,,,"4","2026-08-27 17:01:48",喷吹用煤（原料）,,,采购中心,Ad,"10.80"
焦化厂,炼焦配合煤,A2MMJPM,,,"4","2026-08-27 17:01:48",喷吹用煤（原料）,,,采购中心,Ad,"9.30"
焦化厂,炼焦配合煤,A2MMJPM,,,"4","2026-08-27 17:01:48",喷吹用煤（原料）,,,采购中心,FCad,"68.38"
焦化厂,炼焦配合煤,A2MMJPM,,,"4","2026-08-27 17:01:48",喷吹用煤（原料）,,,采购中心,FCad,"62.15"
焦化厂,炼焦配合煤,A2MMJPM,,,"4","2026-08-27 17:01:48",喷吹用煤（原料）,,,采购中心,FCad,"62.08"
焦化厂,炼焦配合煤,A2MMJPM,,,"4","2026-08-27 17:01:48",喷吹用煤（原料）,,,采购中心,Mad,"1.33"
焦化厂,炼焦配合煤,A2MMJPM,,,"4","2026-08-27 17:01:48",喷吹用煤（原料）,,,采购中心,Mad,"1.38"
焦化厂,炼焦配合煤,A2MMJPM,,,"4","2026-08-27 17:01:48",喷吹用煤（原料）,,,采购中心,Mad,"1.55"
焦化厂,炼焦配合煤,A2MMJPM,,,"4","2026-08-27 17:01:48",喷吹用煤（原料）,,,采购中心,St.d,"0.45"
焦化厂,炼焦配合煤,A2MMJPM,,,"4","2026-08-27 17:01:48",喷吹用煤（原料）,,,采购中心,St.d,"0.35"
焦化厂,炼焦配合煤,A2MMJPM,,,"4","2026-08-27 17:01:48",喷吹用煤（原料）,,,采购中心,St.d,"1.75"
焦化厂,炼焦配合煤,A2MMJPM,,,"4","2026-08-27 17:01:48",喷吹用煤（原料）,,,采购中心,Vdaf,"22.55"
焦化厂,炼焦配合煤,A2MMJPM,,,"4","2026-08-27 17:01:48",喷吹用煤（原料）,,,采购中心,Vdaf,"29.46"
焦化厂,炼焦配合煤,A2MMJPM,,,"4","2026-08-27 17:01:48",喷吹用煤（原料）,,,采购中心,Vdaf,"30.40"
焦化厂,炼焦配合煤,A2MMJPM,,,"4","2026-08-27 17:01:48",喷吹用煤（原料）,,,采购中心,水分,"10.2"
焦化厂,炼焦配合煤,A2MMJPM,,,"4","2026-08-27 17:01:48",喷吹用煤（原料）,,,采购中心,水分,"11.7"
焦化厂,炼焦配合煤,A2MMJPM,,,"4","2026-08-27 17:01:48",喷吹用煤（原料）,,,采购中心,水分,"11.7"
贵州盘江精煤股份有限公司,"1/3焦煤|1级|国内",G3MMSY1,,火铺,"4","2026-08-27 15:30:04",,"1M",390080.0,采购中心,Ad,"10.39"
贵州盘江精煤股份有限公司,"1/3焦煤|1级|国内",G3MMSY1,,火铺,"4","2026-08-27 15:30:04",,"1M",390080.0,采购中心,FCad,"62.12"
贵州盘江精煤股份有限公司,"1/3焦煤|1级|国内",G3MMSY1,,火铺,"4","2026-08-27 15:30:04",,"1M",390080.0,采购中心,Mad,"1.16"
贵州盘江精煤股份有限公司,"1/3焦煤|1级|国内",G3MMSY1,,火铺,"4","2026-08-27 15:30:04",,"1M",390080.0,采购中心,St.d,"0.43"
贵州盘江精煤股份有限公司,"1/3焦煤|1级|国内",G3MMSY1,,火铺,"4","2026-08-27 15:30:04",,"1M",390080.0,采购中心,Vdaf,"29.86"
贵州盘江精煤股份有限公司,"1/3焦煤|1级|国内",G3MMSY1,,火铺,"4","2026-08-27 15:30:04",,"1M",390080.0,采购中心,水分,"13.3"
广西柳钢国际贸易有限公司,贫瘦煤|进口|俄罗斯,G3MMPS8,华源,铁山港,"4","2026-08-27 13:55:55",,,1421500.0,采购中心,水分,"8.3"
中国诚通国际贸易有限公司,贫瘦煤|国内,G3MMPS1,,宋寨,"4","2026-08-27 13:38:32",,,348380.0,采购中心,Ad,"10.12"
中国诚通国际贸易有限公司,贫瘦煤|国内,G3MMPS1,,宋寨,"4","2026-08-27 13:38:32",,,348380.0,采购中心,FCad,"74.56"
中国诚通国际贸易有限公司,贫瘦煤|国内,G3MMPS1,,宋寨,"4","2026-08-27 13:38:32",,,348380.0,采购中心,Mad,"2.48"
中国诚通国际贸易有限公司,贫瘦煤|国内,G3MMPS1,,宋寨,"4","2026-08-27 13:38:32",,,348380.0,采购中心,St.d,"0.53"
中国诚通国际贸易有限公司,贫瘦煤|国内,G3MMPS1,,宋寨,"4","2026-08-27 13:38:32",,,348380.0,采购中心,Vdaf,"14.93"
中国诚通国际贸易有限公司,贫瘦煤|国内,G3MMPS1,,宋寨,"4","2026-08-27 13:38:32",,,348380.0,采购中心,水分,"17.2"
中国诚通国际贸易有限公司,贫瘦煤|国内,G3MMPS1,,宋寨,"4","2026-08-27 13:36:27",,,403900.0,采购中心,Ad,"10.58"
中国诚通国际贸易有限公司,贫瘦煤|国内,G3MMPS1,,宋寨,"4","2026-08-27 13:36:27",,,403900.0,采购中心,FCad,"74.07"
中国诚通国际贸易有限公司,贫瘦煤|国内,G3MMPS1,,宋寨,"4","2026-08-27 13:36:27",,,403900.0,采购中心,Mad,"2.23"
中国诚通国际贸易有限公司,贫瘦煤|国内,G3MMPS1,,宋寨,"4","2026-08-27 13:36:27",,,403900.0,采购中心,St.d,"0.50"
中国诚通国际贸易有限公司,贫瘦煤|国内,G3MMPS1,,宋寨,"4","2026-08-27 13:36:27",,,403900.0,采购中心,Vdaf,"15.28"
中国诚通国际贸易有限公司,贫瘦煤|国内,G3MMPS1,,宋寨,"4","2026-08-27 13:36:27",,,403900.0,采购中心,水分,"12.8"
贵州盘江精煤股份有限公司,"1/3焦煤|1级|国内",G3MMSY1,,火铺,"4","2026-08-27 12:14:21",,"1M",610710.0,采购中心,Ad,"10.29"
贵州盘江精煤股份有限公司,"1/3焦煤|1级|国内",G3MMSY1,,火铺,"4","2026-08-27 12:14:21",,"1M",610710.0,采购中心,FCad,"61.94"
贵州盘江精煤股份有限公司,"1/3焦煤|1级|国内",G3MMSY1,,火铺,"4","2026-08-27 12:14:21",,"1M",610710.0,采购中心,Mad,"1.19"
贵州盘江精煤股份有限公司,"1/3焦煤|1级|国内",G3MMSY1,,火铺,"4","2026-08-27 12:14:21",,"1M",610710.0,采购中心,St.d,"0.41"
贵州盘江精煤股份有限公司,"1/3焦煤|1级|国内",G3MMSY1,,火铺,"4","2026-08-27 12:14:21",,"1M",610710.0,采购中心,Vdaf,"30.12"
贵州盘江精煤股份有限公司,"1/3焦煤|1级|国内",G3MMSY1,,火铺,"4","2026-08-27 12:14:21",,"1M",610710.0,采购中心,水分,"12.1"
西部红果煤炭交易有限公司,主焦煤|3级|国内,G3MMZJF,,大湾,"4","2026-08-27 11:03:23",,"4M",591470.0,采购中心,Ad,"11.66"
西部红果煤炭交易有限公司,主焦煤|3级|国内,G3MMZJF,,大湾,"4","2026-08-27 11:03:23",,"4M",591470.0,采购中心,FCad,"64.39"
西部红果煤炭交易有限公司,主焦煤|3级|国内,G3MMZJF,,大湾,"4","2026-08-27 11:03:23",,"4M",591470.0,采购中心,Mad,"0.97"
西部红果煤炭交易有限公司,主焦煤|3级|国内,G3MMZJF,,大湾,"4","2026-08-27 11:03:23",,"4M",591470.0,采购中心,St.d,"1.09"
西部红果煤炭交易有限公司,主焦煤|3级|国内,G3MMZJF,,大湾,"4","2026-08-27 11:03:23",,"4M",591470.0,采购中心,Vdaf,"26.39"
西部红果煤炭交易有限公司,主焦煤|3级|国内,G3MMZJF,,大湾,"4","2026-08-27 11:03:23",,"4M",591470.0,采购中心,水分,"13.6"
中国诚通国际贸易有限公司,贫瘦煤|国内,G3MMPS1,,宋寨,"4","2026-08-27 10:29:57",,A2,348380.0,采购中心,Ad,"10.22"
中国诚通国际贸易有限公司,贫瘦煤|国内,G3MMPS1,,宋寨,"4","2026-08-27 10:29:57",,A2,348380.0,采购中心,FCad,"74.16"
中国诚通国际贸易有限公司,贫瘦煤|国内,G3MMPS1,,宋寨,"4","2026-08-27 10:29:57",,A2,348380.0,采购中心,Mad,"2.14"
中国诚通国际贸易有限公司,贫瘦煤|国内,G3MMPS1,,宋寨,"4","2026-08-27 10:29:57",,A2,348380.0,采购中心,St.d,"0.48"
中国诚通国际贸易有限公司,贫瘦煤|国内,G3MMPS1,,宋寨,"4","2026-08-27 10:29:57",,A2,348380.0,采购中心,Vdaf,"15.59"
中国诚通国际贸易有限公司,贫瘦煤|国内,G3MMPS1,,宋寨,"4","2026-08-27 10:29:57",,A2,348380.0,采购中心,水分,"15.9"
中国诚通国际贸易有限公司,贫瘦煤|国内,G3MMPS1,,宋寨,"4","2026-08-27 10:27:52",,A2,403900.0,采购中心,Ad,"10.73"
中国诚通国际贸易有限公司,贫瘦煤|国内,G3MMPS1,,宋寨,"4","2026-08-27 10:27:52",,A2,403900.0,采购中心,FCad,"73.96"
中国诚通国际贸易有限公司,贫瘦煤|国内,G3MMPS1,,宋寨,"4","2026-08-27 10:27:52",,A2,403900.0,采购中心,Mad,"2.23"
中国诚通国际贸易有限公司,贫瘦煤|国内,G3MMPS1,,宋寨,"4","2026-08-27 10:27:52",,A2,403900.0,采购中心,St.d,"0.54"
中国诚通国际贸易有限公司,贫瘦煤|国内,G3MMPS1,,宋寨,"4","2026-08-27 10:27:52",,A2,403900.0,采购中心,Vdaf,"15.26"
中国诚通国际贸易有限公司,贫瘦煤|国内,G3MMPS1,,宋寨,"4","2026-08-27 10:27:52",,A2,403900.0,采购中心,水分,"14.3"
广西柳钢国际贸易有限公司,贫瘦煤|进口|E|低挥发,G3MMPS10,茉莉,云约,"4","2026-08-27 10:01:31",,料3,,采购中心,Ad,"9.30"
广西柳钢国际贸易有限公司,贫瘦煤|进口|E|低挥发,G3MMPS10,茉莉,云约,"4","2026-08-27 10:01:31",,料3,,采购中心,FCad,"77.66"
广西柳钢国际贸易有限公司,贫瘦煤|进口|E|低挥发,G3MMPS10,茉莉,云约,"4","2026-08-27 10:01:31",,料3,,采购中心,Mad,"4.07"
广西柳钢国际贸易有限公司,贫瘦煤|进口|E|低挥发,G3MMPS10,茉莉,云约,"4","2026-08-27 10:01:31",,料3,,采购中心,St.d,"0.32"
广西柳钢国际贸易有限公司,贫瘦煤|进口|E|低挥发,G3MMPS10,茉莉,云约,"4","2026-08-27 10:01:31",,料3,,采购中心,Vdaf,"10.74"
广西柳钢国际贸易有限公司,贫瘦煤|进口|E|低挥发,G3MMPS10,茉莉,云约,"4","2026-08-27 10:01:31",,料3,,采购中心,水分,"10.4"
广西柳钢国际贸易有限公司,贫瘦煤|进口|E|低挥发,G3MMPS10,茉莉,云约,"4","2026-08-27 09:59:05",,料3,3419320.0,采购中心,Ad,"9.42"
广西柳钢国际贸易有限公司,贫瘦煤|进口|E|低挥发,G3MMPS10,茉莉,云约,"4","2026-08-27 09:59:05",,料3,3419320.0,采购中心,FCad,"77.99"
广西柳钢国际贸易有限公司,贫瘦煤|进口|E|低挥发,G3MMPS10,茉莉,云约,"4","2026-08-27 09:59:05",,料3,3419320.0,采购中心,Mad,"4.10"
广西柳钢国际贸易有限公司,贫瘦煤|进口|E|低挥发,G3MMPS10,茉莉,云约,"4","2026-08-27 09:59:05",,料3,3419320.0,采购中心,St.d,"0.29"
广西柳钢国际贸易有限公司,贫瘦煤|进口|E|低挥发,G3MMPS10,茉莉,云约,"4","2026-08-27 09:59:05",,料3,3419320.0,采购中心,Vdaf,"10.22"
广西柳钢国际贸易有限公司,贫瘦煤|进口|E|低挥发,G3MMPS10,茉莉,云约,"4","2026-08-27 09:59:05",,料3,3419320.0,采购中心,水分,"9.7"
贵州盘江精煤股份有限公司,"1/3焦煤|1级|国内",G3MMSY1,,火铺,"4","2026-08-27 09:32:37",,"1M",611190.0,采购中心,Ad,"10.41"
贵州盘江精煤股份有限公司,"1/3焦煤|1级|国内",G3MMSY1,,火铺,"4","2026-08-27 09:32:37",,"1M",611190.0,采购中心,FCad,"61.78"
贵州盘江精煤股份有限公司,"1/3焦煤|1级|国内",G3MMSY1,,火铺,"4","2026-08-27 09:32:37",,"1M",611190.0,采购中心,Mad,"1.22"
贵州盘江精煤股份有限公司,"1/3焦煤|1级|国内",G3MMSY1,,火铺,"4","2026-08-27 09:32:37",,"1M",611190.0,采购中心,St.d,"0.41"
贵州盘江精煤股份有限公司,"1/3焦煤|1级|国内",G3MMSY1,,火铺,"4","2026-08-27 09:32:37",,"1M",611190.0,采购中心,Vdaf,"30.19"
贵州盘江精煤股份有限公司,"1/3焦煤|1级|国内",G3MMSY1,,火铺,"4","2026-08-27 09:32:37",,"1M",611190.0,采购中心,水分,"12.9"
中国诚通国际贸易有限公司,贫瘦煤|国内,G3MMPS1,,宋寨,"4","2026-08-27 06:33:24",,"5M",825410.0,采购中心,Ad,"10.54"
中国诚通国际贸易有限公司,贫瘦煤|国内,G3MMPS1,,宋寨,"4","2026-08-27 06:33:24",,"5M",825410.0,采购中心,FCad,"73.77"
中国诚通国际贸易有限公司,贫瘦煤|国内,G3MMPS1,,宋寨,"4","2026-08-27 06:33:24",,"5M",825410.0,采购中心,Mad,"2.21"
中国诚通国际贸易有限公司,贫瘦煤|国内,G3MMPS1,,宋寨,"4","2026-08-27 06:33:24",,"5M",825410.0,采购中心,St.d,"0.50"
中国诚通国际贸易有限公司,贫瘦煤|国内,G3MMPS1,,宋寨,"4","2026-08-27 06:33:24",,"5M",825410.0,采购中心,Vdaf,"15.67"
中国诚通国际贸易有限公司,贫瘦煤|国内,G3MMPS1,,宋寨,"4","2026-08-27 06:33:24",,"5M",825410.0,采购中心,水分,"13.7"
中国诚通国际贸易有限公司,贫瘦煤|国内,G3MMPS1,,宋寨,"4","2026-08-27 06:31:39",,"5M",346000.0,采购中心,Ad,"10.70"
中国诚通国际贸易有限公司,贫瘦煤|国内,G3MMPS1,,宋寨,"4","2026-08-27 06:31:39",,"5M",346000.0,采购中心,FCad,"74.14"
中国诚通国际贸易有限公司,贫瘦煤|国内,G3MMPS1,,宋寨,"4","2026-08-27 06:31:39",,"5M",346000.0,采购中心,Mad,"2.24"
中国诚通国际贸易有限公司,贫瘦煤|国内,G3MMPS1,,宋寨,"4","2026-08-27 06:31:39",,"5M",346000.0,采购中心,St.d,"0.54"
中国诚通国际贸易有限公司,贫瘦煤|国内,G3MMPS1,,宋寨,"4","2026-08-27 06:31:39",,"5M",346000.0,采购中心,Vdaf,"15.07"
中国诚通国际贸易有限公司,贫瘦煤|国内,G3MMPS1,,宋寨,"4","2026-08-27 06:31:39",,"5M",346000.0,采购中心,水分,"15.1"
贵州盘江精煤股份有限公司,"1/3焦煤|1级|国内",G3MMSY1,,柏果,"4","2026-08-27 06:04:00",,,626440.0,采购中心,Ad,"11.51"
贵州盘江精煤股份有限公司,"1/3焦煤|1级|国内",G3MMSY1,,柏果,"4","2026-08-27 06:04:00",,,626440.0,采购中心,FCad,"60.11"
贵州盘江精煤股份有限公司,"1/3焦煤|1级|国内",G3MMSY1,,柏果,"4","2026-08-27 06:04:00",,,626440.0,采购中心,Mad,"1.34"
贵州盘江精煤股份有限公司,"1/3焦煤|1级|国内",G3MMSY1,,柏果,"4","2026-08-27 06:04:00",,,626440.0,采购中心,St.d,"0.27"
贵州盘江精煤股份有限公司,"1/3焦煤|1级|国内",G3MMSY1,,柏果,"4","2026-08-27 06:04:00",,,626440.0,采购中心,Vdaf,"31.14"
贵州盘江精煤股份有限公司,"1/3焦煤|1级|国内",G3MMSY1,,柏果,"4","2026-08-27 06:04:00",,,626440.0,采购中心,水分,"13.1"
中国诚通国际贸易有限公司,贫瘦煤|国内,G3MMPS1,,宋寨,"4","2026-08-27 03:31:08",,"5M",402900.0,采购中心,Ad,"10.31"
中国诚通国际贸易有限公司,贫瘦煤|国内,G3MMPS1,,宋寨,"4","2026-08-27 03:31:08",,"5M",402900.0,采购中心,FCad,"73.39"
中国诚通国际贸易有限公司,贫瘦煤|国内,G3MMPS1,,宋寨,"4","2026-08-27 03:31:08",,"5M",402900.0,采购中心,Mad,"2.51"
中国诚通国际贸易有限公司,贫瘦煤|国内,G3MMPS1,,宋寨,"4","2026-08-27 03:31:08",,"5M",402900.0,采购中心,St.d,"0.54"
中国诚通国际贸易有限公司,贫瘦煤|国内,G3MMPS1,,宋寨,"4","2026-08-27 03:31:08",,"5M",402900.0,采购中心,Vdaf,"16.07"
中国诚通国际贸易有限公司,贫瘦煤|国内,G3MMPS1,,宋寨,"4","2026-08-27 03:31:08",,"5M",402900.0,采购中心,水分,"12.3"
中国诚通国际贸易有限公司,贫瘦煤|国内,G3MMPS1,,宋寨,"4","2026-08-27 02:55:05",,"5M",346000.0,采购中心,Ad,"10.79"
中国诚通国际贸易有限公司,贫瘦煤|国内,G3MMPS1,,宋寨,"4","2026-08-27 02:55:05",,"5M",346000.0,采购中心,FCad,"74.01"
中国诚通国际贸易有限公司,贫瘦煤|国内,G3MMPS1,,宋寨,"4","2026-08-27 02:55:05",,"5M",346000.0,采购中心,Mad,"2.33"
中国诚通国际贸易有限公司,贫瘦煤|国内,G3MMPS1,,宋寨,"4","2026-08-27 02:55:05",,"5M",346000.0,采购中心,St.d,"0.55"
中国诚通国际贸易有限公司,贫瘦煤|国内,G3MMPS1,,宋寨,"4","2026-08-27 02:55:05",,"5M",346000.0,采购中心,Vdaf,"15.06"
中国诚通国际贸易有限公司,贫瘦煤|国内,G3MMPS1,,宋寨,"4","2026-08-27 02:55:05",,"5M",346000.0,采购中心,水分,"14.9"
中国诚通国际贸易有限公司,贫瘦煤|国内,G3MMPS1,,宋寨,"4","2026-08-27 02:53:25",,"5M",402900.0,采购中心,Ad,"10.31"
中国诚通国际贸易有限公司,贫瘦煤|国内,G3MMPS1,,宋寨,"4","2026-08-27 02:53:25",,"5M",402900.0,采购中心,FCad,"73.59"
中国诚通国际贸易有限公司,贫瘦煤|国内,G3MMPS1,,宋寨,"4","2026-08-27 02:53:25",,"5M",402900.0,采购中心,Mad,"2.39"
中国诚通国际贸易有限公司,贫瘦煤|国内,G3MMPS1,,宋寨,"4","2026-08-27 02:53:25",,"5M",402900.0,采购中心,St.d,"0.57"
中国诚通国际贸易有限公司,贫瘦煤|国内,G3MMPS1,,宋寨,"4","2026-08-27 02:53:25",,"5M",402900.0,采购中心,Vdaf,"15.95"
中国诚通国际贸易有限公司,贫瘦煤|国内,G3MMPS1,,宋寨,"4","2026-08-27 02:53:25",,"5M",402900.0,采购中心,水分,"13.7"
贵州盘江精煤股份有限公司,"1/3焦煤|1级|国内",G3MMSY1,,柏果,"4","2026-08-27 02:40:05",,"1M",737190.0,采购中心,Ad,"10.45"
贵州盘江精煤股份有限公司,"1/3焦煤|1级|国内",G3MMSY1,,柏果,"4","2026-08-27 02:40:05",,"1M",737190.0,采购中心,FCad,"61.03"
贵州盘江精煤股份有限公司,"1/3焦煤|1级|国内",G3MMSY1,,柏果,"4","2026-08-27 02:40:05",,"1M",737190.0,采购中心,Mad,"1.17"
贵州盘江精煤股份有限公司,"1/3焦煤|1级|国内",G3MMSY1,,柏果,"4","2026-08-27 02:40:05",,"1M",737190.0,采购中心,St.d,"0.28"
贵州盘江精煤股份有限公司,"1/3焦煤|1级|国内",G3MMSY1,,柏果,"4","2026-08-27 02:40:05",,"1M",737190.0,采购中心,Vdaf,"31.04"
贵州盘江精煤股份有限公司,"1/3焦煤|1级|国内",G3MMSY1,,柏果,"4","2026-08-27 02:40:05",,"1M",737190.0,采购中心,水分,"11.7"
广西柳钢国际贸易有限公司,主焦煤|1级|进口|加拿大|普瑞,G3MMZJML,马尔凯洛,铁山港,"4","2026-08-26 23:08:04",,,8445940.0,采购中心,水分,"11.1"
西部红果煤炭交易有限公司,主焦煤|3级|国内,G3MMZJF,,大湾,"4","2026-08-26 22:53:27",,"4M",136930.0,采购中心,Ad,"12.16"
西部红果煤炭交易有限公司,主焦煤|3级|国内,G3MMZJF,,大湾,"4","2026-08-26 22:53:27",,"4M",136930.0,采购中心,FCad,"63.76"
西部红果煤炭交易有限公司,主焦煤|3级|国内,G3MMZJF,,大湾,"4","2026-08-26 22:53:27",,"4M",136930.0,采购中心,Mad,"0.93"
西部红果煤炭交易有限公司,主焦煤|3级|国内,G3MMZJF,,大湾,"4","2026-08-26 22:53:27",,"4M",136930.0,采购中心,St.d,"1.14"
西部红果煤炭交易有限公司,主焦煤|3级|国内,G3MMZJF,,大湾,"4","2026-08-26 22:53:27",,"4M",136930.0,采购中心,Vdaf,"26.73"
西部红果煤炭交易有限公司,主焦煤|3级|国内,G3MMZJF,,大湾,"4","2026-08-26 22:53:27",,"4M",136930.0,采购中心,水分,"11.9"
贵州盘江精煤股份有限公司,炼焦贫瘦煤|国内,G3MMJPS1,,红果,"4","2026-08-26 17:59:48",,"1M",573810.0,采购中心,Ad,"9.80"
贵州盘江精煤股份有限公司,炼焦贫瘦煤|国内,G3MMJPS1,,红果,"4","2026-08-26 17:59:48",,"1M",573810.0,采购中心,FCad,"78.32"
贵州盘江精煤股份有限公司,炼焦贫瘦煤|国内,G3MMJPS1,,红果,"4","2026-08-26 17:59:48",,"1M",573810.0,采购中心,Mad,"1.51"
贵州盘江精煤股份有限公司,炼焦贫瘦煤|国内,G3MMJPS1,,红果,"4","2026-08-26 17:59:48",,"1M",573810.0,采购中心,St.d,"0.78"
贵州盘江精煤股份有限公司,炼焦贫瘦煤|国内,G3MMJPS1,,红果,"4","2026-08-26 17:59:48",,"1M",573810.0,采购中心,Vdaf,"11.84"
贵州盘江精煤股份有限公司,炼焦贫瘦煤|国内,G3MMJPS1,,红果,"4","2026-08-26 17:59:48",,"1M",573810.0,采购中心,水分,"13.8"
重庆皓联实业（集团）有限公司,主焦煤|2级|国内,G3MMZJD,,松坎,"4","2026-08-26 17:52:56",,"1M",611790.0,采购中心,Ad,"11.89"
重庆皓联实业（集团）有限公司,主焦煤|2级|国内,G3MMZJD,,松坎,"4","2026-08-26 17:52:56",,"1M",611790.0,采购中心,FCad,"68.89"
重庆皓联实业（集团）有限公司,主焦煤|2级|国内,G3MMZJD,,松坎,"4","2026-08-26 17:52:56",,"1M",611790.0,采购中心,Mad,"1.12"
重庆皓联实业（集团）有限公司,主焦煤|2级|国内,G3MMZJD,,松坎,"4","2026-08-26 17:52:56",,"1M",611790.0,采购中心,St.d,"1.63"
重庆皓联实业（集团）有限公司,主焦煤|2级|国内,G3MMZJD,,松坎,"4","2026-08-26 17:52:56",,"1M",611790.0,采购中心,Vdaf,"20.93"
重庆皓联实业（集团）有限公司,主焦煤|2级|国内,G3MMZJD,,松坎,"4","2026-08-26 17:52:56",,"1M",611790.0,采购中心,水分,"15.3"
焦化厂,炼焦配合煤,A2MMJPM,,,"4","2026-08-26 16:26:01",喷吹用煤（原料）,,,采购中心,Ad,"9.63"
焦化厂,炼焦配合煤,A2MMJPM,,,"4","2026-08-26 16:26:01",喷吹用煤（原料）,,,采购中心,Ad,"10.98"
焦化厂,炼焦配合煤,A2MMJPM,,,"4","2026-08-26 16:26:01",喷吹用煤（原料）,,,采购中心,Ad,"10.86"
焦化厂,炼焦配合煤,A2MMJPM,,,"4","2026-08-26 16:26:01",喷吹用煤（原料）,,,采购中心,FCad,"66.02"
焦化厂,炼焦配合煤,A2MMJPM,,,"4","2026-08-26 16:26:01",喷吹用煤（原料）,,,采购中心,FCad,"71.64"
焦化厂,炼焦配合煤,A2MMJPM,,,"4","2026-08-26 16:26:01",喷吹用煤（原料）,,,采购中心,FCad,"63.63"
焦化厂,炼焦配合煤,A2MMJPM,,,"4","2026-08-26 16:26:01",喷吹用煤（原料）,,,采购中心,Mad,"1.35"
焦化厂,炼焦配合煤,A2MMJPM,,,"4","2026-08-26 16:26:01",喷吹用煤（原料）,,,采购中心,Mad,"1.15"
焦化厂,炼焦配合煤,A2MMJPM,,,"4","2026-08-26 16:26:01",喷吹用煤（原料）,,,采购中心,Mad,"1.44"
焦化厂,炼焦配合煤,A2MMJPM,,,"4","2026-08-26 16:26:01",喷吹用煤（原料）,,,采购中心,St.d,"0.81"
焦化厂,炼焦配合煤,A2MMJPM,,,"4","2026-08-26 16:26:01",喷吹用煤（原料）,,,采购中心,St.d,"0.52"
焦化厂,炼焦配合煤,A2MMJPM,,,"4","2026-08-26 16:26:01",喷吹用煤（原料）,,,采购中心,St.d,"1.46"
焦化厂,炼焦配合煤,A2MMJPM,,,"4","2026-08-26 16:26:01",喷吹用煤（原料）,,,采购中心,Vdaf,"27.64"
焦化厂,炼焦配合煤,A2MMJPM,,,"4","2026-08-26 16:26:01",喷吹用煤（原料）,,,采购中心,Vdaf,"25.88"
焦化厂,炼焦配合煤,A2MMJPM,,,"4","2026-08-26 16:26:01",喷吹用煤（原料）,,,采购中心,Vdaf,"18.59"
焦化厂,炼焦配合煤,A2MMJPM,,,"4","2026-08-26 16:26:01",喷吹用煤（原料）,,,采购中心,水分,"15.5"
焦化厂,炼焦配合煤,A2MMJPM,,,"4","2026-08-26 16:26:01",喷吹用煤（原料）,,,采购中心,水分,"11.9"
焦化厂,炼焦配合煤,A2MMJPM,,,"4","2026-08-26 16:26:01",喷吹用煤（原料）,,,采购中心,水分,"12.7"
广西柳钢国际贸易有限公司,主焦煤|1级|进口|加拿大|普瑞,G3MMZJML,禄通,铁山港,"4","2026-08-26 16:08:24",,,264820.0,采购中心,水分,"13.8"
西部红果煤炭交易有限公司,主焦煤|3级|国内,G3MMZJF,,大湾,"4","2026-08-26 15:04:25",,"4M",180250.0,采购中心,Ad,"11.55"
西部红果煤炭交易有限公司,主焦煤|3级|国内,G3MMZJF,,大湾,"4","2026-08-26 15:04:25",,"4M",180250.0,采购中心,FCad,"64.22"
西部红果煤炭交易有限公司,主焦煤|3级|国内,G3MMZJF,,大湾,"4","2026-08-26 15:04:25",,"4M",180250.0,采购中心,Mad,"1.07"
西部红果煤炭交易有限公司,主焦煤|3级|国内,G3MMZJF,,大湾,"4","2026-08-26 15:04:25",,"4M",180250.0,采购中心,St.d,"1.16"
西部红果煤炭交易有限公司,主焦煤|3级|国内,G3MMZJF,,大湾,"4","2026-08-26 15:04:25",,"4M",180250.0,采购中心,Vdaf,"26.60"
西部红果煤炭交易有限公司,主焦煤|3级|国内,G3MMZJF,,大湾,"4","2026-08-26 15:04:25",,"4M",180250.0,采购中心,水分,"12.7"
广西柳钢国际贸易有限公司,主焦煤|3级|进口|澳洲|Daunia,G3MMZJMH,吉利女神,铁山港,"4","2026-08-26 14:04:27",,"5M",3638690.0,采购中心,Ad,"8.72"
广西柳钢国际贸易有限公司,主焦煤|3级|进口|澳洲|Daunia,G3MMZJMH,吉利女神,铁山港,"4","2026-08-26 14:04:27",,"5M",3638690.0,采购中心,FCad,"68.80"
广西柳钢国际贸易有限公司,主焦煤|3级|进口|澳洲|Daunia,G3MMZJMH,吉利女神,铁山港,"4","2026-08-26 14:04:27",,"5M",3638690.0,采购中心,Mad,"1.54"
广西柳钢国际贸易有限公司,主焦煤|3级|进口|澳洲|Daunia,G3MMZJMH,吉利女神,铁山港,"4","2026-08-26 14:04:27",,"5M",3638690.0,采购中心,St.d,"0.46"
广西柳钢国际贸易有限公司,主焦煤|3级|进口|澳洲|Daunia,G3MMZJMH,吉利女神,铁山港,"4","2026-08-26 14:04:27",,"5M",3638690.0,采购中心,Vdaf,"23.45"
广西柳钢国际贸易有限公司,主焦煤|3级|进口|澳洲|Daunia,G3MMZJMH,吉利女神,铁山港,"4","2026-08-26 14:04:27",,"5M",3638690.0,采购中心,水分,"11.2"
广西柳钢国际贸易有限公司,主焦煤|1级|进口|加拿大|普瑞,G3MMZJML,马尔凯洛,铁山港,"4","2026-08-26 12:54:39",,A2,4270310.0,采购中心,Ad,"9.75"
广西柳钢国际贸易有限公司,主焦煤|1级|进口|加拿大|普瑞,G3MMZJML,马尔凯洛,铁山港,"4","2026-08-26 12:54:39",,A2,4270310.0,采购中心,FCad,"66.12"
广西柳钢国际贸易有限公司,主焦煤|1级|进口|加拿大|普瑞,G3MMZJML,马尔凯洛,铁山港,"4","2026-08-26 12:54:39",,A2,4270310.0,采购中心,Mad,"1.36"
广西柳钢国际贸易有限公司,主焦煤|1级|进口|加拿大|普瑞,G3MMZJML,马尔凯洛,铁山港,"4","2026-08-26 12:54:39",,A2,4270310.0,采购中心,St.d,"0.49"
广西柳钢国际贸易有限公司,主焦煤|1级|进口|加拿大|普瑞,G3MMZJML,马尔凯洛,铁山港,"4","2026-08-26 12:54:39",,A2,4270310.0,采购中心,Vdaf,"25.72"
广西柳钢国际贸易有限公司,主焦煤|1级|进口|加拿大|普瑞,G3MMZJML,马尔凯洛,铁山港,"4","2026-08-26 12:54:39",,A2,4270310.0,采购中心,水分,"10.0"
广西柳钢国际贸易有限公司,"1/3焦煤|3级|进口|E|GZH",G3MMSYP,亚力山德拉,防城港,"4","2026-08-26 11:12:18",,"1M",3773810.0,采购中心,Ad,"8.82"
广西柳钢国际贸易有限公司,"1/3焦煤|3级|进口|E|GZH",G3MMSYP,亚力山德拉,防城港,"4","2026-08-26 11:12:18",,"1M",3773810.0,采购中心,FCad,"54.98"
广西柳钢国际贸易有限公司,"1/3焦煤|3级|进口|E|GZH",G3MMSYP,亚力山德拉,防城港,"4","2026-08-26 11:12:18",,"1M",3773810.0,采购中心,Mad,"2.32"
广西柳钢国际贸易有限公司,"1/3焦煤|3级|进口|E|GZH",G3MMSYP,亚力山德拉,防城港,"4","2026-08-26 11:12:18",,"1M",3773810.0,采购中心,St.d,"0.81"
广西柳钢国际贸易有限公司,"1/3焦煤|3级|进口|E|GZH",G3MMSYP,亚力山德拉,防城港,"4","2026-08-26 11:12:18",,"1M",3773810.0,采购中心,Vdaf,"38.27"
广西柳钢国际贸易有限公司,"1/3焦煤|3级|进口|E|GZH",G3MMSYP,亚力山德拉,防城港,"4","2026-08-26 11:12:18",,"1M",3773810.0,采购中心,水分,"10.6"
四川省煤炭产业集团有限责任公司营销分公司,瘦焦煤|1级|国内,G3MMSJ1,,格里坪,"4","2026-08-26 10:25:08",,"4M",651660.0,采购中心,Ad,"9.75"
四川省煤炭产业集团有限责任公司营销分公司,瘦焦煤|1级|国内,G3MMSJ1,,格里坪,"4","2026-08-26 10:25:08",,"4M",651660.0,采购中心,FCad,"72.63"
四川省煤炭产业集团有限责任公司营销分公司,瘦焦煤|1级|国内,G3MMSJ1,,格里坪,"4","2026-08-26 10:25:08",,"4M",651660.0,采购中心,Mad,"0.94"
四川省煤炭产业集团有限责任公司营销分公司,瘦焦煤|1级|国内,G3MMSJ1,,格里坪,"4","2026-08-26 10:25:08",,"4M",651660.0,采购中心,St.d,"0.63"
四川省煤炭产业集团有限责任公司营销分公司,瘦焦煤|1级|国内,G3MMSJ1,,格里坪,"4","2026-08-26 10:25:08",,"4M",651660.0,采购中心,Vdaf,"18.76"
四川省煤炭产业集团有限责任公司营销分公司,瘦焦煤|1级|国内,G3MMSJ1,,格里坪,"4","2026-08-26 10:25:08",,"4M",651660.0,采购中心,水分,"10.5"
广西柳钢国际贸易有限公司,"1/3焦煤|1级|国内",G3MMSY1,,宝丰,"4","2026-08-26 09:50:38",,A2,1022740.0,采购中心,Ad,"9.69"
广西柳钢国际贸易有限公司,"1/3焦煤|1级|国内",G3MMSY1,,宝丰,"4","2026-08-26 09:50:38",,A2,1022740.0,采购中心,FCad,"61.98"
广西柳钢国际贸易有限公司,"1/3焦煤|1级|国内",G3MMSY1,,宝丰,"4","2026-08-26 09:50:38",,A2,1022740.0,采购中心,Mad,"1.43"
广西柳钢国际贸易有限公司,"1/3焦煤|1级|国内",G3MMSY1,,宝丰,"4","2026-08-26 09:50:38",,A2,1022740.0,采购中心,St.d,"0.48"
广西柳钢国际贸易有限公司,"1/3焦煤|1级|国内",G3MMSY1,,宝丰,"4","2026-08-26 09:50:38",,A2,1022740.0,采购中心,Vdaf,"30.38"
广西柳钢国际贸易有限公司,"1/3焦煤|1级|国内",G3MMSY1,,宝丰,"4","2026-08-26 09:50:38",,A2,1022740.0,采购中心,水分,"11.1"
广西柳钢国际贸易有限公司,主焦煤|3级|进口|澳洲|Fitzroy CD,G3MMZJMO,环球,防城港,"4","2026-08-26 09:29:50",,,70310.0,采购中心,水分,"10.1"
广西柳钢国际贸易有限公司,主焦煤|1级|进口|加拿大|普瑞,G3MMZJML,禄通,铁山港,"4","2026-08-26 09:21:50",,,6730480.0,采购中心,水分,"13.9"
广西柳钢国际贸易有限公司,主焦煤|2级|进口|澳洲|GLV Prime,G3MMZJ8,瑞海,防城港,"4","2026-08-26 09:20:29",,,1263240.0,采购中心,水分,"9.5"
重庆皓联实业（集团）有限公司,主焦煤|2级|国内,G3MMZJD,,松坎,"4","2026-08-26 09:18:05",,A2,520000.0,采购中心,水分,"14.3"
淮南矿业（集团）有限责任公司,"1/3焦煤|1级|国内",G3MMSY1,,潘集西,"4","2026-08-26 09:15:44",,"1M",3264430.0,采购中心,水分,"10.5"
广西柳钢国际贸易有限公司,"1/3焦煤|2级|进口|哥伦比亚",G3MMSYK,第一玛歌,防城港,"4","2026-08-26 09:13:22",,,3273410.0,采购中心,水分,"9.0"
重庆皓联实业（集团）有限公司,主焦煤|2级|国内,G3MMZJD,,松坎,"4","2026-08-26 09:12:05",,"1M",544880.0,采购中心,水分,"14.5"
广西柳钢国际贸易有限公司,"1/3焦煤|2级|进口|哥伦比亚",G3MMSYK,第一玛歌,防城港,"4","2026-08-26 09:09:35",,,3504150.0,采购中心,水分,"9.7"
广东广物中南建材集团有限公司,"1/3焦煤|3级|进口|E|GJ",G3MMSYO,金色东方,防城港,"4","2026-08-26 09:07:05",,"5M",3446740.0,采购中心,水分,"13.4"
广西柳钢国际贸易有限公司,主焦煤|2级|进口|澳洲|GLV Prime,G3MMZJ8,瑞海,防城港,"4","2026-08-26 09:02:27",,,1984890.0,采购中心,水分,"9.2"
广西柳钢国际贸易有限公司,肥煤|国内,G3MMFF1,,宝丰,"4","2026-08-26 06:47:51",,"1M",339670.0,采购中心,Ad,"10.76"
广西柳钢国际贸易有限公司,肥煤|国内,G3MMFF1,,宝丰,"4","2026-08-26 06:47:51",,"1M",339670.0,采购中心,FCad,"60.99"
广西柳钢国际贸易有限公司,肥煤|国内,G3MMFF1,,宝丰,"4","2026-08-26 06:47:51",,"1M",339670.0,采购中心,Mad,"1.26"
广西柳钢国际贸易有限公司,肥煤|国内,G3MMFF1,,宝丰,"4","2026-08-26 06:47:51",,"1M",339670.0,采购中心,St.d,"1.77"
广西柳钢国际贸易有限公司,肥煤|国内,G3MMFF1,,宝丰,"4","2026-08-26 06:47:51",,"1M",339670.0,采购中心,Vdaf,"30.79"
广西柳钢国际贸易有限公司,肥煤|国内,G3MMFF1,,宝丰,"4","2026-08-26 06:47:51",,"1M",339670.0,采购中心,水分,"10.6"
重庆皓联实业（集团）有限公司,主焦煤|2级|国内,G3MMZJD,,松坎,"4","2026-08-26 06:45:30",,"5M",535860.0,采购中心,Ad,"11.63"
重庆皓联实业（集团）有限公司,主焦煤|2级|国内,G3MMZJD,,松坎,"4","2026-08-26 06:45:30",,"5M",535860.0,采购中心,FCad,"68.75"
重庆皓联实业（集团）有限公司,主焦煤|2级|国内,G3MMZJD,,松坎,"4","2026-08-26 06:45:30",,"5M",535860.0,采购中心,Mad,"1.02"
重庆皓联实业（集团）有限公司,主焦煤|2级|国内,G3MMZJD,,松坎,"4","2026-08-26 06:45:30",,"5M",535860.0,采购中心,St.d,"1.64"
重庆皓联实业（集团）有限公司,主焦煤|2级|国内,G3MMZJD,,松坎,"4","2026-08-26 06:45:30",,"5M",535860.0,采购中心,Vdaf,"21.40"
重庆皓联实业（集团）有限公司,主焦煤|2级|国内,G3MMZJD,,松坎,"4","2026-08-26 06:45:30",,"5M",535860.0,采购中心,水分,"15.7"
广西柳钢国际贸易有限公司,贫瘦煤|进口|俄罗斯,G3MMPS8,华源,铁山港,"4","2026-08-26 06:16:56",,,909450.0,采购中心,水分,"11.0"
广西柳钢国际贸易有限公司,主焦煤|1级|进口|加拿大|普瑞,G3MMZJML,禄通,铁山港,"4","2026-08-26 06:16:04",,,334520.0,采购中心,水分,"18.3"
贵州盘江精煤股份有限公司,"1/3焦煤|1级|国内",G3MMSY1,,火铺,"4","2026-08-26 04:26:58",,"1M",524410.0,采购中心,Ad,"10.04"
贵州盘江精煤股份有限公司,"1/3焦煤|1级|国内",G3MMSY1,,火铺,"4","2026-08-26 04:26:58",,"1M",524410.0,采购中心,FCad,"62.29"
贵州盘江精煤股份有限公司,"1/3焦煤|1级|国内",G3MMSY1,,火铺,"4","2026-08-26 04:26:58",,"1M",524410.0,采购中心,Mad,"1.21"
贵州盘江精煤股份有限公司,"1/3焦煤|1级|国内",G3MMSY1,,火铺,"4","2026-08-26 04:26:58",,"1M",524410.0,采购中心,St.d,"0.45"
贵州盘江精煤股份有限公司,"1/3焦煤|1级|国内",G3MMSY1,,火铺,"4","2026-08-26 04:26:58",,"1M",524410.0,采购中心,Vdaf,"29.91"
贵州盘江精煤股份有限公司,"1/3焦煤|1级|国内",G3MMSY1,,火铺,"4","2026-08-26 04:26:58",,"1M",524410.0,采购中心,水分,"11.9"
广西柳钢国际贸易有限公司,肥煤|国内,G3MMFF1,,宝丰,"4","2026-08-26 03:46:04",,"4M",740460.0,采购中心,Ad,"10.87"
广西柳钢国际贸易有限公司,肥煤|国内,G3MMFF1,,宝丰,"4","2026-08-26 03:46:04",,"4M",740460.0,采购中心,FCad,"61.31"
广西柳钢国际贸易有限公司,肥煤|国内,G3MMFF1,,宝丰,"4","2026-08-26 03:46:04",,"4M",740460.0,采购中心,Mad,"1.32"
广西柳钢国际贸易有限公司,肥煤|国内,G3MMFF1,,宝丰,"4","2026-08-26 03:46:04",,"4M",740460.0,采购中心,St.d,"1.86"
广西柳钢国际贸易有限公司,肥煤|国内,G3MMFF1,,宝丰,"4","2026-08-26 03:46:04",,"4M",740460.0,采购中心,Vdaf,"30.29"
广西柳钢国际贸易有限公司,肥煤|国内,G3MMFF1,,宝丰,"4","2026-08-26 03:46:04",,"4M",740460.0,采购中心,水分,"11.0"
重庆皓联实业（集团）有限公司,主焦煤|2级|国内,G3MMZJD,,松坎,"4","2026-08-26 02:12:17",,"5M",538980.0,采购中心,Ad,"11.52"
重庆皓联实业（集团）有限公司,主焦煤|2级|国内,G3MMZJD,,松坎,"4","2026-08-26 02:12:17",,"5M",538980.0,采购中心,FCad,"68.92"
重庆皓联实业（集团）有限公司,主焦煤|2级|国内,G3MMZJD,,松坎,"4","2026-08-26 02:12:17",,"5M",538980.0,采购中心,Mad,"1.06"
重庆皓联实业（集团）有限公司,主焦煤|2级|国内,G3MMZJD,,松坎,"4","2026-08-26 02:12:17",,"5M",538980.0,采购中心,St.d,"1.59"
重庆皓联实业（集团）有限公司,主焦煤|2级|国内,G3MMZJD,,松坎,"4","2026-08-26 02:12:17",,"5M",538980.0,采购中心,Vdaf,"21.27"
重庆皓联实业（集团）有限公司,主焦煤|2级|国内,G3MMZJD,,松坎,"4","2026-08-26 02:12:17",,"5M",538980.0,采购中心,水分,"15.6"
重庆皓联实业（集团）有限公司,主焦煤|2级|国内,G3MMZJD,,松坎,"4","2026-08-26 02:06:51",,"5M",403400.0,采购中心,Ad,"11.60"
重庆皓联实业（集团）有限公司,主焦煤|2级|国内,G3MMZJD,,松坎,"4","2026-08-26 02:06:51",,"5M",403400.0,采购中心,FCad,"68.76"
重庆皓联实业（集团）有限公司,主焦煤|2级|国内,G3MMZJD,,松坎,"4","2026-08-26 02:06:51",,"5M",403400.0,采购中心,Mad,"1.14"
重庆皓联实业（集团）有限公司,主焦煤|2级|国内,G3MMZJD,,松坎,"4","2026-08-26 02:06:51",,"5M",403400.0,采购中心,St.d,"1.68"
重庆皓联实业（集团）有限公司,主焦煤|2级|国内,G3MMZJD,,松坎,"4","2026-08-26 02:06:51",,"5M",403400.0,采购中心,Vdaf,"21.32"
重庆皓联实业（集团）有限公司,主焦煤|2级|国内,G3MMZJD,,松坎,"4","2026-08-26 02:06:51",,"5M",403400.0,采购中心,水分,"14.8"
贵州盘江精煤股份有限公司,"1/3焦煤|1级|国内",G3MMSY1,,火铺,"4","2026-08-26 01:16:42",,"1M",747250.0,采购中心,Ad,"10.21"
贵州盘江精煤股份有限公司,"1/3焦煤|1级|国内",G3MMSY1,,火铺,"4","2026-08-26 01:16:42",,"1M",747250.0,采购中心,FCad,"62.29"
贵州盘江精煤股份有限公司,"1/3焦煤|1级|国内",G3MMSY1,,火铺,"4","2026-08-26 01:16:42",,"1M",747250.0,采购中心,Mad,"1.19"
贵州盘江精煤股份有限公司,"1/3焦煤|1级|国内",G3MMSY1,,火铺,"4","2026-08-26 01:16:42",,"1M",747250.0,采购中心,St.d,"0.52"
贵州盘江精煤股份有限公司,"1/3焦煤|1级|国内",G3MMSY1,,火铺,"4","2026-08-26 01:16:42",,"1M",747250.0,采购中心,Vdaf,"29.79"
贵州盘江精煤股份有限公司,"1/3焦煤|1级|国内",G3MMSY1,,火铺,"4","2026-08-26 01:16:42",,"1M",747250.0,采购中心,水分,"12.6"
广西柳钢国际贸易有限公司,"1/3焦煤|1级|国内",G3MMSY1,,宝丰,"4","2026-08-25 21:51:47",,"1M",544450.0,采购中心,Ad,"9.75"
广西柳钢国际贸易有限公司,"1/3焦煤|1级|国内",G3MMSY1,,宝丰,"4","2026-08-25 21:51:47",,"1M",544450.0,采购中心,FCad,"61.74"
广西柳钢国际贸易有限公司,"1/3焦煤|1级|国内",G3MMSY1,,宝丰,"4","2026-08-25 21:51:47",,"1M",544450.0,采购中心,Mad,"1.49"
广西柳钢国际贸易有限公司,"1/3焦煤|1级|国内",G3MMSY1,,宝丰,"4","2026-08-25 21:51:47",,"1M",544450.0,采购中心,St.d,"0.53"
广西柳钢国际贸易有限公司,"1/3焦煤|1级|国内",G3MMSY1,,宝丰,"4","2026-08-25 21:51:47",,"1M",544450.0,采购中心,Vdaf,"30.56"
广西柳钢国际贸易有限公司,"1/3焦煤|1级|国内",G3MMSY1,,宝丰,"4","2026-08-25 21:51:47",,"1M",544450.0,采购中心,水分,"11.3"
广西柳钢国际贸易有限公司,贫瘦煤|进口|俄罗斯,G3MMPS8,华源,铁山港,"4","2026-08-25 21:14:07",,,140060.0,采购中心,水分,"9.8"
贵州盘江精煤股份有限公司,"1/3焦煤|1级|国内",G3MMSY1,,火铺,"4","2026-08-25 21:09:57",,"4M",322190.0,采购中心,Ad,"10.16"
贵州盘江精煤股份有限公司,"1/3焦煤|1级|国内",G3MMSY1,,火铺,"4","2026-08-25 21:09:57",,"4M",322190.0,采购中心,FCad,"62.13"
贵州盘江精煤股份有限公司,"1/3焦煤|1级|国内",G3MMSY1,,火铺,"4","2026-08-25 21:09:57",,"4M",322190.0,采购中心,Mad,"1.27"
贵州盘江精煤股份有限公司,"1/3焦煤|1级|国内",G3MMSY1,,火铺,"4","2026-08-25 21:09:57",,"4M",322190.0,采购中心,St.d,"0.48"
贵州盘江精煤股份有限公司,"1/3焦煤|1级|国内",G3MMSY1,,火铺,"4","2026-08-25 21:09:57",,"4M",322190.0,采购中心,Vdaf,"29.95"
贵州盘江精煤股份有限公司,"1/3焦煤|1级|国内",G3MMSY1,,火铺,"4","2026-08-25 21:09:57",,"4M",322190.0,采购中心,水分,"12.0"
山西焦煤能源集团股份有限公司,气煤|2级|国内,G3MMQQB,,瓦塘,"4","2026-08-25 19:04:18",,A2,3354280.0,采购中心,Ad,"10.66"
山西焦煤能源集团股份有限公司,气煤|2级|国内,G3MMQQB,,瓦塘,"4","2026-08-25 19:04:18",,A2,3354280.0,采购中心,FCad,"56.58"
山西焦煤能源集团股份有限公司,气煤|2级|国内,G3MMQQB,,瓦塘,"4","2026-08-25 19:04:18",,A2,3354280.0,采购中心,Mad,"2.44"
山西焦煤能源集团股份有限公司,气煤|2级|国内,G3MMQQB,,瓦塘,"4","2026-08-25 19:04:18",,A2,3354280.0,采购中心,St.d,"0.82"
山西焦煤能源集团股份有限公司,气煤|2级|国内,G3MMQQB,,瓦塘,"4","2026-08-25 19:04:18",,A2,3354280.0,采购中心,Vdaf,"35.08"
山西焦煤能源集团股份有限公司,气煤|2级|国内,G3MMQQB,,瓦塘,"4","2026-08-25 19:04:18",,A2,3354280.0,采购中心,水分,"5.9"
炼铁总厂,国内烧结无烟煤,G3MMSWM,,,"4","2026-08-25 19:03:14",烧结用煤,,,采购中心,Ad,"11.01"
炼铁总厂,国内烧结无烟煤,G3MMSWM,,,"4","2026-08-25 19:03:14",烧结用煤,,,采购中心,Cad,"80.2"
炼铁总厂,国内烧结无烟煤,G3MMSWM,,,"4","2026-08-25 19:03:14",烧结用煤,,,采购中心,FCad,"80.34"
炼铁总厂,国内烧结无烟煤,G3MMSWM,,,"4","2026-08-25 19:03:14",烧结用煤,,,采购中心,Had,"2.38"
炼铁总厂,国内烧结无烟煤,G3MMSWM,,,"4","2026-08-25 19:03:14",烧结用煤,,,采购中心,Mad,"3.25"
炼铁总厂,国内烧结无烟煤,G3MMSWM,,,"4","2026-08-25 19:03:14",烧结用煤,,,采购中心,St.d,"0.42"
炼铁总厂,国内烧结无烟煤,G3MMSWM,,,"4","2026-08-25 19:03:14",烧结用煤,,,采购中心,Vdaf,"6.69"
炼铁总厂,国内烧结无烟煤,G3MMSWM,,,"4","2026-08-25 19:03:14",烧结用煤,,,采购中心,水分,"7.3"
贵州盘江精煤股份有限公司,炼焦贫瘦煤|国内,G3MMJPS1,,红果,"4","2026-08-25 18:41:26",,"1M",129960.0,采购中心,Ad,"9.38"
贵州盘江精煤股份有限公司,炼焦贫瘦煤|国内,G3MMJPS1,,红果,"4","2026-08-25 18:41:26",,"1M",129960.0,采购中心,FCad,"78.66"
贵州盘江精煤股份有限公司,炼焦贫瘦煤|国内,G3MMJPS1,,红果,"4","2026-08-25 18:41:26",,"1M",129960.0,采购中心,Mad,"1.32"
贵州盘江精煤股份有限公司,炼焦贫瘦煤|国内,G3MMJPS1,,红果,"4","2026-08-25 18:41:26",,"1M",129960.0,采购中心,St.d,"0.78"
贵州盘江精煤股份有限公司,炼焦贫瘦煤|国内,G3MMJPS1,,红果,"4","2026-08-25 18:41:26",,"1M",129960.0,采购中心,Vdaf,"12.03"
贵州盘江精煤股份有限公司,炼焦贫瘦煤|国内,G3MMJPS1,,红果,"4","2026-08-25 18:41:26",,"1M",129960.0,采购中心,水分,"13.6"
广西柳钢国际贸易有限公司,贫瘦煤|进口|E|低挥发,G3MMPS10,茉莉,云约,"4","2026-08-25 17:48:41",,,5557260.0,采购中心,Ad,"8.77"
广西柳钢国际贸易有限公司,贫瘦煤|进口|E|低挥发,G3MMPS10,茉莉,云约,"4","2026-08-25 17:48:41",,,5557260.0,采购中心,FCad,"77.54"
广西柳钢国际贸易有限公司,贫瘦煤|进口|E|低挥发,G3MMPS10,茉莉,云约,"4","2026-08-25 17:48:41",,,5557260.0,采购中心,Mad,"3.56"
广西柳钢国际贸易有限公司,贫瘦煤|进口|E|低挥发,G3MMPS10,茉莉,云约,"4","2026-08-25 17:48:41",,,5557260.0,采购中心,St.d,"0.32"
广西柳钢国际贸易有限公司,贫瘦煤|进口|E|低挥发,G3MMPS10,茉莉,云约,"4","2026-08-25 17:48:41",,,5557260.0,采购中心,Vdaf,"11.87"
广西柳钢国际贸易有限公司,贫瘦煤|进口|E|低挥发,G3MMPS10,茉莉,云约,"4","2026-08-25 17:48:41",,,5557260.0,采购中心,水分,"10.6"
炼铁总厂,国内烧结无烟煤,G3MMSWM,,,"4","2026-08-25 16:50:36",烧结用煤,,,采购中心,Ad,"11.09"
炼铁总厂,国内烧结无烟煤,G3MMSWM,,,"4","2026-08-25 16:50:36",烧结用煤,,,采购中心,Cad,"79.5"
炼铁总厂,国内烧结无烟煤,G3MMSWM,,,"4","2026-08-25 16:50:36",烧结用煤,,,采购中心,FCad,"80.11"
炼铁总厂,国内烧结无烟煤,G3MMSWM,,,"4","2026-08-25 16:50:36",烧结用煤,,,采购中心,Had,"2.46"
炼铁总厂,国内烧结无烟煤,G3MMSWM,,,"4","2026-08-25 16:50:36",烧结用煤,,,采购中心,Mad,"3.32"
炼铁总厂,国内烧结无烟煤,G3MMSWM,,,"4","2026-08-25 16:50:36",烧结用煤,,,采购中心,St.d,"0.41"
炼铁总厂,国内烧结无烟煤,G3MMSWM,,,"4","2026-08-25 16:50:36",烧结用煤,,,采购中心,Vdaf,"6.81"
炼铁总厂,国内烧结无烟煤,G3MMSWM,,,"4","2026-08-25 16:50:36",烧结用煤,,,采购中心,水分,"7.2"
焦化厂,炼焦配合煤,A2MMJPM,,,"4","2026-08-25 16:50:36",喷吹用煤（原料）,,,采购中心,Ad,"10.76"
焦化厂,炼焦配合煤,A2MMJPM,,,"4","2026-08-25 16:50:36",喷吹用煤（原料）,,,采购中心,Ad,"10.39"
焦化厂,炼焦配合煤,A2MMJPM,,,"4","2026-08-25 16:50:36",喷吹用煤（原料）,,,采购中心,Ad,"10.67"
焦化厂,炼焦配合煤,A2MMJPM,,,"4","2026-08-25 16:50:36",喷吹用煤（原料）,,,采购中心,FCad,"77.78"
焦化厂,炼焦配合煤,A2MMJPM,,,"4","2026-08-25 16:50:36",喷吹用煤（原料）,,,采购中心,FCad,"62.39"
焦化厂,炼焦配合煤,A2MMJPM,,,"4","2026-08-25 16:50:36",喷吹用煤（原料）,,,采购中心,FCad,"69.10"
焦化厂,炼焦配合煤,A2MMJPM,,,"4","2026-08-25 16:50:36",喷吹用煤（原料）,,,采购中心,Mad,"1.33"
焦化厂,炼焦配合煤,A2MMJPM,,,"4","2026-08-25 16:50:36",喷吹用煤（原料）,,,采购中心,Mad,"1.89"
焦化厂,炼焦配合煤,A2MMJPM,,,"4","2026-08-25 16:50:36",喷吹用煤（原料）,,,采购中心,Mad,"1.16"
焦化厂,炼焦配合煤,A2MMJPM,,,"4","2026-08-25 16:50:36",喷吹用煤（原料）,,,采购中心,St.d,"0.78"
焦化厂,炼焦配合煤,A2MMJPM,,,"4","2026-08-25 16:50:36",喷吹用煤（原料）,,,采购中心,St.d,"0.60"
焦化厂,炼焦配合煤,A2MMJPM,,,"4","2026-08-25 16:50:36",喷吹用煤（原料）,,,采购中心,St.d,"2.05"
焦化厂,炼焦配合煤,A2MMJPM,,,"4","2026-08-25 16:50:36",喷吹用煤（原料）,,,采购中心,Vdaf,"21.07"
焦化厂,炼焦配合煤,A2MMJPM,,,"4","2026-08-25 16:50:36",喷吹用煤（原料）,,,采购中心,Vdaf,"29.33"
焦化厂,炼焦配合煤,A2MMJPM,,,"4","2026-08-25 16:50:36",喷吹用煤（原料）,,,采购中心,Vdaf,"12.03"
焦化厂,炼焦配合煤,A2MMJPM,,,"4","2026-08-25 16:50:36",喷吹用煤（原料）,,,采购中心,水分,"13.7"
焦化厂,炼焦配合煤,A2MMJPM,,,"4","2026-08-25 16:50:36",喷吹用煤（原料）,,,采购中心,水分,"10.6"
焦化厂,炼焦配合煤,A2MMJPM,,,"4","2026-08-25 16:50:36",喷吹用煤（原料）,,,采购中心,水分,"11.5"
焦化厂,炼焦配合煤,A2MMJPM,,,"4","2026-08-25 15:39:33",喷吹用煤（原料）,,,采购中心,Ad,"9.89"
焦化厂,炼焦配合煤,A2MMJPM,,,"4","2026-08-25 15:39:33",喷吹用煤（原料）,,,采购中心,Ad,"9.98"
焦化厂,炼焦配合煤,A2MMJPM,,,"4","2026-08-25 15:39:33",喷吹用煤（原料）,,,采购中心,Cad,"77.43"
焦化厂,炼焦配合煤,A2MMJPM,,,"4","2026-08-25 15:39:33",喷吹用煤（原料）,,,采购中心,Cad,"77.02"
焦化厂,炼焦配合煤,A2MMJPM,,,"4","2026-08-25 15:39:33",喷吹用煤（原料）,,,采购中心,FCad,"65.46"
焦化厂,炼焦配合煤,A2MMJPM,,,"4","2026-08-25 15:39:33",喷吹用煤（原料）,,,采购中心,FCad,"63.94"
焦化厂,炼焦配合煤,A2MMJPM,,,"4","2026-08-25 15:39:33",喷吹用煤（原料）,,,采购中心,Had,"4.3"
焦化厂,炼焦配合煤,A2MMJPM,,,"4","2026-08-25 15:39:33",喷吹用煤（原料）,,,采购中心,Had,"4.42"
焦化厂,炼焦配合煤,A2MMJPM,,,"4","2026-08-25 15:39:33",喷吹用煤（原料）,,,采购中心,Mad,"1.49"
焦化厂,炼焦配合煤,A2MMJPM,,,"4","2026-08-25 15:39:33",喷吹用煤（原料）,,,采购中心,Mad,"1.43"
焦化厂,炼焦配合煤,A2MMJPM,,,"4","2026-08-25 15:39:33",喷吹用煤（原料）,,,采购中心,St.d,"0.61"
焦化厂,炼焦配合煤,A2MMJPM,,,"4","2026-08-25 15:39:33",喷吹用煤（原料）,,,采购中心,St.d,"0.73"
焦化厂,炼焦配合煤,A2MMJPM,,,"4","2026-08-25 15:39:33",喷吹用煤（原料）,,,采购中心,Vdaf,"27.94"
焦化厂,炼焦配合煤,A2MMJPM,,,"4","2026-08-25 15:39:33",喷吹用煤（原料）,,,采购中心,Vdaf,"26.26"
焦化厂,炼焦配合煤,A2MMJPM,,,"4","2026-08-25 15:39:33",喷吹用煤（原料）,,,采购中心,水分,"9.6"
焦化厂,炼焦配合煤,A2MMJPM,,,"4","2026-08-25 15:39:33",喷吹用煤（原料）,,,采购中心,水分,"11.3"
广西柳钢国际贸易有限公司,瘦焦煤|2级|进口|澳大利亚|半山,G3MMSJ5,牵牛星,防城港,"4","2026-08-25 12:12:50",,"1M",1185540.0,采购中心,Ad,"10.55"
广西柳钢国际贸易有限公司,瘦焦煤|2级|进口|澳大利亚|半山,G3MMSJ5,牵牛星,防城港,"4","2026-08-25 12:12:50",,"1M",1185540.0,采购中心,FCad,"70.31"
广西柳钢国际贸易有限公司,瘦焦煤|2级|进口|澳大利亚|半山,G3MMSJ5,牵牛星,防城港,"4","2026-08-25 12:12:50",,"1M",1185540.0,采购中心,Mad,"1.72"
广西柳钢国际贸易有限公司,瘦焦煤|2级|进口|澳大利亚|半山,G3MMSJ5,牵牛星,防城港,"4","2026-08-25 12:12:50",,"1M",1185540.0,采购中心,St.d,"0.43"
广西柳钢国际贸易有限公司,瘦焦煤|2级|进口|澳大利亚|半山,G3MMSJ5,牵牛星,防城港,"4","2026-08-25 12:12:50",,"1M",1185540.0,采购中心,Vdaf,"20.02"
广西柳钢国际贸易有限公司,瘦焦煤|2级|进口|澳大利亚|半山,G3MMSJ5,牵牛星,防城港,"4","2026-08-25 12:12:50",,"1M",1185540.0,采购中心,水分,"10.2"
广西柳钢国际贸易有限公司,主焦煤|1级|进口|加拿大|普瑞,G3MMZJML,禄通,铁山港,"4","2026-08-25 09:47:04",,"5M",2349000.0,采购中心,Ad,"9.76"
广西柳钢国际贸易有限公司,主焦煤|1级|进口|加拿大|普瑞,G3MMZJML,禄通,铁山港,"4","2026-08-25 09:47:04",,"5M",2349000.0,采购中心,FCad,"65.28"
广西柳钢国际贸易有限公司,主焦煤|1级|进口|加拿大|普瑞,G3MMZJML,禄通,铁山港,"4","2026-08-25 09:47:04",,"5M",2349000.0,采购中心,Mad,"1.51"
广西柳钢国际贸易有限公司,主焦煤|1级|进口|加拿大|普瑞,G3MMZJML,禄通,铁山港,"4","2026-08-25 09:47:04",,"5M",2349000.0,采购中心,St.d,"0.49"
广西柳钢国际贸易有限公司,主焦煤|1级|进口|加拿大|普瑞,G3MMZJML,禄通,铁山港,"4","2026-08-25 09:47:04",,"5M",2349000.0,采购中心,Vdaf,"26.55"
广西柳钢国际贸易有限公司,主焦煤|1级|进口|加拿大|普瑞,G3MMZJML,禄通,铁山港,"4","2026-08-25 09:47:04",,"5M",2349000.0,采购中心,水分,"11.6"
江苏南钢鑫联鑫科技有限公司,主焦煤|2级|国内,G3MMZJD,,张礼,"4","2026-08-25 09:01:08",,,990170.0,采购中心,Ad,"10.34"
江苏南钢鑫联鑫科技有限公司,主焦煤|2级|国内,G3MMZJD,,张礼,"4","2026-08-25 09:01:08",,,990170.0,采购中心,FCad,"69.36"
江苏南钢鑫联鑫科技有限公司,主焦煤|2级|国内,G3MMZJD,,张礼,"4","2026-08-25 09:01:08",,,990170.0,采购中心,Mad,"1.39"
江苏南钢鑫联鑫科技有限公司,主焦煤|2级|国内,G3MMZJD,,张礼,"4","2026-08-25 09:01:08",,,990170.0,采购中心,St.d,"2.40"
江苏南钢鑫联鑫科技有限公司,主焦煤|2级|国内,G3MMZJD,,张礼,"4","2026-08-25 09:01:08",,,990170.0,采购中心,Vdaf,"21.54"
江苏南钢鑫联鑫科技有限公司,主焦煤|2级|国内,G3MMZJD,,张礼,"4","2026-08-25 09:01:08",,,990170.0,采购中心,水分,"10.6"
山西潞安环保能源开发股份有限公司,贫瘦煤|国内,G3MMPS1,,长治北,"4","2026-08-25 06:55:51",,A2,2573320.0,采购中心,Ad,"10.03"
山西潞安环保能源开发股份有限公司,贫瘦煤|国内,G3MMPS1,,长治北,"4","2026-08-25 06:55:51",,A2,2573320.0,采购中心,FCad,"77.44"
山西潞安环保能源开发股份有限公司,贫瘦煤|国内,G3MMPS1,,长治北,"4","2026-08-25 06:55:51",,A2,2573320.0,采购中心,Mad,"1.39"
山西潞安环保能源开发股份有限公司,贫瘦煤|国内,G3MMPS1,,长治北,"4","2026-08-25 06:55:51",,A2,2573320.0,采购中心,St.d,"0.39"
山西潞安环保能源开发股份有限公司,贫瘦煤|国内,G3MMPS1,,长治北,"4","2026-08-25 06:55:51",,A2,2573320.0,采购中心,Vdaf,"12.70"
山西潞安环保能源开发股份有限公司,贫瘦煤|国内,G3MMPS1,,长治北,"4","2026-08-25 06:55:51",,A2,2573320.0,采购中心,水分,"9.9"
国家能源投资集团有限责任公司煤炭经营分公司,烟煤|国内,G3MMYY1,,大保当,"4","2026-08-25 03:09:33",,A2,800830.0,采购中心,Ad,"7.39"
国家能源投资集团有限责任公司煤炭经营分公司,烟煤|国内,G3MMYY1,,大保当,"4","2026-08-25 03:09:33",,A2,800830.0,采购中心,FCad,"53.89"
国家能源投资集团有限责任公司煤炭经营分公司,烟煤|国内,G3MMYY1,,大保当,"4","2026-08-25 03:09:33",,A2,800830.0,采购中心,Mad,"4.16"
国家能源投资集团有限责任公司煤炭经营分公司,烟煤|国内,G3MMYY1,,大保当,"4","2026-08-25 03:09:33",,A2,800830.0,采购中心,St.d,"0.61"
国家能源投资集团有限责任公司煤炭经营分公司,烟煤|国内,G3MMYY1,,大保当,"4","2026-08-25 03:09:33",,A2,800830.0,采购中心,Vdaf,"39.29"
国家能源投资集团有限责任公司煤炭经营分公司,烟煤|国内,G3MMYY1,,大保当,"4","2026-08-25 03:09:33",,A2,800830.0,采购中心,水分,"10.3"
国家能源投资集团有限责任公司煤炭经营分公司,烟煤|国内,G3MMYY1,,大保当,"4","2026-08-25 02:53:09",,A2,666420.0,采购中心,Ad,"7.55"
国家能源投资集团有限责任公司煤炭经营分公司,烟煤|国内,G3MMYY1,,大保当,"4","2026-08-25 02:53:09",,A2,666420.0,采购中心,FCad,"54.16"
国家能源投资集团有限责任公司煤炭经营分公司,烟煤|国内,G3MMYY1,,大保当,"4","2026-08-25 02:53:09",,A2,666420.0,采购中心,Mad,"4.33"
国家能源投资集团有限责任公司煤炭经营分公司,烟煤|国内,G3MMYY1,,大保当,"4","2026-08-25 02:53:09",,A2,666420.0,采购中心,St.d,"0.63"
国家能源投资集团有限责任公司煤炭经营分公司,烟煤|国内,G3MMYY1,,大保当,"4","2026-08-25 02:53:09",,A2,666420.0,采购中心,Vdaf,"38.77"
国家能源投资集团有限责任公司煤炭经营分公司,烟煤|国内,G3MMYY1,,大保当,"4","2026-08-25 02:53:09",,A2,666420.0,采购中心,水分,"10.6"
国家能源投资集团有限责任公司煤炭经营分公司,烟煤|国内,G3MMYY1,,大保当,"4","2026-08-25 02:52:23",,料3,336460.0,采购中心,Ad,"7.45"
国家能源投资集团有限责任公司煤炭经营分公司,烟煤|国内,G3MMYY1,,大保当,"4","2026-08-25 02:52:23",,料3,336460.0,采购中心,FCad,"53.45"
国家能源投资集团有限责任公司煤炭经营分公司,烟煤|国内,G3MMYY1,,大保当,"4","2026-08-25 02:52:23",,料3,336460.0,采购中心,Mad,"4.60"
国家能源投资集团有限责任公司煤炭经营分公司,烟煤|国内,G3MMYY1,,大保当,"4","2026-08-25 02:52:23",,料3,336460.0,采购中心,St.d,"0.62"
国家能源投资集团有限责任公司煤炭经营分公司,烟煤|国内,G3MMYY1,,大保当,"4","2026-08-25 02:52:23",,料3,336460.0,采购中心,Vdaf,"39.46"
国家能源投资集团有限责任公司煤炭经营分公司,烟煤|国内,G3MMYY1,,大保当,"4","2026-08-25 02:52:23",,料3,336460.0,采购中心,水分,"10.2"
广西柳钢国际贸易有限公司,肥煤|国内,G3MMFF1,,宝丰,"4","2026-08-25 02:41:12",,"4M",412320.0,采购中心,Ad,"10.49"
广西柳钢国际贸易有限公司,肥煤|国内,G3MMFF1,,宝丰,"4","2026-08-25 02:41:12",,"4M",412320.0,采购中心,FCad,"62.81"
广西柳钢国际贸易有限公司,肥煤|国内,G3MMFF1,,宝丰,"4","2026-08-25 02:41:12",,"4M",412320.0,采购中心,Mad,"1.07"
广西柳钢国际贸易有限公司,肥煤|国内,G3MMFF1,,宝丰,"4","2026-08-25 02:41:12",,"4M",412320.0,采购中心,St.d,"2.28"
广西柳钢国际贸易有限公司,肥煤|国内,G3MMFF1,,宝丰,"4","2026-08-25 02:41:12",,"4M",412320.0,采购中心,Vdaf,"29.07"
广西柳钢国际贸易有限公司,肥煤|国内,G3MMFF1,,宝丰,"4","2026-08-25 02:41:12",,"4M",412320.0,采购中心,水分,"13.0"
国家能源投资集团有限责任公司煤炭经营分公司,烟煤|国内,G3MMYY1,,大保当,"4","2026-08-25 01:52:29",,"5M",533480.0,采购中心,Ad,"6.69"
国家能源投资集团有限责任公司煤炭经营分公司,烟煤|国内,G3MMYY1,,大保当,"4","2026-08-25 01:52:29",,"5M",533480.0,采购中心,FCad,"54.22"
国家能源投资集团有限责任公司煤炭经营分公司,烟煤|国内,G3MMYY1,,大保当,"4","2026-08-25 01:52:29",,"5M",533480.0,采购中心,Mad,"5.17"
国家能源投资集团有限责任公司煤炭经营分公司,烟煤|国内,G3MMYY1,,大保当,"4","2026-08-25 01:52:29",,"5M",533480.0,采购中心,St.d,"0.60"
国家能源投资集团有限责任公司煤炭经营分公司,烟煤|国内,G3MMYY1,,大保当,"4","2026-08-25 01:52:29",,"5M",533480.0,采购中心,Vdaf,"38.73"
国家能源投资集团有限责任公司煤炭经营分公司,烟煤|国内,G3MMYY1,,大保当,"4","2026-08-25 01:52:29",,"5M",533480.0,采购中心,水分,"10.4"
广西柳钢国际贸易有限公司,肥煤|国内,G3MMFF1,,宝丰,"4","2026-08-25 01:36:09",,"1M",342280.0,采购中心,Ad,"11.12"
广西柳钢国际贸易有限公司,肥煤|国内,G3MMFF1,,宝丰,"4","2026-08-25 01:36:09",,"1M",342280.0,采购中心,FCad,"61.39"
广西柳钢国际贸易有限公司,肥煤|国内,G3MMFF1,,宝丰,"4","2026-08-25 01:36:09",,"1M",342280.0,采购中心,Mad,"1.12"
广西柳钢国际贸易有限公司,肥煤|国内,G3MMFF1,,宝丰,"4","2026-08-25 01:36:09",,"1M",342280.0,采购中心,St.d,"1.99"
广西柳钢国际贸易有限公司,肥煤|国内,G3MMFF1,,宝丰,"4","2026-08-25 01:36:09",,"1M",342280.0,采购中心,Vdaf,"30.15"
广西柳钢国际贸易有限公司,肥煤|国内,G3MMFF1,,宝丰,"4","2026-08-25 01:36:09",,"1M",342280.0,采购中心,水分,"12.5"
广西柳钢国际贸易有限公司,肥煤|国内,G3MMFF1,,宝丰,"4","2026-08-25 01:35:25",,"1M",262300.0,采购中心,Ad,"11.15"
广西柳钢国际贸易有限公司,肥煤|国内,G3MMFF1,,宝丰,"4","2026-08-25 01:35:25",,"1M",262300.0,采购中心,FCad,"61.55"
广西柳钢国际贸易有限公司,肥煤|国内,G3MMFF1,,宝丰,"4","2026-08-25 01:35:25",,"1M",262300.0,采购中心,Mad,"1.16"
广西柳钢国际贸易有限公司,肥煤|国内,G3MMFF1,,宝丰,"4","2026-08-25 01:35:25",,"1M",262300.0,采购中心,St.d,"2.14"
广西柳钢国际贸易有限公司,肥煤|国内,G3MMFF1,,宝丰,"4","2026-08-25 01:35:25",,"1M",262300.0,采购中心,Vdaf,"29.91"
广西柳钢国际贸易有限公司,肥煤|国内,G3MMFF1,,宝丰,"4","2026-08-25 01:35:25",,"1M",262300.0,采购中心,水分,"12.5"
国家能源投资集团有限责任公司煤炭经营分公司,烟煤|国内,G3MMYY1,,大保当,"4","2026-08-25 01:07:31",,"5M",906630.0,采购中心,Ad,"7.15"
国家能源投资集团有限责任公司煤炭经营分公司,烟煤|国内,G3MMYY1,,大保当,"4","2026-08-25 01:07:31",,"5M",906630.0,采购中心,FCad,"54.23"
国家能源投资集团有限责任公司煤炭经营分公司,烟煤|国内,G3MMYY1,,大保当,"4","2026-08-25 01:07:31",,"5M",906630.0,采购中心,Mad,"5.02"
国家能源投资集团有限责任公司煤炭经营分公司,烟煤|国内,G3MMYY1,,大保当,"4","2026-08-25 01:07:31",,"5M",906630.0,采购中心,St.d,"0.60"
国家能源投资集团有限责任公司煤炭经营分公司,烟煤|国内,G3MMYY1,,大保当,"4","2026-08-25 01:07:31",,"5M",906630.0,采购中心,Vdaf,"38.51"
国家能源投资集团有限责任公司煤炭经营分公司,烟煤|国内,G3MMYY1,,大保当,"4","2026-08-25 01:07:31",,"5M",906630.0,采购中心,水分,"10.4"
广西海亿贸易有限公司,肥煤|国内,G3MMFF1,,龙马,"4","2026-08-24 23:16:46",,"4M",388250.0,采购中心,Ad,"10.66"
广西海亿贸易有限公司,肥煤|国内,G3MMFF1,,龙马,"4","2026-08-24 23:16:46",,"4M",388250.0,采购中心,FCad,"63.13"
广西海亿贸易有限公司,肥煤|国内,G3MMFF1,,龙马,"4","2026-08-24 23:16:46",,"4M",388250.0,采购中心,Mad,"1.14"
广西海亿贸易有限公司,肥煤|国内,G3MMFF1,,龙马,"4","2026-08-24 23:16:46",,"4M",388250.0,采购中心,St.d,"1.82"
广西海亿贸易有限公司,肥煤|国内,G3MMFF1,,龙马,"4","2026-08-24 23:16:46",,"4M",388250.0,采购中心,Vdaf,"28.52"
广西海亿贸易有限公司,肥煤|国内,G3MMFF1,,龙马,"4","2026-08-24 23:16:46",,"4M",388250.0,采购中心,水分,"11.6"
广西柳钢国际贸易有限公司,肥煤|国内,G3MMFF1,,宝丰,"4","2026-08-24 21:12:48",,"1M",689250.0,采购中心,Ad,"10.64"
广西柳钢国际贸易有限公司,肥煤|国内,G3MMFF1,,宝丰,"4","2026-08-24 21:12:48",,"1M",689250.0,采购中心,FCad,"62.06"
广西柳钢国际贸易有限公司,肥煤|国内,G3MMFF1,,宝丰,"4","2026-08-24 21:12:48",,"1M",689250.0,采购中心,Mad,"1.28"
广西柳钢国际贸易有限公司,肥煤|国内,G3MMFF1,,宝丰,"4","2026-08-24 21:12:48",,"1M",689250.0,采购中心,St.d,"2.04"
广西柳钢国际贸易有限公司,肥煤|国内,G3MMFF1,,宝丰,"4","2026-08-24 21:12:48",,"1M",689250.0,采购中心,Vdaf,"29.65"
广西柳钢国际贸易有限公司,肥煤|国内,G3MMFF1,,宝丰,"4","2026-08-24 21:12:48",,"1M",689250.0,采购中心,水分,"11.9"
重庆皓联实业（集团）有限公司,主焦煤|2级|国内,G3MMZJD,,松坎,"4","2026-08-24 18:33:11",,"1M",544880.0,采购中心,Ad,"11.45"
重庆皓联实业（集团）有限公司,主焦煤|2级|国内,G3MMZJD,,松坎,"4","2026-08-24 18:33:11",,"1M",544880.0,采购中心,FCad,"69.10"
重庆皓联实业（集团）有限公司,主焦煤|2级|国内,G3MMZJD,,松坎,"4","2026-08-24 18:33:11",,"1M",544880.0,采购中心,Mad,"1.14"
重庆皓联实业（集团）有限公司,主焦煤|2级|国内,G3MMZJD,,松坎,"4","2026-08-24 18:33:11",,"1M",544880.0,采购中心,St.d,"1.61"
重庆皓联实业（集团）有限公司,主焦煤|2级|国内,G3MMZJD,,松坎,"4","2026-08-24 18:33:11",,"1M",544880.0,采购中心,Vdaf,"21.06"
重庆皓联实业（集团）有限公司,主焦煤|2级|国内,G3MMZJD,,松坎,"4","2026-08-24 18:33:11",,"1M",544880.0,采购中心,水分,"14.5"
焦化厂,炼焦配合煤,A2MMJPM,,,"4","2026-08-24 15:59:20",喷吹用煤（原料）,,,采购中心,Ad,"9.42"
焦化厂,炼焦配合煤,A2MMJPM,,,"4","2026-08-24 15:59:20",喷吹用煤（原料）,,,采购中心,Ad,"11.27"
焦化厂,炼焦配合煤,A2MMJPM,,,"4","2026-08-24 15:59:20",喷吹用煤（原料）,,,采购中心,Ad,"10.73"
焦化厂,炼焦配合煤,A2MMJPM,,,"4","2026-08-24 15:59:20",喷吹用煤（原料）,,,采购中心,FCad,"65.00"
焦化厂,炼焦配合煤,A2MMJPM,,,"4","2026-08-24 15:59:20",喷吹用煤（原料）,,,采购中心,FCad,"67.27"
焦化厂,炼焦配合煤,A2MMJPM,,,"4","2026-08-24 15:59:20",喷吹用煤（原料）,,,采购中心,FCad,"62.33"
焦化厂,炼焦配合煤,A2MMJPM,,,"4","2026-08-24 15:59:20",喷吹用煤（原料）,,,采购中心,Mad,"1.00"
焦化厂,炼焦配合煤,A2MMJPM,,,"4","2026-08-24 15:59:20",喷吹用煤（原料）,,,采购中心,Mad,"1.20"
焦化厂,炼焦配合煤,A2MMJPM,,,"4","2026-08-24 15:59:20",喷吹用煤（原料）,,,采购中心,Mad,"1.42"
焦化厂,炼焦配合煤,A2MMJPM,,,"4","2026-08-24 15:59:20",喷吹用煤（原料）,,,采购中心,St.d,"1.58"
焦化厂,炼焦配合煤,A2MMJPM,,,"4","2026-08-24 15:59:20",喷吹用煤（原料）,,,采购中心,St.d,"2.08"
焦化厂,炼焦配合煤,A2MMJPM,,,"4","2026-08-24 15:59:20",喷吹用煤（原料）,,,采购中心,St.d,"0.53"
焦化厂,炼焦配合煤,A2MMJPM,,,"4","2026-08-24 15:59:20",喷吹用煤（原料）,,,采购中心,Vdaf,"29.33"
焦化厂,炼焦配合煤,A2MMJPM,,,"4","2026-08-24 15:59:20",喷吹用煤（原料）,,,采购中心,Vdaf,"27.20"
焦化厂,炼焦配合煤,A2MMJPM,,,"4","2026-08-24 15:59:20",喷吹用煤（原料）,,,采购中心,Vdaf,"23.42"
焦化厂,炼焦配合煤,A2MMJPM,,,"4","2026-08-24 15:59:20",喷吹用煤（原料）,,,采购中心,水分,"12.7"
焦化厂,炼焦配合煤,A2MMJPM,,,"4","2026-08-24 15:59:20",喷吹用煤（原料）,,,采购中心,水分,"14.0"
焦化厂,炼焦配合煤,A2MMJPM,,,"4","2026-08-24 15:59:20",喷吹用煤（原料）,,,采购中心,水分,"11.0"
广西柳钢国际贸易有限公司,"1/3焦煤|2级|进口|哥伦比亚",G3MMSYK,第一玛歌,防城港,"4","2026-08-24 15:15:29",,,3504150.0,采购中心,水分,"9.9"
广西柳钢国际贸易有限公司,瘦焦煤|2级|进口|澳大利亚|半山,G3MMSJ5,牵牛星,防城港,"4","2026-08-24 13:20:34",,A2,2176820.0,采购中心,Ad,"10.54"
广西柳钢国际贸易有限公司,瘦焦煤|2级|进口|澳大利亚|半山,G3MMSJ5,牵牛星,防城港,"4","2026-08-24 13:20:34",,A2,2176820.0,采购中心,FCad,"70.27"
广西柳钢国际贸易有限公司,瘦焦煤|2级|进口|澳大利亚|半山,G3MMSJ5,牵牛星,防城港,"4","2026-08-24 13:20:34",,A2,2176820.0,采购中心,Mad,"1.56"
广西柳钢国际贸易有限公司,瘦焦煤|2级|进口|澳大利亚|半山,G3MMSJ5,牵牛星,防城港,"4","2026-08-24 13:20:34",,A2,2176820.0,采购中心,St.d,"0.38"
广西柳钢国际贸易有限公司,瘦焦煤|2级|进口|澳大利亚|半山,G3MMSJ5,牵牛星,防城港,"4","2026-08-24 13:20:34",,A2,2176820.0,采购中心,Vdaf,"20.20"
广西柳钢国际贸易有限公司,瘦焦煤|2级|进口|澳大利亚|半山,G3MMSJ5,牵牛星,防城港,"4","2026-08-24 13:20:34",,A2,2176820.0,采购中心,水分,"10.1"
山西潞安环保能源开发股份有限公司,贫瘦煤|国内,G3MMPS1,,,"4","2026-08-24 11:50:31",,A7,,采购中心,Ad,"10.70"
山西潞安环保能源开发股份有限公司,贫瘦煤|国内,G3MMPS1,,,"4","2026-08-24 11:50:31",,A7,,采购中心,Cad,"79.58"
山西潞安环保能源开发股份有限公司,贫瘦煤|国内,G3MMPS1,,,"4","2026-08-24 11:50:31",,A7,,采购中心,FCad,"76.89"
山西潞安环保能源开发股份有限公司,贫瘦煤|国内,G3MMPS1,,,"4","2026-08-24 11:50:31",,A7,,采购中心,Had,"3.59"
山西潞安环保能源开发股份有限公司,贫瘦煤|国内,G3MMPS1,,,"4","2026-08-24 11:50:31",,A7,,采购中心,Mad,"1.31"
山西潞安环保能源开发股份有限公司,贫瘦煤|国内,G3MMPS1,,,"4","2026-08-24 11:50:31",,A7,,采购中心,St.d,"0.38"
山西潞安环保能源开发股份有限公司,贫瘦煤|国内,G3MMPS1,,,"4","2026-08-24 11:50:31",,A7,,采购中心,Vdaf,"12.75"
山西潞安环保能源开发股份有限公司,贫瘦煤|国内,G3MMPS1,,,"4","2026-08-24 11:50:31",,A7,,采购中心,水分,"5.9"
山西潞安环保能源开发股份有限公司,贫瘦煤|国内,G3MMPS1,,长治北,"4","2026-08-24 11:47:14",,A7,649490.0,采购中心,Ad,"11.14"
山西潞安环保能源开发股份有限公司,贫瘦煤|国内,G3MMPS1,,长治北,"4","2026-08-24 11:47:14",,A7,649490.0,采购中心,FCad,"76.30"
山西潞安环保能源开发股份有限公司,贫瘦煤|国内,G3MMPS1,,长治北,"4","2026-08-24 11:47:14",,A7,649490.0,采购中心,Mad,"1.28"
山西潞安环保能源开发股份有限公司,贫瘦煤|国内,G3MMPS1,,长治北,"4","2026-08-24 11:47:14",,A7,649490.0,采购中心,St.d,"0.37"
山西潞安环保能源开发股份有限公司,贫瘦煤|国内,G3MMPS1,,长治北,"4","2026-08-24 11:47:14",,A7,649490.0,采购中心,Vdaf,"13.02"
山西潞安环保能源开发股份有限公司,贫瘦煤|国内,G3MMPS1,,长治北,"4","2026-08-24 11:47:14",,A7,649490.0,采购中心,水分,"5.9"
广西柳钢国际贸易有限公司,贫瘦煤|进口|俄罗斯,G3MMPS8,华源,铁山港,"4","2026-08-24 07:02:10",,,329500.0,采购中心,水分,"15.2"
广西柳钢国际贸易有限公司,贫瘦煤|进口|E|低挥发,G3MMPS10,茉莉,云约,"4","2026-08-24 06:05:27",,,296890.0,采购中心,Ad,"9.15"
广西柳钢国际贸易有限公司,贫瘦煤|进口|E|低挥发,G3MMPS10,茉莉,云约,"4","2026-08-24 06:05:27",,,296890.0,采购中心,FCad,"75.82"
广西柳钢国际贸易有限公司,贫瘦煤|进口|E|低挥发,G3MMPS10,茉莉,云约,"4","2026-08-24 06:05:27",,,296890.0,采购中心,Mad,"4.33"
广西柳钢国际贸易有限公司,贫瘦煤|进口|E|低挥发,G3MMPS10,茉莉,云约,"4","2026-08-24 06:05:27",,,296890.0,采购中心,St.d,"0.32"
广西柳钢国际贸易有限公司,贫瘦煤|进口|E|低挥发,G3MMPS10,茉莉,云约,"4","2026-08-24 06:05:27",,,296890.0,采购中心,Vdaf,"12.77"
广西柳钢国际贸易有限公司,贫瘦煤|进口|E|低挥发,G3MMPS10,茉莉,云约,"4","2026-08-24 06:05:27",,,296890.0,采购中心,水分,"15.6"
广西柳钢国际贸易有限公司,主焦煤|3级|进口|澳洲|Daunia,G3MMZJMH,吉利女神,铁山港,"4","2026-08-24 04:59:00",,,3526780.0,采购中心,水分,"12.8"
广西柳钢国际贸易有限公司,主焦煤|2级|进口|澳洲|GLV Prime,G3MMZJ8,瑞海,防城港,"4","2026-08-24 04:54:49",,,1263240.0,采购中心,水分,"10.2"
国家能源投资集团有限责任公司煤炭经营分公司,烟煤|国内,G3MMYY1,,大保当,"4","2026-08-24 04:41:22",,,196300.0,采购中心,Ad,"6.99"
国家能源投资集团有限责任公司煤炭经营分公司,烟煤|国内,G3MMYY1,,大保当,"4","2026-08-24 04:41:22",,,196300.0,采购中心,FCad,"54.61"
国家能源投资集团有限责任公司煤炭经营分公司,烟煤|国内,G3MMYY1,,大保当,"4","2026-08-24 04:41:22",,,196300.0,采购中心,Mad,"4.03"
国家能源投资集团有限责任公司煤炭经营分公司,烟煤|国内,G3MMYY1,,大保当,"4","2026-08-24 04:41:22",,,196300.0,采购中心,St.d,"0.61"
国家能源投资集团有限责任公司煤炭经营分公司,烟煤|国内,G3MMYY1,,大保当,"4","2026-08-24 04:41:22",,,196300.0,采购中心,Vdaf,"38.82"
国家能源投资集团有限责任公司煤炭经营分公司,烟煤|国内,G3MMYY1,,大保当,"4","2026-08-24 04:41:22",,,196300.0,采购中心,水分,"11.9"
广西海亿贸易有限公司,肥煤|国内,G3MMFF1,,龙马,"4","2026-08-24 01:51:14",,A2,208950.0,采购中心,Ad,"10.51"
广西海亿贸易有限公司,肥煤|国内,G3MMFF1,,龙马,"4","2026-08-24 01:51:14",,A2,208950.0,采购中心,FCad,"63.43"
广西海亿贸易有限公司,肥煤|国内,G3MMFF1,,龙马,"4","2026-08-24 01:51:14",,A2,208950.0,采购中心,Mad,"1.25"
广西海亿贸易有限公司,肥煤|国内,G3MMFF1,,龙马,"4","2026-08-24 01:51:14",,A2,208950.0,采购中心,St.d,"1.80"
广西海亿贸易有限公司,肥煤|国内,G3MMFF1,,龙马,"4","2026-08-24 01:51:14",,A2,208950.0,采购中心,Vdaf,"28.22"
广西海亿贸易有限公司,肥煤|国内,G3MMFF1,,龙马,"4","2026-08-24 01:51:14",,A2,208950.0,采购中心,水分,"12.3"
广西柳钢国际贸易有限公司,肥煤|国内,G3MMFF1,,宝丰,"4","2026-08-24 01:24:42",,A2,1065680.0,采购中心,Ad,"11.62"
广西柳钢国际贸易有限公司,肥煤|国内,G3MMFF1,,宝丰,"4","2026-08-24 01:24:42",,A2,1065680.0,采购中心,FCad,"61.68"
广西柳钢国际贸易有限公司,肥煤|国内,G3MMFF1,,宝丰,"4","2026-08-24 01:24:42",,A2,1065680.0,采购中心,Mad,"1.11"
广西柳钢国际贸易有限公司,肥煤|国内,G3MMFF1,,宝丰,"4","2026-08-24 01:24:42",,A2,1065680.0,采购中心,St.d,"2.09"
广西柳钢国际贸易有限公司,肥煤|国内,G3MMFF1,,宝丰,"4","2026-08-24 01:24:42",,A2,1065680.0,采购中心,Vdaf,"29.43"
广西柳钢国际贸易有限公司,肥煤|国内,G3MMFF1,,宝丰,"4","2026-08-24 01:24:42",,A2,1065680.0,采购中心,水分,"12.0"
广西柳钢国际贸易有限公司,主焦煤|1级|进口|加拿大|普瑞,G3MMZJML,禄通,铁山港,"4","2026-08-23 20:00:54",,,6730480.0,采购中心,水分,"13.8"
中国诚通国际贸易有限公司,贫瘦煤|国内,G3MMPS1,,宋寨,"4","2026-08-23 19:35:47",,A2,524780.0,采购中心,Ad,"10.23"
中国诚通国际贸易有限公司,贫瘦煤|国内,G3MMPS1,,宋寨,"4","2026-08-23 19:35:47",,A2,524780.0,采购中心,FCad,"74.20"
中国诚通国际贸易有限公司,贫瘦煤|国内,G3MMPS1,,宋寨,"4","2026-08-23 19:35:47",,A2,524780.0,采购中心,Mad,"1.87"
中国诚通国际贸易有限公司,贫瘦煤|国内,G3MMPS1,,宋寨,"4","2026-08-23 19:35:47",,A2,524780.0,采购中心,St.d,"0.55"
中国诚通国际贸易有限公司,贫瘦煤|国内,G3MMPS1,,宋寨,"4","2026-08-23 19:35:47",,A2,524780.0,采购中心,Vdaf,"15.77"
中国诚通国际贸易有限公司,贫瘦煤|国内,G3MMPS1,,宋寨,"4","2026-08-23 19:35:47",,A2,524780.0,采购中心,水分,"13.9"
焦化厂,炼焦配合煤,A2MMJPM,,,"4","2026-08-23 17:38:31",喷吹用煤（原料）,,,采购中心,Ad,"10.69"
焦化厂,炼焦配合煤,A2MMJPM,,,"4","2026-08-23 17:38:31",喷吹用煤（原料）,,,采购中心,FCad,"68.28"
焦化厂,炼焦配合煤,A2MMJPM,,,"4","2026-08-23 17:38:31",喷吹用煤（原料）,,,采购中心,Mad,"1.08"
焦化厂,炼焦配合煤,A2MMJPM,,,"4","2026-08-23 17:38:31",喷吹用煤（原料）,,,采购中心,St.d,"1.65"
焦化厂,炼焦配合煤,A2MMJPM,,,"4","2026-08-23 17:38:31",喷吹用煤（原料）,,,采购中心,Vdaf,"22.72"
焦化厂,炼焦配合煤,A2MMJPM,,,"4","2026-08-23 17:38:31",喷吹用煤（原料）,,,采购中心,水分,"16.5"
焦化厂,炼焦配合煤,A2MMJPM,,,"4","2026-08-23 17:37:19",喷吹用煤（原料）,,,采购中心,Ad,"8.20"
焦化厂,炼焦配合煤,A2MMJPM,,,"4","2026-08-23 17:37:19",喷吹用煤（原料）,,,采购中心,FCad,"69.21"
焦化厂,炼焦配合煤,A2MMJPM,,,"4","2026-08-23 17:37:19",喷吹用煤（原料）,,,采购中心,Mad,"1.33"
焦化厂,炼焦配合煤,A2MMJPM,,,"4","2026-08-23 17:37:19",喷吹用煤（原料）,,,采购中心,St.d,"0.48"
焦化厂,炼焦配合煤,A2MMJPM,,,"4","2026-08-23 17:37:19",喷吹用煤（原料）,,,采购中心,Vdaf,"23.59"
焦化厂,炼焦配合煤,A2MMJPM,,,"4","2026-08-23 17:37:19",喷吹用煤（原料）,,,采购中心,水分,"10.4"
焦化厂,炼焦配合煤,A2MMJPM,,,"4","2026-08-23 17:35:27",喷吹用煤（原料）,,,采购中心,Ad,"9.54"
焦化厂,炼焦配合煤,A2MMJPM,,,"4","2026-08-23 17:35:27",喷吹用煤（原料）,,,采购中心,FCad,"65.54"
焦化厂,炼焦配合煤,A2MMJPM,,,"4","2026-08-23 17:35:27",喷吹用煤（原料）,,,采购中心,Mad,"1.27"
焦化厂,炼焦配合煤,A2MMJPM,,,"4","2026-08-23 17:35:27",喷吹用煤（原料）,,,采购中心,St.d,"0.52"
焦化厂,炼焦配合煤,A2MMJPM,,,"4","2026-08-23 17:35:27",喷吹用煤（原料）,,,采购中心,Vdaf,"26.61"
焦化厂,炼焦配合煤,A2MMJPM,,,"4","2026-08-23 17:35:27",喷吹用煤（原料）,,,采购中心,水分,"12.8"
焦化厂,炼焦配合煤,A2MMJPM,,,"4","2026-08-23 17:34:23",喷吹用煤（原料）,,,采购中心,Ad,"8.25"
焦化厂,炼焦配合煤,A2MMJPM,,,"4","2026-08-23 17:34:23",喷吹用煤（原料）,,,采购中心,FCad,"69.00"
焦化厂,炼焦配合煤,A2MMJPM,,,"4","2026-08-23 17:34:23",喷吹用煤（原料）,,,采购中心,Mad,"1.36"
焦化厂,炼焦配合煤,A2MMJPM,,,"4","2026-08-23 17:34:23",喷吹用煤（原料）,,,采购中心,St.d,"0.48"
焦化厂,炼焦配合煤,A2MMJPM,,,"4","2026-08-23 17:34:23",喷吹用煤（原料）,,,采购中心,Vdaf,"23.76"
焦化厂,炼焦配合煤,A2MMJPM,,,"4","2026-08-23 17:34:23",喷吹用煤（原料）,,,采购中心,水分,"11.4"
焦化厂,炼焦配合煤,A2MMJPM,,,"4","2026-08-23 17:32:21",喷吹用煤（原料）,,,采购中心,Ad,"9.20"
焦化厂,炼焦配合煤,A2MMJPM,,,"4","2026-08-23 17:32:21",喷吹用煤（原料）,,,采购中心,FCad,"62.59"
焦化厂,炼焦配合煤,A2MMJPM,,,"4","2026-08-23 17:32:21",喷吹用煤（原料）,,,采购中心,Mad,"1.64"
焦化厂,炼焦配合煤,A2MMJPM,,,"4","2026-08-23 17:32:21",喷吹用煤（原料）,,,采购中心,St.d,"0.61"
焦化厂,炼焦配合煤,A2MMJPM,,,"4","2026-08-23 17:32:21",喷吹用煤（原料）,,,采购中心,Vdaf,"29.92"
焦化厂,炼焦配合煤,A2MMJPM,,,"4","2026-08-23 17:32:21",喷吹用煤（原料）,,,采购中心,水分,"9.1"
焦化厂,炼焦配合煤,A2MMJPM,,,"4","2026-08-23 17:27:26",喷吹用煤（原料）,,,采购中心,Ad,"10.63"
焦化厂,炼焦配合煤,A2MMJPM,,,"4","2026-08-23 17:27:26",喷吹用煤（原料）,,,采购中心,FCad,"63.51"
焦化厂,炼焦配合煤,A2MMJPM,,,"4","2026-08-23 17:27:26",喷吹用煤（原料）,,,采购中心,Mad,"1.06"
焦化厂,炼焦配合煤,A2MMJPM,,,"4","2026-08-23 17:27:26",喷吹用煤（原料）,,,采购中心,St.d,"1.78"
焦化厂,炼焦配合煤,A2MMJPM,,,"4","2026-08-23 17:27:26",喷吹用煤（原料）,,,采购中心,Vdaf,"28.17"
焦化厂,炼焦配合煤,A2MMJPM,,,"4","2026-08-23 17:27:26",喷吹用煤（原料）,,,采购中心,水分,"12.3"
中国诚通国际贸易有限公司,贫瘦煤|国内,G3MMPS1,,宋寨,"4","2026-08-23 17:26:05",,A2,524780.0,采购中心,Ad,"10.44"
中国诚通国际贸易有限公司,贫瘦煤|国内,G3MMPS1,,宋寨,"4","2026-08-23 17:26:05",,A2,524780.0,采购中心,FCad,"74.65"
中国诚通国际贸易有限公司,贫瘦煤|国内,G3MMPS1,,宋寨,"4","2026-08-23 17:26:05",,A2,524780.0,采购中心,Mad,"1.80"
中国诚通国际贸易有限公司,贫瘦煤|国内,G3MMPS1,,宋寨,"4","2026-08-23 17:26:05",,A2,524780.0,采购中心,St.d,"0.52"
中国诚通国际贸易有限公司,贫瘦煤|国内,G3MMPS1,,宋寨,"4","2026-08-23 17:26:05",,A2,524780.0,采购中心,Vdaf,"15.12"
中国诚通国际贸易有限公司,贫瘦煤|国内,G3MMPS1,,宋寨,"4","2026-08-23 17:26:05",,A2,524780.0,采购中心,水分,"14.7"
中国诚通国际贸易有限公司,贫瘦煤|国内,G3MMPS1,,宋寨,"4","2026-08-23 17:24:06",,A2,932960.0,采购中心,Ad,"10.29"
中国诚通国际贸易有限公司,贫瘦煤|国内,G3MMPS1,,宋寨,"4","2026-08-23 17:24:06",,A2,932960.0,采购中心,FCad,"74.73"
中国诚通国际贸易有限公司,贫瘦煤|国内,G3MMPS1,,宋寨,"4","2026-08-23 17:24:06",,A2,932960.0,采购中心,Mad,"1.81"
中国诚通国际贸易有限公司,贫瘦煤|国内,G3MMPS1,,宋寨,"4","2026-08-23 17:24:06",,A2,932960.0,采购中心,St.d,"0.51"
中国诚通国际贸易有限公司,贫瘦煤|国内,G3MMPS1,,宋寨,"4","2026-08-23 17:24:06",,A2,932960.0,采购中心,Vdaf,"15.17"
中国诚通国际贸易有限公司,贫瘦煤|国内,G3MMPS1,,宋寨,"4","2026-08-23 17:24:06",,A2,932960.0,采购中心,水分,"14.7"
广西柳钢国际贸易有限公司,主焦煤|2级|进口|澳洲|GLV Prime,G3MMZJ8,瑞海,防城港,"4","2026-08-23 15:13:57",,,1984890.0,采购中心,水分,"9.4"
贵州盘江马依煤业有限公司,炼焦贫瘦煤|国内,G3MMJPS1,,瓦窑田,"4","2026-08-23 13:59:45",,"1M",137430.0,采购中心,Ad,"10.55"
贵州盘江马依煤业有限公司,炼焦贫瘦煤|国内,G3MMJPS1,,瓦窑田,"4","2026-08-23 13:59:45",,"1M",137430.0,采购中心,FCad,"75.89"
贵州盘江马依煤业有限公司,炼焦贫瘦煤|国内,G3MMJPS1,,瓦窑田,"4","2026-08-23 13:59:45",,"1M",137430.0,采购中心,Mad,"0.99"
贵州盘江马依煤业有限公司,炼焦贫瘦煤|国内,G3MMJPS1,,瓦窑田,"4","2026-08-23 13:59:45",,"1M",137430.0,采购中心,St.d,"0.81"
贵州盘江马依煤业有限公司,炼焦贫瘦煤|国内,G3MMJPS1,,瓦窑田,"4","2026-08-23 13:59:45",,"1M",137430.0,采购中心,Vdaf,"14.31"
贵州盘江马依煤业有限公司,炼焦贫瘦煤|国内,G3MMJPS1,,瓦窑田,"4","2026-08-23 13:59:45",,"1M",137430.0,采购中心,水分,"12.8"
河南天元清洁能源有限公司,贫瘦煤|国内,G3MMPS1,,苏桥,"4","2026-08-23 12:22:42",,A2,516830.0,采购中心,Ad,"10.29"
河南天元清洁能源有限公司,贫瘦煤|国内,G3MMPS1,,苏桥,"4","2026-08-23 12:22:42",,A2,516830.0,采购中心,FCad,"76.51"
河南天元清洁能源有限公司,贫瘦煤|国内,G3MMPS1,,苏桥,"4","2026-08-23 12:22:42",,A2,516830.0,采购中心,Mad,"1.40"
河南天元清洁能源有限公司,贫瘦煤|国内,G3MMPS1,,苏桥,"4","2026-08-23 12:22:42",,A2,516830.0,采购中心,St.d,"0.36"
河南天元清洁能源有限公司,贫瘦煤|国内,G3MMPS1,,苏桥,"4","2026-08-23 12:22:42",,A2,516830.0,采购中心,Vdaf,"13.50"
河南天元清洁能源有限公司,贫瘦煤|国内,G3MMPS1,,苏桥,"4","2026-08-23 12:22:42",,A2,516830.0,采购中心,水分,"14.1"
河南天元清洁能源有限公司,贫瘦煤|国内,G3MMPS1,,苏桥,"4","2026-08-23 11:46:52",,A2,516830.0,采购中心,Ad,"10.18"
河南天元清洁能源有限公司,贫瘦煤|国内,G3MMPS1,,苏桥,"4","2026-08-23 11:46:52",,A2,516830.0,采购中心,FCad,"76.55"
河南天元清洁能源有限公司,贫瘦煤|国内,G3MMPS1,,苏桥,"4","2026-08-23 11:46:52",,A2,516830.0,采购中心,Mad,"1.40"
河南天元清洁能源有限公司,贫瘦煤|国内,G3MMPS1,,苏桥,"4","2026-08-23 11:46:52",,A2,516830.0,采购中心,St.d,"0.36"
河南天元清洁能源有限公司,贫瘦煤|国内,G3MMPS1,,苏桥,"4","2026-08-23 11:46:52",,A2,516830.0,采购中心,Vdaf,"13.56"
河南天元清洁能源有限公司,贫瘦煤|国内,G3MMPS1,,苏桥,"4","2026-08-23 11:46:52",,A2,516830.0,采购中心,水分,"14.1"
河南天元清洁能源有限公司,贫瘦煤|国内,G3MMPS1,,苏桥,"4","2026-08-23 11:33:58",,A2,971920.0,采购中心,Ad,"9.87"
河南天元清洁能源有限公司,贫瘦煤|国内,G3MMPS1,,苏桥,"4","2026-08-23 11:33:58",,A2,971920.0,采购中心,FCad,"77.30"
河南天元清洁能源有限公司,贫瘦煤|国内,G3MMPS1,,苏桥,"4","2026-08-23 11:33:58",,A2,971920.0,采购中心,Mad,"1.46"
河南天元清洁能源有限公司,贫瘦煤|国内,G3MMPS1,,苏桥,"4","2026-08-23 11:33:58",,A2,971920.0,采购中心,St.d,"0.38"
河南天元清洁能源有限公司,贫瘦煤|国内,G3MMPS1,,苏桥,"4","2026-08-23 11:33:58",,A2,971920.0,采购中心,Vdaf,"12.96"
河南天元清洁能源有限公司,贫瘦煤|国内,G3MMPS1,,苏桥,"4","2026-08-23 11:33:58",,A2,971920.0,采购中心,水分,"15.4"
河南天元清洁能源有限公司,贫瘦煤|国内,G3MMPS1,,苏桥,"4","2026-08-23 10:22:38",,A7,592630.0,采购中心,Ad,"9.70"
河南天元清洁能源有限公司,贫瘦煤|国内,G3MMPS1,,苏桥,"4","2026-08-23 10:22:38",,A7,592630.0,采购中心,FCad,"77.67"
河南天元清洁能源有限公司,贫瘦煤|国内,G3MMPS1,,苏桥,"4","2026-08-23 10:22:38",,A7,592630.0,采购中心,Mad,"1.45"
河南天元清洁能源有限公司,贫瘦煤|国内,G3MMPS1,,苏桥,"4","2026-08-23 10:22:38",,A7,592630.0,采购中心,St.d,"0.40"
河南天元清洁能源有限公司,贫瘦煤|国内,G3MMPS1,,苏桥,"4","2026-08-23 10:22:38",,A7,592630.0,采购中心,Vdaf,"12.72"
河南天元清洁能源有限公司,贫瘦煤|国内,G3MMPS1,,苏桥,"4","2026-08-23 10:22:38",,A7,592630.0,采购中心,水分,"16.1"
河南天元清洁能源有限公司,贫瘦煤|国内,G3MMPS1,,,"4","2026-08-23 10:15:48",,,,采购中心,Ad,"9.64"
河南天元清洁能源有限公司,贫瘦煤|国内,G3MMPS1,,,"4","2026-08-23 10:15:48",,,,采购中心,Cad,"80.69"
河南天元清洁能源有限公司,贫瘦煤|国内,G3MMPS1,,,"4","2026-08-23 10:15:48",,,,采购中心,FCad,"77.51"
河南天元清洁能源有限公司,贫瘦煤|国内,G3MMPS1,,,"4","2026-08-23 10:15:48",,,,采购中心,Had,"3.56"
河南天元清洁能源有限公司,贫瘦煤|国内,G3MMPS1,,,"4","2026-08-23 10:15:48",,,,采购中心,Mad,"1.50"
河南天元清洁能源有限公司,贫瘦煤|国内,G3MMPS1,,,"4","2026-08-23 10:15:48",,,,采购中心,St.d,"0.40"
河南天元清洁能源有限公司,贫瘦煤|国内,G3MMPS1,,,"4","2026-08-23 10:15:48",,,,采购中心,Vdaf,"12.91"
河南天元清洁能源有限公司,贫瘦煤|国内,G3MMPS1,,,"4","2026-08-23 10:15:48",,,,采购中心,水分,"15.8"
国家能源投资集团有限责任公司煤炭经营分公司,烟煤|国内,G3MMYY1,,大保当,"4","2026-08-23 08:44:46",,A2,588340.0,采购中心,Ad,"7.06"
国家能源投资集团有限责任公司煤炭经营分公司,烟煤|国内,G3MMYY1,,大保当,"4","2026-08-23 08:44:46",,A2,588340.0,采购中心,FCad,"55.08"
国家能源投资集团有限责任公司煤炭经营分公司,烟煤|国内,G3MMYY1,,大保当,"4","2026-08-23 08:44:46",,A2,588340.0,采购中心,Mad,"4.24"
国家能源投资集团有限责任公司煤炭经营分公司,烟煤|国内,G3MMYY1,,大保当,"4","2026-08-23 08:44:46",,A2,588340.0,采购中心,St.d,"0.61"
国家能源投资集团有限责任公司煤炭经营分公司,烟煤|国内,G3MMYY1,,大保当,"4","2026-08-23 08:44:46",,A2,588340.0,采购中心,Vdaf,"38.11"
国家能源投资集团有限责任公司煤炭经营分公司,烟煤|国内,G3MMYY1,,大保当,"4","2026-08-23 08:44:46",,A2,588340.0,采购中心,水分,"10.5"
国家能源投资集团有限责任公司煤炭经营分公司,烟煤|国内,G3MMYY1,,大保当,"4","2026-08-23 06:30:11",,,205160.0,采购中心,Ad,"6.95"
国家能源投资集团有限责任公司煤炭经营分公司,烟煤|国内,G3MMYY1,,大保当,"4","2026-08-23 06:30:11",,,205160.0,采购中心,FCad,"54.25"
国家能源投资集团有限责任公司煤炭经营分公司,烟煤|国内,G3MMYY1,,大保当,"4","2026-08-23 06:30:11",,,205160.0,采购中心,Mad,"4.20"
国家能源投资集团有限责任公司煤炭经营分公司,烟煤|国内,G3MMYY1,,大保当,"4","2026-08-23 06:30:11",,,205160.0,采购中心,St.d,"0.61"
国家能源投资集团有限责任公司煤炭经营分公司,烟煤|国内,G3MMYY1,,大保当,"4","2026-08-23 06:30:11",,,205160.0,采购中心,Vdaf,"39.14"
国家能源投资集团有限责任公司煤炭经营分公司,烟煤|国内,G3MMYY1,,大保当,"4","2026-08-23 06:30:11",,,205160.0,采购中心,水分,"11.7"
广西柳钢国际贸易有限公司,贫瘦煤|进口|俄罗斯,G3MMPS8,华源,铁山港,"4","2026-08-23 06:23:39",,,3149530.0,采购中心,水分,"10.6"
国家能源投资集团有限责任公司煤炭经营分公司,烟煤|国内,G3MMYY1,,大保当,"4","2026-08-23 03:44:34",,A2,1000110.0,采购中心,Ad,"6.78"
国家能源投资集团有限责任公司煤炭经营分公司,烟煤|国内,G3MMYY1,,大保当,"4","2026-08-23 03:44:34",,A2,1000110.0,采购中心,FCad,"54.01"
国家能源投资集团有限责任公司煤炭经营分公司,烟煤|国内,G3MMYY1,,大保当,"4","2026-08-23 03:44:34",,A2,1000110.0,采购中心,Mad,"4.27"
国家能源投资集团有限责任公司煤炭经营分公司,烟煤|国内,G3MMYY1,,大保当,"4","2026-08-23 03:44:34",,A2,1000110.0,采购中心,St.d,"0.61"
国家能源投资集团有限责任公司煤炭经营分公司,烟煤|国内,G3MMYY1,,大保当,"4","2026-08-23 03:44:34",,A2,1000110.0,采购中心,Vdaf,"39.48"
国家能源投资集团有限责任公司煤炭经营分公司,烟煤|国内,G3MMYY1,,大保当,"4","2026-08-23 03:44:34",,A2,1000110.0,采购中心,水分,"11.7"
国家能源投资集团有限责任公司煤炭经营分公司,烟煤|国内,G3MMYY1,,大保当,"4","2026-08-23 03:14:48",,A2,1000110.0,采购中心,Ad,"6.91"
国家能源投资集团有限责任公司煤炭经营分公司,烟煤|国内,G3MMYY1,,大保当,"4","2026-08-23 03:14:48",,A2,1000110.0,采购中心,FCad,"53.78"
国家能源投资集团有限责任公司煤炭经营分公司,烟煤|国内,G3MMYY1,,大保当,"4","2026-08-23 03:14:48",,A2,1000110.0,采购中心,Mad,"4.41"
国家能源投资集团有限责任公司煤炭经营分公司,烟煤|国内,G3MMYY1,,大保当,"4","2026-08-23 03:14:48",,A2,1000110.0,采购中心,St.d,"0.55"
国家能源投资集团有限责任公司煤炭经营分公司,烟煤|国内,G3MMYY1,,大保当,"4","2026-08-23 03:14:48",,A2,1000110.0,采购中心,Vdaf,"39.56"
国家能源投资集团有限责任公司煤炭经营分公司,烟煤|国内,G3MMYY1,,大保当,"4","2026-08-23 03:14:48",,A2,1000110.0,采购中心,水分,"10.5"
广东广物中南建材集团有限公司,"1/3焦煤|3级|进口|E|GJ",G3MMSYO,金色东方,防城港,"4","2026-08-23 02:47:50",,"5M",3446740.0,采购中心,Ad,"8.4"
广东广物中南建材集团有限公司,"1/3焦煤|3级|进口|E|GJ",G3MMSYO,金色东方,防城港,"4","2026-08-23 02:47:50",,"5M",3446740.0,采购中心,FCad,"54.86"
广东广物中南建材集团有限公司,"1/3焦煤|3级|进口|E|GJ",G3MMSYO,金色东方,防城港,"4","2026-08-23 02:47:50",,"5M",3446740.0,采购中心,Mad,"2.42"
广东广物中南建材集团有限公司,"1/3焦煤|3级|进口|E|GJ",G3MMSYO,金色东方,防城港,"4","2026-08-23 02:47:50",,"5M",3446740.0,采购中心,St.d,"0.52"
广东广物中南建材集团有限公司,"1/3焦煤|3级|进口|E|GJ",G3MMSYO,金色东方,防城港,"4","2026-08-23 02:47:50",,"5M",3446740.0,采购中心,Vdaf,"38.59"
广东广物中南建材集团有限公司,"1/3焦煤|3级|进口|E|GJ",G3MMSYO,金色东方,防城港,"4","2026-08-23 02:47:50",,"5M",3446740.0,采购中心,水分,"13.4"
国家能源投资集团有限责任公司煤炭经营分公司,烟煤|国内,G3MMYY1,,大保当,"4","2026-08-23 02:36:39",,料3,343750.0,采购中心,Ad,"6.37"
国家能源投资集团有限责任公司煤炭经营分公司,烟煤|国内,G3MMYY1,,大保当,"4","2026-08-23 02:36:39",,料3,343750.0,采购中心,FCad,"54.56"
国家能源投资集团有限责任公司煤炭经营分公司,烟煤|国内,G3MMYY1,,大保当,"4","2026-08-23 02:36:39",,料3,343750.0,采购中心,Mad,"4.27"
国家能源投资集团有限责任公司煤炭经营分公司,烟煤|国内,G3MMYY1,,大保当,"4","2026-08-23 02:36:39",,料3,343750.0,采购中心,St.d,"0.55"
国家能源投资集团有限责任公司煤炭经营分公司,烟煤|国内,G3MMYY1,,大保当,"4","2026-08-23 02:36:39",,料3,343750.0,采购中心,Vdaf,"39.13"
国家能源投资集团有限责任公司煤炭经营分公司,烟煤|国内,G3MMYY1,,大保当,"4","2026-08-23 02:36:39",,料3,343750.0,采购中心,水分,"11.5"
广西海亿贸易有限公司,肥煤|国内,G3MMFF1,,龙马,"4","2026-08-23 00:36:22",,A2,892970.0,采购中心,Ad,"10.80"
广西海亿贸易有限公司,肥煤|国内,G3MMFF1,,龙马,"4","2026-08-23 00:36:22",,A2,892970.0,采购中心,FCad,"62.92"
广西海亿贸易有限公司,肥煤|国内,G3MMFF1,,龙马,"4","2026-08-23 00:36:22",,A2,892970.0,采购中心,Mad,"1.09"
广西海亿贸易有限公司,肥煤|国内,G3MMFF1,,龙马,"4","2026-08-23 00:36:22",,A2,892970.0,采购中心,St.d,"1.99"
广西海亿贸易有限公司,肥煤|国内,G3MMFF1,,龙马,"4","2026-08-23 00:36:22",,A2,892970.0,采购中心,Vdaf,"28.69"
广西海亿贸易有限公司,肥煤|国内,G3MMFF1,,龙马,"4","2026-08-23 00:36:22",,A2,892970.0,采购中心,水分,"12.1"
中国诚通国际贸易有限公司,气煤|进口|印尼|KSM,G3MMQQG,皇家印象,湛江,"4","2026-08-22 22:03:48",,,1370870.0,采购中心,水分,"8.8"
国家能源投资集团有限责任公司煤炭经营分公司,烟煤|国内,G3MMYY1,,大保当,"4","2026-08-22 21:42:36",,A7,593920.0,采购中心,Ad,"6.53"
国家能源投资集团有限责任公司煤炭经营分公司,烟煤|国内,G3MMYY1,,大保当,"4","2026-08-22 21:42:36",,A7,593920.0,采购中心,FCad,"54.56"
国家能源投资集团有限责任公司煤炭经营分公司,烟煤|国内,G3MMYY1,,大保当,"4","2026-08-22 21:42:36",,A7,593920.0,采购中心,Mad,"4.42"
国家能源投资集团有限责任公司煤炭经营分公司,烟煤|国内,G3MMYY1,,大保当,"4","2026-08-22 21:42:36",,A7,593920.0,采购中心,St.d,"0.61"
国家能源投资集团有限责任公司煤炭经营分公司,烟煤|国内,G3MMYY1,,大保当,"4","2026-08-22 21:42:36",,A7,593920.0,采购中心,Vdaf,"38.93"
国家能源投资集团有限责任公司煤炭经营分公司,烟煤|国内,G3MMYY1,,大保当,"4","2026-08-22 21:42:36",,A7,593920.0,采购中心,水分,"10.7"
国家能源投资集团有限责任公司煤炭经营分公司,烟煤|国内,G3MMYY1,,大保当,"4","2026-08-22 21:09:14",,料3,329990.0,采购中心,Ad,"6.69"
国家能源投资集团有限责任公司煤炭经营分公司,烟煤|国内,G3MMYY1,,大保当,"4","2026-08-22 21:09:14",,料3,329990.0,采购中心,FCad,"54.35"
国家能源投资集团有限责任公司煤炭经营分公司,烟煤|国内,G3MMYY1,,大保当,"4","2026-08-22 21:09:14",,料3,329990.0,采购中心,Mad,"4.68"
国家能源投资集团有限责任公司煤炭经营分公司,烟煤|国内,G3MMYY1,,大保当,"4","2026-08-22 21:09:14",,料3,329990.0,采购中心,St.d,"0.54"
国家能源投资集团有限责任公司煤炭经营分公司,烟煤|国内,G3MMYY1,,大保当,"4","2026-08-22 21:09:14",,料3,329990.0,采购中心,Vdaf,"38.89"
国家能源投资集团有限责任公司煤炭经营分公司,烟煤|国内,G3MMYY1,,大保当,"4","2026-08-22 21:09:14",,料3,329990.0,采购中心,水分,"11.7"
重庆皓联实业（集团）有限公司,主焦煤|2级|国内,G3MMZJD,,松坎,"4","2026-08-22 17:50:27",,A2,520000.0,采购中心,Ad,"11.64"
重庆皓联实业（集团）有限公司,主焦煤|2级|国内,G3MMZJD,,松坎,"4","2026-08-22 17:50:27",,A2,520000.0,采购中心,FCad,"68.59"
重庆皓联实业（集团）有限公司,主焦煤|2级|国内,G3MMZJD,,松坎,"4","2026-08-22 17:50:27",,A2,520000.0,采购中心,Mad,"1.02"
重庆皓联实业（集团）有限公司,主焦煤|2级|国内,G3MMZJD,,松坎,"4","2026-08-22 17:50:27",,A2,520000.0,采购中心,St.d,"1.72"
重庆皓联实业（集团）有限公司,主焦煤|2级|国内,G3MMZJD,,松坎,"4","2026-08-22 17:50:27",,A2,520000.0,采购中心,Vdaf,"21.58"
重庆皓联实业（集团）有限公司,主焦煤|2级|国内,G3MMZJD,,松坎,"4","2026-08-22 17:50:27",,A2,520000.0,采购中心,水分,"14.3"
广西柳钢国际贸易有限公司,主焦煤|1级|进口|加拿大|普瑞,G3MMZJML,禄通,铁山港,"4","2026-08-22 15:41:08",,,6390520.0,采购中心,水分,"17.0"
广西柳钢国际贸易有限公司,主焦煤|3级|进口|澳洲|Fitzroy CD,G3MMZJMO,环球,防城港,"4","2026-08-22 13:50:45",,,70310.0,采购中心,水分,"10.5"
广西柳钢国际贸易有限公司,"1/3焦煤|2级|进口|哥伦比亚",G3MMSYK,第一玛歌,防城港,"4","2026-08-22 09:54:30",,,3273410.0,采购中心,水分,"9.0"
广西柳钢国际贸易有限公司,"1/3焦煤|2级|进口|哥伦比亚",G3MMSYK,第一玛歌,,"4","2026-08-22 09:54:30",,,,采购中心,水分,"9.5"
淮南矿业（集团）有限责任公司,"1/3焦煤|1级|国内",G3MMSY1,,潘集西,"4","2026-08-22 08:26:08",,"1M",3264430.0,采购中心,Ad,"9.99"
淮南矿业（集团）有限责任公司,"1/3焦煤|1级|国内",G3MMSY1,,潘集西,"4","2026-08-22 08:26:08",,"1M",3264430.0,采购中心,FCad,"57.77"
淮南矿业（集团）有限责任公司,"1/3焦煤|1级|国内",G3MMSY1,,潘集西,"4","2026-08-22 08:26:08",,"1M",3264430.0,采购中心,Mad,"1.56"
淮南矿业（集团）有限责任公司,"1/3焦煤|1级|国内",G3MMSY1,,潘集西,"4","2026-08-22 08:26:08",,"1M",3264430.0,采购中心,St.d,"0.55"
淮南矿业（集团）有限责任公司,"1/3焦煤|1级|国内",G3MMSY1,,潘集西,"4","2026-08-22 08:26:08",,"1M",3264430.0,采购中心,Vdaf,"34.80"
淮南矿业（集团）有限责任公司,"1/3焦煤|1级|国内",G3MMSY1,,潘集西,"4","2026-08-22 08:26:08",,"1M",3264430.0,采购中心,水分,"10.0"
广西海亿贸易有限公司,肥煤|国内,G3MMFF1,,龙马,"4","2026-08-22 04:39:23",,A2,686040.0,采购中心,Ad,"10.64"
广西海亿贸易有限公司,肥煤|国内,G3MMFF1,,龙马,"4","2026-08-22 04:39:23",,A2,686040.0,采购中心,FCad,"63.00"
广西海亿贸易有限公司,肥煤|国内,G3MMFF1,,龙马,"4","2026-08-22 04:39:23",,A2,686040.0,采购中心,Mad,"1.12"
广西海亿贸易有限公司,肥煤|国内,G3MMFF1,,龙马,"4","2026-08-22 04:39:23",,A2,686040.0,采购中心,St.d,"1.93"
广西海亿贸易有限公司,肥煤|国内,G3MMFF1,,龙马,"4","2026-08-22 04:39:23",,A2,686040.0,采购中心,Vdaf,"28.70"
广西海亿贸易有限公司,肥煤|国内,G3MMFF1,,龙马,"4","2026-08-22 04:39:23",,A2,686040.0,采购中心,水分,"12.4"
广西海亿贸易有限公司,肥煤|国内,G3MMFF1,,龙马,"4","2026-08-22 02:57:24",,"4M",202120.0,采购中心,Ad,"10.50"
广西海亿贸易有限公司,肥煤|国内,G3MMFF1,,龙马,"4","2026-08-22 02:57:24",,"4M",202120.0,采购中心,FCad,"63.22"
广西海亿贸易有限公司,肥煤|国内,G3MMFF1,,龙马,"4","2026-08-22 02:57:24",,"4M",202120.0,采购中心,Mad,"0.99"
广西海亿贸易有限公司,肥煤|国内,G3MMFF1,,龙马,"4","2026-08-22 02:57:24",,"4M",202120.0,采购中心,St.d,"1.89"
广西海亿贸易有限公司,肥煤|国内,G3MMFF1,,龙马,"4","2026-08-22 02:57:24",,"4M",202120.0,采购中心,Vdaf,"28.64"
广西海亿贸易有限公司,肥煤|国内,G3MMFF1,,龙马,"4","2026-08-22 02:57:24",,"4M",202120.0,采购中心,水分,"12.1"
中国诚通国际贸易有限公司,气煤|进口|印尼|KSM,G3MMQQG,皇家印象,湛江,"4","2026-08-22 01:32:23",,"1M",1607540.0,采购中心,Ad,"9.42"
中国诚通国际贸易有限公司,气煤|进口|印尼|KSM,G3MMQQG,皇家印象,湛江,"4","2026-08-22 01:32:23",,"1M",1607540.0,采购中心,FCad,"55.15"
中国诚通国际贸易有限公司,气煤|进口|印尼|KSM,G3MMQQG,皇家印象,湛江,"4","2026-08-22 01:32:23",,"1M",1607540.0,采购中心,Mad,"1.47"
中国诚通国际贸易有限公司,气煤|进口|印尼|KSM,G3MMQQG,皇家印象,湛江,"4","2026-08-22 01:32:23",,"1M",1607540.0,采购中心,St.d,"0.65"
中国诚通国际贸易有限公司,气煤|进口|印尼|KSM,G3MMQQG,皇家印象,湛江,"4","2026-08-22 01:32:23",,"1M",1607540.0,采购中心,Vdaf,"38.21"
中国诚通国际贸易有限公司,气煤|进口|印尼|KSM,G3MMQQG,皇家印象,湛江,"4","2026-08-22 01:32:23",,"1M",1607540.0,采购中心,水分,"8.5"
广西柳钢国际贸易有限公司,国内烧结无烟煤,G3MMSWM,,嘉峰,"4","2026-08-22 00:07:21",,,70670.0,采购中心,Ad,"9.64"
广西柳钢国际贸易有限公司,国内烧结无烟煤,G3MMSWM,,嘉峰,"4","2026-08-22 00:07:21",,,70670.0,采购中心,FCad,"82.51"
广西柳钢国际贸易有限公司,国内烧结无烟煤,G3MMSWM,,嘉峰,"4","2026-08-22 00:07:21",,,70670.0,采购中心,Mad,"2.29"
广西柳钢国际贸易有限公司,国内烧结无烟煤,G3MMSWM,,嘉峰,"4","2026-08-22 00:07:21",,,70670.0,采购中心,St.d,"0.37"
广西柳钢国际贸易有限公司,国内烧结无烟煤,G3MMSWM,,嘉峰,"4","2026-08-22 00:07:21",,,70670.0,采购中心,Vdaf,"6.55"
广西柳钢国际贸易有限公司,国内烧结无烟煤,G3MMSWM,,嘉峰,"4","2026-08-22 00:07:21",,,70670.0,采购中心,水分,"8.4"
广西海亿贸易有限公司,肥煤|国内,G3MMFF1,,龙马,"4","2026-08-21 20:31:09",,"1M",591350.0,采购中心,Ad,"10.50"
广西海亿贸易有限公司,肥煤|国内,G3MMFF1,,龙马,"4","2026-08-21 20:31:09",,"1M",591350.0,采购中心,FCad,"63.15"
广西海亿贸易有限公司,肥煤|国内,G3MMFF1,,龙马,"4","2026-08-21 20:31:09",,"1M",591350.0,采购中心,Mad,"0.99"
广西海亿贸易有限公司,肥煤|国内,G3MMFF1,,龙马,"4","2026-08-21 20:31:09",,"1M",591350.0,采购中心,St.d,"1.91"
广西海亿贸易有限公司,肥煤|国内,G3MMFF1,,龙马,"4","2026-08-21 20:31:09",,"1M",591350.0,采购中心,Vdaf,"28.73"
广西海亿贸易有限公司,肥煤|国内,G3MMFF1,,龙马,"4","2026-08-21 20:31:09",,"1M",591350.0,采购中心,水分,"12.4"
广西海亿贸易有限公司,肥煤|国内,G3MMFF1,,龙马,"4","2026-08-21 17:28:26",,"1M",591900.0,采购中心,Ad,"10.44"
广西海亿贸易有限公司,肥煤|国内,G3MMFF1,,龙马,"4","2026-08-21 17:28:26",,"1M",591900.0,采购中心,FCad,"63.70"
广西海亿贸易有限公司,肥煤|国内,G3MMFF1,,龙马,"4","2026-08-21 17:28:26",,"1M",591900.0,采购中心,Mad,"1.04"
广西海亿贸易有限公司,肥煤|国内,G3MMFF1,,龙马,"4","2026-08-21 17:28:26",,"1M",591900.0,采购中心,St.d,"1.91"
广西海亿贸易有限公司,肥煤|国内,G3MMFF1,,龙马,"4","2026-08-21 17:28:26",,"1M",591900.0,采购中心,Vdaf,"28.13"
广西海亿贸易有限公司,肥煤|国内,G3MMFF1,,龙马,"4","2026-08-21 17:28:26",,"1M",591900.0,采购中心,水分,"12.2"
焦化厂,炼焦配合煤,A2MMJPM,,,"4","2026-08-21 16:40:00",喷吹用煤（原料）,,,采购中心,Ad,"11.34"
焦化厂,炼焦配合煤,A2MMJPM,,,"4","2026-08-21 16:40:00",喷吹用煤（原料）,,,采购中心,Ad,"9.87"
焦化厂,炼焦配合煤,A2MMJPM,,,"4","2026-08-21 16:40:00",喷吹用煤（原料）,,,采购中心,Ad,"10.15"
焦化厂,炼焦配合煤,A2MMJPM,,,"4","2026-08-21 16:40:00",喷吹用煤（原料）,,,采购中心,FCad,"65.74"
焦化厂,炼焦配合煤,A2MMJPM,,,"4","2026-08-21 16:40:00",喷吹用煤（原料）,,,采购中心,FCad,"62.06"
焦化厂,炼焦配合煤,A2MMJPM,,,"4","2026-08-21 16:40:00",喷吹用煤（原料）,,,采购中心,FCad,"56.36"
焦化厂,炼焦配合煤,A2MMJPM,,,"4","2026-08-21 16:40:00",喷吹用煤（原料）,,,采购中心,Mad,"1.53"
焦化厂,炼焦配合煤,A2MMJPM,,,"4","2026-08-21 16:40:00",喷吹用煤（原料）,,,采购中心,Mad,"1.55"
焦化厂,炼焦配合煤,A2MMJPM,,,"4","2026-08-21 16:40:00",喷吹用煤（原料）,,,采购中心,Mad,"1.19"
焦化厂,炼焦配合煤,A2MMJPM,,,"4","2026-08-21 16:40:00",喷吹用煤（原料）,,,采购中心,St.d,"0.58"
焦化厂,炼焦配合煤,A2MMJPM,,,"4","2026-08-21 16:40:00",喷吹用煤（原料）,,,采购中心,St.d,"0.59"
焦化厂,炼焦配合煤,A2MMJPM,,,"4","2026-08-21 16:40:00",喷吹用煤（原料）,,,采购中心,St.d,"0.30"
焦化厂,炼焦配合煤,A2MMJPM,,,"4","2026-08-21 16:40:00",喷吹用煤（原料）,,,采购中心,Vdaf,"29.85"
焦化厂,炼焦配合煤,A2MMJPM,,,"4","2026-08-21 16:40:00",喷吹用煤（原料）,,,采购中心,Vdaf,"26.18"
焦化厂,炼焦配合煤,A2MMJPM,,,"4","2026-08-21 16:40:00",喷吹用煤（原料）,,,采购中心,Vdaf,"35.44"
焦化厂,炼焦配合煤,A2MMJPM,,,"4","2026-08-21 16:40:00",喷吹用煤（原料）,,,采购中心,水分,"13.1"
焦化厂,炼焦配合煤,A2MMJPM,,,"4","2026-08-21 16:40:00",喷吹用煤（原料）,,,采购中心,水分,"12.9"
焦化厂,炼焦配合煤,A2MMJPM,,,"4","2026-08-21 16:40:00",喷吹用煤（原料）,,,采购中心,水分,"7.9"
焦化厂,炼焦配合煤,A2MMJPM,,,"4","2026-08-21 16:20:31",喷吹用煤（原料）,,,采购中心,Ad,"10.21"
焦化厂,炼焦配合煤,A2MMJPM,,,"4","2026-08-21 16:20:31",喷吹用煤（原料）,,,采购中心,Ad,"10.15"
焦化厂,炼焦配合煤,A2MMJPM,,,"4","2026-08-21 16:20:31",喷吹用煤（原料）,,,采购中心,Cad,"78.28"
焦化厂,炼焦配合煤,A2MMJPM,,,"4","2026-08-21 16:20:31",喷吹用煤（原料）,,,采购中心,Cad,"78.26"
焦化厂,炼焦配合煤,A2MMJPM,,,"4","2026-08-21 16:20:31",喷吹用煤（原料）,,,采购中心,FCad,"66.01"
焦化厂,炼焦配合煤,A2MMJPM,,,"4","2026-08-21 16:20:31",喷吹用煤（原料）,,,采购中心,FCad,"64.14"
焦化厂,炼焦配合煤,A2MMJPM,,,"4","2026-08-21 16:20:31",喷吹用煤（原料）,,,采购中心,Had,"4.52"
焦化厂,炼焦配合煤,A2MMJPM,,,"4","2026-08-21 16:20:31",喷吹用煤（原料）,,,采购中心,Had,"4.61"
焦化厂,炼焦配合煤,A2MMJPM,,,"4","2026-08-21 16:20:31",喷吹用煤（原料）,,,采购中心,Mad,"1.16"
焦化厂,炼焦配合煤,A2MMJPM,,,"4","2026-08-21 16:20:31",喷吹用煤（原料）,,,采购中心,Mad,"1.21"
焦化厂,炼焦配合煤,A2MMJPM,,,"4","2026-08-21 16:20:31",喷吹用煤（原料）,,,采购中心,St.d,"0.63"
焦化厂,炼焦配合煤,A2MMJPM,,,"4","2026-08-21 16:20:31",喷吹用煤（原料）,,,采购中心,St.d,"0.76"
焦化厂,炼焦配合煤,A2MMJPM,,,"4","2026-08-21 16:20:31",喷吹用煤（原料）,,,采购中心,Vdaf,"25.62"
焦化厂,炼焦配合煤,A2MMJPM,,,"4","2026-08-21 16:20:31",喷吹用煤（原料）,,,采购中心,Vdaf,"27.74"
焦化厂,炼焦配合煤,A2MMJPM,,,"4","2026-08-21 16:20:31",喷吹用煤（原料）,,,采购中心,水分,"10.9"
焦化厂,炼焦配合煤,A2MMJPM,,,"4","2026-08-21 16:20:31",喷吹用煤（原料）,,,采购中心,水分,"10.4"
广西柳钢国际贸易有限公司,主焦煤|1级|进口|加拿大|普瑞,G3MMZJML,禄通,铁山港,"4","2026-08-21 15:49:57",,,7504670.0,采购中心,水分,"11.2"
广西柳钢国际贸易有限公司,主焦煤|3级|进口|澳洲|Daunia,G3MMZJMH,吉利女神,铁山港,"4","2026-08-21 15:49:20",,,69540.0,采购中心,水分,"10.7"
国家能源投资集团有限责任公司煤炭经营分公司,烟煤|国内,G3MMYY1,,,"4","2026-08-21 14:25:23",,,,采购中心,Ad,"6.31"
国家能源投资集团有限责任公司煤炭经营分公司,烟煤|国内,G3MMYY1,,,"4","2026-08-21 14:25:23",,,,采购中心,Cad,"73.37"
国家能源投资集团有限责任公司煤炭经营分公司,烟煤|国内,G3MMYY1,,,"4","2026-08-21 14:25:23",,,,采购中心,FCad,"54.47"
国家能源投资集团有限责任公司煤炭经营分公司,烟煤|国内,G3MMYY1,,,"4","2026-08-21 14:25:23",,,,采购中心,Had,"4.68"
国家能源投资集团有限责任公司煤炭经营分公司,烟煤|国内,G3MMYY1,,,"4","2026-08-21 14:25:23",,,,采购中心,Mad,"4.21"
国家能源投资集团有限责任公司煤炭经营分公司,烟煤|国内,G3MMYY1,,,"4","2026-08-21 14:25:23",,,,采购中心,St.d,"0.54"
国家能源投资集团有限责任公司煤炭经营分公司,烟煤|国内,G3MMYY1,,,"4","2026-08-21 14:25:23",,,,采购中心,Vdaf,"39.31"
国家能源投资集团有限责任公司煤炭经营分公司,烟煤|国内,G3MMYY1,,,"4","2026-08-21 14:25:23",,,,采购中心,水分,"11.9"
国家能源投资集团有限责任公司煤炭经营分公司,烟煤|国内,G3MMYY1,,大保当,"4","2026-08-21 13:59:15",,,277410.0,采购中心,Ad,"5.73"
国家能源投资集团有限责任公司煤炭经营分公司,烟煤|国内,G3MMYY1,,大保当,"4","2026-08-21 13:59:15",,,277410.0,采购中心,FCad,"55.21"
国家能源投资集团有限责任公司煤炭经营分公司,烟煤|国内,G3MMYY1,,大保当,"4","2026-08-21 13:59:15",,,277410.0,采购中心,Mad,"4.15"
国家能源投资集团有限责任公司煤炭经营分公司,烟煤|国内,G3MMYY1,,大保当,"4","2026-08-21 13:59:15",,,277410.0,采购中心,St.d,"0.51"
国家能源投资集团有限责任公司煤炭经营分公司,烟煤|国内,G3MMYY1,,大保当,"4","2026-08-21 13:59:15",,,277410.0,采购中心,Vdaf,"38.90"
国家能源投资集团有限责任公司煤炭经营分公司,烟煤|国内,G3MMYY1,,大保当,"4","2026-08-21 13:59:15",,,277410.0,采购中心,水分,"12.4"
国家能源投资集团有限责任公司煤炭经营分公司,烟煤|国内,G3MMYY1,,大保当,"4","2026-08-21 13:56:07",,料3,277410.0,采购中心,Ad,"6.47"
国家能源投资集团有限责任公司煤炭经营分公司,烟煤|国内,G3MMYY1,,大保当,"4","2026-08-21 13:56:07",,料3,277410.0,采购中心,FCad,"54.89"
国家能源投资集团有限责任公司煤炭经营分公司,烟煤|国内,G3MMYY1,,大保当,"4","2026-08-21 13:56:07",,料3,277410.0,采购中心,Mad,"4.16"
国家能源投资集团有限责任公司煤炭经营分公司,烟煤|国内,G3MMYY1,,大保当,"4","2026-08-21 13:56:07",,料3,277410.0,采购中心,St.d,"0.48"
国家能源投资集团有限责任公司煤炭经营分公司,烟煤|国内,G3MMYY1,,大保当,"4","2026-08-21 13:56:07",,料3,277410.0,采购中心,Vdaf,"38.77"
国家能源投资集团有限责任公司煤炭经营分公司,烟煤|国内,G3MMYY1,,大保当,"4","2026-08-21 13:56:07",,料3,277410.0,采购中心,水分,"12.0"
广西柳钢国际贸易有限公司,主焦煤|1级|进口|加拿大|普瑞,G3MMZJML,禄通,铁山港,"4","2026-08-21 12:35:28",,,343610.0,采购中心,水分,"10.5"
山西潞安环保能源开发股份有限公司,贫瘦煤|国内,G3MMPS1,,长治北,"4","2026-08-21 11:43:26",,A2,3296520.0,采购中心,Ad,"10.51"
山西潞安环保能源开发股份有限公司,贫瘦煤|国内,G3MMPS1,,长治北,"4","2026-08-21 11:43:26",,A2,3296520.0,采购中心,FCad,"77.35"
山西潞安环保能源开发股份有限公司,贫瘦煤|国内,G3MMPS1,,长治北,"4","2026-08-21 11:43:26",,A2,3296520.0,采购中心,Mad,"1.05"
山西潞安环保能源开发股份有限公司,贫瘦煤|国内,G3MMPS1,,长治北,"4","2026-08-21 11:43:26",,A2,3296520.0,采购中心,St.d,"0.36"
山西潞安环保能源开发股份有限公司,贫瘦煤|国内,G3MMPS1,,长治北,"4","2026-08-21 11:43:26",,A2,3296520.0,采购中心,Vdaf,"12.65"
山西潞安环保能源开发股份有限公司,贫瘦煤|国内,G3MMPS1,,长治北,"4","2026-08-21 11:43:26",,A2,3296520.0,采购中心,水分,"7.9"
广西柳钢国际贸易有限公司,主焦煤|3级|进口|澳洲|Daunia,G3MMZJMH,吉利女神,铁山港,"4","2026-08-21 10:30:12",,,3350700.0,采购中心,Ad,"8.34"
广西柳钢国际贸易有限公司,主焦煤|3级|进口|澳洲|Daunia,G3MMZJMH,吉利女神,铁山港,"4","2026-08-21 10:30:12",,,3350700.0,采购中心,FCad,"69.40"
广西柳钢国际贸易有限公司,主焦煤|3级|进口|澳洲|Daunia,G3MMZJMH,吉利女神,铁山港,"4","2026-08-21 10:30:12",,,3350700.0,采购中心,Mad,"1.24"
广西柳钢国际贸易有限公司,主焦煤|3级|进口|澳洲|Daunia,G3MMZJMH,吉利女神,铁山港,"4","2026-08-21 10:30:12",,,3350700.0,采购中心,St.d,"0.47"
广西柳钢国际贸易有限公司,主焦煤|3级|进口|澳洲|Daunia,G3MMZJMH,吉利女神,铁山港,"4","2026-08-21 10:30:12",,,3350700.0,采购中心,Vdaf,"23.33"
广西柳钢国际贸易有限公司,主焦煤|3级|进口|澳洲|Daunia,G3MMZJMH,吉利女神,铁山港,"4","2026-08-21 10:30:12",,,3350700.0,采购中心,水分,"10.9"
广西柳钢国际贸易有限公司,主焦煤|3级|进口|澳洲|Daunia,G3MMZJMH,流星,防城港,"4","2026-08-21 05:06:55",,,355800.0,采购中心,Ad,"8.48"
广西柳钢国际贸易有限公司,主焦煤|3级|进口|澳洲|Daunia,G3MMZJMH,流星,防城港,"4","2026-08-21 05:06:55",,,355800.0,采购中心,FCad,"69.53"
广西柳钢国际贸易有限公司,主焦煤|3级|进口|澳洲|Daunia,G3MMZJMH,流星,防城港,"4","2026-08-21 05:06:55",,,355800.0,采购中心,Mad,"1.28"
广西柳钢国际贸易有限公司,主焦煤|3级|进口|澳洲|Daunia,G3MMZJMH,流星,防城港,"4","2026-08-21 05:06:55",,,355800.0,采购中心,St.d,"0.46"
广西柳钢国际贸易有限公司,主焦煤|3级|进口|澳洲|Daunia,G3MMZJMH,流星,防城港,"4","2026-08-21 05:06:55",,,355800.0,采购中心,Vdaf,"23.04"
广西柳钢国际贸易有限公司,主焦煤|3级|进口|澳洲|Daunia,G3MMZJMH,流星,防城港,"4","2026-08-21 05:06:55",,,355800.0,采购中心,水分,"12.6"
重庆皓联实业（集团）有限公司,主焦煤|2级|国内,G3MMZJD,,松坎,"4","2026-08-21 03:51:37",,,545600.0,采购中心,Ad,"11.43"
重庆皓联实业（集团）有限公司,主焦煤|2级|国内,G3MMZJD,,松坎,"4","2026-08-21 03:51:37",,,545600.0,采购中心,FCad,"68.89"
重庆皓联实业（集团）有限公司,主焦煤|2级|国内,G3MMZJD,,松坎,"4","2026-08-21 03:51:37",,,545600.0,采购中心,Mad,"0.99"
重庆皓联实业（集团）有限公司,主焦煤|2级|国内,G3MMZJD,,松坎,"4","2026-08-21 03:51:37",,,545600.0,采购中心,St.d,"1.67"
重庆皓联实业（集团）有限公司,主焦煤|2级|国内,G3MMZJD,,松坎,"4","2026-08-21 03:51:37",,,545600.0,采购中心,Vdaf,"21.44"
重庆皓联实业（集团）有限公司,主焦煤|2级|国内,G3MMZJD,,松坎,"4","2026-08-21 03:51:37",,,545600.0,采购中心,水分,"14.6"
广西柳钢国际贸易有限公司,"1/3焦煤|2级|进口|哥伦比亚",G3MMSYK,第一玛歌,防城港,"4","2026-08-21 02:44:49",,,3360940.0,采购中心,Ad,"9.97"
广西柳钢国际贸易有限公司,"1/3焦煤|2级|进口|哥伦比亚",G3MMSYK,第一玛歌,防城港,"4","2026-08-21 02:44:49",,,3360940.0,采购中心,FCad,"58.91"
广西柳钢国际贸易有限公司,"1/3焦煤|2级|进口|哥伦比亚",G3MMSYK,第一玛歌,防城港,"4","2026-08-21 02:44:49",,,3360940.0,采购中心,Mad,"1.32"
广西柳钢国际贸易有限公司,"1/3焦煤|2级|进口|哥伦比亚",G3MMSYK,第一玛歌,防城港,"4","2026-08-21 02:44:49",,,3360940.0,采购中心,St.d,"0.82"
广西柳钢国际贸易有限公司,"1/3焦煤|2级|进口|哥伦比亚",G3MMSYK,第一玛歌,防城港,"4","2026-08-21 02:44:49",,,3360940.0,采购中心,Vdaf,"33.69"
广西柳钢国际贸易有限公司,"1/3焦煤|2级|进口|哥伦比亚",G3MMSYK,第一玛歌,防城港,"4","2026-08-21 02:44:49",,,3360940.0,采购中心,水分,"8.0"
广西柳钢国际贸易有限公司,"1/3焦煤|1级|国内",G3MMSY1,,宝丰,"4","2026-08-20 21:16:04",,"1M",678410.0,采购中心,Ad,"9.99"
广西柳钢国际贸易有限公司,"1/3焦煤|1级|国内",G3MMSY1,,宝丰,"4","2026-08-20 21:16:04",,"1M",678410.0,采购中心,FCad,"60.85"
广西柳钢国际贸易有限公司,"1/3焦煤|1级|国内",G3MMSY1,,宝丰,"4","2026-08-20 21:16:04",,"1M",678410.0,采购中心,Mad,"1.24"
广西柳钢国际贸易有限公司,"1/3焦煤|1级|国内",G3MMSY1,,宝丰,"4","2026-08-20 21:16:04",,"1M",678410.0,采购中心,St.d,"0.42"
广西柳钢国际贸易有限公司,"1/3焦煤|1级|国内",G3MMSY1,,宝丰,"4","2026-08-20 21:16:04",,"1M",678410.0,采购中心,Vdaf,"31.54"
广西柳钢国际贸易有限公司,"1/3焦煤|1级|国内",G3MMSY1,,宝丰,"4","2026-08-20 21:16:04",,"1M",678410.0,采购中心,水分,"10.6"
广西柳钢国际贸易有限公司,"1/3焦煤|1级|国内",G3MMSY1,,宝丰,"4","2026-08-20 18:28:34",,"1M",622500.0,采购中心,Ad,"10.15"
广西柳钢国际贸易有限公司,"1/3焦煤|1级|国内",G3MMSY1,,宝丰,"4","2026-08-20 18:28:34",,"1M",622500.0,采购中心,FCad,"60.73"
广西柳钢国际贸易有限公司,"1/3焦煤|1级|国内",G3MMSY1,,宝丰,"4","2026-08-20 18:28:34",,"1M",622500.0,采购中心,Mad,"1.18"
广西柳钢国际贸易有限公司,"1/3焦煤|1级|国内",G3MMSY1,,宝丰,"4","2026-08-20 18:28:34",,"1M",622500.0,采购中心,St.d,"0.41"
广西柳钢国际贸易有限公司,"1/3焦煤|1级|国内",G3MMSY1,,宝丰,"4","2026-08-20 18:28:34",,"1M",622500.0,采购中心,Vdaf,"31.60"
广西柳钢国际贸易有限公司,"1/3焦煤|1级|国内",G3MMSY1,,宝丰,"4","2026-08-20 18:28:34",,"1M",622500.0,采购中心,水分,"10.8"
广西柳钢国际贸易有限公司,"1/3焦煤|1级|国内",G3MMSY1,,宝丰,"4","2026-08-20 17:32:19",,"4M",203970.0,采购中心,Ad,"10.04"
广西柳钢国际贸易有限公司,"1/3焦煤|1级|国内",G3MMSY1,,宝丰,"4","2026-08-20 17:32:19",,"4M",203970.0,采购中心,FCad,"61.36"
广西柳钢国际贸易有限公司,"1/3焦煤|1级|国内",G3MMSY1,,宝丰,"4","2026-08-20 17:32:19",,"4M",203970.0,采购中心,Mad,"1.28"
广西柳钢国际贸易有限公司,"1/3焦煤|1级|国内",G3MMSY1,,宝丰,"4","2026-08-20 17:32:19",,"4M",203970.0,采购中心,St.d,"0.41"
广西柳钢国际贸易有限公司,"1/3焦煤|1级|国内",G3MMSY1,,宝丰,"4","2026-08-20 17:32:19",,"4M",203970.0,采购中心,Vdaf,"30.91"
广西柳钢国际贸易有限公司,"1/3焦煤|1级|国内",G3MMSY1,,宝丰,"4","2026-08-20 17:32:19",,"4M",203970.0,采购中心,水分,"11.0"
广西海亿贸易有限公司,肥煤|国内,G3MMFF1,,龙马,"4","2026-08-20 17:32:19",,"4M",818960.0,采购中心,Ad,"10.61"
广西海亿贸易有限公司,肥煤|国内,G3MMFF1,,龙马,"4","2026-08-20 17:32:19",,"4M",818960.0,采购中心,FCad,"62.63"
广西海亿贸易有限公司,肥煤|国内,G3MMFF1,,龙马,"4","2026-08-20 17:32:19",,"4M",818960.0,采购中心,Mad,"1.03"
广西海亿贸易有限公司,肥煤|国内,G3MMFF1,,龙马,"4","2026-08-20 17:32:19",,"4M",818960.0,采购中心,St.d,"1.83"
广西海亿贸易有限公司,肥煤|国内,G3MMFF1,,龙马,"4","2026-08-20 17:32:19",,"4M",818960.0,采购中心,Vdaf,"29.21"
广西海亿贸易有限公司,肥煤|国内,G3MMFF1,,龙马,"4","2026-08-20 17:32:19",,"4M",818960.0,采购中心,水分,"12.4"
焦化厂,炼焦配合煤,A2MMJPM,,,"4","2026-08-20 15:53:46",喷吹用煤（原料）,,,采购中心,Ad,"10.16"
焦化厂,炼焦配合煤,A2MMJPM,,,"4","2026-08-20 15:53:46",喷吹用煤（原料）,,,采购中心,Ad,"10.19"
焦化厂,炼焦配合煤,A2MMJPM,,,"4","2026-08-20 15:53:46",喷吹用煤（原料）,,,采购中心,Ad,"10.88"
焦化厂,炼焦配合煤,A2MMJPM,,,"4","2026-08-20 15:53:46",喷吹用煤（原料）,,,采购中心,FCad,"61.61"
焦化厂,炼焦配合煤,A2MMJPM,,,"4","2026-08-20 15:53:46",喷吹用煤（原料）,,,采购中心,FCad,"67.83"
焦化厂,炼焦配合煤,A2MMJPM,,,"4","2026-08-20 15:53:46",喷吹用煤（原料）,,,采购中心,FCad,"60.06"
焦化厂,炼焦配合煤,A2MMJPM,,,"4","2026-08-20 15:53:46",喷吹用煤（原料）,,,采购中心,Mad,"0.94"
焦化厂,炼焦配合煤,A2MMJPM,,,"4","2026-08-20 15:53:46",喷吹用煤（原料）,,,采购中心,Mad,"1.05"
焦化厂,炼焦配合煤,A2MMJPM,,,"4","2026-08-20 15:53:46",喷吹用煤（原料）,,,采购中心,Mad,"1.23"
焦化厂,炼焦配合煤,A2MMJPM,,,"4","2026-08-20 15:53:46",喷吹用煤（原料）,,,采购中心,St.d,"2.05"
焦化厂,炼焦配合煤,A2MMJPM,,,"4","2026-08-20 15:53:46",喷吹用煤（原料）,,,采购中心,St.d,"0.51"
焦化厂,炼焦配合煤,A2MMJPM,,,"4","2026-08-20 15:53:46",喷吹用煤（原料）,,,采购中心,St.d,"2.02"
焦化厂,炼焦配合煤,A2MMJPM,,,"4","2026-08-20 15:53:46",喷吹用煤（原料）,,,采购中心,Vdaf,"32.30"
焦化厂,炼焦配合煤,A2MMJPM,,,"4","2026-08-20 15:53:46",喷吹用煤（原料）,,,采购中心,Vdaf,"30.13"
焦化厂,炼焦配合煤,A2MMJPM,,,"4","2026-08-20 15:53:46",喷吹用煤（原料）,,,采购中心,Vdaf,"23.79"
焦化厂,炼焦配合煤,A2MMJPM,,,"4","2026-08-20 15:53:46",喷吹用煤（原料）,,,采购中心,水分,"12.2"
焦化厂,炼焦配合煤,A2MMJPM,,,"4","2026-08-20 15:53:46",喷吹用煤（原料）,,,采购中心,水分,"10.0"
焦化厂,炼焦配合煤,A2MMJPM,,,"4","2026-08-20 15:53:46",喷吹用煤（原料）,,,采购中心,水分,"9.6"
广西海亿贸易有限公司,肥煤|国内,G3MMFF1,,龙马,"4","2026-08-20 14:21:02",,,745790.0,采购中心,Ad,"10.48"
广西海亿贸易有限公司,肥煤|国内,G3MMFF1,,龙马,"4","2026-08-20 14:21:02",,,745790.0,采购中心,FCad,"63.60"
广西海亿贸易有限公司,肥煤|国内,G3MMFF1,,龙马,"4","2026-08-20 14:21:02",,,745790.0,采购中心,Mad,"1.07"
广西海亿贸易有限公司,肥煤|国内,G3MMFF1,,龙马,"4","2026-08-20 14:21:02",,,745790.0,采购中心,St.d,"1.78"
广西海亿贸易有限公司,肥煤|国内,G3MMFF1,,龙马,"4","2026-08-20 14:21:02",,,745790.0,采购中心,Vdaf,"28.18"
广西海亿贸易有限公司,肥煤|国内,G3MMFF1,,龙马,"4","2026-08-20 14:21:02",,,745790.0,采购中心,水分,"12.7"
贵州久泰邦达能源开发有限公司,"1/3焦煤|1级|国内",G3MMSY1,,花家庄,"4","2026-08-20 14:13:40",,"5M",314760.0,采购中心,Ad,"9.91"
贵州久泰邦达能源开发有限公司,"1/3焦煤|1级|国内",G3MMSY1,,花家庄,"4","2026-08-20 14:13:40",,"5M",314760.0,采购中心,FCad,"60.17"
贵州久泰邦达能源开发有限公司,"1/3焦煤|1级|国内",G3MMSY1,,花家庄,"4","2026-08-20 14:13:40",,"5M",314760.0,采购中心,Mad,"1.24"
贵州久泰邦达能源开发有限公司,"1/3焦煤|1级|国内",G3MMSY1,,花家庄,"4","2026-08-20 14:13:40",,"5M",314760.0,采购中心,St.d,"0.53"
贵州久泰邦达能源开发有限公司,"1/3焦煤|1级|国内",G3MMSY1,,花家庄,"4","2026-08-20 14:13:40",,"5M",314760.0,采购中心,Vdaf,"32.37"
贵州久泰邦达能源开发有限公司,"1/3焦煤|1级|国内",G3MMSY1,,花家庄,"4","2026-08-20 14:13:40",,"5M",314760.0,采购中心,水分,"8.3"
广西柳州钢铁集团有限公司,主焦煤|1级|进口,G3MMZJ2,,,"4","2026-08-20 10:57:45",焦煤,,,采购中心,Ad,"9.54"
广西柳州钢铁集团有限公司,主焦煤|1级|进口,G3MMZJ2,,,"4","2026-08-20 10:57:45",焦煤,,,采购中心,FCad,"65.74"
广西柳州钢铁集团有限公司,主焦煤|1级|进口,G3MMZJ2,,,"4","2026-08-20 10:57:45",焦煤,,,采购中心,Mad,"1.30"
广西柳州钢铁集团有限公司,主焦煤|1级|进口,G3MMZJ2,,,"4","2026-08-20 10:57:45",焦煤,,,采购中心,St.d,"0.59"
广西柳州钢铁集团有限公司,主焦煤|1级|进口,G3MMZJ2,,,"4","2026-08-20 10:57:45",焦煤,,,采购中心,Vdaf,"26.37"
广西柳州钢铁集团有限公司,主焦煤|1级|进口,G3MMZJ2,,,"4","2026-08-20 10:57:45",焦煤,,,采购中心,水分,"11.5"
广西柳钢国际贸易有限公司,主焦煤|1级|进口|蒙古,G3MMZJR,明友,防城港,"4","2026-08-20 10:14:48",,"4M",495320.0,采购中心,Ad,"11.54"
广西柳钢国际贸易有限公司,主焦煤|1级|进口|蒙古,G3MMZJR,明友,防城港,"4","2026-08-20 10:14:48",,"4M",495320.0,采购中心,FCad,"65.76"
广西柳钢国际贸易有限公司,主焦煤|1级|进口|蒙古,G3MMZJR,明友,防城港,"4","2026-08-20 10:14:48",,"4M",495320.0,采购中心,Mad,"1.48"
广西柳钢国际贸易有限公司,主焦煤|1级|进口|蒙古,G3MMZJR,明友,防城港,"4","2026-08-20 10:14:48",,"4M",495320.0,采购中心,St.d,"0.53"
广西柳钢国际贸易有限公司,主焦煤|1级|进口|蒙古,G3MMZJR,明友,防城港,"4","2026-08-20 10:14:48",,"4M",495320.0,采购中心,Vdaf,"24.54"
广西柳钢国际贸易有限公司,主焦煤|1级|进口|蒙古,G3MMZJR,明友,防城港,"4","2026-08-20 10:14:48",,"4M",495320.0,采购中心,水分,"13.3"
贵州久泰邦达能源开发有限公司,"1/3焦煤|1级|国内",G3MMSY1,,花家庄,"4","2026-08-20 09:17:08",,"5M",834710.0,采购中心,Ad,"9.81"
贵州久泰邦达能源开发有限公司,"1/3焦煤|1级|国内",G3MMSY1,,花家庄,"4","2026-08-20 09:17:08",,"5M",834710.0,采购中心,FCad,"60.65"
贵州久泰邦达能源开发有限公司,"1/3焦煤|1级|国内",G3MMSY1,,花家庄,"4","2026-08-20 09:17:08",,"5M",834710.0,采购中心,Mad,"1.28"
贵州久泰邦达能源开发有限公司,"1/3焦煤|1级|国内",G3MMSY1,,花家庄,"4","2026-08-20 09:17:08",,"5M",834710.0,采购中心,St.d,"0.49"
贵州久泰邦达能源开发有限公司,"1/3焦煤|1级|国内",G3MMSY1,,花家庄,"4","2026-08-20 09:17:08",,"5M",834710.0,采购中心,Vdaf,"31.88"
贵州久泰邦达能源开发有限公司,"1/3焦煤|1级|国内",G3MMSY1,,花家庄,"4","2026-08-20 09:17:08",,"5M",834710.0,采购中心,水分,"8.7"
广西柳钢国际贸易有限公司,主焦煤|3级|进口|澳洲|Fitzroy CD,G3MMZJMO,环球,防城港,"4","2026-08-20 08:02:43",,,1462290.0,采购中心,水分,"9.9"
广西柳钢国际贸易有限公司,主焦煤|1级|进口|加拿大|普瑞,G3MMZJML,禄通,铁山港,"4","2026-08-20 06:38:16",,,7527090.0,采购中心,水分,"12.2"
广西海亿贸易有限公司,肥煤|国内,G3MMFF1,,龙马,"4","2026-08-20 06:27:46",,"1M",207600.0,采购中心,Ad,"10.44"
广西海亿贸易有限公司,肥煤|国内,G3MMFF1,,龙马,"4","2026-08-20 06:27:46",,"1M",207600.0,采购中心,FCad,"63.26"
广西海亿贸易有限公司,肥煤|国内,G3MMFF1,,龙马,"4","2026-08-20 06:27:46",,"1M",207600.0,采购中心,Mad,"1.09"
广西海亿贸易有限公司,肥煤|国内,G3MMFF1,,龙马,"4","2026-08-20 06:27:46",,"1M",207600.0,采购中心,St.d,"1.82"
广西海亿贸易有限公司,肥煤|国内,G3MMFF1,,龙马,"4","2026-08-20 06:27:46",,"1M",207600.0,采购中心,Vdaf,"28.58"
广西海亿贸易有限公司,肥煤|国内,G3MMFF1,,龙马,"4","2026-08-20 06:27:46",,"1M",207600.0,采购中心,水分,"12.5"
贵州久泰邦达能源开发有限公司,"1/3焦煤|1级|国内",G3MMSY1,,花家庄,"4","2026-08-20 06:10:03",,"5M",948070.0,采购中心,Ad,"10.21"
贵州久泰邦达能源开发有限公司,"1/3焦煤|1级|国内",G3MMSY1,,花家庄,"4","2026-08-20 06:10:03",,"5M",948070.0,采购中心,FCad,"59.96"
贵州久泰邦达能源开发有限公司,"1/3焦煤|1级|国内",G3MMSY1,,花家庄,"4","2026-08-20 06:10:03",,"5M",948070.0,采购中心,Mad,"1.29"
贵州久泰邦达能源开发有限公司,"1/3焦煤|1级|国内",G3MMSY1,,花家庄,"4","2026-08-20 06:10:03",,"5M",948070.0,采购中心,St.d,"0.46"
贵州久泰邦达能源开发有限公司,"1/3焦煤|1级|国内",G3MMSY1,,花家庄,"4","2026-08-20 06:10:03",,"5M",948070.0,采购中心,Vdaf,"32.34"
贵州久泰邦达能源开发有限公司,"1/3焦煤|1级|国内",G3MMSY1,,花家庄,"4","2026-08-20 06:10:03",,"5M",948070.0,采购中心,水分,"9.1"
广西柳钢国际贸易有限公司,贫瘦煤|进口|俄罗斯,G3MMPS8,华源,铁山港,"4","2026-08-20 04:47:02",,,3226310.0,采购中心,水分,"8.0"
安徽皖煤物资贸易有限责任公司,气煤|进口|E|AEJ,G3MMQQD,金牛,防城港,"4","2026-08-20 03:35:46",,"1M",486960.0,采购中心,Ad,"11.68"
安徽皖煤物资贸易有限责任公司,气煤|进口|E|AEJ,G3MMQQD,金牛,防城港,"4","2026-08-20 03:35:46",,"1M",486960.0,采购中心,FCad,"56.05"
安徽皖煤物资贸易有限责任公司,气煤|进口|E|AEJ,G3MMQQD,金牛,防城港,"4","2026-08-20 03:35:46",,"1M",486960.0,采购中心,Mad,"1.63"
安徽皖煤物资贸易有限责任公司,气煤|进口|E|AEJ,G3MMQQD,金牛,防城港,"4","2026-08-20 03:35:46",,"1M",486960.0,采购中心,St.d,"0.31"
安徽皖煤物资贸易有限责任公司,气煤|进口|E|AEJ,G3MMQQD,金牛,防城港,"4","2026-08-20 03:35:46",,"1M",486960.0,采购中心,Vdaf,"35.49"
安徽皖煤物资贸易有限责任公司,气煤|进口|E|AEJ,G3MMQQD,金牛,防城港,"4","2026-08-20 03:35:46",,"1M",486960.0,采购中心,水分,"12.5"
国家能源投资集团有限责任公司煤炭经营分公司,烟煤|国内,G3MMYY1,,大保当,"4","2026-08-20 00:55:47",,料3,486650.0,采购中心,Ad,"6.78"
国家能源投资集团有限责任公司煤炭经营分公司,烟煤|国内,G3MMYY1,,大保当,"4","2026-08-20 00:55:47",,料3,486650.0,采购中心,FCad,"54.96"
国家能源投资集团有限责任公司煤炭经营分公司,烟煤|国内,G3MMYY1,,大保当,"4","2026-08-20 00:55:47",,料3,486650.0,采购中心,Mad,"3.71"
国家能源投资集团有限责任公司煤炭经营分公司,烟煤|国内,G3MMYY1,,大保当,"4","2026-08-20 00:55:47",,料3,486650.0,采购中心,St.d,"0.55"
国家能源投资集团有限责任公司煤炭经营分公司,烟煤|国内,G3MMYY1,,大保当,"4","2026-08-20 00:55:47",,料3,486650.0,采购中心,Vdaf,"38.77"
国家能源投资集团有限责任公司煤炭经营分公司,烟煤|国内,G3MMYY1,,大保当,"4","2026-08-20 00:55:47",,料3,486650.0,采购中心,水分,"11.0"
山西焦煤能源集团股份有限公司,气煤|2级|国内,G3MMQQB,,瓦塘,"4","2026-08-19 23:35:13",,"1M",274560.0,采购中心,Ad,"10.66"
山西焦煤能源集团股份有限公司,气煤|2级|国内,G3MMQQB,,瓦塘,"4","2026-08-19 23:35:13",,"1M",274560.0,采购中心,FCad,"56.89"
山西焦煤能源集团股份有限公司,气煤|2级|国内,G3MMQQB,,瓦塘,"4","2026-08-19 23:35:13",,"1M",274560.0,采购中心,Mad,"2.00"
山西焦煤能源集团股份有限公司,气煤|2级|国内,G3MMQQB,,瓦塘,"4","2026-08-19 23:35:13",,"1M",274560.0,采购中心,St.d,"0.80"
山西焦煤能源集团股份有限公司,气煤|2级|国内,G3MMQQB,,瓦塘,"4","2026-08-19 23:35:13",,"1M",274560.0,采购中心,Vdaf,"35.02"
山西焦煤能源集团股份有限公司,气煤|2级|国内,G3MMQQB,,瓦塘,"4","2026-08-19 23:35:13",,"1M",274560.0,采购中心,水分,"6.0"
广西海亿贸易有限公司,肥煤|国内,G3MMFF1,,龙马,"4","2026-08-19 23:16:55",,"1M",408020.0,采购中心,Ad,"10.42"
广西海亿贸易有限公司,肥煤|国内,G3MMFF1,,龙马,"4","2026-08-19 23:16:55",,"1M",408020.0,采购中心,FCad,"63.48"
广西海亿贸易有限公司,肥煤|国内,G3MMFF1,,龙马,"4","2026-08-19 23:16:55",,"1M",408020.0,采购中心,Mad,"1.14"
广西海亿贸易有限公司,肥煤|国内,G3MMFF1,,龙马,"4","2026-08-19 23:16:55",,"1M",408020.0,采购中心,St.d,"1.78"
广西海亿贸易有限公司,肥煤|国内,G3MMFF1,,龙马,"4","2026-08-19 23:16:55",,"1M",408020.0,采购中心,Vdaf,"28.32"
广西海亿贸易有限公司,肥煤|国内,G3MMFF1,,龙马,"4","2026-08-19 23:16:55",,"1M",408020.0,采购中心,水分,"13.2"
广西柳钢国际贸易有限公司,主焦煤|2级|进口|澳洲|GLVPrime,G3MMZJ8,瑞海,防城港,"4","2026-08-19 21:57:27",,"5M",3435700.0,采购中心,Ad,"9.91"
广西柳钢国际贸易有限公司,主焦煤|2级|进口|澳洲|GLVPrime,G3MMZJ8,瑞海,防城港,"4","2026-08-19 21:57:27",,"5M",3435700.0,采购中心,FCad,"69.05"
广西柳钢国际贸易有限公司,主焦煤|2级|进口|澳洲|GLVPrime,G3MMZJ8,瑞海,防城港,"4","2026-08-19 21:57:27",,"5M",3435700.0,采购中心,Mad,"1.19"
广西柳钢国际贸易有限公司,主焦煤|2级|进口|澳洲|GLVPrime,G3MMZJ8,瑞海,防城港,"4","2026-08-19 21:57:27",,"5M",3435700.0,采购中心,St.d,"0.34"
广西柳钢国际贸易有限公司,主焦煤|2级|进口|澳洲|GLVPrime,G3MMZJ8,瑞海,防城港,"4","2026-08-19 21:57:27",,"5M",3435700.0,采购中心,Vdaf,"22.43"
广西柳钢国际贸易有限公司,主焦煤|2级|进口|澳洲|GLVPrime,G3MMZJ8,瑞海,防城港,"4","2026-08-19 21:57:27",,"5M",3435700.0,采购中心,水分,"10.4"
广西柳钢国际贸易有限公司,气煤|进口|E|AEJ,G3MMQQD,金牛,防城港,"4","2026-08-19 21:46:53",,,128900.0,采购中心,Ad,"11.51"
广西柳钢国际贸易有限公司,气煤|进口|E|AEJ,G3MMQQD,金牛,防城港,"4","2026-08-19 21:46:53",,,128900.0,采购中心,FCad,"56.05"
广西柳钢国际贸易有限公司,气煤|进口|E|AEJ,G3MMQQD,金牛,防城港,"4","2026-08-19 21:46:53",,,128900.0,采购中心,Mad,"1.48"
广西柳钢国际贸易有限公司,气煤|进口|E|AEJ,G3MMQQD,金牛,防城港,"4","2026-08-19 21:46:53",,,128900.0,采购中心,St.d,"0.27"
广西柳钢国际贸易有限公司,气煤|进口|E|AEJ,G3MMQQD,金牛,防城港,"4","2026-08-19 21:46:53",,,128900.0,采购中心,Vdaf,"35.71"
广西柳钢国际贸易有限公司,气煤|进口|E|AEJ,G3MMQQD,金牛,防城港,"4","2026-08-19 21:46:53",,,128900.0,采购中心,水分,"11.5"
贵州久泰邦达能源开发有限公司,"1/3焦煤|1级|国内",G3MMSY1,,花家庄,"4","2026-08-19 20:23:14",,"1M",609560.0,采购中心,Ad,"10.06"
贵州久泰邦达能源开发有限公司,"1/3焦煤|1级|国内",G3MMSY1,,花家庄,"4","2026-08-19 20:23:14",,"1M",609560.0,采购中心,FCad,"59.62"
贵州久泰邦达能源开发有限公司,"1/3焦煤|1级|国内",G3MMSY1,,花家庄,"4","2026-08-19 20:23:14",,"1M",609560.0,采购中心,Mad,"1.22"
贵州久泰邦达能源开发有限公司,"1/3焦煤|1级|国内",G3MMSY1,,花家庄,"4","2026-08-19 20:23:14",,"1M",609560.0,采购中心,St.d,"0.36"
贵州久泰邦达能源开发有限公司,"1/3焦煤|1级|国内",G3MMSY1,,花家庄,"4","2026-08-19 20:23:14",,"1M",609560.0,采购中心,Vdaf,"32.89"
贵州久泰邦达能源开发有限公司,"1/3焦煤|1级|国内",G3MMSY1,,花家庄,"4","2026-08-19 20:23:14",,"1M",609560.0,采购中心,水分,"9.0"
贵州盘江精煤股份有限公司,炼焦贫瘦煤|国内,G3MMJPS1,,红果,"4","2026-08-19 19:05:10",,"1M",146450.0,采购中心,Ad,"16.14"
贵州盘江精煤股份有限公司,炼焦贫瘦煤|国内,G3MMJPS1,,红果,"4","2026-08-19 19:05:10",,"1M",146450.0,采购中心,FCad,"70.94"
贵州盘江精煤股份有限公司,炼焦贫瘦煤|国内,G3MMJPS1,,红果,"4","2026-08-19 19:05:10",,"1M",146450.0,采购中心,Mad,"1.04"
贵州盘江精煤股份有限公司,炼焦贫瘦煤|国内,G3MMJPS1,,红果,"4","2026-08-19 19:05:10",,"1M",146450.0,采购中心,St.d,"1.01"
贵州盘江精煤股份有限公司,炼焦贫瘦煤|国内,G3MMJPS1,,红果,"4","2026-08-19 19:05:10",,"1M",146450.0,采购中心,Vdaf,"14.52"
贵州久泰邦达能源开发有限公司,"1/3焦煤|1级|国内",G3MMSY1,,花家庄,"4","2026-08-19 18:40:31",,"4M",930980.0,采购中心,Ad,"10.16"
贵州久泰邦达能源开发有限公司,"1/3焦煤|1级|国内",G3MMSY1,,花家庄,"4","2026-08-19 18:40:31",,"4M",930980.0,采购中心,FCad,"59.60"
贵州久泰邦达能源开发有限公司,"1/3焦煤|1级|国内",G3MMSY1,,花家庄,"4","2026-08-19 18:40:31",,"4M",930980.0,采购中心,Mad,"1.26"
贵州久泰邦达能源开发有限公司,"1/3焦煤|1级|国内",G3MMSY1,,花家庄,"4","2026-08-19 18:40:31",,"4M",930980.0,采购中心,St.d,"0.44"
贵州久泰邦达能源开发有限公司,"1/3焦煤|1级|国内",G3MMSY1,,花家庄,"4","2026-08-19 18:40:31",,"4M",930980.0,采购中心,Vdaf,"32.82"
贵州久泰邦达能源开发有限公司,"1/3焦煤|1级|国内",G3MMSY1,,花家庄,"4","2026-08-19 18:40:31",,"4M",930980.0,采购中心,水分,"9.1"
贵州久泰邦达能源开发有限公司,"1/3焦煤|1级|国内",G3MMSY1,,花家庄,"4","2026-08-19 17:26:28",,"1M",756730.0,采购中心,Ad,"9.95"
贵州久泰邦达能源开发有限公司,"1/3焦煤|1级|国内",G3MMSY1,,花家庄,"4","2026-08-19 17:26:28",,"1M",756730.0,采购中心,FCad,"60.15"
贵州久泰邦达能源开发有限公司,"1/3焦煤|1级|国内",G3MMSY1,,花家庄,"4","2026-08-19 17:26:28",,"1M",756730.0,采购中心,Mad,"1.24"
贵州久泰邦达能源开发有限公司,"1/3焦煤|1级|国内",G3MMSY1,,花家庄,"4","2026-08-19 17:26:28",,"1M",756730.0,采购中心,St.d,"0.36"
贵州久泰邦达能源开发有限公司,"1/3焦煤|1级|国内",G3MMSY1,,花家庄,"4","2026-08-19 17:26:28",,"1M",756730.0,采购中心,Vdaf,"32.36"
贵州久泰邦达能源开发有限公司,"1/3焦煤|1级|国内",G3MMSY1,,花家庄,"4","2026-08-19 17:26:28",,"1M",756730.0,采购中心,水分,"9.4"
国家能源投资集团有限责任公司煤炭经营分公司,烟煤|国内,G3MMYY1,,大保当,"4","2026-08-19 17:22:33",,料3,324190.0,采购中心,Ad,"6.54"
国家能源投资集团有限责任公司煤炭经营分公司,烟煤|国内,G3MMYY1,,大保当,"4","2026-08-19 17:22:33",,料3,324190.0,采购中心,FCad,"55.13"
国家能源投资集团有限责任公司煤炭经营分公司,烟煤|国内,G3MMYY1,,大保当,"4","2026-08-19 17:22:33",,料3,324190.0,采购中心,Mad,"3.87"
国家能源投资集团有限责任公司煤炭经营分公司,烟煤|国内,G3MMYY1,,大保当,"4","2026-08-19 17:22:33",,料3,324190.0,采购中心,St.d,"0.57"
国家能源投资集团有限责任公司煤炭经营分公司,烟煤|国内,G3MMYY1,,大保当,"4","2026-08-19 17:22:33",,料3,324190.0,采购中心,Vdaf,"38.64"
国家能源投资集团有限责任公司煤炭经营分公司,烟煤|国内,G3MMYY1,,大保当,"4","2026-08-19 17:22:33",,料3,324190.0,采购中心,水分,"11.5"
国家能源投资集团有限责任公司煤炭经营分公司,烟煤|国内,G3MMYY1,,大保当,"4","2026-08-19 17:19:17",,料3,324190.0,采购中心,Ad,"6.36"
国家能源投资集团有限责任公司煤炭经营分公司,烟煤|国内,G3MMYY1,,大保当,"4","2026-08-19 17:19:17",,料3,324190.0,采购中心,FCad,"55.74"
国家能源投资集团有限责任公司煤炭经营分公司,烟煤|国内,G3MMYY1,,大保当,"4","2026-08-19 17:19:17",,料3,324190.0,采购中心,Mad,"3.63"
国家能源投资集团有限责任公司煤炭经营分公司,烟煤|国内,G3MMYY1,,大保当,"4","2026-08-19 17:19:17",,料3,324190.0,采购中心,St.d,"0.53"
国家能源投资集团有限责任公司煤炭经营分公司,烟煤|国内,G3MMYY1,,大保当,"4","2026-08-19 17:19:17",,料3,324190.0,采购中心,Vdaf,"38.23"
国家能源投资集团有限责任公司煤炭经营分公司,烟煤|国内,G3MMYY1,,大保当,"4","2026-08-19 17:19:17",,料3,324190.0,采购中心,水分,"11.4"
焦化厂,炼焦配合煤,A2MMJPM,,,"4","2026-08-19 16:17:21",喷吹用煤（原料）,,,采购中心,Ad,"10.64"
焦化厂,炼焦配合煤,A2MMJPM,,,"4","2026-08-19 16:17:21",喷吹用煤（原料）,,,采购中心,Ad,"14.43"
焦化厂,炼焦配合煤,A2MMJPM,,,"4","2026-08-19 16:17:21",喷吹用煤（原料）,,,采购中心,Ad,"11.28"
焦化厂,炼焦配合煤,A2MMJPM,,,"4","2026-08-19 16:17:21",喷吹用煤（原料）,,,采购中心,FCad,"69.55"
焦化厂,炼焦配合煤,A2MMJPM,,,"4","2026-08-19 16:17:21",喷吹用煤（原料）,,,采购中心,FCad,"66.16"
焦化厂,炼焦配合煤,A2MMJPM,,,"4","2026-08-19 16:17:21",喷吹用煤（原料）,,,采购中心,FCad,"67.62"
焦化厂,炼焦配合煤,A2MMJPM,,,"4","2026-08-19 16:17:21",喷吹用煤（原料）,,,采购中心,Mad,"1.30"
焦化厂,炼焦配合煤,A2MMJPM,,,"4","2026-08-19 16:17:21",喷吹用煤（原料）,,,采购中心,Mad,"1.09"
焦化厂,炼焦配合煤,A2MMJPM,,,"4","2026-08-19 16:17:21",喷吹用煤（原料）,,,采购中心,Mad,"0.96"
焦化厂,炼焦配合煤,A2MMJPM,,,"4","2026-08-19 16:17:21",喷吹用煤（原料）,,,采购中心,St.d,"0.56"
焦化厂,炼焦配合煤,A2MMJPM,,,"4","2026-08-19 16:17:21",喷吹用煤（原料）,,,采购中心,St.d,"0.75"
焦化厂,炼焦配合煤,A2MMJPM,,,"4","2026-08-19 16:17:21",喷吹用煤（原料）,,,采购中心,St.d,"1.26"
焦化厂,炼焦配合煤,A2MMJPM,,,"4","2026-08-19 16:17:21",喷吹用煤（原料）,,,采购中心,Vdaf,"24.45"
焦化厂,炼焦配合煤,A2MMJPM,,,"4","2026-08-19 16:17:21",喷吹用煤（原料）,,,采购中心,Vdaf,"23.50"
焦化厂,炼焦配合煤,A2MMJPM,,,"4","2026-08-19 16:17:21",喷吹用煤（原料）,,,采购中心,Vdaf,"17.93"
焦化厂,炼焦配合煤,A2MMJPM,,,"4","2026-08-19 16:17:21",喷吹用煤（原料）,,,采购中心,水分,"11.8"
焦化厂,炼焦配合煤,A2MMJPM,,,"4","2026-08-19 16:17:21",喷吹用煤（原料）,,,采购中心,水分,"12.4"
焦化厂,炼焦配合煤,A2MMJPM,,,"4","2026-08-19 16:17:21",喷吹用煤（原料）,,,采购中心,水分,"11.1"
贵州久泰邦达能源开发有限公司,"1/3焦煤|1级|国内",G3MMSY1,,花家庄,"4","2026-08-19 15:15:10",,"5M",325260.0,采购中心,Ad,"10.13"
贵州久泰邦达能源开发有限公司,"1/3焦煤|1级|国内",G3MMSY1,,花家庄,"4","2026-08-19 15:15:10",,"5M",325260.0,采购中心,FCad,"59.83"
贵州久泰邦达能源开发有限公司,"1/3焦煤|1级|国内",G3MMSY1,,花家庄,"4","2026-08-19 15:15:10",,"5M",325260.0,采购中心,Mad,"1.22"
贵州久泰邦达能源开发有限公司,"1/3焦煤|1级|国内",G3MMSY1,,花家庄,"4","2026-08-19 15:15:10",,"5M",325260.0,采购中心,St.d,"0.44"
贵州久泰邦达能源开发有限公司,"1/3焦煤|1级|国内",G3MMSY1,,花家庄,"4","2026-08-19 15:15:10",,"5M",325260.0,采购中心,Vdaf,"32.60"
贵州久泰邦达能源开发有限公司,"1/3焦煤|1级|国内",G3MMSY1,,花家庄,"4","2026-08-19 15:15:10",,"5M",325260.0,采购中心,水分,"9.2"
广西海亿贸易有限公司,肥煤|国内,G3MMFF1,,龙马,"4","2026-08-19 11:40:01",,A2,726100.0,采购中心,Ad,"10.52"
广西海亿贸易有限公司,肥煤|国内,G3MMFF1,,龙马,"4","2026-08-19 11:40:01",,A2,726100.0,采购中心,FCad,"63.11"
广西海亿贸易有限公司,肥煤|国内,G3MMFF1,,龙马,"4","2026-08-19 11:40:01",,A2,726100.0,采购中心,Mad,"1.04"
广西海亿贸易有限公司,肥煤|国内,G3MMFF1,,龙马,"4","2026-08-19 11:40:01",,A2,726100.0,采购中心,St.d,"1.75"
广西海亿贸易有限公司,肥煤|国内,G3MMFF1,,龙马,"4","2026-08-19 11:40:01",,A2,726100.0,采购中心,Vdaf,"28.73"
广西海亿贸易有限公司,肥煤|国内,G3MMFF1,,龙马,"4","2026-08-19 11:40:01",,A2,726100.0,采购中心,水分,"12.8"
国家能源投资集团有限责任公司煤炭经营分公司,烟煤|国内,G3MMYY1,,,"4","2026-08-19 11:37:53",,,,采购中心,Ad,"5.95"
国家能源投资集团有限责任公司煤炭经营分公司,烟煤|国内,G3MMYY1,,,"4","2026-08-19 11:37:53",,,,采购中心,Cad,"74.67"
国家能源投资集团有限责任公司煤炭经营分公司,烟煤|国内,G3MMYY1,,,"4","2026-08-19 11:37:53",,,,采购中心,FCad,"55.55"
国家能源投资集团有限责任公司煤炭经营分公司,烟煤|国内,G3MMYY1,,,"4","2026-08-19 11:37:53",,,,采购中心,Had,"4.93"
国家能源投资集团有限责任公司煤炭经营分公司,烟煤|国内,G3MMYY1,,,"4","2026-08-19 11:37:53",,,,采购中心,Mad,"3.85"
国家能源投资集团有限责任公司煤炭经营分公司,烟煤|国内,G3MMYY1,,,"4","2026-08-19 11:37:53",,,,采购中心,St.d,"0.55"
国家能源投资集团有限责任公司煤炭经营分公司,烟煤|国内,G3MMYY1,,,"4","2026-08-19 11:37:53",,,,采购中心,Vdaf,"38.57"
国家能源投资集团有限责任公司煤炭经营分公司,烟煤|国内,G3MMYY1,,,"4","2026-08-19 11:37:53",,,,采购中心,水分,"11.0"
广西海亿贸易有限公司,肥煤|国内,G3MMFF1,,龙马,"4","2026-08-19 11:35:28",,A2,745630.0,采购中心,Ad,"10.83"
广西海亿贸易有限公司,肥煤|国内,G3MMFF1,,龙马,"4","2026-08-19 11:35:28",,A2,745630.0,采购中心,FCad,"63.16"
广西海亿贸易有限公司,肥煤|国内,G3MMFF1,,龙马,"4","2026-08-19 11:35:28",,A2,745630.0,采购中心,Mad,"1.05"
广西海亿贸易有限公司,肥煤|国内,G3MMFF1,,龙马,"4","2026-08-19 11:35:28",,A2,745630.0,采购中心,St.d,"1.80"
广西海亿贸易有限公司,肥煤|国内,G3MMFF1,,龙马,"4","2026-08-19 11:35:28",,A2,745630.0,采购中心,Vdaf,"28.40"
广西海亿贸易有限公司,肥煤|国内,G3MMFF1,,龙马,"4","2026-08-19 11:35:28",,A2,745630.0,采购中心,水分,"12.9"
国家能源投资集团有限责任公司煤炭经营分公司,烟煤|国内,G3MMYY1,,大保当,"4","2026-08-19 10:49:53",,A7,625280.0,采购中心,Ad,"6.42"
国家能源投资集团有限责任公司煤炭经营分公司,烟煤|国内,G3MMYY1,,大保当,"4","2026-08-19 10:49:53",,A7,625280.0,采购中心,FCad,"55.46"
国家能源投资集团有限责任公司煤炭经营分公司,烟煤|国内,G3MMYY1,,大保当,"4","2026-08-19 10:49:53",,A7,625280.0,采购中心,Mad,"3.78"
国家能源投资集团有限责任公司煤炭经营分公司,烟煤|国内,G3MMYY1,,大保当,"4","2026-08-19 10:49:53",,A7,625280.0,采购中心,St.d,"0.58"
国家能源投资集团有限责任公司煤炭经营分公司,烟煤|国内,G3MMYY1,,大保当,"4","2026-08-19 10:49:53",,A7,625280.0,采购中心,Vdaf,"38.40"
国家能源投资集团有限责任公司煤炭经营分公司,烟煤|国内,G3MMYY1,,大保当,"4","2026-08-19 10:49:53",,A7,625280.0,采购中心,水分,"11.0"
重庆百丰实业有限公司,主焦煤|2级|国内,G3MMZJD,,松坎,"4","2026-08-19 09:25:37",,"1M",506070.0,采购中心,Ad,"11.71"
重庆百丰实业有限公司,主焦煤|2级|国内,G3MMZJD,,松坎,"4","2026-08-19 09:25:37",,"1M",506070.0,采购中心,St.d,"1.57"
广西柳钢国际贸易有限公司,"1/3焦煤|2级|进口|哥伦比亚",G3MMSYK,贾巴尔,云约,"4","2026-08-19 09:23:37",,"5M",2876290.0,采购中心,Ad,"11.88"
广西柳钢国际贸易有限公司,"1/3焦煤|2级|进口|哥伦比亚",G3MMSYK,贾巴尔,云约,"4","2026-08-19 09:23:37",,"5M",2876290.0,采购中心,St.d,"0.75"
广西柳钢国际贸易有限公司,主焦煤|1级|进口|蒙古,G3MMZJR,明友,防城港,"4","2026-08-19 09:22:12",,"4M",1592540.0,采购中心,Ad,"10.81"
广西柳钢国际贸易有限公司,主焦煤|1级|进口|蒙古,G3MMZJR,明友,防城港,"4","2026-08-19 09:22:12",,"4M",1592540.0,采购中心,St.d,"0.53"
贵州盘江精煤股份有限公司,"1/3焦煤|1级|国内",G3MMSY1,,柏果,"4","2026-08-19 09:19:02",,"1M",625050.0,采购中心,Ad,"10.83"
贵州盘江精煤股份有限公司,"1/3焦煤|1级|国内",G3MMSY1,,柏果,"4","2026-08-19 09:19:02",,"1M",625050.0,采购中心,St.d,"0.25"
重庆百丰实业有限公司,主焦煤|2级|国内,G3MMZJD,,松坎,"4","2026-08-19 09:16:18",,"1M",756810.0,采购中心,Ad,"11.80"
重庆百丰实业有限公司,主焦煤|2级|国内,G3MMZJD,,松坎,"4","2026-08-19 09:16:18",,"1M",756810.0,采购中心,St.d,"1.61"
贵州盘江精煤股份有限公司,"1/3焦煤|1级|国内",G3MMSY1,,柏果,"4","2026-08-19 09:14:32",,"5M",611170.0,采购中心,Ad,"10.74"
贵州盘江精煤股份有限公司,"1/3焦煤|1级|国内",G3MMSY1,,柏果,"4","2026-08-19 09:14:32",,"5M",611170.0,采购中心,St.d,"0.23"
西部红果煤炭交易有限公司,主焦煤|3级|国内,G3MMZJF,,大湾,"4","2026-08-19 09:13:24",,A2,347030.0,采购中心,Ad,"11.89"
西部红果煤炭交易有限公司,主焦煤|3级|国内,G3MMZJF,,大湾,"4","2026-08-19 09:13:24",,A2,347030.0,采购中心,St.d,"1.18"
石嘴山市惠农区永鑫工贸有限公司,主焦煤|1级|国内,G3MMZJ1,,惠农,"4","2026-08-19 09:12:33",,"1M",133590.0,采购中心,Ad,"10.31"
石嘴山市惠农区永鑫工贸有限公司,主焦煤|1级|国内,G3MMZJ1,,惠农,"4","2026-08-19 09:12:33",,"1M",133590.0,采购中心,St.d,"0.61"
贵州盘江精煤股份有限公司,"1/3焦煤|1级|国内",G3MMSY1,,柏果,"4","2026-08-19 09:11:33",,A2,255330.0,采购中心,Ad,"10.92"
贵州盘江精煤股份有限公司,"1/3焦煤|1级|国内",G3MMSY1,,柏果,"4","2026-08-19 09:11:33",,A2,255330.0,采购中心,St.d,"0.23"
广西柳钢国际贸易有限公司,主焦煤|1级|进口|加拿大|瑞峰,G3MMZJC,清水河,防城港,"4","2026-08-19 09:10:28",,,67150.0,采购中心,Ad,"9.63"
广西柳钢国际贸易有限公司,主焦煤|1级|进口|加拿大|瑞峰,G3MMZJC,清水河,防城港,"4","2026-08-19 09:10:28",,,67150.0,采购中心,St.d,"0.44"
国家能源投资集团有限责任公司煤炭经营分公司,烟煤|国内,G3MMYY1,,大保当,"4","2026-08-19 04:41:34",,A7,605510.0,采购中心,Ad,"6.73"
国家能源投资集团有限责任公司煤炭经营分公司,烟煤|国内,G3MMYY1,,大保当,"4","2026-08-19 04:41:34",,A7,605510.0,采购中心,FCad,"54.52"
国家能源投资集团有限责任公司煤炭经营分公司,烟煤|国内,G3MMYY1,,大保当,"4","2026-08-19 04:41:34",,A7,605510.0,采购中心,Mad,"4.11"
国家能源投资集团有限责任公司煤炭经营分公司,烟煤|国内,G3MMYY1,,大保当,"4","2026-08-19 04:41:34",,A7,605510.0,采购中心,St.d,"0.53"
国家能源投资集团有限责任公司煤炭经营分公司,烟煤|国内,G3MMYY1,,大保当,"4","2026-08-19 04:41:34",,A7,605510.0,采购中心,Vdaf,"39.04"
国家能源投资集团有限责任公司煤炭经营分公司,烟煤|国内,G3MMYY1,,大保当,"4","2026-08-19 04:41:34",,A7,605510.0,采购中心,水分,"11.7"
广西柳钢国际贸易有限公司,主焦煤|1级|进口|加拿大|普瑞,G3MMZJML,禄通,铁山港,"4","2026-08-19 01:23:45",,"1M",5715260.0,采购中心,Ad,"9.46"
广西柳钢国际贸易有限公司,主焦煤|1级|进口|加拿大|普瑞,G3MMZJML,禄通,铁山港,"4","2026-08-19 01:23:45",,"1M",5715260.0,采购中心,FCad,"65.69"
广西柳钢国际贸易有限公司,主焦煤|1级|进口|加拿大|普瑞,G3MMZJML,禄通,铁山港,"4","2026-08-19 01:23:45",,"1M",5715260.0,采购中心,Mad,"1.15"
广西柳钢国际贸易有限公司,主焦煤|1级|进口|加拿大|普瑞,G3MMZJML,禄通,铁山港,"4","2026-08-19 01:23:45",,"1M",5715260.0,采购中心,St.d,"0.42"
广西柳钢国际贸易有限公司,主焦煤|1级|进口|加拿大|普瑞,G3MMZJML,禄通,铁山港,"4","2026-08-19 01:23:45",,"1M",5715260.0,采购中心,Vdaf,"26.60"
广西柳钢国际贸易有限公司,主焦煤|1级|进口|加拿大|普瑞,G3MMZJML,禄通,铁山港,"4","2026-08-19 01:23:45",,"1M",5715260.0,采购中心,水分,"12.0"
重庆皓联实业（集团）有限公司,主焦煤|2级|国内,G3MMZJD,,松坎,"4","2026-08-19 01:03:00",,A2,1035010.0,采购中心,Ad,"11.65"
重庆皓联实业（集团）有限公司,主焦煤|2级|国内,G3MMZJD,,松坎,"4","2026-08-19 01:03:00",,A2,1035010.0,采购中心,FCad,"68.66"
重庆皓联实业（集团）有限公司,主焦煤|2级|国内,G3MMZJD,,松坎,"4","2026-08-19 01:03:00",,A2,1035010.0,采购中心,Mad,"0.82"
重庆皓联实业（集团）有限公司,主焦煤|2级|国内,G3MMZJD,,松坎,"4","2026-08-19 01:03:00",,A2,1035010.0,采购中心,St.d,"1.51"
重庆皓联实业（集团）有限公司,主焦煤|2级|国内,G3MMZJD,,松坎,"4","2026-08-19 01:03:00",,A2,1035010.0,采购中心,Vdaf,"21.65"
重庆皓联实业（集团）有限公司,主焦煤|2级|国内,G3MMZJD,,松坎,"4","2026-08-19 01:03:00",,A2,1035010.0,采购中心,水分,"15.4"
广西柳钢国际贸易有限公司,国内烧结无烟煤,G3MMSWM,,嘉峰,"4","2026-08-19 00:02:27",,,1650010.0,采购中心,Ad,"9.92"
广西柳钢国际贸易有限公司,国内烧结无烟煤,G3MMSWM,,嘉峰,"4","2026-08-19 00:02:27",,,1650010.0,采购中心,FCad,"82.55"
广西柳钢国际贸易有限公司,国内烧结无烟煤,G3MMSWM,,嘉峰,"4","2026-08-19 00:02:27",,,1650010.0,采购中心,Mad,"2.05"
广西柳钢国际贸易有限公司,国内烧结无烟煤,G3MMSWM,,嘉峰,"4","2026-08-19 00:02:27",,,1650010.0,采购中心,St.d,"0.35"
广西柳钢国际贸易有限公司,国内烧结无烟煤,G3MMSWM,,嘉峰,"4","2026-08-19 00:02:27",,,1650010.0,采购中心,Vdaf,"6.44"
广西柳钢国际贸易有限公司,国内烧结无烟煤,G3MMSWM,,嘉峰,"4","2026-08-19 00:02:27",,,1650010.0,采购中心,水分,"6.5"
贵州久泰邦达能源开发有限公司,"1/3焦煤|1级|国内",G3MMSY1,,花家庄,"4","2026-08-18 22:23:34",,"1M",399980.0,采购中心,Ad,"10.09"
贵州久泰邦达能源开发有限公司,"1/3焦煤|1级|国内",G3MMSY1,,花家庄,"4","2026-08-18 22:23:34",,"1M",399980.0,采购中心,FCad,"60.04"
贵州久泰邦达能源开发有限公司,"1/3焦煤|1级|国内",G3MMSY1,,花家庄,"4","2026-08-18 22:23:34",,"1M",399980.0,采购中心,Mad,"1.26"
贵州久泰邦达能源开发有限公司,"1/3焦煤|1级|国内",G3MMSY1,,花家庄,"4","2026-08-18 22:23:34",,"1M",399980.0,采购中心,St.d,"0.44"
贵州久泰邦达能源开发有限公司,"1/3焦煤|1级|国内",G3MMSY1,,花家庄,"4","2026-08-18 22:23:34",,"1M",399980.0,采购中心,Vdaf,"32.37"
贵州久泰邦达能源开发有限公司,"1/3焦煤|1级|国内",G3MMSY1,,花家庄,"4","2026-08-18 22:23:34",,"1M",399980.0,采购中心,水分,"9.2"
国家能源投资集团有限责任公司煤炭经营分公司,烟煤|国内,G3MMYY1,,大保当,"4","2026-08-18 22:13:03",,料3,331370.0,采购中心,Ad,"6.51"
国家能源投资集团有限责任公司煤炭经营分公司,烟煤|国内,G3MMYY1,,大保当,"4","2026-08-18 22:13:03",,料3,331370.0,采购中心,FCad,"55.10"
国家能源投资集团有限责任公司煤炭经营分公司,烟煤|国内,G3MMYY1,,大保当,"4","2026-08-18 22:13:03",,料3,331370.0,采购中心,Mad,"3.84"
国家能源投资集团有限责任公司煤炭经营分公司,烟煤|国内,G3MMYY1,,大保当,"4","2026-08-18 22:13:03",,料3,331370.0,采购中心,St.d,"0.51"
国家能源投资集团有限责任公司煤炭经营分公司,烟煤|国内,G3MMYY1,,大保当,"4","2026-08-18 22:13:03",,料3,331370.0,采购中心,Vdaf,"38.71"
国家能源投资集团有限责任公司煤炭经营分公司,烟煤|国内,G3MMYY1,,大保当,"4","2026-08-18 22:13:03",,料3,331370.0,采购中心,水分,"11.2"
贵州久泰邦达能源开发有限公司,"1/3焦煤|1级|国内",G3MMSY1,,花家庄,"4","2026-08-18 21:24:03",,A2,966910.0,采购中心,Ad,"10.02"
贵州久泰邦达能源开发有限公司,"1/3焦煤|1级|国内",G3MMSY1,,花家庄,"4","2026-08-18 21:24:03",,A2,966910.0,采购中心,FCad,"59.78"
贵州久泰邦达能源开发有限公司,"1/3焦煤|1级|国内",G3MMSY1,,花家庄,"4","2026-08-18 21:24:03",,A2,966910.0,采购中心,Mad,"1.26"
贵州久泰邦达能源开发有限公司,"1/3焦煤|1级|国内",G3MMSY1,,花家庄,"4","2026-08-18 21:24:03",,A2,966910.0,采购中心,St.d,"0.30"
贵州久泰邦达能源开发有限公司,"1/3焦煤|1级|国内",G3MMSY1,,花家庄,"4","2026-08-18 21:24:03",,A2,966910.0,采购中心,Vdaf,"32.72"
贵州久泰邦达能源开发有限公司,"1/3焦煤|1级|国内",G3MMSY1,,花家庄,"4","2026-08-18 21:24:03",,A2,966910.0,采购中心,水分,"9.2"
国家能源投资集团有限责任公司煤炭经营分公司,烟煤|国内,G3MMYY1,,大保当,"4","2026-08-18 17:58:18",,A7,614360.0,采购中心,Ad,"6.58"
国家能源投资集团有限责任公司煤炭经营分公司,烟煤|国内,G3MMYY1,,大保当,"4","2026-08-18 17:58:18",,A7,614360.0,采购中心,FCad,"54.99"
国家能源投资集团有限责任公司煤炭经营分公司,烟煤|国内,G3MMYY1,,大保当,"4","2026-08-18 17:58:18",,A7,614360.0,采购中心,Mad,"3.90"
国家能源投资集团有限责任公司煤炭经营分公司,烟煤|国内,G3MMYY1,,大保当,"4","2026-08-18 17:58:18",,A7,614360.0,采购中心,St.d,"0.56"
国家能源投资集团有限责任公司煤炭经营分公司,烟煤|国内,G3MMYY1,,大保当,"4","2026-08-18 17:58:18",,A7,614360.0,采购中心,Vdaf,"38.74"
国家能源投资集团有限责任公司煤炭经营分公司,烟煤|国内,G3MMYY1,,大保当,"4","2026-08-18 17:58:18",,A7,614360.0,采购中心,水分,"10.9"
湖南华菱资源贸易有限公司,烟煤|国内,G3MMYY1,,神木西,"4","2026-08-18 17:28:07",,A2,862780.0,采购中心,Ad,"5.95"
湖南华菱资源贸易有限公司,烟煤|国内,G3MMYY1,,神木西,"4","2026-08-18 17:28:07",,A2,862780.0,采购中心,FCad,"54.97"
湖南华菱资源贸易有限公司,烟煤|国内,G3MMYY1,,神木西,"4","2026-08-18 17:28:07",,A2,862780.0,采购中心,Mad,"5.78"
湖南华菱资源贸易有限公司,烟煤|国内,G3MMYY1,,神木西,"4","2026-08-18 17:28:07",,A2,862780.0,采购中心,St.d,"0.43"
湖南华菱资源贸易有限公司,烟煤|国内,G3MMYY1,,神木西,"4","2026-08-18 17:28:07",,A2,862780.0,采购中心,Vdaf,"37.96"
湖南华菱资源贸易有限公司,烟煤|国内,G3MMYY1,,神木西,"4","2026-08-18 17:28:07",,A2,862780.0,采购中心,水分,"15.5"
焦化厂,炼焦配合煤,A2MMJPM,,,"4","2026-08-18 16:15:51",喷吹用煤（原料）,,,采购中心,Ad,"9.86"
焦化厂,炼焦配合煤,A2MMJPM,,,"4","2026-08-18 16:15:51",喷吹用煤（原料）,,,采购中心,Ad,"10.21"
焦化厂,炼焦配合煤,A2MMJPM,,,"4","2026-08-18 16:15:51",喷吹用煤（原料）,,,采购中心,Ad,"10.39"
焦化厂,炼焦配合煤,A2MMJPM,,,"4","2026-08-18 16:15:51",喷吹用煤（原料）,,,采购中心,FCad,"69.25"
焦化厂,炼焦配合煤,A2MMJPM,,,"4","2026-08-18 16:15:51",喷吹用煤（原料）,,,采购中心,FCad,"72.65"
焦化厂,炼焦配合煤,A2MMJPM,,,"4","2026-08-18 16:15:51",喷吹用煤（原料）,,,采购中心,FCad,"68.94"
焦化厂,炼焦配合煤,A2MMJPM,,,"4","2026-08-18 16:15:51",喷吹用煤（原料）,,,采购中心,Mad,"1.07"
焦化厂,炼焦配合煤,A2MMJPM,,,"4","2026-08-18 16:15:51",喷吹用煤（原料）,,,采购中心,Mad,"0.83"
焦化厂,炼焦配合煤,A2MMJPM,,,"4","2026-08-18 16:15:51",喷吹用煤（原料）,,,采购中心,Mad,"1.12"
焦化厂,炼焦配合煤,A2MMJPM,,,"4","2026-08-18 16:15:51",喷吹用煤（原料）,,,采购中心,St.d,"0.33"
焦化厂,炼焦配合煤,A2MMJPM,,,"4","2026-08-18 16:15:51",喷吹用煤（原料）,,,采购中心,St.d,"0.64"
焦化厂,炼焦配合煤,A2MMJPM,,,"4","2026-08-18 16:15:51",喷吹用煤（原料）,,,采购中心,St.d,"0.32"
焦化厂,炼焦配合煤,A2MMJPM,,,"4","2026-08-18 16:15:51",喷吹用煤（原料）,,,采购中心,Vdaf,"22.65"
焦化厂,炼焦配合煤,A2MMJPM,,,"4","2026-08-18 16:15:51",喷吹用煤（原料）,,,采购中心,Vdaf,"22.04"
焦化厂,炼焦配合煤,A2MMJPM,,,"4","2026-08-18 16:15:51",喷吹用煤（原料）,,,采购中心,Vdaf,"18.25"
焦化厂,炼焦配合煤,A2MMJPM,,,"4","2026-08-18 16:15:51",喷吹用煤（原料）,,,采购中心,水分,"10.0"
焦化厂,炼焦配合煤,A2MMJPM,,,"4","2026-08-18 16:15:51",喷吹用煤（原料）,,,采购中心,水分,"11.7"
焦化厂,炼焦配合煤,A2MMJPM,,,"4","2026-08-18 16:15:51",喷吹用煤（原料）,,,采购中心,水分,"8.5"
炼铁总厂,国内烧结无烟煤,G3MMSWM,,,"4","2026-08-18 16:14:19",烧结用煤,,,采购中心,Ad,"11.20"
炼铁总厂,国内烧结无烟煤,G3MMSWM,,,"4","2026-08-18 16:14:19",烧结用煤,,,采购中心,Ad,"12.18"
炼铁总厂,国内烧结无烟煤,G3MMSWM,,,"4","2026-08-18 16:14:19",烧结用煤,,,采购中心,Cad,"81.52"
炼铁总厂,国内烧结无烟煤,G3MMSWM,,,"4","2026-08-18 16:14:19",烧结用煤,,,采购中心,Cad,"81.81"
炼铁总厂,国内烧结无烟煤,G3MMSWM,,,"4","2026-08-18 16:14:19",烧结用煤,,,采购中心,FCad,"80.98"
炼铁总厂,国内烧结无烟煤,G3MMSWM,,,"4","2026-08-18 16:14:19",烧结用煤,,,采购中心,FCad,"81.08"
炼铁总厂,国内烧结无烟煤,G3MMSWM,,,"4","2026-08-18 16:14:19",烧结用煤,,,采购中心,Had,"2.09"
炼铁总厂,国内烧结无烟煤,G3MMSWM,,,"4","2026-08-18 16:14:19",烧结用煤,,,采购中心,Had,"2.58"
炼铁总厂,国内烧结无烟煤,G3MMSWM,,,"4","2026-08-18 16:14:19",烧结用煤,,,采购中心,Mad,"2.34"
炼铁总厂,国内烧结无烟煤,G3MMSWM,,,"4","2026-08-18 16:14:19",烧结用煤,,,采购中心,Mad,"1.77"
炼铁总厂,国内烧结无烟煤,G3MMSWM,,,"4","2026-08-18 16:14:19",烧结用煤,,,采购中心,St.d,"0.43"
炼铁总厂,国内烧结无烟煤,G3MMSWM,,,"4","2026-08-18 16:14:19",烧结用煤,,,采购中心,St.d,"0.34"
炼铁总厂,国内烧结无烟煤,G3MMSWM,,,"4","2026-08-18 16:14:19",烧结用煤,,,采购中心,Vdaf,"6.02"
炼铁总厂,国内烧结无烟煤,G3MMSWM,,,"4","2026-08-18 16:14:19",烧结用煤,,,采购中心,Vdaf,"6.62"
炼铁总厂,国内烧结无烟煤,G3MMSWM,,,"4","2026-08-18 16:14:19",烧结用煤,,,采购中心,水分,"7.0"
炼铁总厂,国内烧结无烟煤,G3MMSWM,,,"4","2026-08-18 16:14:19",烧结用煤,,,采购中心,水分,"7.4"
焦化厂,炼焦配合煤,A2MMJPM,,,"4","2026-08-18 16:08:02",喷吹用煤（原料）,,,采购中心,Ad,"9.97"
焦化厂,炼焦配合煤,A2MMJPM,,,"4","2026-08-18 16:08:02",喷吹用煤（原料）,,,采购中心,Ad,"10.03"
焦化厂,炼焦配合煤,A2MMJPM,,,"4","2026-08-18 16:08:02",喷吹用煤（原料）,,,采购中心,Cad,"78.56"
焦化厂,炼焦配合煤,A2MMJPM,,,"4","2026-08-18 16:08:02",喷吹用煤（原料）,,,采购中心,Cad,"78.17"
焦化厂,炼焦配合煤,A2MMJPM,,,"4","2026-08-18 16:08:02",喷吹用煤（原料）,,,采购中心,FCad,"64.71"
焦化厂,炼焦配合煤,A2MMJPM,,,"4","2026-08-18 16:08:02",喷吹用煤（原料）,,,采购中心,FCad,"66.13"
焦化厂,炼焦配合煤,A2MMJPM,,,"4","2026-08-18 16:08:02",喷吹用煤（原料）,,,采购中心,Had,"4.35"
焦化厂,炼焦配合煤,A2MMJPM,,,"4","2026-08-18 16:08:02",喷吹用煤（原料）,,,采购中心,Had,"4.4"
焦化厂,炼焦配合煤,A2MMJPM,,,"4","2026-08-18 16:08:02",喷吹用煤（原料）,,,采购中心,Mad,"1.22"
焦化厂,炼焦配合煤,A2MMJPM,,,"4","2026-08-18 16:08:02",喷吹用煤（原料）,,,采购中心,Mad,"1.18"
焦化厂,炼焦配合煤,A2MMJPM,,,"4","2026-08-18 16:08:02",喷吹用煤（原料）,,,采购中心,St.d,"0.66"
焦化厂,炼焦配合煤,A2MMJPM,,,"4","2026-08-18 16:08:02",喷吹用煤（原料）,,,采购中心,St.d,"0.60"
焦化厂,炼焦配合煤,A2MMJPM,,,"4","2026-08-18 16:08:02",喷吹用煤（原料）,,,采购中心,Vdaf,"27.19"
焦化厂,炼焦配合煤,A2MMJPM,,,"4","2026-08-18 16:08:02",喷吹用煤（原料）,,,采购中心,Vdaf,"25.67"
焦化厂,炼焦配合煤,A2MMJPM,,,"4","2026-08-18 16:08:02",喷吹用煤（原料）,,,采购中心,水分,"11.1"
焦化厂,炼焦配合煤,A2MMJPM,,,"4","2026-08-18 16:08:02",喷吹用煤（原料）,,,采购中心,水分,"10.5"
湖南华菱资源贸易有限公司,烟煤|国内,G3MMYY1,,神木西,"4","2026-08-18 10:16:01",,,246390.0,采购中心,Ad,"6.18"
湖南华菱资源贸易有限公司,烟煤|国内,G3MMYY1,,神木西,"4","2026-08-18 10:16:01",,,246390.0,采购中心,FCad,"55.37"
湖南华菱资源贸易有限公司,烟煤|国内,G3MMYY1,,神木西,"4","2026-08-18 10:16:01",,,246390.0,采购中心,Mad,"5.24"
湖南华菱资源贸易有限公司,烟煤|国内,G3MMYY1,,神木西,"4","2026-08-18 10:16:01",,,246390.0,采购中心,St.d,"0.46"
湖南华菱资源贸易有限公司,烟煤|国内,G3MMYY1,,神木西,"4","2026-08-18 10:16:01",,,246390.0,采购中心,Vdaf,"37.72"
湖南华菱资源贸易有限公司,烟煤|国内,G3MMYY1,,神木西,"4","2026-08-18 10:16:01",,,246390.0,采购中心,水分,"15.1"
湖南华菱资源贸易有限公司,烟煤|国内,G3MMYY1,,神木西,"4","2026-08-18 10:10:04",,料3,,采购中心,Ad,"6.05"
湖南华菱资源贸易有限公司,烟煤|国内,G3MMYY1,,神木西,"4","2026-08-18 10:10:04",,料3,,采购中心,Cad,"72"
湖南华菱资源贸易有限公司,烟煤|国内,G3MMYY1,,神木西,"4","2026-08-18 10:10:04",,料3,,采购中心,FCad,"55.33"
湖南华菱资源贸易有限公司,烟煤|国内,G3MMYY1,,神木西,"4","2026-08-18 10:10:04",,料3,,采购中心,Had,"4.22"
湖南华菱资源贸易有限公司,烟煤|国内,G3MMYY1,,神木西,"4","2026-08-18 10:10:04",,料3,,采购中心,Mad,"5.30"
湖南华菱资源贸易有限公司,烟煤|国内,G3MMYY1,,神木西,"4","2026-08-18 10:10:04",,料3,,采购中心,St.d,"0.45"
湖南华菱资源贸易有限公司,烟煤|国内,G3MMYY1,,神木西,"4","2026-08-18 10:10:04",,料3,,采购中心,Vdaf,"37.81"
湖南华菱资源贸易有限公司,烟煤|国内,G3MMYY1,,神木西,"4","2026-08-18 10:10:04",,料3,,采购中心,水分,"15.7"
湖南华菱资源贸易有限公司,烟煤|国内,G3MMYY1,,神木西,"4","2026-08-18 10:06:50",,料3,246390.0,采购中心,Ad,"6.25"
湖南华菱资源贸易有限公司,烟煤|国内,G3MMYY1,,神木西,"4","2026-08-18 10:06:50",,料3,246390.0,采购中心,FCad,"55.65"
湖南华菱资源贸易有限公司,烟煤|国内,G3MMYY1,,神木西,"4","2026-08-18 10:06:50",,料3,246390.0,采购中心,Mad,"5.27"
湖南华菱资源贸易有限公司,烟煤|国内,G3MMYY1,,神木西,"4","2026-08-18 10:06:50",,料3,246390.0,采购中心,St.d,"0.46"
湖南华菱资源贸易有限公司,烟煤|国内,G3MMYY1,,神木西,"4","2026-08-18 10:06:50",,料3,246390.0,采购中心,Vdaf,"37.34"
湖南华菱资源贸易有限公司,烟煤|国内,G3MMYY1,,神木西,"4","2026-08-18 10:06:50",,料3,246390.0,采购中心,水分,"15.4"
广西柳钢国际贸易有限公司,主焦煤|3级|进口|澳洲|FitzroyCD,G3MMZJMO,环球,防城港,"4","2026-08-18 09:20:50",,"5M",1506810.0,采购中心,Ad,"8.37"
广西柳钢国际贸易有限公司,主焦煤|3级|进口|澳洲|FitzroyCD,G3MMZJMO,环球,防城港,"4","2026-08-18 09:20:50",,"5M",1506810.0,采购中心,FCad,"69.42"
广西柳钢国际贸易有限公司,主焦煤|3级|进口|澳洲|FitzroyCD,G3MMZJMO,环球,防城港,"4","2026-08-18 09:20:50",,"5M",1506810.0,采购中心,Mad,"1.36"
广西柳钢国际贸易有限公司,主焦煤|3级|进口|澳洲|FitzroyCD,G3MMZJMO,环球,防城港,"4","2026-08-18 09:20:50",,"5M",1506810.0,采购中心,St.d,"0.31"
广西柳钢国际贸易有限公司,主焦煤|3级|进口|澳洲|FitzroyCD,G3MMZJMO,环球,防城港,"4","2026-08-18 09:20:50",,"5M",1506810.0,采购中心,Vdaf,"23.18"
广西柳钢国际贸易有限公司,主焦煤|3级|进口|澳洲|FitzroyCD,G3MMZJMO,环球,防城港,"4","2026-08-18 09:20:50",,"5M",1506810.0,采购中心,水分,"10.5"
广西柳钢国际贸易有限公司,主焦煤|1级|进口|加拿大|普瑞,G3MMZJML,禄通,铁山港,"4","2026-08-18 05:30:50",,,3222390.0,采购中心,水分,"12.9"
湖南华菱资源贸易有限公司,烟煤|国内,G3MMYY1,,神木西,"4","2026-08-18 03:28:21",,A7,568800.0,采购中心,Ad,"6.25"
湖南华菱资源贸易有限公司,烟煤|国内,G3MMYY1,,神木西,"4","2026-08-18 03:28:21",,A7,568800.0,采购中心,FCad,"54.91"
湖南华菱资源贸易有限公司,烟煤|国内,G3MMYY1,,神木西,"4","2026-08-18 03:28:21",,A7,568800.0,采购中心,Mad,"6.10"
湖南华菱资源贸易有限公司,烟煤|国内,G3MMYY1,,神木西,"4","2026-08-18 03:28:21",,A7,568800.0,采购中心,St.d,"0.50"
湖南华菱资源贸易有限公司,烟煤|国内,G3MMYY1,,神木西,"4","2026-08-18 03:28:21",,A7,568800.0,采购中心,Vdaf,"37.63"
湖南华菱资源贸易有限公司,烟煤|国内,G3MMYY1,,神木西,"4","2026-08-18 03:28:21",,A7,568800.0,采购中心,水分,"16.4"
湖南华菱资源贸易有限公司,烟煤|国内,G3MMYY1,,神木西,"4","2026-08-18 03:19:08",,A7,568800.0,采购中心,Ad,"6.19"
湖南华菱资源贸易有限公司,烟煤|国内,G3MMYY1,,神木西,"4","2026-08-18 03:19:08",,A7,568800.0,采购中心,FCad,"54.38"
湖南华菱资源贸易有限公司,烟煤|国内,G3MMYY1,,神木西,"4","2026-08-18 03:19:08",,A7,568800.0,采购中心,Mad,"6.44"
湖南华菱资源贸易有限公司,烟煤|国内,G3MMYY1,,神木西,"4","2026-08-18 03:19:08",,A7,568800.0,采购中心,St.d,"0.45"
湖南华菱资源贸易有限公司,烟煤|国内,G3MMYY1,,神木西,"4","2026-08-18 03:19:08",,A7,568800.0,采购中心,Vdaf,"38.04"
湖南华菱资源贸易有限公司,烟煤|国内,G3MMYY1,,神木西,"4","2026-08-18 03:19:08",,A7,568800.0,采购中心,水分,"16.1"
贵州盘江精煤股份有限公司,炼焦贫瘦煤|国内,G3MMJPS1,,红果,"4","2026-08-18 02:39:21",,"1M",146450.0,采购中心,Ad,"16.17"
贵州盘江精煤股份有限公司,炼焦贫瘦煤|国内,G3MMJPS1,,红果,"4","2026-08-18 02:39:21",,"1M",146450.0,采购中心,FCad,"71.30"
贵州盘江精煤股份有限公司,炼焦贫瘦煤|国内,G3MMJPS1,,红果,"4","2026-08-18 02:39:21",,"1M",146450.0,采购中心,Mad,"1.03"
贵州盘江精煤股份有限公司,炼焦贫瘦煤|国内,G3MMJPS1,,红果,"4","2026-08-18 02:39:21",,"1M",146450.0,采购中心,St.d,"0.94"
贵州盘江精煤股份有限公司,炼焦贫瘦煤|国内,G3MMJPS1,,红果,"4","2026-08-18 02:39:21",,"1M",146450.0,采购中心,Vdaf,"14.06"
贵州盘江精煤股份有限公司,炼焦贫瘦煤|国内,G3MMJPS1,,红果,"4","2026-08-18 02:39:21",,"1M",146450.0,采购中心,水分,"12.6"
广西柳钢国际贸易有限公司,肥煤|国内,G3MMFF1,,宝丰,"4","2026-08-18 02:37:55",,"1M",486850.0,采购中心,Ad,"10.79"
广西柳钢国际贸易有限公司,肥煤|国内,G3MMFF1,,宝丰,"4","2026-08-18 02:37:55",,"1M",486850.0,采购中心,FCad,"62.01"
广西柳钢国际贸易有限公司,肥煤|国内,G3MMFF1,,宝丰,"4","2026-08-18 02:37:55",,"1M",486850.0,采购中心,Mad,"1.29"
广西柳钢国际贸易有限公司,肥煤|国内,G3MMFF1,,宝丰,"4","2026-08-18 02:37:55",,"1M",486850.0,采购中心,St.d,"2.18"
广西柳钢国际贸易有限公司,肥煤|国内,G3MMFF1,,宝丰,"4","2026-08-18 02:37:55",,"1M",486850.0,采购中心,Vdaf,"29.58"
广西柳钢国际贸易有限公司,肥煤|国内,G3MMFF1,,宝丰,"4","2026-08-18 02:37:55",,"1M",486850.0,采购中心,水分,"11.3"
广西柳钢国际贸易有限公司,肥煤|国内,G3MMFF1,,宝丰,"4","2026-08-18 01:17:24",,,624000.0,采购中心,Ad,"10.77"
广西柳钢国际贸易有限公司,肥煤|国内,G3MMFF1,,宝丰,"4","2026-08-18 01:17:24",,,624000.0,采购中心,FCad,"62.16"
广西柳钢国际贸易有限公司,肥煤|国内,G3MMFF1,,宝丰,"4","2026-08-18 01:17:24",,,624000.0,采购中心,Mad,"1.11"
广西柳钢国际贸易有限公司,肥煤|国内,G3MMFF1,,宝丰,"4","2026-08-18 01:17:24",,,624000.0,采购中心,St.d,"2.22"
广西柳钢国际贸易有限公司,肥煤|国内,G3MMFF1,,宝丰,"4","2026-08-18 01:17:24",,,624000.0,采购中心,Vdaf,"29.55"
广西柳钢国际贸易有限公司,肥煤|国内,G3MMFF1,,宝丰,"4","2026-08-18 01:17:24",,,624000.0,采购中心,水分,"11.7"
广西柳钢国际贸易有限公司,贫瘦煤|进口|俄罗斯,G3MMPS8,华源,铁山港,"4","2026-08-17 23:06:33",,,3479390.0,采购中心,水分,"7.1"
山西焦煤能源集团股份有限公司,气煤|2级|国内,G3MMQQB,,瓦塘,"4","2026-08-17 19:53:04",,"1M",3301270.0,采购中心,Ad,"10.70"
山西焦煤能源集团股份有限公司,气煤|2级|国内,G3MMQQB,,瓦塘,"4","2026-08-17 19:53:04",,"1M",3301270.0,采购中心,FCad,"57.21"
山西焦煤能源集团股份有限公司,气煤|2级|国内,G3MMQQB,,瓦塘,"4","2026-08-17 19:53:04",,"1M",3301270.0,采购中心,Mad,"2.21"
山西焦煤能源集团股份有限公司,气煤|2级|国内,G3MMQQB,,瓦塘,"4","2026-08-17 19:53:04",,"1M",3301270.0,采购中心,St.d,"0.79"
山西焦煤能源集团股份有限公司,气煤|2级|国内,G3MMQQB,,瓦塘,"4","2026-08-17 19:53:04",,"1M",3301270.0,采购中心,Vdaf,"34.49"
山西焦煤能源集团股份有限公司,气煤|2级|国内,G3MMQQB,,瓦塘,"4","2026-08-17 19:53:04",,"1M",3301270.0,采购中心,水分,"6.0"
湖南华菱资源贸易有限公司,烟煤|国内,G3MMYY1,,神木西,"4","2026-08-17 17:35:48",,料3,639120.0,采购中心,Ad,"5.85"
湖南华菱资源贸易有限公司,烟煤|国内,G3MMYY1,,神木西,"4","2026-08-17 17:35:48",,料3,639120.0,采购中心,FCad,"54.82"
湖南华菱资源贸易有限公司,烟煤|国内,G3MMYY1,,神木西,"4","2026-08-17 17:35:48",,料3,639120.0,采购中心,Mad,"6.40"
湖南华菱资源贸易有限公司,烟煤|国内,G3MMYY1,,神木西,"4","2026-08-17 17:35:48",,料3,639120.0,采购中心,St.d,"0.45"
湖南华菱资源贸易有限公司,烟煤|国内,G3MMYY1,,神木西,"4","2026-08-17 17:35:48",,料3,639120.0,采购中心,Vdaf,"37.79"
湖南华菱资源贸易有限公司,烟煤|国内,G3MMYY1,,神木西,"4","2026-08-17 17:35:48",,料3,639120.0,采购中心,水分,"15.3"
广西柳钢国际贸易有限公司,"1/3焦煤|2级|进口|哥伦比亚",G3MMSYK,贾巴尔,云约,"4","2026-08-17 16:20:37",,"5M",2876290.0,采购中心,Ad,"11.84"
广西柳钢国际贸易有限公司,"1/3焦煤|2级|进口|哥伦比亚",G3MMSYK,贾巴尔,云约,"4","2026-08-17 16:20:37",,"5M",2876290.0,采购中心,FCad,"58.05"
广西柳钢国际贸易有限公司,"1/3焦煤|2级|进口|哥伦比亚",G3MMSYK,贾巴尔,云约,"4","2026-08-17 16:20:37",,"5M",2876290.0,采购中心,Mad,"1.52"
广西柳钢国际贸易有限公司,"1/3焦煤|2级|进口|哥伦比亚",G3MMSYK,贾巴尔,云约,"4","2026-08-17 16:20:37",,"5M",2876290.0,采购中心,St.d,"0.78"
广西柳钢国际贸易有限公司,"1/3焦煤|2级|进口|哥伦比亚",G3MMSYK,贾巴尔,云约,"4","2026-08-17 16:20:37",,"5M",2876290.0,采购中心,Vdaf,"33.14"
焦化厂,炼焦配合煤,A2MMJPM,,,"4","2026-08-17 16:04:16",喷吹用煤（原料）,,,采购中心,Ad,"9.82"
焦化厂,炼焦配合煤,A2MMJPM,,,"4","2026-08-17 16:04:16",喷吹用煤（原料）,,,采购中心,Ad,"9.73"
焦化厂,炼焦配合煤,A2MMJPM,,,"4","2026-08-17 16:04:16",喷吹用煤（原料）,,,采购中心,Ad,"9.77"
焦化厂,炼焦配合煤,A2MMJPM,,,"4","2026-08-17 16:04:16",喷吹用煤（原料）,,,采购中心,FCad,"65.66"
焦化厂,炼焦配合煤,A2MMJPM,,,"4","2026-08-17 16:04:16",喷吹用煤（原料）,,,采购中心,FCad,"65.39"
焦化厂,炼焦配合煤,A2MMJPM,,,"4","2026-08-17 16:04:16",喷吹用煤（原料）,,,采购中心,FCad,"65.57"
焦化厂,炼焦配合煤,A2MMJPM,,,"4","2026-08-17 16:04:16",喷吹用煤（原料）,,,采购中心,Mad,"1.25"
焦化厂,炼焦配合煤,A2MMJPM,,,"4","2026-08-17 16:04:16",喷吹用煤（原料）,,,采购中心,Mad,"1.27"
焦化厂,炼焦配合煤,A2MMJPM,,,"4","2026-08-17 16:04:16",喷吹用煤（原料）,,,采购中心,Mad,"1.32"
焦化厂,炼焦配合煤,A2MMJPM,,,"4","2026-08-17 16:04:16",喷吹用煤（原料）,,,采购中心,St.d,"0.44"
焦化厂,炼焦配合煤,A2MMJPM,,,"4","2026-08-17 16:04:16",喷吹用煤（原料）,,,采购中心,St.d,"0.45"
焦化厂,炼焦配合煤,A2MMJPM,,,"4","2026-08-17 16:04:16",喷吹用煤（原料）,,,采购中心,St.d,"0.45"
焦化厂,炼焦配合煤,A2MMJPM,,,"4","2026-08-17 16:04:16",喷吹用煤（原料）,,,采购中心,Vdaf,"26.32"
焦化厂,炼焦配合煤,A2MMJPM,,,"4","2026-08-17 16:04:16",喷吹用煤（原料）,,,采购中心,Vdaf,"26.34"
焦化厂,炼焦配合煤,A2MMJPM,,,"4","2026-08-17 16:04:16",喷吹用煤（原料）,,,采购中心,Vdaf,"26.59"
焦化厂,炼焦配合煤,A2MMJPM,,,"4","2026-08-17 16:04:16",喷吹用煤（原料）,,,采购中心,水分,"9.1"
焦化厂,炼焦配合煤,A2MMJPM,,,"4","2026-08-17 16:04:16",喷吹用煤（原料）,,,采购中心,水分,"11.5"
焦化厂,炼焦配合煤,A2MMJPM,,,"4","2026-08-17 16:04:16",喷吹用煤（原料）,,,采购中心,水分,"12.6"
重庆百丰实业有限公司,主焦煤|2级|国内,G3MMZJD,,松坎,"4","2026-08-17 14:15:44",,"5M",476250.0,采购中心,Ad,"11.52"
重庆百丰实业有限公司,主焦煤|2级|国内,G3MMZJD,,松坎,"4","2026-08-17 14:15:44",,"5M",476250.0,采购中心,FCad,"69.25"
重庆百丰实业有限公司,主焦煤|2级|国内,G3MMZJD,,松坎,"4","2026-08-17 14:15:44",,"5M",476250.0,采购中心,Mad,"1.02"
重庆百丰实业有限公司,主焦煤|2级|国内,G3MMZJD,,松坎,"4","2026-08-17 14:15:44",,"5M",476250.0,采购中心,St.d,"1.60"
重庆百丰实业有限公司,主焦煤|2级|国内,G3MMZJD,,松坎,"4","2026-08-17 14:15:44",,"5M",476250.0,采购中心,Vdaf,"20.93"
重庆百丰实业有限公司,主焦煤|2级|国内,G3MMZJD,,松坎,"4","2026-08-17 14:15:44",,"5M",476250.0,采购中心,水分,"15.2"
贵州盘江精煤股份有限公司,炼焦贫瘦煤|国内,G3MMJPS1,,红果,"4","2026-08-17 12:24:30",,"1M",638620.0,采购中心,Ad,"10.04"
贵州盘江精煤股份有限公司,炼焦贫瘦煤|国内,G3MMJPS1,,红果,"4","2026-08-17 12:24:30",,"1M",638620.0,采购中心,FCad,"78.73"
贵州盘江精煤股份有限公司,炼焦贫瘦煤|国内,G3MMJPS1,,红果,"4","2026-08-17 12:24:30",,"1M",638620.0,采购中心,Mad,"1.21"
贵州盘江精煤股份有限公司,炼焦贫瘦煤|国内,G3MMJPS1,,红果,"4","2026-08-17 12:24:30",,"1M",638620.0,采购中心,St.d,"0.72"
贵州盘江精煤股份有限公司,炼焦贫瘦煤|国内,G3MMJPS1,,红果,"4","2026-08-17 12:24:30",,"1M",638620.0,采购中心,Vdaf,"11.41"
贵州盘江精煤股份有限公司,炼焦贫瘦煤|国内,G3MMJPS1,,红果,"4","2026-08-17 12:24:30",,"1M",638620.0,采购中心,水分,"13.8"
湖南华菱资源贸易有限公司,烟煤|国内,G3MMYY1,,,"4","2026-08-17 12:16:51",,A7,,采购中心,Ad,"6.21"
湖南华菱资源贸易有限公司,烟煤|国内,G3MMYY1,,,"4","2026-08-17 12:16:51",,A7,,采购中心,Cad,"71.58"
湖南华菱资源贸易有限公司,烟煤|国内,G3MMYY1,,,"4","2026-08-17 12:16:51",,A7,,采购中心,FCad,"54.92"
湖南华菱资源贸易有限公司,烟煤|国内,G3MMYY1,,,"4","2026-08-17 12:16:51",,A7,,采购中心,Had,"4.03"
湖南华菱资源贸易有限公司,烟煤|国内,G3MMYY1,,,"4","2026-08-17 12:16:51",,A7,,采购中心,Mad,"5.92"
湖南华菱资源贸易有限公司,烟煤|国内,G3MMYY1,,,"4","2026-08-17 12:16:51",,A7,,采购中心,St.d,"0.44"
湖南华菱资源贸易有限公司,烟煤|国内,G3MMYY1,,,"4","2026-08-17 12:16:51",,A7,,采购中心,Vdaf,"37.76"
湖南华菱资源贸易有限公司,烟煤|国内,G3MMYY1,,,"4","2026-08-17 12:16:51",,A7,,采购中心,水分,"15.8"
湖南华菱资源贸易有限公司,烟煤|国内,G3MMYY1,,神木西,"4","2026-08-17 12:15:38",,A7,567800.0,采购中心,Ad,"5.98"
湖南华菱资源贸易有限公司,烟煤|国内,G3MMYY1,,神木西,"4","2026-08-17 12:15:38",,A7,567800.0,采购中心,FCad,"54.23"
湖南华菱资源贸易有限公司,烟煤|国内,G3MMYY1,,神木西,"4","2026-08-17 12:15:38",,A7,567800.0,采购中心,Mad,"6.16"
湖南华菱资源贸易有限公司,烟煤|国内,G3MMYY1,,神木西,"4","2026-08-17 12:15:38",,A7,567800.0,采购中心,St.d,"0.45"
湖南华菱资源贸易有限公司,烟煤|国内,G3MMYY1,,神木西,"4","2026-08-17 12:15:38",,A7,567800.0,采购中心,Vdaf,"38.54"
湖南华菱资源贸易有限公司,烟煤|国内,G3MMYY1,,神木西,"4","2026-08-17 12:15:38",,A7,567800.0,采购中心,水分,"15.9"
广西柳钢国际贸易有限公司,国内烧结无烟煤,G3MMSWM,,嘉峰,"4","2026-08-17 11:42:32",,,1096720.0,采购中心,Ad,"9.57"
广西柳钢国际贸易有限公司,国内烧结无烟煤,G3MMSWM,,嘉峰,"4","2026-08-17 11:42:32",,,1096720.0,采购中心,FCad,"82.02"
广西柳钢国际贸易有限公司,国内烧结无烟煤,G3MMSWM,,嘉峰,"4","2026-08-17 11:42:32",,,1096720.0,采购中心,Mad,"2.62"
广西柳钢国际贸易有限公司,国内烧结无烟煤,G3MMSWM,,嘉峰,"4","2026-08-17 11:42:32",,,1096720.0,采购中心,St.d,"0.37"
广西柳钢国际贸易有限公司,国内烧结无烟煤,G3MMSWM,,嘉峰,"4","2026-08-17 11:42:32",,,1096720.0,采购中心,Vdaf,"6.86"
广西柳钢国际贸易有限公司,国内烧结无烟煤,G3MMSWM,,嘉峰,"4","2026-08-17 11:42:32",,,1096720.0,采购中心,水分,"8.4"
重庆百丰实业有限公司,主焦煤|2级|国内,G3MMZJD,,松坎,"4","2026-08-17 10:32:57",,"5M",587490.0,采购中心,Ad,"11.75"
重庆百丰实业有限公司,主焦煤|2级|国内,G3MMZJD,,松坎,"4","2026-08-17 10:32:57",,"5M",587490.0,采购中心,FCad,"68.62"
重庆百丰实业有限公司,主焦煤|2级|国内,G3MMZJD,,松坎,"4","2026-08-17 10:32:57",,"5M",587490.0,采购中心,Mad,"1.04"
重庆百丰实业有限公司,主焦煤|2级|国内,G3MMZJD,,松坎,"4","2026-08-17 10:32:57",,"5M",587490.0,采购中心,St.d,"1.60"
重庆百丰实业有限公司,主焦煤|2级|国内,G3MMZJD,,松坎,"4","2026-08-17 10:32:57",,"5M",587490.0,采购中心,Vdaf,"21.42"
重庆百丰实业有限公司,主焦煤|2级|国内,G3MMZJD,,松坎,"4","2026-08-17 10:32:57",,"5M",587490.0,采购中心,水分,"16.5"
广西柳钢国际贸易有限公司,"1/3焦煤|3级|进口|E|GJ",G3MMSYO,金色东方,防城港,"4","2026-08-17 10:29:42",,"5M",268400.0,采购中心,Ad,"8.5"
广西柳钢国际贸易有限公司,"1/3焦煤|3级|进口|E|GJ",G3MMSYO,金色东方,防城港,"4","2026-08-17 10:29:42",,"5M",268400.0,采购中心,FCad,"55.00"
广西柳钢国际贸易有限公司,"1/3焦煤|3级|进口|E|GJ",G3MMSYO,金色东方,防城港,"4","2026-08-17 10:29:42",,"5M",268400.0,采购中心,Mad,"2.49"
广西柳钢国际贸易有限公司,"1/3焦煤|3级|进口|E|GJ",G3MMSYO,金色东方,防城港,"4","2026-08-17 10:29:42",,"5M",268400.0,采购中心,St.d,"0.50"
广西柳钢国际贸易有限公司,"1/3焦煤|3级|进口|E|GJ",G3MMSYO,金色东方,防城港,"4","2026-08-17 10:29:42",,"5M",268400.0,采购中心,Vdaf,"38.36"
广西柳钢国际贸易有限公司,"1/3焦煤|3级|进口|E|GJ",G3MMSYO,金色东方,防城港,"4","2026-08-17 10:29:42",,"5M",268400.0,采购中心,水分,"12.1"
贵州盘江精煤股份有限公司,炼焦贫瘦煤|国内,G3MMJPS1,,红果,"4","2026-08-17 09:13:10",,"1M",628970.0,采购中心,Ad,"9.27"
贵州盘江精煤股份有限公司,炼焦贫瘦煤|国内,G3MMJPS1,,红果,"4","2026-08-17 09:13:10",,"1M",628970.0,采购中心,FCad,"79.75"
贵州盘江精煤股份有限公司,炼焦贫瘦煤|国内,G3MMJPS1,,红果,"4","2026-08-17 09:13:10",,"1M",628970.0,采购中心,Mad,"1.26"
贵州盘江精煤股份有限公司,炼焦贫瘦煤|国内,G3MMJPS1,,红果,"4","2026-08-17 09:13:10",,"1M",628970.0,采购中心,St.d,"0.65"
贵州盘江精煤股份有限公司,炼焦贫瘦煤|国内,G3MMJPS1,,红果,"4","2026-08-17 09:13:10",,"1M",628970.0,采购中心,Vdaf,"10.98"
贵州盘江精煤股份有限公司,炼焦贫瘦煤|国内,G3MMJPS1,,红果,"4","2026-08-17 09:13:10",,"1M",628970.0,采购中心,水分,"14.7"
广西柳钢国际贸易有限公司,主焦煤|1级|进口|加拿大|普瑞,G3MMZJML,禄通,铁山港,"4","2026-08-17 08:03:43",,,3380210.0,采购中心,水分,"15.3"
广西柳钢国际贸易有限公司,主焦煤|3级|进口|澳洲|Daunia,G3MMZJMH,流星,防城港,"4","2026-08-17 06:45:29",,"1M",612360.0,采购中心,Ad,"8.79"
广西柳钢国际贸易有限公司,主焦煤|3级|进口|澳洲|Daunia,G3MMZJMH,流星,防城港,"4","2026-08-17 06:45:29",,"1M",612360.0,采购中心,FCad,"69.51"
广西柳钢国际贸易有限公司,主焦煤|3级|进口|澳洲|Daunia,G3MMZJMH,流星,防城港,"4","2026-08-17 06:45:29",,"1M",612360.0,采购中心,Mad,"1.55"
广西柳钢国际贸易有限公司,主焦煤|3级|进口|澳洲|Daunia,G3MMZJMH,流星,防城港,"4","2026-08-17 06:45:29",,"1M",612360.0,采购中心,St.d,"0.41"
广西柳钢国际贸易有限公司,主焦煤|3级|进口|澳洲|Daunia,G3MMZJMH,流星,防城港,"4","2026-08-17 06:45:29",,"1M",612360.0,采购中心,Vdaf,"22.60"
广西柳钢国际贸易有限公司,主焦煤|3级|进口|澳洲|Daunia,G3MMZJMH,流星,防城港,"4","2026-08-17 06:45:29",,"1M",612360.0,采购中心,水分,"11.6"
广西柳钢国际贸易有限公司,肥煤|国内,G3MMFF1,,宝丰,"4","2026-08-17 05:09:56",,"4M",1092680.0,采购中心,Ad,"10.77"
广西柳钢国际贸易有限公司,肥煤|国内,G3MMFF1,,宝丰,"4","2026-08-17 05:09:56",,"4M",1092680.0,采购中心,FCad,"62.72"
广西柳钢国际贸易有限公司,肥煤|国内,G3MMFF1,,宝丰,"4","2026-08-17 05:09:56",,"4M",1092680.0,采购中心,Mad,"1.18"
广西柳钢国际贸易有限公司,肥煤|国内,G3MMFF1,,宝丰,"4","2026-08-17 05:09:56",,"4M",1092680.0,采购中心,St.d,"2.34"
广西柳钢国际贸易有限公司,肥煤|国内,G3MMFF1,,宝丰,"4","2026-08-17 05:09:56",,"4M",1092680.0,采购中心,Vdaf,"28.87"
广西柳钢国际贸易有限公司,肥煤|国内,G3MMFF1,,宝丰,"4","2026-08-17 05:09:56",,"4M",1092680.0,采购中心,水分,"11.9"
广西柳钢国际贸易有限公司,"1/3焦煤|2级|进口|哥伦比亚",G3MMSYK,贾巴尔,云约,"4","2026-08-17 03:52:31",,,2052020.0,采购中心,水分,"6.0"
广东广物中南建材集团有限公司,"1/3焦煤|3级|进口|E|GJ",G3MMSYO,金色东方,防城港,"4","2026-08-17 02:20:21",,"5M",3128340.0,采购中心,Ad,"8.6"
广东广物中南建材集团有限公司,"1/3焦煤|3级|进口|E|GJ",G3MMSYO,金色东方,防城港,"4","2026-08-17 02:20:21",,"5M",3128340.0,采购中心,FCad,"55.13"
广东广物中南建材集团有限公司,"1/3焦煤|3级|进口|E|GJ",G3MMSYO,金色东方,防城港,"4","2026-08-17 02:20:21",,"5M",3128340.0,采购中心,Mad,"2.60"
广东广物中南建材集团有限公司,"1/3焦煤|3级|进口|E|GJ",G3MMSYO,金色东方,防城港,"4","2026-08-17 02:20:21",,"5M",3128340.0,采购中心,St.d,"0.56"
广东广物中南建材集团有限公司,"1/3焦煤|3级|进口|E|GJ",G3MMSYO,金色东方,防城港,"4","2026-08-17 02:20:21",,"5M",3128340.0,采购中心,Vdaf,"38.05"
广东广物中南建材集团有限公司,"1/3焦煤|3级|进口|E|GJ",G3MMSYO,金色东方,防城港,"4","2026-08-17 02:20:21",,"5M",3128340.0,采购中心,水分,"11.6"
湖南华菱资源贸易有限公司,烟煤|国内,G3MMYY1,,神木西,"4","2026-08-16 23:50:18",,A7,560420.0,采购中心,Ad,"6.54"
湖南华菱资源贸易有限公司,烟煤|国内,G3MMYY1,,神木西,"4","2026-08-16 23:50:18",,A7,560420.0,采购中心,FCad,"54.66"
湖南华菱资源贸易有限公司,烟煤|国内,G3MMYY1,,神木西,"4","2026-08-16 23:50:18",,A7,560420.0,采购中心,Mad,"5.70"
湖南华菱资源贸易有限公司,烟煤|国内,G3MMYY1,,神木西,"4","2026-08-16 23:50:18",,A7,560420.0,采购中心,St.d,"0.57"
湖南华菱资源贸易有限公司,烟煤|国内,G3MMYY1,,神木西,"4","2026-08-16 23:50:18",,A7,560420.0,采购中心,Vdaf,"37.98"
湖南华菱资源贸易有限公司,烟煤|国内,G3MMYY1,,神木西,"4","2026-08-16 23:50:18",,A7,560420.0,采购中心,水分,"16.1"
贵州盘江精煤股份有限公司,炼焦贫瘦煤|国内,G3MMJPS1,,红果,"4","2026-08-16 22:41:24",,"1M",191250.0,采购中心,Ad,"10.80"
贵州盘江精煤股份有限公司,炼焦贫瘦煤|国内,G3MMJPS1,,红果,"4","2026-08-16 22:41:24",,"1M",191250.0,采购中心,FCad,"77.22"
贵州盘江精煤股份有限公司,炼焦贫瘦煤|国内,G3MMJPS1,,红果,"4","2026-08-16 22:41:24",,"1M",191250.0,采购中心,Mad,"1.11"
贵州盘江精煤股份有限公司,炼焦贫瘦煤|国内,G3MMJPS1,,红果,"4","2026-08-16 22:41:24",,"1M",191250.0,采购中心,St.d,"0.83"
贵州盘江精煤股份有限公司,炼焦贫瘦煤|国内,G3MMJPS1,,红果,"4","2026-08-16 22:41:24",,"1M",191250.0,采购中心,Vdaf,"12.46"
贵州盘江精煤股份有限公司,炼焦贫瘦煤|国内,G3MMJPS1,,红果,"4","2026-08-16 22:41:24",,"1M",191250.0,采购中心,水分,"11.9"
贵州盘南煤炭开发有限责任公司,瘦焦煤|1级|国内,G3MMSJ1,,小雨谷,"4","2026-08-16 19:22:28",,"1M",198600.0,采购中心,Ad,"10.91"
贵州盘南煤炭开发有限责任公司,瘦焦煤|1级|国内,G3MMSJ1,,小雨谷,"4","2026-08-16 19:22:28",,"1M",198600.0,采购中心,FCad,"72.88"
贵州盘南煤炭开发有限责任公司,瘦焦煤|1级|国内,G3MMSJ1,,小雨谷,"4","2026-08-16 19:22:28",,"1M",198600.0,采购中心,Mad,"0.82"
贵州盘南煤炭开发有限责任公司,瘦焦煤|1级|国内,G3MMSJ1,,小雨谷,"4","2026-08-16 19:22:28",,"1M",198600.0,采购中心,St.d,"0.87"
贵州盘南煤炭开发有限责任公司,瘦焦煤|1级|国内,G3MMSJ1,,小雨谷,"4","2026-08-16 19:22:28",,"1M",198600.0,采购中心,Vdaf,"17.52"
贵州盘南煤炭开发有限责任公司,瘦焦煤|1级|国内,G3MMSJ1,,小雨谷,"4","2026-08-16 19:22:28",,"1M",198600.0,采购中心,水分,"12.1"
焦化厂,炼焦配合煤,A2MMJPM,,,"4","2026-08-16 16:02:07",喷吹用煤（原料）,,,采购中心,Ad,"9.98"
焦化厂,炼焦配合煤,A2MMJPM,,,"4","2026-08-16 16:02:07",喷吹用煤（原料）,,,采购中心,Ad,"10.08"
焦化厂,炼焦配合煤,A2MMJPM,,,"4","2026-08-16 16:02:07",喷吹用煤（原料）,,,采购中心,Ad,"10.47"
焦化厂,炼焦配合煤,A2MMJPM,,,"4","2026-08-16 16:02:07",喷吹用煤（原料）,,,采购中心,FCad,"63.06"
焦化厂,炼焦配合煤,A2MMJPM,,,"4","2026-08-16 16:02:07",喷吹用煤（原料）,,,采购中心,FCad,"64.74"
焦化厂,炼焦配合煤,A2MMJPM,,,"4","2026-08-16 16:02:07",喷吹用煤（原料）,,,采购中心,FCad,"68.99"
焦化厂,炼焦配合煤,A2MMJPM,,,"4","2026-08-16 16:02:07",喷吹用煤（原料）,,,采购中心,Mad,"1.20"
焦化厂,炼焦配合煤,A2MMJPM,,,"4","2026-08-16 16:02:07",喷吹用煤（原料）,,,采购中心,Mad,"1.23"
焦化厂,炼焦配合煤,A2MMJPM,,,"4","2026-08-16 16:02:07",喷吹用煤（原料）,,,采购中心,Mad,"1.08"
焦化厂,炼焦配合煤,A2MMJPM,,,"4","2026-08-16 16:02:07",喷吹用煤（原料）,,,采购中心,St.d,"0.38"
焦化厂,炼焦配合煤,A2MMJPM,,,"4","2026-08-16 16:02:07",喷吹用煤（原料）,,,采购中心,St.d,"0.67"
焦化厂,炼焦配合煤,A2MMJPM,,,"4","2026-08-16 16:02:07",喷吹用煤（原料）,,,采购中心,St.d,"2.03"
焦化厂,炼焦配合煤,A2MMJPM,,,"4","2026-08-16 16:02:07",喷吹用煤（原料）,,,采购中心,Vdaf,"27.22"
焦化厂,炼焦配合煤,A2MMJPM,,,"4","2026-08-16 16:02:07",喷吹用煤（原料）,,,采购中心,Vdaf,"28.71"
焦化厂,炼焦配合煤,A2MMJPM,,,"4","2026-08-16 16:02:07",喷吹用煤（原料）,,,采购中心,Vdaf,"22.41"
焦化厂,炼焦配合煤,A2MMJPM,,,"4","2026-08-16 16:02:07",喷吹用煤（原料）,,,采购中心,水分,"11.7"
焦化厂,炼焦配合煤,A2MMJPM,,,"4","2026-08-16 16:02:07",喷吹用煤（原料）,,,采购中心,水分,"9.2"
焦化厂,炼焦配合煤,A2MMJPM,,,"4","2026-08-16 16:02:07",喷吹用煤（原料）,,,采购中心,水分,"10.3"
广西柳钢国际贸易有限公司,"1/3焦煤|2级|进口|哥伦比亚",G3MMSYK,第一玛歌,防城港,"4","2026-08-16 15:41:48",,,3317850.0,采购中心,水分,"8.5"
广西柳钢国际贸易有限公司,主焦煤|1级|进口|蒙古,G3MMZJR,明友,防城港,"4","2026-08-16 14:59:43",,"4M",1592540.0,采购中心,Ad,"10.76"
广西柳钢国际贸易有限公司,主焦煤|1级|进口|蒙古,G3MMZJR,明友,防城港,"4","2026-08-16 14:59:43",,"4M",1592540.0,采购中心,FCad,"66.48"
广西柳钢国际贸易有限公司,主焦煤|1级|进口|蒙古,G3MMZJR,明友,防城港,"4","2026-08-16 14:59:43",,"4M",1592540.0,采购中心,Mad,"1.37"
广西柳钢国际贸易有限公司,主焦煤|1级|进口|蒙古,G3MMZJR,明友,防城港,"4","2026-08-16 14:59:43",,"4M",1592540.0,采购中心,St.d,"0.60"
广西柳钢国际贸易有限公司,主焦煤|1级|进口|蒙古,G3MMZJR,明友,防城港,"4","2026-08-16 14:59:43",,"4M",1592540.0,采购中心,Vdaf,"24.47"
广西柳钢国际贸易有限公司,主焦煤|1级|进口|蒙古,G3MMZJR,明友,防城港,"4","2026-08-16 14:59:43",,"4M",1592540.0,采购中心,水分,"11.1"
安徽皖煤物资贸易有限责任公司,气煤|进口|E|AEJ,G3MMQQD,金牛,防城港,"4","2026-08-16 14:20:28",,,349890.0,采购中心,水分,"9.5"
贵州盘江精煤股份有限公司,"1/3焦煤|1级|国内",G3MMSY1,,柏果,"4","2026-08-16 14:14:22",,"1M",466610.0,采购中心,Ad,"10.59"
贵州盘江精煤股份有限公司,"1/3焦煤|1级|国内",G3MMSY1,,柏果,"4","2026-08-16 14:14:22",,"1M",466610.0,采购中心,FCad,"62.37"
贵州盘江精煤股份有限公司,"1/3焦煤|1级|国内",G3MMSY1,,柏果,"4","2026-08-16 14:14:22",,"1M",466610.0,采购中心,Mad,"1.11"
贵州盘江精煤股份有限公司,"1/3焦煤|1级|国内",G3MMSY1,,柏果,"4","2026-08-16 14:14:22",,"1M",466610.0,采购中心,St.d,"0.27"
贵州盘江精煤股份有限公司,"1/3焦煤|1级|国内",G3MMSY1,,柏果,"4","2026-08-16 14:14:22",,"1M",466610.0,采购中心,Vdaf,"29.46"
贵州盘江精煤股份有限公司,"1/3焦煤|1级|国内",G3MMSY1,,柏果,"4","2026-08-16 14:14:22",,"1M",466610.0,采购中心,水分,"12.1"
广西柳钢国际贸易有限公司,主焦煤|3级|进口|澳洲|Daunia,G3MMZJMH,吉利女神,铁山港,"4","2026-08-16 12:06:44",,,62060.0,采购中心,水分,"7.5"
广西柳钢国际贸易有限公司,主焦煤|1级|进口|加拿大|瑞峰,G3MMZJC,清水河,防城港,"4","2026-08-16 12:06:29",,"1M",73590.0,采购中心,Ad,"9.30"
广西柳钢国际贸易有限公司,主焦煤|1级|进口|加拿大|瑞峰,G3MMZJC,清水河,防城港,"4","2026-08-16 12:06:29",,"1M",73590.0,采购中心,FCad,"65.03"
广西柳钢国际贸易有限公司,主焦煤|1级|进口|加拿大|瑞峰,G3MMZJC,清水河,防城港,"4","2026-08-16 12:06:29",,"1M",73590.0,采购中心,Mad,"1.40"
广西柳钢国际贸易有限公司,主焦煤|1级|进口|加拿大|瑞峰,G3MMZJC,清水河,防城港,"4","2026-08-16 12:06:29",,"1M",73590.0,采购中心,St.d,"0.54"
广西柳钢国际贸易有限公司,主焦煤|1级|进口|加拿大|瑞峰,G3MMZJC,清水河,防城港,"4","2026-08-16 12:06:29",,"1M",73590.0,采购中心,Vdaf,"27.28"
广西柳钢国际贸易有限公司,主焦煤|1级|进口|加拿大|瑞峰,G3MMZJC,清水河,防城港,"4","2026-08-16 12:06:29",,"1M",73590.0,采购中心,水分,"13.5"
贵州盘江精煤股份有限公司,"1/3焦煤|1级|国内",G3MMSY1,,柏果,"4","2026-08-16 10:54:21",,"1M",625050.0,采购中心,Ad,"10.80"
贵州盘江精煤股份有限公司,"1/3焦煤|1级|国内",G3MMSY1,,柏果,"4","2026-08-16 10:54:21",,"1M",625050.0,采购中心,FCad,"62.20"
贵州盘江精煤股份有限公司,"1/3焦煤|1级|国内",G3MMSY1,,柏果,"4","2026-08-16 10:54:21",,"1M",625050.0,采购中心,Mad,"1.14"
贵州盘江精煤股份有限公司,"1/3焦煤|1级|国内",G3MMSY1,,柏果,"4","2026-08-16 10:54:21",,"1M",625050.0,采购中心,St.d,"0.28"
贵州盘江精煤股份有限公司,"1/3焦煤|1级|国内",G3MMSY1,,柏果,"4","2026-08-16 10:54:21",,"1M",625050.0,采购中心,Vdaf,"29.46"
贵州盘江精煤股份有限公司,"1/3焦煤|1级|国内",G3MMSY1,,柏果,"4","2026-08-16 10:54:21",,"1M",625050.0,采购中心,水分,"11.5"
广西柳钢国际贸易有限公司,肥煤|国内,G3MMFF1,,宝丰,"4","2026-08-16 07:53:05",,A2,916010.0,采购中心,Ad,"11.07"
广西柳钢国际贸易有限公司,肥煤|国内,G3MMFF1,,宝丰,"4","2026-08-16 07:53:05",,A2,916010.0,采购中心,FCad,"62.55"
广西柳钢国际贸易有限公司,肥煤|国内,G3MMFF1,,宝丰,"4","2026-08-16 07:53:05",,A2,916010.0,采购中心,Mad,"1.18"
广西柳钢国际贸易有限公司,肥煤|国内,G3MMFF1,,宝丰,"4","2026-08-16 07:53:05",,A2,916010.0,采购中心,St.d,"2.47"
广西柳钢国际贸易有限公司,肥煤|国内,G3MMFF1,,宝丰,"4","2026-08-16 07:53:05",,A2,916010.0,采购中心,Vdaf,"28.82"
广西柳钢国际贸易有限公司,肥煤|国内,G3MMFF1,,宝丰,"4","2026-08-16 07:53:05",,A2,916010.0,采购中心,水分,"14.1"
广西柳钢国际贸易有限公司,气煤|进口|E|AEJ,G3MMQQD,金牛,防城港,"4","2026-08-16 05:16:04",,,131800.0,采购中心,水分,"11.8"
广西柳钢国际贸易有限公司,贫瘦煤|进口|俄罗斯,G3MMPS8,华源,铁山港,"4","2026-08-16 04:20:22",,,3234300.0,采购中心,水分,"7.4"
四川省煤炭产业集团有限责任公司营销分公司,瘦焦煤|1级|国内,G3MMSJ1,,格里坪,"4","2026-08-16 03:28:13",,"1M",521510.0,采购中心,Ad,"10.19"
四川省煤炭产业集团有限责任公司营销分公司,瘦焦煤|1级|国内,G3MMSJ1,,格里坪,"4","2026-08-16 03:28:13",,"1M",521510.0,采购中心,FCad,"72.33"
四川省煤炭产业集团有限责任公司营销分公司,瘦焦煤|1级|国内,G3MMSJ1,,格里坪,"4","2026-08-16 03:28:13",,"1M",521510.0,采购中心,Mad,"0.89"
四川省煤炭产业集团有限责任公司营销分公司,瘦焦煤|1级|国内,G3MMSJ1,,格里坪,"4","2026-08-16 03:28:13",,"1M",521510.0,采购中心,St.d,"0.60"
四川省煤炭产业集团有限责任公司营销分公司,瘦焦煤|1级|国内,G3MMSJ1,,格里坪,"4","2026-08-16 03:28:13",,"1M",521510.0,采购中心,Vdaf,"18.74"
四川省煤炭产业集团有限责任公司营销分公司,瘦焦煤|1级|国内,G3MMSJ1,,格里坪,"4","2026-08-16 03:28:13",,"1M",521510.0,采购中心,水分,"15.1"
四川省煤炭产业集团有限责任公司营销分公司,瘦焦煤|1级|国内,G3MMSJ1,,格里坪,"4","2026-08-16 03:13:59",,"1M",125990.0,采购中心,Ad,"9.69"
四川省煤炭产业集团有限责任公司营销分公司,瘦焦煤|1级|国内,G3MMSJ1,,格里坪,"4","2026-08-16 03:13:59",,"1M",125990.0,采购中心,FCad,"72.49"
四川省煤炭产业集团有限责任公司营销分公司,瘦焦煤|1级|国内,G3MMSJ1,,格里坪,"4","2026-08-16 03:13:59",,"1M",125990.0,采购中心,Mad,"0.92"
四川省煤炭产业集团有限责任公司营销分公司,瘦焦煤|1级|国内,G3MMSJ1,,格里坪,"4","2026-08-16 03:13:59",,"1M",125990.0,采购中心,St.d,"0.58"
四川省煤炭产业集团有限责任公司营销分公司,瘦焦煤|1级|国内,G3MMSJ1,,格里坪,"4","2026-08-16 03:13:59",,"1M",125990.0,采购中心,Vdaf,"18.99"
四川省煤炭产业集团有限责任公司营销分公司,瘦焦煤|1级|国内,G3MMSJ1,,格里坪,"4","2026-08-16 03:13:59",,"1M",125990.0,采购中心,水分,"16.6"
广西柳钢国际贸易有限公司,肥煤|国内,G3MMFF1,,宝丰,"4","2026-08-16 02:51:37",,"4M",916960.0,采购中心,Ad,"10.29"
广西柳钢国际贸易有限公司,肥煤|国内,G3MMFF1,,宝丰,"4","2026-08-16 02:51:37",,"4M",916960.0,采购中心,FCad,"63.58"
广西柳钢国际贸易有限公司,肥煤|国内,G3MMFF1,,宝丰,"4","2026-08-16 02:51:37",,"4M",916960.0,采购中心,Mad,"1.08"
广西柳钢国际贸易有限公司,肥煤|国内,G3MMFF1,,宝丰,"4","2026-08-16 02:51:37",,"4M",916960.0,采购中心,St.d,"2.67"
广西柳钢国际贸易有限公司,肥煤|国内,G3MMFF1,,宝丰,"4","2026-08-16 02:51:37",,"4M",916960.0,采购中心,Vdaf,"28.35"
广西柳钢国际贸易有限公司,肥煤|国内,G3MMFF1,,宝丰,"4","2026-08-16 02:51:37",,"4M",916960.0,采购中心,水分,"14.4"
广西柳钢国际贸易有限公司,肥煤|国内,G3MMFF1,,宝丰,"4","2026-08-15 22:03:29",,A2,815070.0,采购中心,Ad,"10.66"
广西柳钢国际贸易有限公司,肥煤|国内,G3MMFF1,,宝丰,"4","2026-08-15 22:03:29",,A2,815070.0,采购中心,FCad,"62.77"
广西柳钢国际贸易有限公司,肥煤|国内,G3MMFF1,,宝丰,"4","2026-08-15 22:03:29",,A2,815070.0,采购中心,Mad,"1.14"
广西柳钢国际贸易有限公司,肥煤|国内,G3MMFF1,,宝丰,"4","2026-08-15 22:03:29",,A2,815070.0,采购中心,St.d,"2.50"
广西柳钢国际贸易有限公司,肥煤|国内,G3MMFF1,,宝丰,"4","2026-08-15 22:03:29",,A2,815070.0,采购中心,Vdaf,"28.93"
广西柳钢国际贸易有限公司,肥煤|国内,G3MMFF1,,宝丰,"4","2026-08-15 22:03:29",,A2,815070.0,采购中心,水分,"12.6"
广西柳钢国际贸易有限公司,主焦煤|2级|进口|澳洲|GLV Prime,G3MMZJ8,瑞海,防城港,"4","2026-08-15 20:05:21",,,533960.0,采购中心,水分,"9.0"
广西柳钢国际贸易有限公司,主焦煤|1级|进口|加拿大|普瑞,G3MMZJML,禄通,铁山港,"4","2026-08-15 20:04:21",,,6385490.0,采购中心,水分,"14.2"
贵州盘南煤炭开发有限责任公司,瘦焦煤|1级|国内,G3MMSJ1,,小雨谷,"4","2026-08-15 16:32:35",,,538760.0,采购中心,Ad,"10.82"
贵州盘南煤炭开发有限责任公司,瘦焦煤|1级|国内,G3MMSJ1,,小雨谷,"4","2026-08-15 16:32:35",,,538760.0,采购中心,FCad,"72.78"
贵州盘南煤炭开发有限责任公司,瘦焦煤|1级|国内,G3MMSJ1,,小雨谷,"4","2026-08-15 16:32:35",,,538760.0,采购中心,Mad,"0.84"
贵州盘南煤炭开发有限责任公司,瘦焦煤|1级|国内,G3MMSJ1,,小雨谷,"4","2026-08-15 16:32:35",,,538760.0,采购中心,St.d,"0.93"
贵州盘南煤炭开发有限责任公司,瘦焦煤|1级|国内,G3MMSJ1,,小雨谷,"4","2026-08-15 16:32:35",,,538760.0,采购中心,Vdaf,"17.70"
贵州盘南煤炭开发有限责任公司,瘦焦煤|1级|国内,G3MMSJ1,,小雨谷,"4","2026-08-15 16:32:35",,,538760.0,采购中心,水分,"11.9"
焦化厂,炼焦配合煤,A2MMJPM,,,"4","2026-08-15 16:13:23",喷吹用煤（原料）,,,采购中心,Ad,"11.24"
焦化厂,炼焦配合煤,A2MMJPM,,,"4","2026-08-15 16:13:23",喷吹用煤（原料）,,,采购中心,Ad,"9.77"
焦化厂,炼焦配合煤,A2MMJPM,,,"4","2026-08-15 16:13:23",喷吹用煤（原料）,,,采购中心,Ad,"10.85"
焦化厂,炼焦配合煤,A2MMJPM,,,"4","2026-08-15 16:13:23",喷吹用煤（原料）,,,采购中心,FCad,"56.69"
焦化厂,炼焦配合煤,A2MMJPM,,,"4","2026-08-15 16:13:23",喷吹用煤（原料）,,,采购中心,FCad,"62.41"
焦化厂,炼焦配合煤,A2MMJPM,,,"4","2026-08-15 16:13:23",喷吹用煤（原料）,,,采购中心,FCad,"68.66"
焦化厂,炼焦配合煤,A2MMJPM,,,"4","2026-08-15 16:13:23",喷吹用煤（原料）,,,采购中心,Mad,"1.31"
焦化厂,炼焦配合煤,A2MMJPM,,,"4","2026-08-15 16:13:23",喷吹用煤（原料）,,,采购中心,Mad,"1.20"
焦化厂,炼焦配合煤,A2MMJPM,,,"4","2026-08-15 16:13:23",喷吹用煤（原料）,,,采购中心,Mad,"1.63"
焦化厂,炼焦配合煤,A2MMJPM,,,"4","2026-08-15 16:13:23",喷吹用煤（原料）,,,采购中心,St.d,"0.27"
焦化厂,炼焦配合煤,A2MMJPM,,,"4","2026-08-15 16:13:23",喷吹用煤（原料）,,,采购中心,St.d,"0.34"
焦化厂,炼焦配合煤,A2MMJPM,,,"4","2026-08-15 16:13:23",喷吹用煤（原料）,,,采购中心,St.d,"0.42"
焦化厂,炼焦配合煤,A2MMJPM,,,"4","2026-08-15 16:13:23",喷吹用煤（原料）,,,采购中心,Vdaf,"22.90"
焦化厂,炼焦配合煤,A2MMJPM,,,"4","2026-08-15 16:13:23",喷吹用煤（原料）,,,采购中心,Vdaf,"35.07"
焦化厂,炼焦配合煤,A2MMJPM,,,"4","2026-08-15 16:13:23",喷吹用煤（原料）,,,采购中心,Vdaf,"29.14"
焦化厂,炼焦配合煤,A2MMJPM,,,"4","2026-08-15 16:13:23",喷吹用煤（原料）,,,采购中心,水分,"12.8"
焦化厂,炼焦配合煤,A2MMJPM,,,"4","2026-08-15 16:13:23",喷吹用煤（原料）,,,采购中心,水分,"10.5"
焦化厂,炼焦配合煤,A2MMJPM,,,"4","2026-08-15 16:13:23",喷吹用煤（原料）,,,采购中心,水分,"8.0"
广西柳钢国际贸易有限公司,"1/3焦煤|2级|进口|哥伦比亚",G3MMSYK,贾巴尔,,"4","2026-08-15 08:18:12",,,,采购中心,水分,"7.1"
广西柳钢国际贸易有限公司,"1/3焦煤|2级|进口|哥伦比亚",G3MMSYK,贾巴尔,云约,"4","2026-08-15 08:13:38",,,2176550.0,采购中心,水分,"6.7"
广西柳钢国际贸易有限公司,主焦煤|1级|进口|蒙古5#,G3MMZJR,明友,防城港,"4","2026-08-15 07:21:26",,,619200.0,采购中心,Ad,"8.59"
广西柳钢国际贸易有限公司,主焦煤|1级|进口|蒙古5#,G3MMZJR,明友,防城港,"4","2026-08-15 07:21:26",,,619200.0,采购中心,FCad,"69.35"
广西柳钢国际贸易有限公司,主焦煤|1级|进口|蒙古5#,G3MMZJR,明友,防城港,"4","2026-08-15 07:21:26",,,619200.0,采购中心,Mad,"1.49"
广西柳钢国际贸易有限公司,主焦煤|1级|进口|蒙古5#,G3MMZJR,明友,防城港,"4","2026-08-15 07:21:26",,,619200.0,采购中心,St.d,"0.44"
广西柳钢国际贸易有限公司,主焦煤|1级|进口|蒙古5#,G3MMZJR,明友,防城港,"4","2026-08-15 07:21:26",,,619200.0,采购中心,Vdaf,"22.99"
广西柳钢国际贸易有限公司,主焦煤|1级|进口|蒙古5#,G3MMZJR,明友,防城港,"4","2026-08-15 07:21:26",,,619200.0,采购中心,水分,"10.0"
广西柳钢国际贸易有限公司,主焦煤|3级|进口|澳洲|Daunia,G3MMZJMH,流星,防城港,"4","2026-08-15 07:21:26",,,272480.0,采购中心,Ad,"11.00"
广西柳钢国际贸易有限公司,主焦煤|3级|进口|澳洲|Daunia,G3MMZJMH,流星,防城港,"4","2026-08-15 07:21:26",,,272480.0,采购中心,FCad,"66.02"
广西柳钢国际贸易有限公司,主焦煤|3级|进口|澳洲|Daunia,G3MMZJMH,流星,防城港,"4","2026-08-15 07:21:26",,,272480.0,采购中心,Mad,"1.42"
广西柳钢国际贸易有限公司,主焦煤|3级|进口|澳洲|Daunia,G3MMZJMH,流星,防城港,"4","2026-08-15 07:21:26",,,272480.0,采购中心,St.d,"0.57"
广西柳钢国际贸易有限公司,主焦煤|3级|进口|澳洲|Daunia,G3MMZJMH,流星,防城港,"4","2026-08-15 07:21:26",,,272480.0,采购中心,Vdaf,"24.75"
广西柳钢国际贸易有限公司,主焦煤|3级|进口|澳洲|Daunia,G3MMZJMH,流星,防城港,"4","2026-08-15 07:21:26",,,272480.0,采购中心,水分,"10.7"
广西柳钢国际贸易有限公司,主焦煤|2级|进口|澳洲|GLV Prime,G3MMZJ8,瑞海,防城港,"4","2026-08-15 03:37:05",,,6197160.0,采购中心,水分,"8.9"
广西柳钢国际贸易有限公司,"1/3焦煤|2级|进口|哥伦比亚",G3MMSYK,贾巴尔,云约,"4","2026-08-14 22:23:57",,"5M",2944430.0,采购中心,Ad,"11.89"
广西柳钢国际贸易有限公司,"1/3焦煤|2级|进口|哥伦比亚",G3MMSYK,贾巴尔,云约,"4","2026-08-14 22:23:57",,"5M",2944430.0,采购中心,FCad,"58.13"
广西柳钢国际贸易有限公司,"1/3焦煤|2级|进口|哥伦比亚",G3MMSYK,贾巴尔,云约,"4","2026-08-14 22:23:57",,"5M",2944430.0,采购中心,Mad,"1.42"
广西柳钢国际贸易有限公司,"1/3焦煤|2级|进口|哥伦比亚",G3MMSYK,贾巴尔,云约,"4","2026-08-14 22:23:57",,"5M",2944430.0,采购中心,St.d,"0.77"
广西柳钢国际贸易有限公司,"1/3焦煤|2级|进口|哥伦比亚",G3MMSYK,贾巴尔,云约,"4","2026-08-14 22:23:57",,"5M",2944430.0,采购中心,Vdaf,"33.08"
广西柳钢国际贸易有限公司,"1/3焦煤|2级|进口|哥伦比亚",G3MMSYK,贾巴尔,云约,"4","2026-08-14 22:23:57",,"5M",2944430.0,采购中心,水分,"7.3"
湖南华菱资源贸易有限公司,烟煤|国内,G3MMYY1,,神木西,"4","2026-08-14 20:28:12",,A7,127500.0,采购中心,Ad,"6.22"
湖南华菱资源贸易有限公司,烟煤|国内,G3MMYY1,,神木西,"4","2026-08-14 20:28:12",,A7,127500.0,采购中心,FCad,"54.59"
湖南华菱资源贸易有限公司,烟煤|国内,G3MMYY1,,神木西,"4","2026-08-14 20:28:12",,A7,127500.0,采购中心,Mad,"6.09"
湖南华菱资源贸易有限公司,烟煤|国内,G3MMYY1,,神木西,"4","2026-08-14 20:28:12",,A7,127500.0,采购中心,St.d,"0.46"
湖南华菱资源贸易有限公司,烟煤|国内,G3MMYY1,,神木西,"4","2026-08-14 20:28:12",,A7,127500.0,采购中心,Vdaf,"38.01"
湖南华菱资源贸易有限公司,烟煤|国内,G3MMYY1,,神木西,"4","2026-08-14 20:28:12",,A7,127500.0,采购中心,水分,"15.1"
贵州盘江精煤股份有限公司,"1/3焦煤|1级|国内",G3MMSY1,,柏果,"4","2026-08-14 20:15:09",,"1M",468710.0,采购中心,Ad,"10.41"
贵州盘江精煤股份有限公司,"1/3焦煤|1级|国内",G3MMSY1,,柏果,"4","2026-08-14 20:15:09",,"1M",468710.0,采购中心,FCad,"63.24"
贵州盘江精煤股份有限公司,"1/3焦煤|1级|国内",G3MMSY1,,柏果,"4","2026-08-14 20:15:09",,"1M",468710.0,采购中心,Mad,"0.97"
贵州盘江精煤股份有限公司,"1/3焦煤|1级|国内",G3MMSY1,,柏果,"4","2026-08-14 20:15:09",,"1M",468710.0,采购中心,St.d,"0.24"
贵州盘江精煤股份有限公司,"1/3焦煤|1级|国内",G3MMSY1,,柏果,"4","2026-08-14 20:15:09",,"1M",468710.0,采购中心,Vdaf,"28.71"
贵州盘江精煤股份有限公司,"1/3焦煤|1级|国内",G3MMSY1,,柏果,"4","2026-08-14 20:15:09",,"1M",468710.0,采购中心,水分,"12.2"
四川省煤炭产业集团有限责任公司营销分公司,"1/3焦煤|3级|国内",G3MMSY5,,渡市,"4","2026-08-14 19:42:36",,"4M",139450.0,采购中心,Ad,"9.87"
四川省煤炭产业集团有限责任公司营销分公司,"1/3焦煤|3级|国内",G3MMSY5,,渡市,"4","2026-08-14 19:42:36",,"4M",139450.0,采购中心,FCad,"63.35"
四川省煤炭产业集团有限责任公司营销分公司,"1/3焦煤|3级|国内",G3MMSY5,,渡市,"4","2026-08-14 19:42:36",,"4M",139450.0,采购中心,Mad,"1.53"
四川省煤炭产业集团有限责任公司营销分公司,"1/3焦煤|3级|国内",G3MMSY5,,渡市,"4","2026-08-14 19:42:36",,"4M",139450.0,采购中心,St.d,"0.60"
四川省煤炭产业集团有限责任公司营销分公司,"1/3焦煤|3级|国内",G3MMSY5,,渡市,"4","2026-08-14 19:42:36",,"4M",139450.0,采购中心,Vdaf,"28.62"
四川省煤炭产业集团有限责任公司营销分公司,"1/3焦煤|3级|国内",G3MMSY5,,渡市,"4","2026-08-14 19:42:36",,"4M",139450.0,采购中心,水分,"6.4"
焦化厂,炼焦配合煤,A2MMJPM,,,"4","2026-08-14 17:10:56",喷吹用煤（原料）,,,采购中心,Ad,"10.28"
焦化厂,炼焦配合煤,A2MMJPM,,,"4","2026-08-14 17:10:56",喷吹用煤（原料）,,,采购中心,Ad,"10.34"
焦化厂,炼焦配合煤,A2MMJPM,,,"4","2026-08-14 17:10:56",喷吹用煤（原料）,,,采购中心,Cad,"78.54"
焦化厂,炼焦配合煤,A2MMJPM,,,"4","2026-08-14 17:10:56",喷吹用煤（原料）,,,采购中心,Cad,"78.31"
焦化厂,炼焦配合煤,A2MMJPM,,,"4","2026-08-14 17:10:56",喷吹用煤（原料）,,,采购中心,FCad,"65.54"
焦化厂,炼焦配合煤,A2MMJPM,,,"4","2026-08-14 17:10:56",喷吹用煤（原料）,,,采购中心,FCad,"64.68"
焦化厂,炼焦配合煤,A2MMJPM,,,"4","2026-08-14 17:10:56",喷吹用煤（原料）,,,采购中心,Had,"4.44"
焦化厂,炼焦配合煤,A2MMJPM,,,"4","2026-08-14 17:10:56",喷吹用煤（原料）,,,采购中心,Had,"4.41"
焦化厂,炼焦配合煤,A2MMJPM,,,"4","2026-08-14 17:10:56",喷吹用煤（原料）,,,采购中心,Mad,"1.26"
焦化厂,炼焦配合煤,A2MMJPM,,,"4","2026-08-14 17:10:56",喷吹用煤（原料）,,,采购中心,Mad,"1.26"
焦化厂,炼焦配合煤,A2MMJPM,,,"4","2026-08-14 17:10:56",喷吹用煤（原料）,,,采购中心,St.d,"0.64"
焦化厂,炼焦配合煤,A2MMJPM,,,"4","2026-08-14 17:10:56",喷吹用煤（原料）,,,采购中心,St.d,"0.61"
焦化厂,炼焦配合煤,A2MMJPM,,,"4","2026-08-14 17:10:56",喷吹用煤（原料）,,,采购中心,Vdaf,"25.97"
焦化厂,炼焦配合煤,A2MMJPM,,,"4","2026-08-14 17:10:56",喷吹用煤（原料）,,,采购中心,Vdaf,"26.99"
焦化厂,炼焦配合煤,A2MMJPM,,,"4","2026-08-14 17:10:56",喷吹用煤（原料）,,,采购中心,水分,"10.5"
焦化厂,炼焦配合煤,A2MMJPM,,,"4","2026-08-14 17:10:56",喷吹用煤（原料）,,,采购中心,水分,"10.0"
焦化厂,炼焦配合煤,A2MMJPM,,,"4","2026-08-14 17:06:38",喷吹用煤（原料）,,,采购中心,Ad,"9.84"
焦化厂,炼焦配合煤,A2MMJPM,,,"4","2026-08-14 17:06:38",喷吹用煤（原料）,,,采购中心,Ad,"11.59"
焦化厂,炼焦配合煤,A2MMJPM,,,"4","2026-08-14 17:06:38",喷吹用煤（原料）,,,采购中心,FCad,"67.98"
焦化厂,炼焦配合煤,A2MMJPM,,,"4","2026-08-14 17:06:38",喷吹用煤（原料）,,,采购中心,FCad,"65.98"
焦化厂,炼焦配合煤,A2MMJPM,,,"4","2026-08-14 17:06:38",喷吹用煤（原料）,,,采购中心,Mad,"0.92"
焦化厂,炼焦配合煤,A2MMJPM,,,"4","2026-08-14 17:06:38",喷吹用煤（原料）,,,采购中心,Mad,"1.23"
焦化厂,炼焦配合煤,A2MMJPM,,,"4","2026-08-14 17:06:38",喷吹用煤（原料）,,,采购中心,St.d,"1.55"
焦化厂,炼焦配合煤,A2MMJPM,,,"4","2026-08-14 17:06:38",喷吹用煤（原料）,,,采购中心,St.d,"0.47"
焦化厂,炼焦配合煤,A2MMJPM,,,"4","2026-08-14 17:06:38",喷吹用煤（原料）,,,采购中心,Vdaf,"22.40"
焦化厂,炼焦配合煤,A2MMJPM,,,"4","2026-08-14 17:06:38",喷吹用煤（原料）,,,采购中心,Vdaf,"25.91"
焦化厂,炼焦配合煤,A2MMJPM,,,"4","2026-08-14 17:06:38",喷吹用煤（原料）,,,采购中心,水分,"15.2"
焦化厂,炼焦配合煤,A2MMJPM,,,"4","2026-08-14 17:06:38",喷吹用煤（原料）,,,采购中心,水分,"12.4"
焦化厂,炼焦配合煤,A2MMJPM,,,"4","2026-08-14 17:06:37",喷吹用煤（原料）,,,采购中心,Ad,"10.56"
焦化厂,炼焦配合煤,A2MMJPM,,,"4","2026-08-14 17:06:37",喷吹用煤（原料）,,,采购中心,FCad,"65.64"
焦化厂,炼焦配合煤,A2MMJPM,,,"4","2026-08-14 17:06:37",喷吹用煤（原料）,,,采购中心,Mad,"1.26"
焦化厂,炼焦配合煤,A2MMJPM,,,"4","2026-08-14 17:06:37",喷吹用煤（原料）,,,采购中心,St.d,"0.46"
焦化厂,炼焦配合煤,A2MMJPM,,,"4","2026-08-14 17:06:37",喷吹用煤（原料）,,,采购中心,Vdaf,"25.67"
焦化厂,炼焦配合煤,A2MMJPM,,,"4","2026-08-14 17:06:37",喷吹用煤（原料）,,,采购中心,水分,"10.2"
广西柳钢国际贸易有限公司,主焦煤|1级|进口|加拿大|普瑞,G3MMZJML,禄通,铁山港,"4","2026-08-14 15:55:08",,,4119160.0,采购中心,水分,"8.6"
广西柳钢国际贸易有限公司,主焦煤|3级|进口|澳洲|Daunia,G3MMZJMH,吉利女神,铁山港,"4","2026-08-14 15:53:37",,,2943500.0,采购中心,水分,"8.9"
湖南华菱资源贸易有限公司,烟煤|国内,G3MMYY1,,神木西,"4","2026-08-14 12:36:32",,料3,505940.0,采购中心,Ad,"6.36"
湖南华菱资源贸易有限公司,烟煤|国内,G3MMYY1,,神木西,"4","2026-08-14 12:36:32",,料3,505940.0,采购中心,FCad,"55.36"
湖南华菱资源贸易有限公司,烟煤|国内,G3MMYY1,,神木西,"4","2026-08-14 12:36:32",,料3,505940.0,采购中心,Mad,"5.63"
湖南华菱资源贸易有限公司,烟煤|国内,G3MMYY1,,神木西,"4","2026-08-14 12:36:32",,料3,505940.0,采购中心,St.d,"0.46"
湖南华菱资源贸易有限公司,烟煤|国内,G3MMYY1,,神木西,"4","2026-08-14 12:36:32",,料3,505940.0,采购中心,Vdaf,"37.35"
湖南华菱资源贸易有限公司,烟煤|国内,G3MMYY1,,神木西,"4","2026-08-14 12:36:32",,料3,505940.0,采购中心,水分,"15.6"
湖南华菱资源贸易有限公司,烟煤|国内,G3MMYY1,,神木西,"4","2026-08-14 12:33:49",,料3,505940.0,采购中心,Ad,"6.26"
湖南华菱资源贸易有限公司,烟煤|国内,G3MMYY1,,神木西,"4","2026-08-14 12:33:49",,料3,505940.0,采购中心,FCad,"54.59"
湖南华菱资源贸易有限公司,烟煤|国内,G3MMYY1,,神木西,"4","2026-08-14 12:33:49",,料3,505940.0,采购中心,Mad,"6.05"
湖南华菱资源贸易有限公司,烟煤|国内,G3MMYY1,,神木西,"4","2026-08-14 12:33:49",,料3,505940.0,采购中心,St.d,"0.42"
湖南华菱资源贸易有限公司,烟煤|国内,G3MMYY1,,神木西,"4","2026-08-14 12:33:49",,料3,505940.0,采购中心,Vdaf,"38.01"
湖南华菱资源贸易有限公司,烟煤|国内,G3MMYY1,,神木西,"4","2026-08-14 12:33:49",,料3,505940.0,采购中心,水分,"16.3"
湖南华菱资源贸易有限公司,烟煤|国内,G3MMYY1,,,"4","2026-08-14 12:32:01",,料3,,采购中心,Ad,"5.85"
湖南华菱资源贸易有限公司,烟煤|国内,G3MMYY1,,,"4","2026-08-14 12:32:01",,料3,,采购中心,Cad,"72.03"
湖南华菱资源贸易有限公司,烟煤|国内,G3MMYY1,,,"4","2026-08-14 12:32:01",,料3,,采购中心,FCad,"55.10"
湖南华菱资源贸易有限公司,烟煤|国内,G3MMYY1,,,"4","2026-08-14 12:32:01",,料3,,采购中心,Had,"4.45"
湖南华菱资源贸易有限公司,烟煤|国内,G3MMYY1,,,"4","2026-08-14 12:32:01",,料3,,采购中心,Mad,"5.60"
湖南华菱资源贸易有限公司,烟煤|国内,G3MMYY1,,,"4","2026-08-14 12:32:01",,料3,,采购中心,St.d,"0.41"
湖南华菱资源贸易有限公司,烟煤|国内,G3MMYY1,,,"4","2026-08-14 12:32:01",,料3,,采购中心,Vdaf,"38.00"
湖南华菱资源贸易有限公司,烟煤|国内,G3MMYY1,,,"4","2026-08-14 12:32:01",,料3,,采购中心,水分,"17.1"
贵州盘南煤炭开发有限责任公司,瘦焦煤|1级|国内,G3MMSJ1,,小雨谷,"4","2026-08-14 12:15:57",,"1M",541540.0,采购中心,Ad,"11.79"
贵州盘南煤炭开发有限责任公司,瘦焦煤|1级|国内,G3MMSJ1,,小雨谷,"4","2026-08-14 12:15:57",,"1M",541540.0,采购中心,FCad,"72.17"
贵州盘南煤炭开发有限责任公司,瘦焦煤|1级|国内,G3MMSJ1,,小雨谷,"4","2026-08-14 12:15:57",,"1M",541540.0,采购中心,Mad,"0.86"
贵州盘南煤炭开发有限责任公司,瘦焦煤|1级|国内,G3MMSJ1,,小雨谷,"4","2026-08-14 12:15:57",,"1M",541540.0,采购中心,St.d,"0.75"
贵州盘南煤炭开发有限责任公司,瘦焦煤|1级|国内,G3MMSJ1,,小雨谷,"4","2026-08-14 12:15:57",,"1M",541540.0,采购中心,Vdaf,"17.47"
贵州盘南煤炭开发有限责任公司,瘦焦煤|1级|国内,G3MMSJ1,,小雨谷,"4","2026-08-14 12:15:57",,"1M",541540.0,采购中心,水分,"13.3"
广西柳钢国际贸易有限公司,主焦煤|3级|进口|澳洲|Daunia,G3MMZJMH,吉利女神,铁山港,"4","2026-08-14 09:19:51",,,3395530.0,采购中心,水分,"9.6"
广西柳钢国际贸易有限公司,主焦煤|2级|进口|澳洲|GLV Prime,G3MMZJ8,瑞海,防城港,"4","2026-08-14 09:15:54",,,3521280.0,采购中心,水分,"8.9"
广西柳钢国际贸易有限公司,主焦煤|1级|进口|加拿大|普瑞,G3MMZJML,禄通,铁山港,"4","2026-08-14 09:13:32",,,3574940.0,采购中心,水分,"11.0"
广西柳钢国际贸易有限公司,主焦煤|3级|进口|澳洲|Daunia,G3MMZJMH,吉利女神,铁山港,"4","2026-08-14 09:12:19",,"1M",3116100.0,采购中心,水分,"10.6"
贵州盘江精煤股份有限公司,"1/3焦煤|1级|国内",G3MMSY1,,柏果,"4","2026-08-14 09:11:19",,"5M",788780.0,采购中心,水分,"11.1"
四川省煤炭产业集团有限责任公司营销分公司,"1/3焦煤|3级|国内",G3MMSY5,,渡市,"4","2026-08-14 09:10:01",,"1M",58490.0,采购中心,水分,"8.2"
广西柳钢国际贸易有限公司,主焦煤|3级|进口|澳洲|Fitzroy CD,G3MMZJMO,环球,防城港,"4","2026-08-14 09:08:16",,,394360.0,采购中心,水分,"10.4"
贵州盘江精煤股份有限公司,"1/3焦煤|1级|国内",G3MMSY1,,柏果,"4","2026-08-14 09:06:57",,"1M",470490.0,采购中心,水分,"12.6"
广西柳钢国际贸易有限公司,主焦煤|3级|进口|澳洲|Daunia,G3MMZJMH,流星,防城港,"4","2026-08-14 09:05:51",,,212260.0,采购中心,水分,"10.7"
贵州盘江精煤股份有限公司,"1/3焦煤|1级|国内",G3MMSY1,,柏果,"4","2026-08-14 09:03:59",,"5M",960530.0,采购中心,水分,"11.9"
贵州盘南煤炭开发有限责任公司,瘦焦煤|1级|国内,G3MMSJ1,,小雨谷,"4","2026-08-14 06:27:51",,"1M",206320.0,采购中心,Ad,"11.07"
贵州盘南煤炭开发有限责任公司,瘦焦煤|1级|国内,G3MMSJ1,,小雨谷,"4","2026-08-14 06:27:51",,"1M",206320.0,采购中心,FCad,"72.99"
贵州盘南煤炭开发有限责任公司,瘦焦煤|1级|国内,G3MMSJ1,,小雨谷,"4","2026-08-14 06:27:51",,"1M",206320.0,采购中心,Mad,"0.84"
贵州盘南煤炭开发有限责任公司,瘦焦煤|1级|国内,G3MMSJ1,,小雨谷,"4","2026-08-14 06:27:51",,"1M",206320.0,采购中心,St.d,"0.83"
贵州盘南煤炭开发有限责任公司,瘦焦煤|1级|国内,G3MMSJ1,,小雨谷,"4","2026-08-14 06:27:51",,"1M",206320.0,采购中心,Vdaf,"17.22"
贵州盘南煤炭开发有限责任公司,瘦焦煤|1级|国内,G3MMSJ1,,小雨谷,"4","2026-08-14 06:27:51",,"1M",206320.0,采购中心,水分,"12.6"
贵州盘南煤炭开发有限责任公司,瘦焦煤|1级|国内,G3MMSJ1,,小雨谷,"4","2026-08-14 06:25:33",,"1M",474720.0,采购中心,Ad,"11.38"
贵州盘南煤炭开发有限责任公司,瘦焦煤|1级|国内,G3MMSJ1,,小雨谷,"4","2026-08-14 06:25:33",,"1M",474720.0,采购中心,FCad,"72.72"
贵州盘南煤炭开发有限责任公司,瘦焦煤|1级|国内,G3MMSJ1,,小雨谷,"4","2026-08-14 06:25:33",,"1M",474720.0,采购中心,Mad,"0.83"
贵州盘南煤炭开发有限责任公司,瘦焦煤|1级|国内,G3MMSJ1,,小雨谷,"4","2026-08-14 06:25:33",,"1M",474720.0,采购中心,St.d,"0.87"
贵州盘南煤炭开发有限责任公司,瘦焦煤|1级|国内,G3MMSJ1,,小雨谷,"4","2026-08-14 06:25:33",,"1M",474720.0,采购中心,Vdaf,"17.25"
贵州盘南煤炭开发有限责任公司,瘦焦煤|1级|国内,G3MMSJ1,,小雨谷,"4","2026-08-14 06:25:33",,"1M",474720.0,采购中心,水分,"12.1"
河南天元清洁能源有限公司,贫瘦煤|国内,G3MMPS1,,苏桥,"4","2026-08-14 06:14:23",,,789360.0,采购中心,Ad,"10.25"
河南天元清洁能源有限公司,贫瘦煤|国内,G3MMPS1,,苏桥,"4","2026-08-14 06:14:23",,,789360.0,采购中心,FCad,"76.86"
河南天元清洁能源有限公司,贫瘦煤|国内,G3MMPS1,,苏桥,"4","2026-08-14 06:14:23",,,789360.0,采购中心,Mad,"1.81"
河南天元清洁能源有限公司,贫瘦煤|国内,G3MMPS1,,苏桥,"4","2026-08-14 06:14:23",,,789360.0,采购中心,St.d,"0.38"
河南天元清洁能源有限公司,贫瘦煤|国内,G3MMPS1,,苏桥,"4","2026-08-14 06:14:23",,,789360.0,采购中心,Vdaf,"12.79"
河南天元清洁能源有限公司,贫瘦煤|国内,G3MMPS1,,苏桥,"4","2026-08-14 06:14:23",,,789360.0,采购中心,水分,"13.2"
贵州盘江精煤股份有限公司,"1/3焦煤|1级|国内",G3MMSY1,,柏果,"4","2026-08-14 05:09:41",,A2,519430.0,采购中心,Ad,"10.74"
贵州盘江精煤股份有限公司,"1/3焦煤|1级|国内",G3MMSY1,,柏果,"4","2026-08-14 05:09:41",,A2,519430.0,采购中心,FCad,"62.08"
贵州盘江精煤股份有限公司,"1/3焦煤|1级|国内",G3MMSY1,,柏果,"4","2026-08-14 05:09:41",,A2,519430.0,采购中心,Mad,"0.88"
贵州盘江精煤股份有限公司,"1/3焦煤|1级|国内",G3MMSY1,,柏果,"4","2026-08-14 05:09:41",,A2,519430.0,采购中心,St.d,"0.25"
贵州盘江精煤股份有限公司,"1/3焦煤|1级|国内",G3MMSY1,,柏果,"4","2026-08-14 05:09:41",,A2,519430.0,采购中心,Vdaf,"29.83"
贵州盘江精煤股份有限公司,"1/3焦煤|1级|国内",G3MMSY1,,柏果,"4","2026-08-14 05:09:41",,A2,519430.0,采购中心,水分,"10.5"
安徽皖煤物资贸易有限责任公司,气煤|进口|E|AEJ,G3MMQQD,金牛,防城港,"4","2026-08-14 04:14:49",,,2783310.0,采购中心,水分,"8.9"
贵州盘南煤炭开发有限责任公司,瘦焦煤|1级|国内,G3MMSJ1,,小雨谷,"4","2026-08-14 03:03:33",,"1M",120980.0,采购中心,Ad,"10.99"
贵州盘南煤炭开发有限责任公司,瘦焦煤|1级|国内,G3MMSJ1,,小雨谷,"4","2026-08-14 03:03:33",,"1M",120980.0,采购中心,FCad,"72.92"
贵州盘南煤炭开发有限责任公司,瘦焦煤|1级|国内,G3MMSJ1,,小雨谷,"4","2026-08-14 03:03:33",,"1M",120980.0,采购中心,Mad,"0.74"
贵州盘南煤炭开发有限责任公司,瘦焦煤|1级|国内,G3MMSJ1,,小雨谷,"4","2026-08-14 03:03:33",,"1M",120980.0,采购中心,St.d,"0.82"
贵州盘南煤炭开发有限责任公司,瘦焦煤|1级|国内,G3MMSJ1,,小雨谷,"4","2026-08-14 03:03:33",,"1M",120980.0,采购中心,Vdaf,"17.46"
贵州盘南煤炭开发有限责任公司,瘦焦煤|1级|国内,G3MMSJ1,,小雨谷,"4","2026-08-14 03:03:33",,"1M",120980.0,采购中心,水分,"12.1"
山西潞安环保能源开发股份有限公司,贫瘦煤|国内,G3MMPS1,,长治北,"4","2026-08-14 02:11:49",,A2,1309950.0,采购中心,Ad,"10.24"
山西潞安环保能源开发股份有限公司,贫瘦煤|国内,G3MMPS1,,长治北,"4","2026-08-14 02:11:49",,A2,1309950.0,采购中心,FCad,"77.61"
山西潞安环保能源开发股份有限公司,贫瘦煤|国内,G3MMPS1,,长治北,"4","2026-08-14 02:11:49",,A2,1309950.0,采购中心,Mad,"0.88"
山西潞安环保能源开发股份有限公司,贫瘦煤|国内,G3MMPS1,,长治北,"4","2026-08-14 02:11:49",,A2,1309950.0,采购中心,St.d,"0.39"
山西潞安环保能源开发股份有限公司,贫瘦煤|国内,G3MMPS1,,长治北,"4","2026-08-14 02:11:49",,A2,1309950.0,采购中心,Vdaf,"12.77"
山西潞安环保能源开发股份有限公司,贫瘦煤|国内,G3MMPS1,,长治北,"4","2026-08-14 02:11:49",,A2,1309950.0,采购中心,水分,"5.0"
广西柳钢国际贸易有限公司,"1/3焦煤|3级|进口|E|GJ",G3MMSYO,金色东方,防城港,"4","2026-08-14 02:05:03",,"5M",3541830.0,采购中心,Ad,"8.8"
广西柳钢国际贸易有限公司,"1/3焦煤|3级|进口|E|GJ",G3MMSYO,金色东方,防城港,"4","2026-08-14 02:05:03",,"5M",3541830.0,采购中心,FCad,"55.06"
广西柳钢国际贸易有限公司,"1/3焦煤|3级|进口|E|GJ",G3MMSYO,金色东方,防城港,"4","2026-08-14 02:05:03",,"5M",3541830.0,采购中心,Mad,"2.18"
广西柳钢国际贸易有限公司,"1/3焦煤|3级|进口|E|GJ",G3MMSYO,金色东方,防城港,"4","2026-08-14 02:05:03",,"5M",3541830.0,采购中心,St.d,"0.53"
广西柳钢国际贸易有限公司,"1/3焦煤|3级|进口|E|GJ",G3MMSYO,金色东方,防城港,"4","2026-08-14 02:05:03",,"5M",3541830.0,采购中心,Vdaf,"38.32"
广西柳钢国际贸易有限公司,"1/3焦煤|3级|进口|E|GJ",G3MMSYO,金色东方,防城港,"4","2026-08-14 02:05:03",,"5M",3541830.0,采购中心,水分,"11.8"
湖南华菱资源贸易有限公司,烟煤|国内,G3MMYY1,,神木西,"4","2026-08-14 00:03:47",,A7,444480.0,采购中心,Ad,"6.39"
湖南华菱资源贸易有限公司,烟煤|国内,G3MMYY1,,神木西,"4","2026-08-14 00:03:47",,A7,444480.0,采购中心,FCad,"54.80"
湖南华菱资源贸易有限公司,烟煤|国内,G3MMYY1,,神木西,"4","2026-08-14 00:03:47",,A7,444480.0,采购中心,Mad,"5.48"
湖南华菱资源贸易有限公司,烟煤|国内,G3MMYY1,,神木西,"4","2026-08-14 00:03:47",,A7,444480.0,采购中心,St.d,"0.48"
湖南华菱资源贸易有限公司,烟煤|国内,G3MMYY1,,神木西,"4","2026-08-14 00:03:47",,A7,444480.0,采购中心,Vdaf,"38.07"
湖南华菱资源贸易有限公司,烟煤|国内,G3MMYY1,,神木西,"4","2026-08-14 00:03:47",,A7,444480.0,采购中心,水分,"16.9"
广西柳钢国际贸易有限公司,贫瘦煤|进口|俄罗斯,G3MMPS8,华源,铁山港,"4","2026-08-13 23:14:20",,,3049790.0,采购中心,水分,"7.6"
广西柳钢国际贸易有限公司,主焦煤|3级|进口|澳洲|Daunia,G3MMZJMH,吉利女神,铁山港,"4","2026-08-13 23:11:07",,,3542300.0,采购中心,水分,"9.3"
广西柳钢国际贸易有限公司,"1/3焦煤|2级|进口|哥伦比亚",G3MMSYK,第一玛歌,防城港,"4","2026-08-13 22:05:26",,,3436410.0,采购中心,水分,"8.0"
贵州盘南煤炭开发有限责任公司,瘦焦煤|1级|国内,G3MMSJ1,,小雨谷,"4","2026-08-13 21:45:55",,,260430.0,采购中心,Ad,"11.48"
贵州盘南煤炭开发有限责任公司,瘦焦煤|1级|国内,G3MMSJ1,,小雨谷,"4","2026-08-13 21:45:55",,,260430.0,采购中心,FCad,"72.34"
贵州盘南煤炭开发有限责任公司,瘦焦煤|1级|国内,G3MMSJ1,,小雨谷,"4","2026-08-13 21:45:55",,,260430.0,采购中心,Mad,"0.62"
贵州盘南煤炭开发有限责任公司,瘦焦煤|1级|国内,G3MMSJ1,,小雨谷,"4","2026-08-13 21:45:55",,,260430.0,采购中心,St.d,"0.89"
贵州盘南煤炭开发有限责任公司,瘦焦煤|1级|国内,G3MMSJ1,,小雨谷,"4","2026-08-13 21:45:55",,,260430.0,采购中心,Vdaf,"17.77"
贵州盘南煤炭开发有限责任公司,瘦焦煤|1级|国内,G3MMSJ1,,小雨谷,"4","2026-08-13 21:45:55",,,260430.0,采购中心,水分,"11.8"
贵州盘江精煤股份有限公司,"1/3焦煤|1级|国内",G3MMSY1,,柏果,"4","2026-08-13 21:26:55",,"5M",207320.0,采购中心,Ad,"10.81"
贵州盘江精煤股份有限公司,"1/3焦煤|1级|国内",G3MMSY1,,柏果,"4","2026-08-13 21:26:55",,"5M",207320.0,采购中心,FCad,"61.95"
贵州盘江精煤股份有限公司,"1/3焦煤|1级|国内",G3MMSY1,,柏果,"4","2026-08-13 21:26:55",,"5M",207320.0,采购中心,Mad,"1.00"
贵州盘江精煤股份有限公司,"1/3焦煤|1级|国内",G3MMSY1,,柏果,"4","2026-08-13 21:26:55",,"5M",207320.0,采购中心,St.d,"0.25"
贵州盘江精煤股份有限公司,"1/3焦煤|1级|国内",G3MMSY1,,柏果,"4","2026-08-13 21:26:55",,"5M",207320.0,采购中心,Vdaf,"29.84"
贵州盘江精煤股份有限公司,"1/3焦煤|1级|国内",G3MMSY1,,柏果,"4","2026-08-13 21:26:55",,"5M",207320.0,采购中心,水分,"12.0"
广西柳钢国际贸易有限公司,主焦煤|1级|进口|加拿大|普瑞,G3MMZJML,禄通,铁山港,"4","2026-08-13 19:31:43",,,6936970.0,采购中心,水分,"11.2"
四川省煤炭产业集团有限责任公司营销分公司,瘦焦煤|1级|国内,G3MMSJ1,,格里坪,"4","2026-08-13 19:02:09",,,583980.0,采购中心,Ad,"8.50"
四川省煤炭产业集团有限责任公司营销分公司,瘦焦煤|1级|国内,G3MMSJ1,,格里坪,"4","2026-08-13 19:02:09",,,583980.0,采购中心,FCad,"74.57"
四川省煤炭产业集团有限责任公司营销分公司,瘦焦煤|1级|国内,G3MMSJ1,,格里坪,"4","2026-08-13 19:02:09",,,583980.0,采购中心,Mad,"0.67"
四川省煤炭产业集团有限责任公司营销分公司,瘦焦煤|1级|国内,G3MMSJ1,,格里坪,"4","2026-08-13 19:02:09",,,583980.0,采购中心,St.d,"0.58"
四川省煤炭产业集团有限责任公司营销分公司,瘦焦煤|1级|国内,G3MMSJ1,,格里坪,"4","2026-08-13 19:02:09",,,583980.0,采购中心,Vdaf,"17.96"
四川省煤炭产业集团有限责任公司营销分公司,瘦焦煤|1级|国内,G3MMSJ1,,格里坪,"4","2026-08-13 19:02:09",,,583980.0,采购中心,水分,"9.2"
四川省煤炭产业集团有限责任公司营销分公司,瘦焦煤|1级|国内,G3MMSJ1,,格里坪,"4","2026-08-13 19:00:11",,,721370.0,采购中心,Ad,"8.47"
四川省煤炭产业集团有限责任公司营销分公司,瘦焦煤|1级|国内,G3MMSJ1,,格里坪,"4","2026-08-13 19:00:11",,,721370.0,采购中心,FCad,"74.15"
四川省煤炭产业集团有限责任公司营销分公司,瘦焦煤|1级|国内,G3MMSJ1,,格里坪,"4","2026-08-13 19:00:11",,,721370.0,采购中心,Mad,"0.61"
四川省煤炭产业集团有限责任公司营销分公司,瘦焦煤|1级|国内,G3MMSJ1,,格里坪,"4","2026-08-13 19:00:11",,,721370.0,采购中心,St.d,"0.58"
四川省煤炭产业集团有限责任公司营销分公司,瘦焦煤|1级|国内,G3MMSJ1,,格里坪,"4","2026-08-13 19:00:11",,,721370.0,采购中心,Vdaf,"18.49"
四川省煤炭产业集团有限责任公司营销分公司,瘦焦煤|1级|国内,G3MMSJ1,,格里坪,"4","2026-08-13 19:00:11",,,721370.0,采购中心,水分,"9.6"
焦化厂,炼焦配合煤,A2MMJPM,,,"4","2026-08-13 16:18:16",喷吹用煤（原料）,,,采购中心,Ad,"10.52"
焦化厂,炼焦配合煤,A2MMJPM,,,"4","2026-08-13 16:18:16",喷吹用煤（原料）,,,采购中心,Ad,"11.27"
焦化厂,炼焦配合煤,A2MMJPM,,,"4","2026-08-13 16:18:16",喷吹用煤（原料）,,,采购中心,Ad,"9.22"
焦化厂,炼焦配合煤,A2MMJPM,,,"4","2026-08-13 16:18:16",喷吹用煤（原料）,,,采购中心,FCad,"61.21"
焦化厂,炼焦配合煤,A2MMJPM,,,"4","2026-08-13 16:18:16",喷吹用煤（原料）,,,采购中心,FCad,"68.56"
焦化厂,炼焦配合煤,A2MMJPM,,,"4","2026-08-13 16:18:16",喷吹用煤（原料）,,,采购中心,FCad,"56.73"
焦化厂,炼焦配合煤,A2MMJPM,,,"4","2026-08-13 16:18:16",喷吹用煤（原料）,,,采购中心,Mad,"1.43"
焦化厂,炼焦配合煤,A2MMJPM,,,"4","2026-08-13 16:18:16",喷吹用煤（原料）,,,采购中心,Mad,"0.93"
焦化厂,炼焦配合煤,A2MMJPM,,,"4","2026-08-13 16:18:16",喷吹用煤（原料）,,,采购中心,Mad,"1.31"
焦化厂,炼焦配合煤,A2MMJPM,,,"4","2026-08-13 16:18:16",喷吹用煤（原料）,,,采购中心,St.d,"0.30"
焦化厂,炼焦配合煤,A2MMJPM,,,"4","2026-08-13 16:18:16",喷吹用煤（原料）,,,采购中心,St.d,"0.64"
焦化厂,炼焦配合煤,A2MMJPM,,,"4","2026-08-13 16:18:16",喷吹用煤（原料）,,,采购中心,St.d,"0.37"
焦化厂,炼焦配合煤,A2MMJPM,,,"4","2026-08-13 16:18:16",喷吹用煤（原料）,,,采购中心,Vdaf,"35.22"
焦化厂,炼焦配合煤,A2MMJPM,,,"4","2026-08-13 16:18:16",喷吹用煤（原料）,,,采购中心,Vdaf,"31.59"
焦化厂,炼焦配合煤,A2MMJPM,,,"4","2026-08-13 16:18:16",喷吹用煤（原料）,,,采购中心,Vdaf,"22.66"
焦化厂,炼焦配合煤,A2MMJPM,,,"4","2026-08-13 16:18:16",喷吹用煤（原料）,,,采购中心,水分,"9.2"
焦化厂,炼焦配合煤,A2MMJPM,,,"4","2026-08-13 16:18:16",喷吹用煤（原料）,,,采购中心,水分,"8.6"
焦化厂,炼焦配合煤,A2MMJPM,,,"4","2026-08-13 16:18:16",喷吹用煤（原料）,,,采购中心,水分,"11.4"
贵州盘江精煤股份有限公司,"1/3焦煤|1级|国内",G3MMSY1,,柏果,"4","2026-08-13 15:50:41",,A2,255330.0,采购中心,Ad,"10.87"
贵州盘江精煤股份有限公司,"1/3焦煤|1级|国内",G3MMSY1,,柏果,"4","2026-08-13 15:50:41",,A2,255330.0,采购中心,FCad,"62.51"
贵州盘江精煤股份有限公司,"1/3焦煤|1级|国内",G3MMSY1,,柏果,"4","2026-08-13 15:50:41",,A2,255330.0,采购中心,Mad,"0.85"
贵州盘江精煤股份有限公司,"1/3焦煤|1级|国内",G3MMSY1,,柏果,"4","2026-08-13 15:50:41",,A2,255330.0,采购中心,St.d,"0.25"
贵州盘江精煤股份有限公司,"1/3焦煤|1级|国内",G3MMSY1,,柏果,"4","2026-08-13 15:50:41",,A2,255330.0,采购中心,Vdaf,"29.26"
贵州盘江精煤股份有限公司,"1/3焦煤|1级|国内",G3MMSY1,,柏果,"4","2026-08-13 15:50:41",,A2,255330.0,采购中心,水分,"10.7"
广西柳钢国际贸易有限公司,贫瘦煤|进口|俄罗斯,G3MMPS8,华源,铁山港,"4","2026-08-13 11:58:44",,,209390.0,采购中心,水分,"7.6"
广西柳钢国际贸易有限公司,主焦煤|1级|进口|加拿大|普瑞,G3MMZJML,禄通,铁山港,"4","2026-08-13 11:55:10",,,2848340.0,采购中心,水分,"11.0"
贵州盘南煤炭开发有限责任公司,瘦焦煤|1级|国内,G3MMSJ1,,小雨谷,"4","2026-08-13 11:48:11",,A2,617070.0,采购中心,Ad,"11.16"
贵州盘南煤炭开发有限责任公司,瘦焦煤|1级|国内,G3MMSJ1,,小雨谷,"4","2026-08-13 11:48:11",,A2,617070.0,采购中心,FCad,"72.94"
贵州盘南煤炭开发有限责任公司,瘦焦煤|1级|国内,G3MMSJ1,,小雨谷,"4","2026-08-13 11:48:11",,A2,617070.0,采购中心,Mad,"0.76"
贵州盘南煤炭开发有限责任公司,瘦焦煤|1级|国内,G3MMSJ1,,小雨谷,"4","2026-08-13 11:48:11",,A2,617070.0,采购中心,St.d,"0.86"
贵州盘南煤炭开发有限责任公司,瘦焦煤|1级|国内,G3MMSJ1,,小雨谷,"4","2026-08-13 11:48:11",,A2,617070.0,采购中心,Vdaf,"17.26"
贵州盘南煤炭开发有限责任公司,瘦焦煤|1级|国内,G3MMSJ1,,小雨谷,"4","2026-08-13 11:48:11",,A2,617070.0,采购中心,水分,"12.4"
广西柳钢国际贸易有限公司,肥煤|国内,G3MMFF1,,宝丰,"4","2026-08-13 11:17:23",,"4M",1160120.0,采购中心,Ad,"11.00"
广西柳钢国际贸易有限公司,肥煤|国内,G3MMFF1,,宝丰,"4","2026-08-13 11:17:23",,"4M",1160120.0,采购中心,FCad,"61.99"
广西柳钢国际贸易有限公司,肥煤|国内,G3MMFF1,,宝丰,"4","2026-08-13 11:17:23",,"4M",1160120.0,采购中心,Mad,"0.99"
广西柳钢国际贸易有限公司,肥煤|国内,G3MMFF1,,宝丰,"4","2026-08-13 11:17:23",,"4M",1160120.0,采购中心,St.d,"2.22"
广西柳钢国际贸易有限公司,肥煤|国内,G3MMFF1,,宝丰,"4","2026-08-13 11:17:23",,"4M",1160120.0,采购中心,Vdaf,"29.65"
广西柳钢国际贸易有限公司,肥煤|国内,G3MMFF1,,宝丰,"4","2026-08-13 11:17:23",,"4M",1160120.0,采购中心,水分,"11.7"
广西柳钢国际贸易有限公司,肥煤|国内,G3MMFF1,,宝丰,"4","2026-08-13 10:45:47",,"1M",602410.0,采购中心,Ad,"10.70"
广西柳钢国际贸易有限公司,肥煤|国内,G3MMFF1,,宝丰,"4","2026-08-13 10:45:47",,"1M",602410.0,采购中心,FCad,"62.07"
广西柳钢国际贸易有限公司,肥煤|国内,G3MMFF1,,宝丰,"4","2026-08-13 10:45:47",,"1M",602410.0,采购中心,Mad,"1.01"
广西柳钢国际贸易有限公司,肥煤|国内,G3MMFF1,,宝丰,"4","2026-08-13 10:45:47",,"1M",602410.0,采购中心,St.d,"2.17"
广西柳钢国际贸易有限公司,肥煤|国内,G3MMFF1,,宝丰,"4","2026-08-13 10:45:47",,"1M",602410.0,采购中心,Vdaf,"29.78"
广西柳钢国际贸易有限公司,肥煤|国内,G3MMFF1,,宝丰,"4","2026-08-13 10:45:47",,"1M",602410.0,采购中心,水分,"11.6"
广西柳钢国际贸易有限公司,气煤|进口|E|AEJ,G3MMQQD,金牛,防城港,"4","2026-08-13 08:57:21",,A2,1630160.0,采购中心,Ad,"11.43"
广西柳钢国际贸易有限公司,气煤|进口|E|AEJ,G3MMQQD,金牛,防城港,"4","2026-08-13 08:57:21",,A2,1630160.0,采购中心,FCad,"56.38"
广西柳钢国际贸易有限公司,气煤|进口|E|AEJ,G3MMQQD,金牛,防城港,"4","2026-08-13 08:57:21",,A2,1630160.0,采购中心,Mad,"1.29"
广西柳钢国际贸易有限公司,气煤|进口|E|AEJ,G3MMQQD,金牛,防城港,"4","2026-08-13 08:57:21",,A2,1630160.0,采购中心,St.d,"0.30"
广西柳钢国际贸易有限公司,气煤|进口|E|AEJ,G3MMQQD,金牛,防城港,"4","2026-08-13 08:57:21",,A2,1630160.0,采购中心,Vdaf,"35.51"
广西柳钢国际贸易有限公司,气煤|进口|E|AEJ,G3MMQQD,金牛,防城港,"4","2026-08-13 08:57:21",,A2,1630160.0,采购中心,水分,"14.1"
广西柳钢国际贸易有限公司,贫瘦煤|国内,G3MMPS1,德邻惠航,,"4","2026-08-13 08:55:11",,,50950.0,采购中心,Ad,"11.69"
广西柳钢国际贸易有限公司,贫瘦煤|国内,G3MMPS1,德邻惠航,,"4","2026-08-13 08:55:11",,,50950.0,采购中心,FCad,"71.34"
广西柳钢国际贸易有限公司,贫瘦煤|国内,G3MMPS1,德邻惠航,,"4","2026-08-13 08:55:11",,,50950.0,采购中心,Mad,"3.15"
广西柳钢国际贸易有限公司,贫瘦煤|国内,G3MMPS1,德邻惠航,,"4","2026-08-13 08:55:11",,,50950.0,采购中心,St.d,"0.54"
广西柳钢国际贸易有限公司,贫瘦煤|国内,G3MMPS1,德邻惠航,,"4","2026-08-13 08:55:11",,,50950.0,采购中心,Vdaf,"16.59"
广西柳钢国际贸易有限公司,贫瘦煤|国内,G3MMPS1,德邻惠航,,"4","2026-08-13 08:55:11",,,50950.0,采购中心,水分,"9.0"
湖南华菱资源贸易有限公司,烟煤|国内,G3MMYY1,,神木西,"4","2026-08-13 05:09:51",,A7,648830.0,采购中心,Ad,"6.50"
湖南华菱资源贸易有限公司,烟煤|国内,G3MMYY1,,神木西,"4","2026-08-13 05:09:51",,A7,648830.0,采购中心,FCad,"54.68"
湖南华菱资源贸易有限公司,烟煤|国内,G3MMYY1,,神木西,"4","2026-08-13 05:09:51",,A7,648830.0,采购中心,Mad,"5.30"
湖南华菱资源贸易有限公司,烟煤|国内,G3MMYY1,,神木西,"4","2026-08-13 05:09:51",,A7,648830.0,采购中心,St.d,"0.50"
湖南华菱资源贸易有限公司,烟煤|国内,G3MMYY1,,神木西,"4","2026-08-13 05:09:51",,A7,648830.0,采购中心,Vdaf,"38.24"
湖南华菱资源贸易有限公司,烟煤|国内,G3MMYY1,,神木西,"4","2026-08-13 05:09:51",,A7,648830.0,采购中心,水分,"16.3"
湖南华菱资源贸易有限公司,烟煤|国内,G3MMYY1,,神木西,"4","2026-08-13 04:44:48",,A2,969570.0,采购中心,Ad,"6.23"
湖南华菱资源贸易有限公司,烟煤|国内,G3MMYY1,,神木西,"4","2026-08-13 04:44:48",,A2,969570.0,采购中心,FCad,"54.60"
湖南华菱资源贸易有限公司,烟煤|国内,G3MMYY1,,神木西,"4","2026-08-13 04:44:48",,A2,969570.0,采购中心,Mad,"6.19"
湖南华菱资源贸易有限公司,烟煤|国内,G3MMYY1,,神木西,"4","2026-08-13 04:44:48",,A2,969570.0,采购中心,St.d,"0.50"
湖南华菱资源贸易有限公司,烟煤|国内,G3MMYY1,,神木西,"4","2026-08-13 04:44:48",,A2,969570.0,采购中心,Vdaf,"37.93"
湖南华菱资源贸易有限公司,烟煤|国内,G3MMYY1,,神木西,"4","2026-08-13 04:44:48",,A2,969570.0,采购中心,水分,"16.7"
广西柳钢国际贸易有限公司,主焦煤|2级|进口|澳洲|GLV Prime,G3MMZJ8,瑞海,防城港,"4","2026-08-13 04:33:18",,,3521280.0,采购中心,水分,"9.4"
广西柳钢国际贸易有限公司,"1/3焦煤|2级|进口|哥伦比亚",G3MMSYK,第一玛歌,防城港,"4","2026-08-13 04:26:02",,"4M",1435370.0,采购中心,Ad,"9.45"
广西柳钢国际贸易有限公司,"1/3焦煤|2级|进口|哥伦比亚",G3MMSYK,第一玛歌,防城港,"4","2026-08-13 04:26:02",,"4M",1435370.0,采购中心,FCad,"59.98"
广西柳钢国际贸易有限公司,"1/3焦煤|2级|进口|哥伦比亚",G3MMSYK,第一玛歌,防城港,"4","2026-08-13 04:26:02",,"4M",1435370.0,采购中心,Mad,"1.12"
广西柳钢国际贸易有限公司,"1/3焦煤|2级|进口|哥伦比亚",G3MMSYK,第一玛歌,防城港,"4","2026-08-13 04:26:02",,"4M",1435370.0,采购中心,St.d,"0.82"
广西柳钢国际贸易有限公司,"1/3焦煤|2级|进口|哥伦比亚",G3MMSYK,第一玛歌,防城港,"4","2026-08-13 04:26:02",,"4M",1435370.0,采购中心,Vdaf,"33.01"
广西柳钢国际贸易有限公司,"1/3焦煤|2级|进口|哥伦比亚",G3MMSYK,第一玛歌,防城港,"4","2026-08-13 04:26:02",,"4M",1435370.0,采购中心,水分,"9.8"
湖南华菱资源贸易有限公司,烟煤|国内,G3MMYY1,,神木西,"4","2026-08-13 03:54:27",,A2,969570.0,采购中心,Ad,"5.97"
湖南华菱资源贸易有限公司,烟煤|国内,G3MMYY1,,神木西,"4","2026-08-13 03:54:27",,A2,969570.0,采购中心,FCad,"55.79"
湖南华菱资源贸易有限公司,烟煤|国内,G3MMYY1,,神木西,"4","2026-08-13 03:54:27",,A2,969570.0,采购中心,Mad,"4.78"
湖南华菱资源贸易有限公司,烟煤|国内,G3MMYY1,,神木西,"4","2026-08-13 03:54:27",,A2,969570.0,采购中心,St.d,"0.47"
湖南华菱资源贸易有限公司,烟煤|国内,G3MMYY1,,神木西,"4","2026-08-13 03:54:27",,A2,969570.0,采购中心,Vdaf,"37.69"
湖南华菱资源贸易有限公司,烟煤|国内,G3MMYY1,,神木西,"4","2026-08-13 03:54:27",,A2,969570.0,采购中心,水分,"16.8"
湖南华菱资源贸易有限公司,烟煤|国内,G3MMYY1,,神木西,"4","2026-08-13 03:54:06",,料3,623570.0,采购中心,Ad,"6.05"
湖南华菱资源贸易有限公司,烟煤|国内,G3MMYY1,,神木西,"4","2026-08-13 03:54:06",,料3,623570.0,采购中心,FCad,"54.25"
湖南华菱资源贸易有限公司,烟煤|国内,G3MMYY1,,神木西,"4","2026-08-13 03:54:06",,料3,623570.0,采购中心,Mad,"6.44"
湖南华菱资源贸易有限公司,烟煤|国内,G3MMYY1,,神木西,"4","2026-08-13 03:54:06",,料3,623570.0,采购中心,St.d,"0.50"
湖南华菱资源贸易有限公司,烟煤|国内,G3MMYY1,,神木西,"4","2026-08-13 03:54:06",,料3,623570.0,采购中心,Vdaf,"38.28"
湖南华菱资源贸易有限公司,烟煤|国内,G3MMYY1,,神木西,"4","2026-08-13 03:54:06",,料3,623570.0,采购中心,水分,"16.9"
安徽皖煤物资贸易有限责任公司,气煤|进口|E|AEJ,G3MMQQD,金牛,防城港,"4","2026-08-13 03:51:42",,"1M",1232420.0,采购中心,Ad,"11.17"
安徽皖煤物资贸易有限责任公司,气煤|进口|E|AEJ,G3MMQQD,金牛,防城港,"4","2026-08-13 03:51:42",,"1M",1232420.0,采购中心,FCad,"56.30"
安徽皖煤物资贸易有限责任公司,气煤|进口|E|AEJ,G3MMQQD,金牛,防城港,"4","2026-08-13 03:51:42",,"1M",1232420.0,采购中心,Mad,"1.36"
安徽皖煤物资贸易有限责任公司,气煤|进口|E|AEJ,G3MMQQD,金牛,防城港,"4","2026-08-13 03:51:42",,"1M",1232420.0,采购中心,St.d,"0.31"
安徽皖煤物资贸易有限责任公司,气煤|进口|E|AEJ,G3MMQQD,金牛,防城港,"4","2026-08-13 03:51:42",,"1M",1232420.0,采购中心,Vdaf,"35.74"
安徽皖煤物资贸易有限责任公司,气煤|进口|E|AEJ,G3MMQQD,金牛,防城港,"4","2026-08-13 03:51:42",,"1M",1232420.0,采购中心,水分,"13.1"
广西柳钢国际贸易有限公司,主焦煤|3级|进口|澳洲|Fitzroy CD,G3MMZJMO,环球,防城港,"4","2026-08-13 02:18:52",,"5M",1453720.0,采购中心,Ad,"8.44"
广西柳钢国际贸易有限公司,主焦煤|3级|进口|澳洲|Fitzroy CD,G3MMZJMO,环球,防城港,"4","2026-08-13 02:18:52",,"5M",1453720.0,采购中心,FCad,"68.99"
广西柳钢国际贸易有限公司,主焦煤|3级|进口|澳洲|Fitzroy CD,G3MMZJMO,环球,防城港,"4","2026-08-13 02:18:52",,"5M",1453720.0,采购中心,Mad,"1.14"
广西柳钢国际贸易有限公司,主焦煤|3级|进口|澳洲|Fitzroy CD,G3MMZJMO,环球,防城港,"4","2026-08-13 02:18:52",,"5M",1453720.0,采购中心,St.d,"0.35"
广西柳钢国际贸易有限公司,主焦煤|3级|进口|澳洲|Fitzroy CD,G3MMZJMO,环球,防城港,"4","2026-08-13 02:18:52",,"5M",1453720.0,采购中心,Vdaf,"23.78"
广西柳钢国际贸易有限公司,主焦煤|3级|进口|澳洲|Fitzroy CD,G3MMZJMO,环球,防城港,"4","2026-08-13 02:18:52",,"5M",1453720.0,采购中心,水分,"11.5"
广西柳钢国际贸易有限公司,主焦煤|3级|进口|澳洲|Daunia,G3MMZJMH,吉利女神,铁山港,"4","2026-08-12 23:04:08",,,3395530.0,采购中心,水分,"9.9"
贵州盘江精煤股份有限公司,"1/3焦煤|1级|国内",G3MMSY1,,柏果,"4","2026-08-12 21:59:12",,"5M",611170.0,采购中心,Ad,"10.71"
贵州盘江精煤股份有限公司,"1/3焦煤|1级|国内",G3MMSY1,,柏果,"4","2026-08-12 21:59:12",,"5M",611170.0,采购中心,FCad,"61.99"
贵州盘江精煤股份有限公司,"1/3焦煤|1级|国内",G3MMSY1,,柏果,"4","2026-08-12 21:59:12",,"5M",611170.0,采购中心,Mad,"0.96"
贵州盘江精煤股份有限公司,"1/3焦煤|1级|国内",G3MMSY1,,柏果,"4","2026-08-12 21:59:12",,"5M",611170.0,采购中心,St.d,"0.26"
贵州盘江精煤股份有限公司,"1/3焦煤|1级|国内",G3MMSY1,,柏果,"4","2026-08-12 21:59:12",,"5M",611170.0,采购中心,Vdaf,"29.90"
贵州盘江精煤股份有限公司,"1/3焦煤|1级|国内",G3MMSY1,,柏果,"4","2026-08-12 21:59:12",,"5M",611170.0,采购中心,水分,"12.5"
山西潞安环保能源开发股份有限公司,贫瘦煤|国内,G3MMPS1,,长治北,"4","2026-08-12 20:09:00",,A2,2117290.0,采购中心,Ad,"10.33"
山西潞安环保能源开发股份有限公司,贫瘦煤|国内,G3MMPS1,,长治北,"4","2026-08-12 20:09:00",,A2,2117290.0,采购中心,FCad,"77.53"
山西潞安环保能源开发股份有限公司,贫瘦煤|国内,G3MMPS1,,长治北,"4","2026-08-12 20:09:00",,A2,2117290.0,采购中心,Mad,"0.91"
山西潞安环保能源开发股份有限公司,贫瘦煤|国内,G3MMPS1,,长治北,"4","2026-08-12 20:09:00",,A2,2117290.0,采购中心,St.d,"0.41"
山西潞安环保能源开发股份有限公司,贫瘦煤|国内,G3MMPS1,,长治北,"4","2026-08-12 20:09:00",,A2,2117290.0,采购中心,Vdaf,"12.74"
山西潞安环保能源开发股份有限公司,贫瘦煤|国内,G3MMPS1,,长治北,"4","2026-08-12 20:09:00",,A2,2117290.0,采购中心,水分,"11.1"
广西柳钢国际贸易有限公司,主焦煤|3级|进口|澳洲|Daunia,G3MMZJMH,流星,防城港,"4","2026-08-12 18:06:22",,"4M",3308940.0,采购中心,Ad,"8.80"
广西柳钢国际贸易有限公司,主焦煤|3级|进口|澳洲|Daunia,G3MMZJMH,流星,防城港,"4","2026-08-12 18:06:22",,"4M",3308940.0,采购中心,FCad,"69.53"
广西柳钢国际贸易有限公司,主焦煤|3级|进口|澳洲|Daunia,G3MMZJMH,流星,防城港,"4","2026-08-12 18:06:22",,"4M",3308940.0,采购中心,Mad,"1.14"
广西柳钢国际贸易有限公司,主焦煤|3级|进口|澳洲|Daunia,G3MMZJMH,流星,防城港,"4","2026-08-12 18:06:22",,"4M",3308940.0,采购中心,St.d,"0.41"
广西柳钢国际贸易有限公司,主焦煤|3级|进口|澳洲|Daunia,G3MMZJMH,流星,防城港,"4","2026-08-12 18:06:22",,"4M",3308940.0,采购中心,Vdaf,"22.88"
广西柳钢国际贸易有限公司,主焦煤|3级|进口|澳洲|Daunia,G3MMZJMH,流星,防城港,"4","2026-08-12 18:06:22",,"4M",3308940.0,采购中心,水分,"12.1"
贵州盘江精煤股份有限公司,"1/3焦煤|1级|国内",G3MMSY1,,柏果,"4","2026-08-12 17:50:54",,"5M",960530.0,采购中心,Ad,"10.83"
贵州盘江精煤股份有限公司,"1/3焦煤|1级|国内",G3MMSY1,,柏果,"4","2026-08-12 17:50:54",,"5M",960530.0,采购中心,FCad,"61.40"
贵州盘江精煤股份有限公司,"1/3焦煤|1级|国内",G3MMSY1,,柏果,"4","2026-08-12 17:50:54",,"5M",960530.0,采购中心,Mad,"0.95"
贵州盘江精煤股份有限公司,"1/3焦煤|1级|国内",G3MMSY1,,柏果,"4","2026-08-12 17:50:54",,"5M",960530.0,采购中心,St.d,"0.26"
贵州盘江精煤股份有限公司,"1/3焦煤|1级|国内",G3MMSY1,,柏果,"4","2026-08-12 17:50:54",,"5M",960530.0,采购中心,Vdaf,"30.48"
贵州盘江精煤股份有限公司,"1/3焦煤|1级|国内",G3MMSY1,,柏果,"4","2026-08-12 17:50:54",,"5M",960530.0,采购中心,水分,"11.8"
贵州盘南煤炭开发有限责任公司,瘦焦煤|1级|国内,G3MMSJ1,,小雨谷,"4","2026-08-12 17:25:53",,"1M",571600.0,采购中心,Ad,"10.94"
贵州盘南煤炭开发有限责任公司,瘦焦煤|1级|国内,G3MMSJ1,,小雨谷,"4","2026-08-12 17:25:53",,"1M",571600.0,采购中心,FCad,"72.93"
贵州盘南煤炭开发有限责任公司,瘦焦煤|1级|国内,G3MMSJ1,,小雨谷,"4","2026-08-12 17:25:53",,"1M",571600.0,采购中心,Mad,"0.70"
贵州盘南煤炭开发有限责任公司,瘦焦煤|1级|国内,G3MMSJ1,,小雨谷,"4","2026-08-12 17:25:53",,"1M",571600.0,采购中心,St.d,"0.89"
贵州盘南煤炭开发有限责任公司,瘦焦煤|1级|国内,G3MMSJ1,,小雨谷,"4","2026-08-12 17:25:53",,"1M",571600.0,采购中心,Vdaf,"17.54"
贵州盘南煤炭开发有限责任公司,瘦焦煤|1级|国内,G3MMSJ1,,小雨谷,"4","2026-08-12 17:25:53",,"1M",571600.0,采购中心,水分,"11.5"
,瘦焦煤|1级|国内,G3MMSJ1,,,"4","2026-08-12 17:10:51",,"1M",,采购中心,Ad,"9.55"
,瘦焦煤|1级|国内,G3MMSJ1,,,"4","2026-08-12 17:10:51",,"1M",,采购中心,FCad,"70.42"
,瘦焦煤|1级|国内,G3MMSJ1,,,"4","2026-08-12 17:10:51",,"1M",,采购中心,Mad,"0.83"
,瘦焦煤|1级|国内,G3MMSJ1,,,"4","2026-08-12 17:10:51",,"1M",,采购中心,St.d,"0.56"
,瘦焦煤|1级|国内,G3MMSJ1,,,"4","2026-08-12 17:10:51",,"1M",,采购中心,Vdaf,"21.49"
,瘦焦煤|1级|国内,G3MMSJ1,,,"4","2026-08-12 17:10:51",,"1M",,采购中心,水分,"12.2"
焦化厂,炼焦配合煤,A2MMJPM,,,"4","2026-08-12 16:26:11",喷吹用煤（原料）,,,采购中心,Ad,"10.55"
焦化厂,炼焦配合煤,A2MMJPM,,,"4","2026-08-12 16:26:11",喷吹用煤（原料）,,,采购中心,Ad,"9.63"
焦化厂,炼焦配合煤,A2MMJPM,,,"4","2026-08-12 16:26:11",喷吹用煤（原料）,,,采购中心,Ad,"11.53"
焦化厂,炼焦配合煤,A2MMJPM,,,"4","2026-08-12 16:26:11",喷吹用煤（原料）,,,采购中心,FCad,"71.90"
焦化厂,炼焦配合煤,A2MMJPM,,,"4","2026-08-12 16:26:11",喷吹用煤（原料）,,,采购中心,FCad,"75.93"
焦化厂,炼焦配合煤,A2MMJPM,,,"4","2026-08-12 16:26:11",喷吹用煤（原料）,,,采购中心,FCad,"68.61"
焦化厂,炼焦配合煤,A2MMJPM,,,"4","2026-08-12 16:26:11",喷吹用煤（原料）,,,采购中心,Mad,"0.90"
焦化厂,炼焦配合煤,A2MMJPM,,,"4","2026-08-12 16:26:11",喷吹用煤（原料）,,,采购中心,Mad,"1.04"
焦化厂,炼焦配合煤,A2MMJPM,,,"4","2026-08-12 16:26:11",喷吹用煤（原料）,,,采购中心,Mad,"1.44"
焦化厂,炼焦配合煤,A2MMJPM,,,"4","2026-08-12 16:26:11",喷吹用煤（原料）,,,采购中心,St.d,"0.41"
焦化厂,炼焦配合煤,A2MMJPM,,,"4","2026-08-12 16:26:11",喷吹用煤（原料）,,,采购中心,St.d,"1.52"
焦化厂,炼焦配合煤,A2MMJPM,,,"4","2026-08-12 16:26:11",喷吹用煤（原料）,,,采购中心,St.d,"0.69"
焦化厂,炼焦配合煤,A2MMJPM,,,"4","2026-08-12 16:26:11",喷吹用煤（原料）,,,采购中心,Vdaf,"18.78"
焦化厂,炼焦配合煤,A2MMJPM,,,"4","2026-08-12 16:26:11",喷吹用煤（原料）,,,采购中心,Vdaf,"14.75"
焦化厂,炼焦配合煤,A2MMJPM,,,"4","2026-08-12 16:26:11",喷吹用煤（原料）,,,采购中心,Vdaf,"21.74"
焦化厂,炼焦配合煤,A2MMJPM,,,"4","2026-08-12 16:26:11",喷吹用煤（原料）,,,采购中心,水分,"7.9"
焦化厂,炼焦配合煤,A2MMJPM,,,"4","2026-08-12 16:26:11",喷吹用煤（原料）,,,采购中心,水分,"15.1"
焦化厂,炼焦配合煤,A2MMJPM,,,"4","2026-08-12 16:26:11",喷吹用煤（原料）,,,采购中心,水分,"12.3"
广西柳钢国际贸易有限公司,贫瘦煤|国内,G3MMPS1,德邻惠航,,"4","2026-08-12 16:19:12",,,778550.0,采购中心,Ad,"10.51"
广西柳钢国际贸易有限公司,贫瘦煤|国内,G3MMPS1,德邻惠航,,"4","2026-08-12 16:19:12",,,778550.0,采购中心,FCad,"72.75"
广西柳钢国际贸易有限公司,贫瘦煤|国内,G3MMPS1,德邻惠航,,"4","2026-08-12 16:19:12",,,778550.0,采购中心,Mad,"3.22"
广西柳钢国际贸易有限公司,贫瘦煤|国内,G3MMPS1,德邻惠航,,"4","2026-08-12 16:19:12",,,778550.0,采购中心,St.d,"0.56"
广西柳钢国际贸易有限公司,贫瘦煤|国内,G3MMPS1,德邻惠航,,"4","2026-08-12 16:19:12",,,778550.0,采购中心,Vdaf,"16.00"
广西柳钢国际贸易有限公司,贫瘦煤|国内,G3MMPS1,德邻惠航,,"4","2026-08-12 16:19:12",,,778550.0,采购中心,水分,"11.9"
广西柳钢国际贸易有限公司,"1/3焦煤|1级|国内",G3MMSY1,,宝丰,"4","2026-08-12 15:06:25",,"1M",615800.0,采购中心,水分,"12.5"
广西柳钢国际贸易有限公司,主焦煤|1级|进口|加拿大|瑞峰,G3MMZJC,清水河,防城港,"4","2026-08-12 15:05:19",,,67150.0,采购中心,水分,"16.2"
广西柳钢国际贸易有限公司,主焦煤|3级|进口|澳洲|Daunia,G3MMZJMH,流星,防城港,"4","2026-08-12 15:03:08",,,136220.0,采购中心,水分,"11.5"
广西柳钢国际贸易有限公司,主焦煤|3级|进口|澳洲|Daunia,G3MMZJMH,流星,防城港,"4","2026-08-12 15:00:50",,"1M",3378140.0,采购中心,水分,"13.5"
广西柳钢国际贸易有限公司,"1/3焦煤|1级|国内",G3MMSY1,,宝丰,"4","2026-08-12 14:59:19",,,540490.0,采购中心,水分,"12.4"
淮南矿业（集团）有限责任公司,"1/3焦煤|1级|国内",G3MMSY1,,潘集西,"4","2026-08-12 14:56:52",,"1M",3027030.0,采购中心,水分,"10.7"
贵州盘江精煤股份有限公司,"1/3焦煤|1级|国内",G3MMSY1,,柏果,"4","2026-08-12 11:34:16",,"4M",804730.0,采购中心,Ad,"10.76"
贵州盘江精煤股份有限公司,"1/3焦煤|1级|国内",G3MMSY1,,柏果,"4","2026-08-12 11:34:16",,"4M",804730.0,采购中心,FCad,"61.67"
贵州盘江精煤股份有限公司,"1/3焦煤|1级|国内",G3MMSY1,,柏果,"4","2026-08-12 11:34:16",,"4M",804730.0,采购中心,Mad,"1.01"
贵州盘江精煤股份有限公司,"1/3焦煤|1级|国内",G3MMSY1,,柏果,"4","2026-08-12 11:34:16",,"4M",804730.0,采购中心,St.d,"0.25"
贵州盘江精煤股份有限公司,"1/3焦煤|1级|国内",G3MMSY1,,柏果,"4","2026-08-12 11:34:16",,"4M",804730.0,采购中心,Vdaf,"30.19"
贵州盘江精煤股份有限公司,"1/3焦煤|1级|国内",G3MMSY1,,柏果,"4","2026-08-12 11:34:16",,"4M",804730.0,采购中心,水分,"11.0"
湖南华菱资源贸易有限公司,烟煤|国内,G3MMYY1,,神木西,"4","2026-08-12 11:01:46",,A2,1027660.0,采购中心,Ad,"5.84"
湖南华菱资源贸易有限公司,烟煤|国内,G3MMYY1,,神木西,"4","2026-08-12 11:01:46",,A2,1027660.0,采购中心,FCad,"55.35"
湖南华菱资源贸易有限公司,烟煤|国内,G3MMYY1,,神木西,"4","2026-08-12 11:01:46",,A2,1027660.0,采购中心,Mad,"5.23"
湖南华菱资源贸易有限公司,烟煤|国内,G3MMYY1,,神木西,"4","2026-08-12 11:01:46",,A2,1027660.0,采购中心,St.d,"0.46"
湖南华菱资源贸易有限公司,烟煤|国内,G3MMYY1,,神木西,"4","2026-08-12 11:01:46",,A2,1027660.0,采购中心,Vdaf,"37.97"
湖南华菱资源贸易有限公司,烟煤|国内,G3MMYY1,,神木西,"4","2026-08-12 11:01:46",,A2,1027660.0,采购中心,水分,"15.7"
湖南华菱资源贸易有限公司,烟煤|国内,G3MMYY1,,神木西,"4","2026-08-12 10:47:38",,A2,1040550.0,采购中心,Ad,"5.95"
湖南华菱资源贸易有限公司,烟煤|国内,G3MMYY1,,神木西,"4","2026-08-12 10:47:38",,A2,1040550.0,采购中心,FCad,"55.31"
湖南华菱资源贸易有限公司,烟煤|国内,G3MMYY1,,神木西,"4","2026-08-12 10:47:38",,A2,1040550.0,采购中心,Mad,"5.60"
湖南华菱资源贸易有限公司,烟煤|国内,G3MMYY1,,神木西,"4","2026-08-12 10:47:38",,A2,1040550.0,采购中心,St.d,"0.49"
湖南华菱资源贸易有限公司,烟煤|国内,G3MMYY1,,神木西,"4","2026-08-12 10:47:38",,A2,1040550.0,采购中心,Vdaf,"37.70"
湖南华菱资源贸易有限公司,烟煤|国内,G3MMYY1,,神木西,"4","2026-08-12 10:47:38",,A2,1040550.0,采购中心,水分,"15.4"
湖南华菱资源贸易有限公司,烟煤|国内,G3MMYY1,,神木西,"4","2026-08-12 06:25:12",,A2,927830.0,采购中心,Ad,"5.96"
湖南华菱资源贸易有限公司,烟煤|国内,G3MMYY1,,神木西,"4","2026-08-12 06:25:12",,A2,927830.0,采购中心,FCad,"55.08"
湖南华菱资源贸易有限公司,烟煤|国内,G3MMYY1,,神木西,"4","2026-08-12 06:25:12",,A2,927830.0,采购中心,Mad,"5.78"
湖南华菱资源贸易有限公司,烟煤|国内,G3MMYY1,,神木西,"4","2026-08-12 06:25:12",,A2,927830.0,采购中心,St.d,"0.48"
湖南华菱资源贸易有限公司,烟煤|国内,G3MMYY1,,神木西,"4","2026-08-12 06:25:12",,A2,927830.0,采购中心,Vdaf,"37.82"
湖南华菱资源贸易有限公司,烟煤|国内,G3MMYY1,,神木西,"4","2026-08-12 06:25:12",,A2,927830.0,采购中心,水分,"14.7"
湖南华菱资源贸易有限公司,烟煤|国内,G3MMYY1,,神木西,"4","2026-08-12 06:06:36",,A2,182350.0,采购中心,Ad,"6.05"
湖南华菱资源贸易有限公司,烟煤|国内,G3MMYY1,,神木西,"4","2026-08-12 06:06:36",,A2,182350.0,采购中心,FCad,"55.41"
湖南华菱资源贸易有限公司,烟煤|国内,G3MMYY1,,神木西,"4","2026-08-12 06:06:36",,A2,182350.0,采购中心,Mad,"5.30"
湖南华菱资源贸易有限公司,烟煤|国内,G3MMYY1,,神木西,"4","2026-08-12 06:06:36",,A2,182350.0,采购中心,St.d,"0.45"
湖南华菱资源贸易有限公司,烟煤|国内,G3MMYY1,,神木西,"4","2026-08-12 06:06:36",,A2,182350.0,采购中心,Vdaf,"37.72"
湖南华菱资源贸易有限公司,烟煤|国内,G3MMYY1,,神木西,"4","2026-08-12 06:06:36",,A2,182350.0,采购中心,水分,"15.8"
湖南华菱资源贸易有限公司,烟煤|国内,G3MMYY1,,神木西,"4","2026-08-12 05:36:54",,A2,927830.0,采购中心,Ad,"6.09"
湖南华菱资源贸易有限公司,烟煤|国内,G3MMYY1,,神木西,"4","2026-08-12 05:36:54",,A2,927830.0,采购中心,FCad,"55.11"
湖南华菱资源贸易有限公司,烟煤|国内,G3MMYY1,,神木西,"4","2026-08-12 05:36:54",,A2,927830.0,采购中心,Mad,"5.32"
湖南华菱资源贸易有限公司,烟煤|国内,G3MMYY1,,神木西,"4","2026-08-12 05:36:54",,A2,927830.0,采购中心,St.d,"0.46"
湖南华菱资源贸易有限公司,烟煤|国内,G3MMYY1,,神木西,"4","2026-08-12 05:36:54",,A2,927830.0,采购中心,Vdaf,"38.02"
湖南华菱资源贸易有限公司,烟煤|国内,G3MMYY1,,神木西,"4","2026-08-12 05:36:54",,A2,927830.0,采购中心,水分,"15.9"
国家能源投资集团有限责任公司煤炭经营分公司,烟煤|国内,G3MMYY1,,大保当,"4","2026-08-12 05:31:19",,A7,599850.0,采购中心,Ad,"6.51"
国家能源投资集团有限责任公司煤炭经营分公司,烟煤|国内,G3MMYY1,,大保当,"4","2026-08-12 05:31:19",,A7,599850.0,采购中心,FCad,"55.11"
国家能源投资集团有限责任公司煤炭经营分公司,烟煤|国内,G3MMYY1,,大保当,"4","2026-08-12 05:31:19",,A7,599850.0,采购中心,Mad,"3.86"
国家能源投资集团有限责任公司煤炭经营分公司,烟煤|国内,G3MMYY1,,大保当,"4","2026-08-12 05:31:19",,A7,599850.0,采购中心,St.d,"0.54"
国家能源投资集团有限责任公司煤炭经营分公司,烟煤|国内,G3MMYY1,,大保当,"4","2026-08-12 05:31:19",,A7,599850.0,采购中心,Vdaf,"38.68"
国家能源投资集团有限责任公司煤炭经营分公司,烟煤|国内,G3MMYY1,,大保当,"4","2026-08-12 05:31:19",,A7,599850.0,采购中心,水分,"10.5"
广西柳钢国际贸易有限公司,"1/3焦煤|1级|国内",G3MMSY1,,宝丰,"4","2026-08-12 05:02:46",,"1M",341650.0,采购中心,Ad,"9.94"
广西柳钢国际贸易有限公司,"1/3焦煤|1级|国内",G3MMSY1,,宝丰,"4","2026-08-12 05:02:46",,"1M",341650.0,采购中心,FCad,"61.26"
广西柳钢国际贸易有限公司,"1/3焦煤|1级|国内",G3MMSY1,,宝丰,"4","2026-08-12 05:02:46",,"1M",341650.0,采购中心,Mad,"1.26"
广西柳钢国际贸易有限公司,"1/3焦煤|1级|国内",G3MMSY1,,宝丰,"4","2026-08-12 05:02:46",,"1M",341650.0,采购中心,St.d,"0.39"
广西柳钢国际贸易有限公司,"1/3焦煤|1级|国内",G3MMSY1,,宝丰,"4","2026-08-12 05:02:46",,"1M",341650.0,采购中心,Vdaf,"31.12"
广西柳钢国际贸易有限公司,"1/3焦煤|1级|国内",G3MMSY1,,宝丰,"4","2026-08-12 05:02:46",,"1M",341650.0,采购中心,水分,"10.3"
贵州盘江精煤股份有限公司,炼焦贫瘦煤|国内,G3MMJPS1,,红果,"4","2026-08-12 02:59:16",,"1M",749350.0,采购中心,Ad,"10.77"
贵州盘江精煤股份有限公司,炼焦贫瘦煤|国内,G3MMJPS1,,红果,"4","2026-08-12 02:59:16",,"1M",749350.0,采购中心,FCad,"77.96"
贵州盘江精煤股份有限公司,炼焦贫瘦煤|国内,G3MMJPS1,,红果,"4","2026-08-12 02:59:16",,"1M",749350.0,采购中心,Mad,"1.04"
贵州盘江精煤股份有限公司,炼焦贫瘦煤|国内,G3MMJPS1,,红果,"4","2026-08-12 02:59:16",,"1M",749350.0,采购中心,St.d,"0.82"
贵州盘江精煤股份有限公司,炼焦贫瘦煤|国内,G3MMJPS1,,红果,"4","2026-08-12 02:59:16",,"1M",749350.0,采购中心,Vdaf,"11.71"
贵州盘江精煤股份有限公司,炼焦贫瘦煤|国内,G3MMJPS1,,红果,"4","2026-08-12 02:59:16",,"1M",749350.0,采购中心,水分,"12.9"
国家能源投资集团有限责任公司煤炭经营分公司,烟煤|国内,G3MMYY1,,大保当,"4","2026-08-12 01:20:19",,A2,675320.0,采购中心,Ad,"7.47"
国家能源投资集团有限责任公司煤炭经营分公司,烟煤|国内,G3MMYY1,,大保当,"4","2026-08-12 01:20:19",,A2,675320.0,采购中心,FCad,"54.59"
国家能源投资集团有限责任公司煤炭经营分公司,烟煤|国内,G3MMYY1,,大保当,"4","2026-08-12 01:20:19",,A2,675320.0,采购中心,Mad,"4.10"
国家能源投资集团有限责任公司煤炭经营分公司,烟煤|国内,G3MMYY1,,大保当,"4","2026-08-12 01:20:19",,A2,675320.0,采购中心,St.d,"0.53"
国家能源投资集团有限责任公司煤炭经营分公司,烟煤|国内,G3MMYY1,,大保当,"4","2026-08-12 01:20:19",,A2,675320.0,采购中心,Vdaf,"38.48"
国家能源投资集团有限责任公司煤炭经营分公司,烟煤|国内,G3MMYY1,,大保当,"4","2026-08-12 01:20:19",,A2,675320.0,采购中心,水分,"11.1"
贵州盘南煤炭开发有限责任公司,瘦焦煤|1级|国内,G3MMSJ1,,小雨谷,"4","2026-08-12 00:06:46",,A2,205630.0,采购中心,Ad,"11.23"
贵州盘南煤炭开发有限责任公司,瘦焦煤|1级|国内,G3MMSJ1,,小雨谷,"4","2026-08-12 00:06:46",,A2,205630.0,采购中心,FCad,"72.88"
贵州盘南煤炭开发有限责任公司,瘦焦煤|1级|国内,G3MMSJ1,,小雨谷,"4","2026-08-12 00:06:46",,A2,205630.0,采购中心,Mad,"0.82"
贵州盘南煤炭开发有限责任公司,瘦焦煤|1级|国内,G3MMSJ1,,小雨谷,"4","2026-08-12 00:06:46",,A2,205630.0,采购中心,St.d,"0.87"
贵州盘南煤炭开发有限责任公司,瘦焦煤|1级|国内,G3MMSJ1,,小雨谷,"4","2026-08-12 00:06:46",,A2,205630.0,采购中心,Vdaf,"17.22"
贵州盘南煤炭开发有限责任公司,瘦焦煤|1级|国内,G3MMSJ1,,小雨谷,"4","2026-08-12 00:06:46",,A2,205630.0,采购中心,水分,"12.3"
石嘴山市惠农区永鑫工贸有限公司,主焦煤|1级|国内,G3MMZJ1,,惠农,"4","2026-08-11 23:08:18",,"1M",133590.0,采购中心,Ad,"10.33"
石嘴山市惠农区永鑫工贸有限公司,主焦煤|1级|国内,G3MMZJ1,,惠农,"4","2026-08-11 23:08:18",,"1M",133590.0,采购中心,FCad,"65.59"
石嘴山市惠农区永鑫工贸有限公司,主焦煤|1级|国内,G3MMZJ1,,惠农,"4","2026-08-11 23:08:18",,"1M",133590.0,采购中心,Mad,"1.33"
石嘴山市惠农区永鑫工贸有限公司,主焦煤|1级|国内,G3MMZJ1,,惠农,"4","2026-08-11 23:08:18",,"1M",133590.0,采购中心,St.d,"0.62"
石嘴山市惠农区永鑫工贸有限公司,主焦煤|1级|国内,G3MMZJ1,,惠农,"4","2026-08-11 23:08:18",,"1M",133590.0,采购中心,Vdaf,"25.87"
石嘴山市惠农区永鑫工贸有限公司,主焦煤|1级|国内,G3MMZJ1,,惠农,"4","2026-08-11 23:08:18",,"1M",133590.0,采购中心,水分,"9.3"
国家能源投资集团有限责任公司煤炭经营分公司,烟煤|国内,G3MMYY1,,大保当,"4","2026-08-11 19:42:31",,A2,985280.0,采购中心,Ad,"6.74"
国家能源投资集团有限责任公司煤炭经营分公司,烟煤|国内,G3MMYY1,,大保当,"4","2026-08-11 19:42:31",,A2,985280.0,采购中心,FCad,"54.84"
国家能源投资集团有限责任公司煤炭经营分公司,烟煤|国内,G3MMYY1,,大保当,"4","2026-08-11 19:42:31",,A2,985280.0,采购中心,Mad,"4.10"
国家能源投资集团有限责任公司煤炭经营分公司,烟煤|国内,G3MMYY1,,大保当,"4","2026-08-11 19:42:31",,A2,985280.0,采购中心,St.d,"0.50"
国家能源投资集团有限责任公司煤炭经营分公司,烟煤|国内,G3MMYY1,,大保当,"4","2026-08-11 19:42:31",,A2,985280.0,采购中心,Vdaf,"38.68"
国家能源投资集团有限责任公司煤炭经营分公司,烟煤|国内,G3MMYY1,,大保当,"4","2026-08-11 19:42:31",,A2,985280.0,采购中心,水分,"11.0"
国家能源投资集团有限责任公司煤炭经营分公司,烟煤|国内,G3MMYY1,,大保当,"4","2026-08-11 19:41:05",,,673730.0,采购中心,Ad,"6.61"
国家能源投资集团有限责任公司煤炭经营分公司,烟煤|国内,G3MMYY1,,大保当,"4","2026-08-11 19:41:05",,,673730.0,采购中心,FCad,"55.05"
国家能源投资集团有限责任公司煤炭经营分公司,烟煤|国内,G3MMYY1,,大保当,"4","2026-08-11 19:41:05",,,673730.0,采购中心,Mad,"3.81"
国家能源投资集团有限责任公司煤炭经营分公司,烟煤|国内,G3MMYY1,,大保当,"4","2026-08-11 19:41:05",,,673730.0,采购中心,St.d,"0.54"
国家能源投资集团有限责任公司煤炭经营分公司,烟煤|国内,G3MMYY1,,大保当,"4","2026-08-11 19:41:05",,,673730.0,采购中心,Vdaf,"38.72"
国家能源投资集团有限责任公司煤炭经营分公司,烟煤|国内,G3MMYY1,,大保当,"4","2026-08-11 19:41:05",,,673730.0,采购中心,水分,"9.7"
国家能源投资集团有限责任公司煤炭经营分公司,烟煤|国内,G3MMYY1,,大保当,"4","2026-08-11 19:22:52",,A2,673730.0,采购中心,Ad,"6.60"
国家能源投资集团有限责任公司煤炭经营分公司,烟煤|国内,G3MMYY1,,大保当,"4","2026-08-11 19:22:52",,A2,673730.0,采购中心,FCad,"54.43"
国家能源投资集团有限责任公司煤炭经营分公司,烟煤|国内,G3MMYY1,,大保当,"4","2026-08-11 19:22:52",,A2,673730.0,采购中心,Mad,"3.83"
国家能源投资集团有限责任公司煤炭经营分公司,烟煤|国内,G3MMYY1,,大保当,"4","2026-08-11 19:22:52",,A2,673730.0,采购中心,St.d,"0.57"
国家能源投资集团有限责任公司煤炭经营分公司,烟煤|国内,G3MMYY1,,大保当,"4","2026-08-11 19:22:52",,A2,673730.0,采购中心,Vdaf,"39.40"
国家能源投资集团有限责任公司煤炭经营分公司,烟煤|国内,G3MMYY1,,大保当,"4","2026-08-11 19:22:52",,A2,673730.0,采购中心,水分,"10.9"
河南天元清洁能源有限公司,贫瘦煤|国内,G3MMPS1,,苏桥,"4","2026-08-11 18:25:31",,,255370.0,采购中心,Ad,"10.22"
河南天元清洁能源有限公司,贫瘦煤|国内,G3MMPS1,,苏桥,"4","2026-08-11 18:25:31",,,255370.0,采购中心,FCad,"76.63"
河南天元清洁能源有限公司,贫瘦煤|国内,G3MMPS1,,苏桥,"4","2026-08-11 18:25:31",,,255370.0,采购中心,Mad,"1.63"
河南天元清洁能源有限公司,贫瘦煤|国内,G3MMPS1,,苏桥,"4","2026-08-11 18:25:31",,,255370.0,采购中心,St.d,"0.39"
河南天元清洁能源有限公司,贫瘦煤|国内,G3MMPS1,,苏桥,"4","2026-08-11 18:25:31",,,255370.0,采购中心,Vdaf,"13.24"
河南天元清洁能源有限公司,贫瘦煤|国内,G3MMPS1,,苏桥,"4","2026-08-11 18:25:31",,,255370.0,采购中心,水分,"13.1"
国家能源投资集团有限责任公司煤炭经营分公司,烟煤|国内,G3MMYY1,,大保当,"4","2026-08-11 18:23:46",,A7,332700.0,采购中心,Ad,"6.50"
国家能源投资集团有限责任公司煤炭经营分公司,烟煤|国内,G3MMYY1,,大保当,"4","2026-08-11 18:23:46",,A7,332700.0,采购中心,FCad,"55.34"
国家能源投资集团有限责任公司煤炭经营分公司,烟煤|国内,G3MMYY1,,大保当,"4","2026-08-11 18:23:46",,A7,332700.0,采购中心,Mad,"3.99"
国家能源投资集团有限责任公司煤炭经营分公司,烟煤|国内,G3MMYY1,,大保当,"4","2026-08-11 18:23:46",,A7,332700.0,采购中心,St.d,"0.56"
国家能源投资集团有限责任公司煤炭经营分公司,烟煤|国内,G3MMYY1,,大保当,"4","2026-08-11 18:23:46",,A7,332700.0,采购中心,Vdaf,"38.35"
国家能源投资集团有限责任公司煤炭经营分公司,烟煤|国内,G3MMYY1,,大保当,"4","2026-08-11 18:23:46",,A7,332700.0,采购中心,水分,"11.4"
河南天元清洁能源有限公司,贫瘦煤|国内,G3MMPS1,,苏桥,"4","2026-08-11 18:22:05",,A7,255370.0,采购中心,Ad,"10.39"
河南天元清洁能源有限公司,贫瘦煤|国内,G3MMPS1,,苏桥,"4","2026-08-11 18:22:05",,A7,255370.0,采购中心,FCad,"76.70"
河南天元清洁能源有限公司,贫瘦煤|国内,G3MMPS1,,苏桥,"4","2026-08-11 18:22:05",,A7,255370.0,采购中心,Mad,"1.47"
河南天元清洁能源有限公司,贫瘦煤|国内,G3MMPS1,,苏桥,"4","2026-08-11 18:22:05",,A7,255370.0,采购中心,St.d,"0.38"
河南天元清洁能源有限公司,贫瘦煤|国内,G3MMPS1,,苏桥,"4","2026-08-11 18:22:05",,A7,255370.0,采购中心,Vdaf,"13.13"
河南天元清洁能源有限公司,贫瘦煤|国内,G3MMPS1,,苏桥,"4","2026-08-11 18:22:05",,A7,255370.0,采购中心,水分,"14.7"
广西柳钢国际贸易有限公司,主焦煤|3级|进口|澳洲|Daunia,G3MMZJMH,吉利女神,铁山港,"4","2026-08-11 17:39:19",,"1M",3116100.0,采购中心,Ad,"8.44"
广西柳钢国际贸易有限公司,主焦煤|3级|进口|澳洲|Daunia,G3MMZJMH,吉利女神,铁山港,"4","2026-08-11 17:39:19",,"1M",3116100.0,采购中心,FCad,"69.21"
广西柳钢国际贸易有限公司,主焦煤|3级|进口|澳洲|Daunia,G3MMZJMH,吉利女神,铁山港,"4","2026-08-11 17:39:19",,"1M",3116100.0,采购中心,Mad,"1.07"
广西柳钢国际贸易有限公司,主焦煤|3级|进口|澳洲|Daunia,G3MMZJMH,吉利女神,铁山港,"4","2026-08-11 17:39:19",,"1M",3116100.0,采购中心,St.d,"0.43"
广西柳钢国际贸易有限公司,主焦煤|3级|进口|澳洲|Daunia,G3MMZJMH,吉利女神,铁山港,"4","2026-08-11 17:39:19",,"1M",3116100.0,采购中心,Vdaf,"23.59"
广西柳钢国际贸易有限公司,主焦煤|3级|进口|澳洲|Daunia,G3MMZJMH,吉利女神,铁山港,"4","2026-08-11 17:39:19",,"1M",3116100.0,采购中心,水分,"10.4"
炼铁总厂,国内烧结无烟煤,G3MMSWM,,,"4","2026-08-11 16:54:31",烧结用煤,,,采购中心,Ad,"12.53"
炼铁总厂,国内烧结无烟煤,G3MMSWM,,,"4","2026-08-11 16:54:31",烧结用煤,,,采购中心,Ad,"11.83"
炼铁总厂,国内烧结无烟煤,G3MMSWM,,,"4","2026-08-11 16:54:31",烧结用煤,,,采购中心,Cad,"80.34"
炼铁总厂,国内烧结无烟煤,G3MMSWM,,,"4","2026-08-11 16:54:31",烧结用煤,,,采购中心,Cad,"81.44"
炼铁总厂,国内烧结无烟煤,G3MMSWM,,,"4","2026-08-11 16:54:31",烧结用煤,,,采购中心,FCad,"81.04"
炼铁总厂,国内烧结无烟煤,G3MMSWM,,,"4","2026-08-11 16:54:31",烧结用煤,,,采购中心,FCad,"79.73"
炼铁总厂,国内烧结无烟煤,G3MMSWM,,,"4","2026-08-11 16:54:31",烧结用煤,,,采购中心,Had,"2.41"
炼铁总厂,国内烧结无烟煤,G3MMSWM,,,"4","2026-08-11 16:54:31",烧结用煤,,,采购中心,Had,"2.3"
炼铁总厂,国内烧结无烟煤,G3MMSWM,,,"4","2026-08-11 16:54:31",烧结用煤,,,采购中心,Mad,"1.85"
炼铁总厂,国内烧结无烟煤,G3MMSWM,,,"4","2026-08-11 16:54:31",烧结用煤,,,采购中心,Mad,"1.70"
炼铁总厂,国内烧结无烟煤,G3MMSWM,,,"4","2026-08-11 16:54:31",烧结用煤,,,采购中心,St.d,"0.44"
炼铁总厂,国内烧结无烟煤,G3MMSWM,,,"4","2026-08-11 16:54:31",烧结用煤,,,采购中心,St.d,"0.38"
炼铁总厂,国内烧结无烟煤,G3MMSWM,,,"4","2026-08-11 16:54:31",烧结用煤,,,采购中心,Vdaf,"7.13"
炼铁总厂,国内烧结无烟煤,G3MMSWM,,,"4","2026-08-11 16:54:31",烧结用煤,,,采购中心,Vdaf,"6.50"
炼铁总厂,国内烧结无烟煤,G3MMSWM,,,"4","2026-08-11 16:54:31",烧结用煤,,,采购中心,水分,"7.4"
炼铁总厂,国内烧结无烟煤,G3MMSWM,,,"4","2026-08-11 16:54:31",烧结用煤,,,采购中心,水分,"8.4"
焦化厂,炼焦配合煤,A2MMJPM,,,"4","2026-08-11 16:51:21",喷吹用煤（原料）,,,采购中心,Ad,"9.90"
焦化厂,炼焦配合煤,A2MMJPM,,,"4","2026-08-11 16:51:21",喷吹用煤（原料）,,,采购中心,Ad,"10.24"
焦化厂,炼焦配合煤,A2MMJPM,,,"4","2026-08-11 16:51:21",喷吹用煤（原料）,,,采购中心,Cad,"78.42"
焦化厂,炼焦配合煤,A2MMJPM,,,"4","2026-08-11 16:51:21",喷吹用煤（原料）,,,采购中心,Cad,"78.55"
焦化厂,炼焦配合煤,A2MMJPM,,,"4","2026-08-11 16:51:21",喷吹用煤（原料）,,,采购中心,FCad,"65.93"
焦化厂,炼焦配合煤,A2MMJPM,,,"4","2026-08-11 16:51:21",喷吹用煤（原料）,,,采购中心,FCad,"65.95"
焦化厂,炼焦配合煤,A2MMJPM,,,"4","2026-08-11 16:51:21",喷吹用煤（原料）,,,采购中心,Had,"4.25"
焦化厂,炼焦配合煤,A2MMJPM,,,"4","2026-08-11 16:51:21",喷吹用煤（原料）,,,采购中心,Had,"4.26"
焦化厂,炼焦配合煤,A2MMJPM,,,"4","2026-08-11 16:51:21",喷吹用煤（原料）,,,采购中心,Mad,"1.26"
焦化厂,炼焦配合煤,A2MMJPM,,,"4","2026-08-11 16:51:21",喷吹用煤（原料）,,,采购中心,Mad,"1.10"
焦化厂,炼焦配合煤,A2MMJPM,,,"4","2026-08-11 16:51:21",喷吹用煤（原料）,,,采购中心,St.d,"0.68"
焦化厂,炼焦配合煤,A2MMJPM,,,"4","2026-08-11 16:51:21",喷吹用煤（原料）,,,采购中心,St.d,"0.67"
焦化厂,炼焦配合煤,A2MMJPM,,,"4","2026-08-11 16:51:21",喷吹用煤（原料）,,,采购中心,Vdaf,"25.88"
焦化厂,炼焦配合煤,A2MMJPM,,,"4","2026-08-11 16:51:21",喷吹用煤（原料）,,,采购中心,Vdaf,"25.71"
焦化厂,炼焦配合煤,A2MMJPM,,,"4","2026-08-11 16:51:21",喷吹用煤（原料）,,,采购中心,水分,"10.6"
焦化厂,炼焦配合煤,A2MMJPM,,,"4","2026-08-11 16:51:21",喷吹用煤（原料）,,,采购中心,水分,"11.1"
焦化厂,炼焦配合煤,A2MMJPM,,,"4","2026-08-11 16:43:20",喷吹用煤（原料）,,,采购中心,Ad,"10.44"
焦化厂,炼焦配合煤,A2MMJPM,,,"4","2026-08-11 16:43:20",喷吹用煤（原料）,,,采购中心,Ad,"13.31"
焦化厂,炼焦配合煤,A2MMJPM,,,"4","2026-08-11 16:43:20",喷吹用煤（原料）,,,采购中心,Ad,"10.85"
焦化厂,炼焦配合煤,A2MMJPM,,,"4","2026-08-11 16:43:20",喷吹用煤（原料）,,,采购中心,FCad,"72.90"
焦化厂,炼焦配合煤,A2MMJPM,,,"4","2026-08-11 16:43:20",喷吹用煤（原料）,,,采购中心,FCad,"68.94"
焦化厂,炼焦配合煤,A2MMJPM,,,"4","2026-08-11 16:43:20",喷吹用煤（原料）,,,采购中心,FCad,"64.54"
焦化厂,炼焦配合煤,A2MMJPM,,,"4","2026-08-11 16:43:20",喷吹用煤（原料）,,,采购中心,Mad,"1.36"
焦化厂,炼焦配合煤,A2MMJPM,,,"4","2026-08-11 16:43:20",喷吹用煤（原料）,,,采购中心,Mad,"1.10"
焦化厂,炼焦配合煤,A2MMJPM,,,"4","2026-08-11 16:43:20",喷吹用煤（原料）,,,采购中心,Mad,"1.06"
焦化厂,炼焦配合煤,A2MMJPM,,,"4","2026-08-11 16:43:20",喷吹用煤（原料）,,,采购中心,St.d,"0.88"
焦化厂,炼焦配合煤,A2MMJPM,,,"4","2026-08-11 16:43:20",喷吹用煤（原料）,,,采购中心,St.d,"0.87"
焦化厂,炼焦配合煤,A2MMJPM,,,"4","2026-08-11 16:43:20",喷吹用煤（原料）,,,采购中心,St.d,"0.46"
焦化厂,炼焦配合煤,A2MMJPM,,,"4","2026-08-11 16:43:20",喷吹用煤（原料）,,,采购中心,Vdaf,"14.98"
焦化厂,炼焦配合煤,A2MMJPM,,,"4","2026-08-11 16:43:20",喷吹用煤（原料）,,,采购中心,Vdaf,"22.20"
焦化厂,炼焦配合煤,A2MMJPM,,,"4","2026-08-11 16:43:20",喷吹用煤（原料）,,,采购中心,Vdaf,"26.61"
焦化厂,炼焦配合煤,A2MMJPM,,,"4","2026-08-11 16:43:20",喷吹用煤（原料）,,,采购中心,水分,"12.3"
焦化厂,炼焦配合煤,A2MMJPM,,,"4","2026-08-11 16:43:20",喷吹用煤（原料）,,,采购中心,水分,"10.4"
焦化厂,炼焦配合煤,A2MMJPM,,,"4","2026-08-11 16:43:20",喷吹用煤（原料）,,,采购中心,水分,"12.9"
广西柳钢国际贸易有限公司,主焦煤|1级|进口|加拿大|普瑞,G3MMZJML,禄通,铁山港,"4","2026-08-11 15:58:38",,,3574940.0,采购中心,水分,"11.3"
贵州盘江精煤股份有限公司,"1/3焦煤|1级|国内",G3MMSY1,,柏果,"4","2026-08-11 14:56:13",,"5M",968590.0,采购中心,Ad,"10.82"
贵州盘江精煤股份有限公司,"1/3焦煤|1级|国内",G3MMSY1,,柏果,"4","2026-08-11 14:56:13",,"5M",968590.0,采购中心,St.d,"0.25"
西部红果煤炭交易有限公司,主焦煤|3级|国内,G3MMZJF,,大湾,"4","2026-08-11 14:55:08",,A2,347030.0,采购中心,Ad,"11.81"
西部红果煤炭交易有限公司,主焦煤|3级|国内,G3MMZJF,,大湾,"4","2026-08-11 14:55:08",,A2,347030.0,采购中心,St.d,"1.20"
贵州盘江精煤股份有限公司,"1/3焦煤|1级|国内",G3MMSY1,,柏果,"4","2026-08-11 14:53:33",,A2,961270.0,采购中心,Ad,"10.46"
贵州盘江精煤股份有限公司,"1/3焦煤|1级|国内",G3MMSY1,,柏果,"4","2026-08-11 14:53:33",,A2,961270.0,采购中心,St.d,"0.23"
贵州盘江精煤股份有限公司,"1/3焦煤|1级|国内",G3MMSY1,,月亮田,"4","2026-08-11 14:51:41",,"5M",139150.0,采购中心,Ad,"10.60"
贵州盘江精煤股份有限公司,"1/3焦煤|1级|国内",G3MMSY1,,月亮田,"4","2026-08-11 14:51:41",,"5M",139150.0,采购中心,St.d,"0.85"
贵州盘江精煤股份有限公司,"1/3焦煤|1级|国内",G3MMSY1,,月亮田,"4","2026-08-11 14:49:56",,"1M",68840.0,采购中心,Ad,"10.09"
贵州盘江精煤股份有限公司,"1/3焦煤|1级|国内",G3MMSY1,,月亮田,"4","2026-08-11 14:49:56",,"1M",68840.0,采购中心,St.d,"0.84"
贵州盘江精煤股份有限公司,"1/3焦煤|1级|国内",G3MMSY1,,月亮田,"4","2026-08-11 14:48:40",,"5M",140940.0,采购中心,Ad,"10.08"
贵州盘江精煤股份有限公司,"1/3焦煤|1级|国内",G3MMSY1,,月亮田,"4","2026-08-11 14:48:40",,"5M",140940.0,采购中心,St.d,"0.80"
四川省煤炭产业集团有限责任公司营销分公司,瘦焦煤|1级|国内,G3MMSJ1,,格里坪,"4","2026-08-11 12:16:44",,"4M",64070.0,采购中心,Ad,"9.24"
四川省煤炭产业集团有限责任公司营销分公司,瘦焦煤|1级|国内,G3MMSJ1,,格里坪,"4","2026-08-11 12:16:44",,"4M",64070.0,采购中心,FCad,"73.55"
四川省煤炭产业集团有限责任公司营销分公司,瘦焦煤|1级|国内,G3MMSJ1,,格里坪,"4","2026-08-11 12:16:44",,"4M",64070.0,采购中心,Mad,"0.79"
四川省煤炭产业集团有限责任公司营销分公司,瘦焦煤|1级|国内,G3MMSJ1,,格里坪,"4","2026-08-11 12:16:44",,"4M",64070.0,采购中心,St.d,"0.57"
四川省煤炭产业集团有限责任公司营销分公司,瘦焦煤|1级|国内,G3MMSJ1,,格里坪,"4","2026-08-11 12:16:44",,"4M",64070.0,采购中心,Vdaf,"18.31"
四川省煤炭产业集团有限责任公司营销分公司,瘦焦煤|1级|国内,G3MMSJ1,,格里坪,"4","2026-08-11 12:16:44",,"4M",64070.0,采购中心,水分,"13.6"
贵州盘江精煤股份有限公司,"1/3焦煤|1级|国内",G3MMSY1,,柏果,"4","2026-08-11 11:14:35",,"5M",868280.0,采购中心,Ad,"11.43"
贵州盘江精煤股份有限公司,"1/3焦煤|1级|国内",G3MMSY1,,柏果,"4","2026-08-11 11:14:35",,"5M",868280.0,采购中心,FCad,"61.27"
贵州盘江精煤股份有限公司,"1/3焦煤|1级|国内",G3MMSY1,,柏果,"4","2026-08-11 11:14:35",,"5M",868280.0,采购中心,Mad,"0.96"
贵州盘江精煤股份有限公司,"1/3焦煤|1级|国内",G3MMSY1,,柏果,"4","2026-08-11 11:14:35",,"5M",868280.0,采购中心,St.d,"0.25"
贵州盘江精煤股份有限公司,"1/3焦煤|1级|国内",G3MMSY1,,柏果,"4","2026-08-11 11:14:35",,"5M",868280.0,采购中心,Vdaf,"30.15"
贵州盘江精煤股份有限公司,"1/3焦煤|1级|国内",G3MMSY1,,柏果,"4","2026-08-11 11:14:35",,"5M",868280.0,采购中心,水分,"11.1"
贵州盘江精煤股份有限公司,"1/3焦煤|1级|国内",G3MMSY1,,柏果,"4","2026-08-11 11:05:02",,A2,541690.0,采购中心,Ad,"10.88"
贵州盘江精煤股份有限公司,"1/3焦煤|1级|国内",G3MMSY1,,柏果,"4","2026-08-11 11:05:02",,A2,541690.0,采购中心,FCad,"61.47"
贵州盘江精煤股份有限公司,"1/3焦煤|1级|国内",G3MMSY1,,柏果,"4","2026-08-11 11:05:02",,A2,541690.0,采购中心,Mad,"0.94"
贵州盘江精煤股份有限公司,"1/3焦煤|1级|国内",G3MMSY1,,柏果,"4","2026-08-11 11:05:02",,A2,541690.0,采购中心,St.d,"0.24"
贵州盘江精煤股份有限公司,"1/3焦煤|1级|国内",G3MMSY1,,柏果,"4","2026-08-11 11:05:02",,A2,541690.0,采购中心,Vdaf,"30.36"
贵州盘江精煤股份有限公司,"1/3焦煤|1级|国内",G3MMSY1,,柏果,"4","2026-08-11 11:05:02",,A2,541690.0,采购中心,水分,"11.0"
贵州盘江精煤股份有限公司,"1/3焦煤|1级|国内",G3MMSY1,,柏果,"4","2026-08-11 10:47:14",,A2,338070.0,采购中心,Ad,"11.20"
贵州盘江精煤股份有限公司,"1/3焦煤|1级|国内",G3MMSY1,,柏果,"4","2026-08-11 10:47:14",,A2,338070.0,采购中心,FCad,"61.66"
贵州盘江精煤股份有限公司,"1/3焦煤|1级|国内",G3MMSY1,,柏果,"4","2026-08-11 10:47:14",,A2,338070.0,采购中心,Mad,"1.06"
贵州盘江精煤股份有限公司,"1/3焦煤|1级|国内",G3MMSY1,,柏果,"4","2026-08-11 10:47:14",,A2,338070.0,采购中心,St.d,"0.24"
贵州盘江精煤股份有限公司,"1/3焦煤|1级|国内",G3MMSY1,,柏果,"4","2026-08-11 10:47:14",,A2,338070.0,采购中心,Vdaf,"29.82"
贵州盘江精煤股份有限公司,"1/3焦煤|1级|国内",G3MMSY1,,柏果,"4","2026-08-11 10:47:14",,A2,338070.0,采购中心,水分,"11.3"
广西柳钢国际贸易有限公司,贫瘦煤|国内,G3MMPS1,德邻惠航,,"4","2026-08-11 08:27:55",,,600050.0,采购中心,Ad,"10.15"
广西柳钢国际贸易有限公司,贫瘦煤|国内,G3MMPS1,德邻惠航,,"4","2026-08-11 08:27:55",,,600050.0,采购中心,FCad,"72.55"
广西柳钢国际贸易有限公司,贫瘦煤|国内,G3MMPS1,德邻惠航,,"4","2026-08-11 08:27:55",,,600050.0,采购中心,Mad,"3.11"
广西柳钢国际贸易有限公司,贫瘦煤|国内,G3MMPS1,德邻惠航,,"4","2026-08-11 08:27:55",,,600050.0,采购中心,St.d,"0.55"
广西柳钢国际贸易有限公司,贫瘦煤|国内,G3MMPS1,德邻惠航,,"4","2026-08-11 08:27:55",,,600050.0,采购中心,Vdaf,"16.67"
广西柳钢国际贸易有限公司,贫瘦煤|国内,G3MMPS1,德邻惠航,,"4","2026-08-11 08:27:55",,,600050.0,采购中心,水分,"11.8"
广西柳钢国际贸易有限公司,国内烧结无烟煤,G3MMSWM,,嘉峰,"4","2026-08-11 06:13:42",,,1307560.0,采购中心,Ad,"11.01"
广西柳钢国际贸易有限公司,国内烧结无烟煤,G3MMSWM,,嘉峰,"4","2026-08-11 06:13:42",,,1307560.0,采购中心,FCad,"81.41"
广西柳钢国际贸易有限公司,国内烧结无烟煤,G3MMSWM,,嘉峰,"4","2026-08-11 06:13:42",,,1307560.0,采购中心,Mad,"2.17"
广西柳钢国际贸易有限公司,国内烧结无烟煤,G3MMSWM,,嘉峰,"4","2026-08-11 06:13:42",,,1307560.0,采购中心,St.d,"0.34"
广西柳钢国际贸易有限公司,国内烧结无烟煤,G3MMSWM,,嘉峰,"4","2026-08-11 06:13:42",,,1307560.0,采购中心,Vdaf,"6.49"
广西柳钢国际贸易有限公司,国内烧结无烟煤,G3MMSWM,,嘉峰,"4","2026-08-11 06:13:42",,,1307560.0,采购中心,水分,"8.0"
四川省煤炭产业集团有限责任公司营销分公司,"1/3焦煤|3级|国内",G3MMSY5,,渡市,"4","2026-08-11 05:58:16",,,532390.0,采购中心,Ad,"9.73"
四川省煤炭产业集团有限责任公司营销分公司,"1/3焦煤|3级|国内",G3MMSY5,,渡市,"4","2026-08-11 05:58:16",,,532390.0,采购中心,FCad,"63.26"
四川省煤炭产业集团有限责任公司营销分公司,"1/3焦煤|3级|国内",G3MMSY5,,渡市,"4","2026-08-11 05:58:16",,,532390.0,采购中心,Mad,"1.11"
四川省煤炭产业集团有限责任公司营销分公司,"1/3焦煤|3级|国内",G3MMSY5,,渡市,"4","2026-08-11 05:58:16",,,532390.0,采购中心,St.d,"0.57"
四川省煤炭产业集团有限责任公司营销分公司,"1/3焦煤|3级|国内",G3MMSY5,,渡市,"4","2026-08-11 05:58:16",,,532390.0,采购中心,Vdaf,"29.14"
四川省煤炭产业集团有限责任公司营销分公司,"1/3焦煤|3级|国内",G3MMSY5,,渡市,"4","2026-08-11 05:58:16",,,532390.0,采购中心,水分,"7.9"
广西柳钢国际贸易有限公司,主焦煤|1级|进口|加拿大|普瑞,G3MMZJML,禄通,铁山港,"4","2026-08-11 01:53:48",,A2,3482830.0,采购中心,Ad,"9.72"
广西柳钢国际贸易有限公司,主焦煤|1级|进口|加拿大|普瑞,G3MMZJML,禄通,铁山港,"4","2026-08-11 01:53:48",,A2,3482830.0,采购中心,FCad,"65.84"
广西柳钢国际贸易有限公司,主焦煤|1级|进口|加拿大|普瑞,G3MMZJML,禄通,铁山港,"4","2026-08-11 01:53:48",,A2,3482830.0,采购中心,Mad,"1.17"
广西柳钢国际贸易有限公司,主焦煤|1级|进口|加拿大|普瑞,G3MMZJML,禄通,铁山港,"4","2026-08-11 01:53:48",,A2,3482830.0,采购中心,St.d,"0.39"
广西柳钢国际贸易有限公司,主焦煤|1级|进口|加拿大|普瑞,G3MMZJML,禄通,铁山港,"4","2026-08-11 01:53:48",,A2,3482830.0,采购中心,Vdaf,"26.20"
广西柳钢国际贸易有限公司,主焦煤|1级|进口|加拿大|普瑞,G3MMZJML,禄通,铁山港,"4","2026-08-11 01:53:48",,A2,3482830.0,采购中心,水分,"11.5"
贵州盘江精煤股份有限公司,"1/3焦煤|1级|国内",G3MMSY1,,柏果,"4","2026-08-11 01:42:30",,"1M",467530.0,采购中心,Ad,"10.70"
贵州盘江精煤股份有限公司,"1/3焦煤|1级|国内",G3MMSY1,,柏果,"4","2026-08-11 01:42:30",,"1M",467530.0,采购中心,FCad,"62.15"
贵州盘江精煤股份有限公司,"1/3焦煤|1级|国内",G3MMSY1,,柏果,"4","2026-08-11 01:42:30",,"1M",467530.0,采购中心,Mad,"0.87"
贵州盘江精煤股份有限公司,"1/3焦煤|1级|国内",G3MMSY1,,柏果,"4","2026-08-11 01:42:30",,"1M",467530.0,采购中心,St.d,"0.24"
贵州盘江精煤股份有限公司,"1/3焦煤|1级|国内",G3MMSY1,,柏果,"4","2026-08-11 01:42:30",,"1M",467530.0,采购中心,Vdaf,"29.79"
贵州盘江精煤股份有限公司,"1/3焦煤|1级|国内",G3MMSY1,,柏果,"4","2026-08-11 01:42:30",,"1M",467530.0,采购中心,水分,"12.5"
贵州盘江精煤股份有限公司,"1/3焦煤|1级|国内",G3MMSY1,,柏果,"4","2026-08-10 22:39:38",,"5M",788780.0,采购中心,Ad,"11.01"
贵州盘江精煤股份有限公司,"1/3焦煤|1级|国内",G3MMSY1,,柏果,"4","2026-08-10 22:39:38",,"5M",788780.0,采购中心,FCad,"62.35"
贵州盘江精煤股份有限公司,"1/3焦煤|1级|国内",G3MMSY1,,柏果,"4","2026-08-10 22:39:38",,"5M",788780.0,采购中心,Mad,"0.86"
贵州盘江精煤股份有限公司,"1/3焦煤|1级|国内",G3MMSY1,,柏果,"4","2026-08-10 22:39:38",,"5M",788780.0,采购中心,St.d,"0.23"
贵州盘江精煤股份有限公司,"1/3焦煤|1级|国内",G3MMSY1,,柏果,"4","2026-08-10 22:39:38",,"5M",788780.0,采购中心,Vdaf,"29.32"
贵州盘江精煤股份有限公司,"1/3焦煤|1级|国内",G3MMSY1,,柏果,"4","2026-08-10 22:39:38",,"5M",788780.0,采购中心,水分,"11.5"
广西柳钢国际贸易有限公司,"1/3焦煤|1级|国内",G3MMSY1,,宝丰,"4","2026-08-10 22:21:35",,"1M",629550.0,采购中心,Ad,"9.94"
广西柳钢国际贸易有限公司,"1/3焦煤|1级|国内",G3MMSY1,,宝丰,"4","2026-08-10 22:21:35",,"1M",629550.0,采购中心,FCad,"61.10"
广西柳钢国际贸易有限公司,"1/3焦煤|1级|国内",G3MMSY1,,宝丰,"4","2026-08-10 22:21:35",,"1M",629550.0,采购中心,Mad,"0.95"
广西柳钢国际贸易有限公司,"1/3焦煤|1级|国内",G3MMSY1,,宝丰,"4","2026-08-10 22:21:35",,"1M",629550.0,采购中心,St.d,"0.39"
广西柳钢国际贸易有限公司,"1/3焦煤|1级|国内",G3MMSY1,,宝丰,"4","2026-08-10 22:21:35",,"1M",629550.0,采购中心,Vdaf,"31.50"
广西柳钢国际贸易有限公司,"1/3焦煤|1级|国内",G3MMSY1,,宝丰,"4","2026-08-10 22:21:35",,"1M",629550.0,采购中心,水分,"10.9"
贵州盘江精煤股份有限公司,炼焦贫瘦煤|国内,G3MMJPS1,,红果,"4","2026-08-10 21:24:32",,"1M",260490.0,采购中心,Ad,"15.08"
贵州盘江精煤股份有限公司,炼焦贫瘦煤|国内,G3MMJPS1,,红果,"4","2026-08-10 21:24:32",,"1M",260490.0,采购中心,FCad,"71.85"
贵州盘江精煤股份有限公司,炼焦贫瘦煤|国内,G3MMJPS1,,红果,"4","2026-08-10 21:24:32",,"1M",260490.0,采购中心,Mad,"1.05"
贵州盘江精煤股份有限公司,炼焦贫瘦煤|国内,G3MMJPS1,,红果,"4","2026-08-10 21:24:32",,"1M",260490.0,采购中心,St.d,"0.84"
贵州盘江精煤股份有限公司,炼焦贫瘦煤|国内,G3MMJPS1,,红果,"4","2026-08-10 21:24:32",,"1M",260490.0,采购中心,Vdaf,"14.49"
广西柳钢国际贸易有限公司,"1/3焦煤|1级|国内",G3MMSY1,,宝丰,"4","2026-08-10 19:45:07",,"1M",617810.0,采购中心,Ad,"9.76"
广西柳钢国际贸易有限公司,"1/3焦煤|1级|国内",G3MMSY1,,宝丰,"4","2026-08-10 19:45:07",,"1M",617810.0,采购中心,FCad,"60.97"
广西柳钢国际贸易有限公司,"1/3焦煤|1级|国内",G3MMSY1,,宝丰,"4","2026-08-10 19:45:07",,"1M",617810.0,采购中心,Mad,"0.95"
广西柳钢国际贸易有限公司,"1/3焦煤|1级|国内",G3MMSY1,,宝丰,"4","2026-08-10 19:45:07",,"1M",617810.0,采购中心,St.d,"0.41"
广西柳钢国际贸易有限公司,"1/3焦煤|1级|国内",G3MMSY1,,宝丰,"4","2026-08-10 19:45:07",,"1M",617810.0,采购中心,Vdaf,"31.79"
广西柳钢国际贸易有限公司,"1/3焦煤|1级|国内",G3MMSY1,,宝丰,"4","2026-08-10 19:45:07",,"1M",617810.0,采购中心,水分,"10.1"
贵州盘江精煤股份有限公司,"1/3焦煤|1级|国内",G3MMSY1,,柏果,"4","2026-08-10 18:29:00",,"5M",206420.0,采购中心,Ad,"10.71"
贵州盘江精煤股份有限公司,"1/3焦煤|1级|国内",G3MMSY1,,柏果,"4","2026-08-10 18:29:00",,"5M",206420.0,采购中心,FCad,"62.96"
贵州盘江精煤股份有限公司,"1/3焦煤|1级|国内",G3MMSY1,,柏果,"4","2026-08-10 18:29:00",,"5M",206420.0,采购中心,Mad,"0.92"
贵州盘江精煤股份有限公司,"1/3焦煤|1级|国内",G3MMSY1,,柏果,"4","2026-08-10 18:29:00",,"5M",206420.0,采购中心,St.d,"0.24"
贵州盘江精煤股份有限公司,"1/3焦煤|1级|国内",G3MMSY1,,柏果,"4","2026-08-10 18:29:00",,"5M",206420.0,采购中心,Vdaf,"28.83"
贵州盘江精煤股份有限公司,"1/3焦煤|1级|国内",G3MMSY1,,柏果,"4","2026-08-10 18:29:00",,"5M",206420.0,采购中心,水分,"11.9"
广西柳钢国际贸易有限公司,主焦煤|2级|进口|澳洲|GLVPrime,G3MMZJ8,瑞海,防城港,"4","2026-08-10 18:17:08",,"5M",3282510.0,采购中心,Ad,"9.91"
广西柳钢国际贸易有限公司,主焦煤|2级|进口|澳洲|GLVPrime,G3MMZJ8,瑞海,防城港,"4","2026-08-10 18:17:08",,"5M",3282510.0,采购中心,FCad,"69.07"
广西柳钢国际贸易有限公司,主焦煤|2级|进口|澳洲|GLVPrime,G3MMZJ8,瑞海,防城港,"4","2026-08-10 18:17:08",,"5M",3282510.0,采购中心,Mad,"1.14"
广西柳钢国际贸易有限公司,主焦煤|2级|进口|澳洲|GLVPrime,G3MMZJ8,瑞海,防城港,"4","2026-08-10 18:17:08",,"5M",3282510.0,采购中心,St.d,"0.33"
广西柳钢国际贸易有限公司,主焦煤|2级|进口|澳洲|GLVPrime,G3MMZJ8,瑞海,防城港,"4","2026-08-10 18:17:08",,"5M",3282510.0,采购中心,Vdaf,"22.44"
广西柳钢国际贸易有限公司,主焦煤|2级|进口|澳洲|GLVPrime,G3MMZJ8,瑞海,防城港,"4","2026-08-10 18:17:08",,"5M",3282510.0,采购中心,水分,"10.3"
广西钢铁,主焦煤|1级|进口|蒙古5#,G3MMZJR,,,"4","2026-08-10 17:31:00",焦煤,,,采购中心,,
四川省煤炭产业集团有限责任公司营销分公司,瘦焦煤|1级|国内,G3MMSJ1,,巴关河,"4","2026-08-10 17:06:18",,"1M",269840.0,采购中心,Ad,"10.35"
四川省煤炭产业集团有限责任公司营销分公司,瘦焦煤|1级|国内,G3MMSJ1,,巴关河,"4","2026-08-10 17:06:18",,"1M",269840.0,采购中心,FCad,"73.52"
四川省煤炭产业集团有限责任公司营销分公司,瘦焦煤|1级|国内,G3MMSJ1,,巴关河,"4","2026-08-10 17:06:18",,"1M",269840.0,采购中心,Mad,"0.76"
四川省煤炭产业集团有限责任公司营销分公司,瘦焦煤|1级|国内,G3MMSJ1,,巴关河,"4","2026-08-10 17:06:18",,"1M",269840.0,采购中心,St.d,"0.50"
四川省煤炭产业集团有限责任公司营销分公司,瘦焦煤|1级|国内,G3MMSJ1,,巴关河,"4","2026-08-10 17:06:18",,"1M",269840.0,采购中心,Vdaf,"17.36"
四川省煤炭产业集团有限责任公司营销分公司,瘦焦煤|1级|国内,G3MMSJ1,,巴关河,"4","2026-08-10 17:06:18",,"1M",269840.0,采购中心,水分,"13.3"
焦化厂,炼焦配合煤,A2MMJPM,,,"4","2026-08-10 16:00:44",喷吹用煤（原料）,,,采购中心,Ad,"11.17"
焦化厂,炼焦配合煤,A2MMJPM,,,"4","2026-08-10 16:00:44",喷吹用煤（原料）,,,采购中心,Ad,"11.15"
焦化厂,炼焦配合煤,A2MMJPM,,,"4","2026-08-10 16:00:44",喷吹用煤（原料）,,,采购中心,Ad,"10.16"
焦化厂,炼焦配合煤,A2MMJPM,,,"4","2026-08-10 16:00:44",喷吹用煤（原料）,,,采购中心,FCad,"56.42"
焦化厂,炼焦配合煤,A2MMJPM,,,"4","2026-08-10 16:00:44",喷吹用煤（原料）,,,采购中心,FCad,"62.57"
焦化厂,炼焦配合煤,A2MMJPM,,,"4","2026-08-10 16:00:44",喷吹用煤（原料）,,,采购中心,FCad,"56.94"
焦化厂,炼焦配合煤,A2MMJPM,,,"4","2026-08-10 16:00:44",喷吹用煤（原料）,,,采购中心,Mad,"1.19"
焦化厂,炼焦配合煤,A2MMJPM,,,"4","2026-08-10 16:00:44",喷吹用煤（原料）,,,采购中心,Mad,"0.84"
焦化厂,炼焦配合煤,A2MMJPM,,,"4","2026-08-10 16:00:44",喷吹用煤（原料）,,,采购中心,Mad,"1.15"
焦化厂,炼焦配合煤,A2MMJPM,,,"4","2026-08-10 16:00:44",喷吹用煤（原料）,,,采购中心,St.d,"1.73"
焦化厂,炼焦配合煤,A2MMJPM,,,"4","2026-08-10 16:00:44",喷吹用煤（原料）,,,采购中心,St.d,"0.30"
焦化厂,炼焦配合煤,A2MMJPM,,,"4","2026-08-10 16:00:44",喷吹用煤（原料）,,,采购中心,St.d,"0.27"
焦化厂,炼焦配合煤,A2MMJPM,,,"4","2026-08-10 16:00:44",喷吹用煤（原料）,,,采购中心,Vdaf,"35.16"
焦化厂,炼焦配合煤,A2MMJPM,,,"4","2026-08-10 16:00:44",喷吹用煤（原料）,,,采购中心,Vdaf,"29.77"
焦化厂,炼焦配合煤,A2MMJPM,,,"4","2026-08-10 16:00:44",喷吹用煤（原料）,,,采购中心,Vdaf,"35.73"
焦化厂,炼焦配合煤,A2MMJPM,,,"4","2026-08-10 16:00:44",喷吹用煤（原料）,,,采购中心,水分,"10.8"
焦化厂,炼焦配合煤,A2MMJPM,,,"4","2026-08-10 16:00:44",喷吹用煤（原料）,,,采购中心,水分,"10.9"
焦化厂,炼焦配合煤,A2MMJPM,,,"4","2026-08-10 16:00:44",喷吹用煤（原料）,,,采购中心,水分,"8.9"
四川省煤炭产业集团有限责任公司营销分公司,"1/3焦煤|3级|国内",G3MMSY5,,渡市,"4","2026-08-10 13:18:35",,"1M",58490.0,采购中心,Ad,"9.41"
四川省煤炭产业集团有限责任公司营销分公司,"1/3焦煤|3级|国内",G3MMSY5,,渡市,"4","2026-08-10 13:18:35",,"1M",58490.0,采购中心,FCad,"63.19"
四川省煤炭产业集团有限责任公司营销分公司,"1/3焦煤|3级|国内",G3MMSY5,,渡市,"4","2026-08-10 13:18:35",,"1M",58490.0,采购中心,Mad,"1.17"
四川省煤炭产业集团有限责任公司营销分公司,"1/3焦煤|3级|国内",G3MMSY5,,渡市,"4","2026-08-10 13:18:35",,"1M",58490.0,采购中心,St.d,"0.59"
四川省煤炭产业集团有限责任公司营销分公司,"1/3焦煤|3级|国内",G3MMSY5,,渡市,"4","2026-08-10 13:18:35",,"1M",58490.0,采购中心,Vdaf,"29.42"
四川省煤炭产业集团有限责任公司营销分公司,"1/3焦煤|3级|国内",G3MMSY5,,渡市,"4","2026-08-10 13:18:35",,"1M",58490.0,采购中心,水分,"8.5"
山西焦煤能源集团股份有限公司,气煤|2级|国内,G3MMQQB,,瓦塘,"4","2026-08-10 13:17:30",,"1M",413270.0,采购中心,Ad,"10.78"
山西焦煤能源集团股份有限公司,气煤|2级|国内,G3MMQQB,,瓦塘,"4","2026-08-10 13:17:30",,"1M",413270.0,采购中心,FCad,"56.68"
山西焦煤能源集团股份有限公司,气煤|2级|国内,G3MMQQB,,瓦塘,"4","2026-08-10 13:17:30",,"1M",413270.0,采购中心,Mad,"1.69"
山西焦煤能源集团股份有限公司,气煤|2级|国内,G3MMQQB,,瓦塘,"4","2026-08-10 13:17:30",,"1M",413270.0,采购中心,St.d,"0.84"
山西焦煤能源集团股份有限公司,气煤|2级|国内,G3MMQQB,,瓦塘,"4","2026-08-10 13:17:30",,"1M",413270.0,采购中心,Vdaf,"35.38"
山西焦煤能源集团股份有限公司,气煤|2级|国内,G3MMQQB,,瓦塘,"4","2026-08-10 13:17:30",,"1M",413270.0,采购中心,水分,"5.9"
四川省煤炭产业集团有限责任公司营销分公司,瘦焦煤|1级|国内,G3MMSJ1,,巴关河,"4","2026-08-10 13:15:41",,"1M",386640.0,采购中心,Ad,"10.29"
四川省煤炭产业集团有限责任公司营销分公司,瘦焦煤|1级|国内,G3MMSJ1,,巴关河,"4","2026-08-10 13:15:41",,"1M",386640.0,采购中心,FCad,"73.51"
四川省煤炭产业集团有限责任公司营销分公司,瘦焦煤|1级|国内,G3MMSJ1,,巴关河,"4","2026-08-10 13:15:41",,"1M",386640.0,采购中心,Mad,"0.74"
四川省煤炭产业集团有限责任公司营销分公司,瘦焦煤|1级|国内,G3MMSJ1,,巴关河,"4","2026-08-10 13:15:41",,"1M",386640.0,采购中心,St.d,"0.50"
四川省煤炭产业集团有限责任公司营销分公司,瘦焦煤|1级|国内,G3MMSJ1,,巴关河,"4","2026-08-10 13:15:41",,"1M",386640.0,采购中心,Vdaf,"17.45"
四川省煤炭产业集团有限责任公司营销分公司,瘦焦煤|1级|国内,G3MMSJ1,,巴关河,"4","2026-08-10 13:15:41",,"1M",386640.0,采购中心,水分,"13.2"
重庆百丰实业有限公司,主焦煤|2级|国内,G3MMZJD,,松坎,"4","2026-08-10 13:13:30",,A2,786160.0,采购中心,Ad,"11.49"
重庆百丰实业有限公司,主焦煤|2级|国内,G3MMZJD,,松坎,"4","2026-08-10 13:13:30",,A2,786160.0,采购中心,FCad,"68.95"
重庆百丰实业有限公司,主焦煤|2级|国内,G3MMZJD,,松坎,"4","2026-08-10 13:13:30",,A2,786160.0,采购中心,Mad,"0.92"
重庆百丰实业有限公司,主焦煤|2级|国内,G3MMZJD,,松坎,"4","2026-08-10 13:13:30",,A2,786160.0,采购中心,St.d,"1.65"
重庆百丰实业有限公司,主焦煤|2级|国内,G3MMZJD,,松坎,"4","2026-08-10 13:13:30",,A2,786160.0,采购中心,Vdaf,"21.38"
重庆百丰实业有限公司,主焦煤|2级|国内,G3MMZJD,,松坎,"4","2026-08-10 13:13:30",,A2,786160.0,采购中心,水分,"14.9"
广西柳钢国际贸易有限公司,国内烧结无烟煤,G3MMSWM,,嘉峰,"4","2026-08-10 12:35:47",,,70840.0,采购中心,Ad,"9.82"
广西柳钢国际贸易有限公司,国内烧结无烟煤,G3MMSWM,,嘉峰,"4","2026-08-10 12:35:47",,,70840.0,采购中心,FCad,"82.82"
广西柳钢国际贸易有限公司,国内烧结无烟煤,G3MMSWM,,嘉峰,"4","2026-08-10 12:35:47",,,70840.0,采购中心,Mad,"2.00"
广西柳钢国际贸易有限公司,国内烧结无烟煤,G3MMSWM,,嘉峰,"4","2026-08-10 12:35:47",,,70840.0,采购中心,St.d,"0.35"
广西柳钢国际贸易有限公司,国内烧结无烟煤,G3MMSWM,,嘉峰,"4","2026-08-10 12:35:47",,,70840.0,采购中心,Vdaf,"6.29"
广西柳钢国际贸易有限公司,国内烧结无烟煤,G3MMSWM,,嘉峰,"4","2026-08-10 12:35:47",,,70840.0,采购中心,水分,"7.7"
贵州盘江精煤股份有限公司,"1/3焦煤|1级|国内",G3MMSY1,,柏果,"4","2026-08-10 12:31:22",,"5M",729680.0,采购中心,Ad,"10.77"
贵州盘江精煤股份有限公司,"1/3焦煤|1级|国内",G3MMSY1,,柏果,"4","2026-08-10 12:31:22",,"5M",729680.0,采购中心,FCad,"61.22"
贵州盘江精煤股份有限公司,"1/3焦煤|1级|国内",G3MMSY1,,柏果,"4","2026-08-10 12:31:22",,"5M",729680.0,采购中心,Mad,"0.88"
贵州盘江精煤股份有限公司,"1/3焦煤|1级|国内",G3MMSY1,,柏果,"4","2026-08-10 12:31:22",,"5M",729680.0,采购中心,St.d,"0.24"
贵州盘江精煤股份有限公司,"1/3焦煤|1级|国内",G3MMSY1,,柏果,"4","2026-08-10 12:31:22",,"5M",729680.0,采购中心,Vdaf,"30.78"
贵州盘江精煤股份有限公司,"1/3焦煤|1级|国内",G3MMSY1,,柏果,"4","2026-08-10 12:31:22",,"5M",729680.0,采购中心,水分,"11.5"
广西柳钢国际贸易有限公司,国内烧结无烟煤,G3MMSWM,,嘉峰,"4","2026-08-10 11:27:00",,,69940.0,采购中心,Ad,"10.66"
广西柳钢国际贸易有限公司,国内烧结无烟煤,G3MMSWM,,嘉峰,"4","2026-08-10 11:27:00",,,69940.0,采购中心,FCad,"82.07"
广西柳钢国际贸易有限公司,国内烧结无烟煤,G3MMSWM,,嘉峰,"4","2026-08-10 11:27:00",,,69940.0,采购中心,Mad,"1.96"
广西柳钢国际贸易有限公司,国内烧结无烟煤,G3MMSWM,,嘉峰,"4","2026-08-10 11:27:00",,,69940.0,采购中心,St.d,"0.35"
广西柳钢国际贸易有限公司,国内烧结无烟煤,G3MMSWM,,嘉峰,"4","2026-08-10 11:27:00",,,69940.0,采购中心,Vdaf,"6.30"
广西柳钢国际贸易有限公司,国内烧结无烟煤,G3MMSWM,,嘉峰,"4","2026-08-10 11:27:00",,,69940.0,采购中心,水分,"7.2"
贵州盘南煤炭开发有限责任公司,瘦焦煤|1级|国内,G3MMSJ1,,小雨谷,"4","2026-08-10 11:22:49",,"4M",1076170.0,采购中心,Ad,"11.42"
贵州盘南煤炭开发有限责任公司,瘦焦煤|1级|国内,G3MMSJ1,,小雨谷,"4","2026-08-10 11:22:49",,"4M",1076170.0,采购中心,FCad,"72.58"
贵州盘南煤炭开发有限责任公司,瘦焦煤|1级|国内,G3MMSJ1,,小雨谷,"4","2026-08-10 11:22:49",,"4M",1076170.0,采购中心,Mad,"0.62"
贵州盘南煤炭开发有限责任公司,瘦焦煤|1级|国内,G3MMSJ1,,小雨谷,"4","2026-08-10 11:22:49",,"4M",1076170.0,采购中心,St.d,"0.81"
贵州盘南煤炭开发有限责任公司,瘦焦煤|1级|国内,G3MMSJ1,,小雨谷,"4","2026-08-10 11:22:49",,"4M",1076170.0,采购中心,Vdaf,"17.55"
贵州盘南煤炭开发有限责任公司,瘦焦煤|1级|国内,G3MMSJ1,,小雨谷,"4","2026-08-10 11:22:49",,"4M",1076170.0,采购中心,水分,"12.9"
广西柳钢国际贸易有限公司,贫瘦煤|国内,G3MMPS1,德邻惠航,,"4","2026-08-10 10:18:55",,,1010900.0,采购中心,Ad,"10.59"
广西柳钢国际贸易有限公司,贫瘦煤|国内,G3MMPS1,德邻惠航,,"4","2026-08-10 10:18:55",,,1010900.0,采购中心,FCad,"73.16"
广西柳钢国际贸易有限公司,贫瘦煤|国内,G3MMPS1,德邻惠航,,"4","2026-08-10 10:18:55",,,1010900.0,采购中心,Mad,"3.48"
广西柳钢国际贸易有限公司,贫瘦煤|国内,G3MMPS1,德邻惠航,,"4","2026-08-10 10:18:55",,,1010900.0,采购中心,St.d,"0.51"
广西柳钢国际贸易有限公司,贫瘦煤|国内,G3MMPS1,德邻惠航,,"4","2026-08-10 10:18:55",,,1010900.0,采购中心,Vdaf,"15.23"
广西柳钢国际贸易有限公司,贫瘦煤|国内,G3MMPS1,德邻惠航,,"4","2026-08-10 10:18:55",,,1010900.0,采购中心,水分,"11.1"
广西柳钢国际贸易有限公司,主焦煤|3级|进口|澳洲|Daunia,G3MMZJMH,吉利女神,铁山港,"4","2026-08-10 10:11:00",,,,采购中心,Ad,"8.35"
广西柳钢国际贸易有限公司,主焦煤|3级|进口|澳洲|Daunia,G3MMZJMH,吉利女神,铁山港,"4","2026-08-10 10:11:00",,,,采购中心,FCad,"69.20"
广西柳钢国际贸易有限公司,主焦煤|3级|进口|澳洲|Daunia,G3MMZJMH,吉利女神,铁山港,"4","2026-08-10 10:11:00",,,,采购中心,Mad,"1.00"
广西柳钢国际贸易有限公司,主焦煤|3级|进口|澳洲|Daunia,G3MMZJMH,吉利女神,铁山港,"4","2026-08-10 10:11:00",,,,采购中心,St.d,"0.44"
广西柳钢国际贸易有限公司,主焦煤|3级|进口|澳洲|Daunia,G3MMZJMH,吉利女神,铁山港,"4","2026-08-10 10:11:00",,,,采购中心,Vdaf,"23.73"
广西柳钢国际贸易有限公司,主焦煤|3级|进口|澳洲|Daunia,G3MMZJMH,吉利女神,铁山港,"4","2026-08-10 10:11:00",,,,采购中心,水分,"10.1"
石嘴山市惠农区永鑫工贸有限公司,主焦煤|1级|国内,G3MMZJ1,,惠农,"4","2026-08-10 09:14:19",,"1M",209450.0,采购中心,Ad,"10.32"
石嘴山市惠农区永鑫工贸有限公司,主焦煤|1级|国内,G3MMZJ1,,惠农,"4","2026-08-10 09:14:19",,"1M",209450.0,采购中心,FCad,"65.42"
石嘴山市惠农区永鑫工贸有限公司,主焦煤|1级|国内,G3MMZJ1,,惠农,"4","2026-08-10 09:14:19",,"1M",209450.0,采购中心,Mad,"1.01"
石嘴山市惠农区永鑫工贸有限公司,主焦煤|1级|国内,G3MMZJ1,,惠农,"4","2026-08-10 09:14:19",,"1M",209450.0,采购中心,St.d,"0.61"
石嘴山市惠农区永鑫工贸有限公司,主焦煤|1级|国内,G3MMZJ1,,惠农,"4","2026-08-10 09:14:19",,"1M",209450.0,采购中心,Vdaf,"26.30"
石嘴山市惠农区永鑫工贸有限公司,主焦煤|1级|国内,G3MMZJ1,,惠农,"4","2026-08-10 09:14:19",,"1M",209450.0,采购中心,水分,"8.7"
广西柳钢国际贸易有限公司,肥煤|国内,G3MMFF1,,宝丰,"4","2026-08-10 09:12:24",,"1M",209320.0,采购中心,Ad,"9.90"
广西柳钢国际贸易有限公司,肥煤|国内,G3MMFF1,,宝丰,"4","2026-08-10 09:12:24",,"1M",209320.0,采购中心,FCad,"62.97"
广西柳钢国际贸易有限公司,肥煤|国内,G3MMFF1,,宝丰,"4","2026-08-10 09:12:24",,"1M",209320.0,采购中心,Mad,"0.86"
广西柳钢国际贸易有限公司,肥煤|国内,G3MMFF1,,宝丰,"4","2026-08-10 09:12:24",,"1M",209320.0,采购中心,St.d,"2.45"
广西柳钢国际贸易有限公司,肥煤|国内,G3MMFF1,,宝丰,"4","2026-08-10 09:12:24",,"1M",209320.0,采购中心,Vdaf,"29.51"
广西柳钢国际贸易有限公司,肥煤|国内,G3MMFF1,,宝丰,"4","2026-08-10 09:12:24",,"1M",209320.0,采购中心,水分,"11.2"
广西柳钢国际贸易有限公司,国内烧结无烟煤,G3MMSWM,,嘉峰,"4","2026-08-10 07:26:08",,,1675430.0,采购中心,Ad,"10.17"
广西柳钢国际贸易有限公司,国内烧结无烟煤,G3MMSWM,,嘉峰,"4","2026-08-10 07:26:08",,,1675430.0,采购中心,FCad,"82.39"
广西柳钢国际贸易有限公司,国内烧结无烟煤,G3MMSWM,,嘉峰,"4","2026-08-10 07:26:08",,,1675430.0,采购中心,Mad,"2.06"
广西柳钢国际贸易有限公司,国内烧结无烟煤,G3MMSWM,,嘉峰,"4","2026-08-10 07:26:08",,,1675430.0,采购中心,St.d,"0.35"
广西柳钢国际贸易有限公司,国内烧结无烟煤,G3MMSWM,,嘉峰,"4","2026-08-10 07:26:08",,,1675430.0,采购中心,Vdaf,"6.34"
广西柳钢国际贸易有限公司,国内烧结无烟煤,G3MMSWM,,嘉峰,"4","2026-08-10 07:26:08",,,1675430.0,采购中心,水分,"7.6"
四川省煤炭产业集团有限责任公司营销分公司,"1/3焦煤|3级|国内",G3MMSY5,,渡市,"4","2026-08-10 02:12:02",,A2,660470.0,采购中心,Ad,"9.35"
四川省煤炭产业集团有限责任公司营销分公司,"1/3焦煤|3级|国内",G3MMSY5,,渡市,"4","2026-08-10 02:12:02",,A2,660470.0,采购中心,FCad,"63.02"
四川省煤炭产业集团有限责任公司营销分公司,"1/3焦煤|3级|国内",G3MMSY5,,渡市,"4","2026-08-10 02:12:02",,A2,660470.0,采购中心,Mad,"1.28"
四川省煤炭产业集团有限责任公司营销分公司,"1/3焦煤|3级|国内",G3MMSY5,,渡市,"4","2026-08-10 02:12:02",,A2,660470.0,采购中心,St.d,"0.62"
四川省煤炭产业集团有限责任公司营销分公司,"1/3焦煤|3级|国内",G3MMSY5,,渡市,"4","2026-08-10 02:12:02",,A2,660470.0,采购中心,Vdaf,"29.58"
四川省煤炭产业集团有限责任公司营销分公司,"1/3焦煤|3级|国内",G3MMSY5,,渡市,"4","2026-08-10 02:12:02",,A2,660470.0,采购中心,水分,"9.1"
四川省煤炭产业集团有限责任公司营销分公司,"1/3焦煤|3级|国内",G3MMSY5,,渡市,"4","2026-08-10 02:10:13",,A2,675640.0,采购中心,Ad,"9.56"
四川省煤炭产业集团有限责任公司营销分公司,"1/3焦煤|3级|国内",G3MMSY5,,渡市,"4","2026-08-10 02:10:13",,A2,675640.0,采购中心,FCad,"62.42"
四川省煤炭产业集团有限责任公司营销分公司,"1/3焦煤|3级|国内",G3MMSY5,,渡市,"4","2026-08-10 02:10:13",,A2,675640.0,采购中心,Mad,"1.22"
四川省煤炭产业集团有限责任公司营销分公司,"1/3焦煤|3级|国内",G3MMSY5,,渡市,"4","2026-08-10 02:10:13",,A2,675640.0,采购中心,St.d,"0.59"
四川省煤炭产业集团有限责任公司营销分公司,"1/3焦煤|3级|国内",G3MMSY5,,渡市,"4","2026-08-10 02:10:13",,A2,675640.0,采购中心,Vdaf,"30.13"
四川省煤炭产业集团有限责任公司营销分公司,"1/3焦煤|3级|国内",G3MMSY5,,渡市,"4","2026-08-10 02:10:13",,A2,675640.0,采购中心,水分,"9.0"
重庆百丰实业有限公司,主焦煤|2级|国内,G3MMZJD,,松坎,"4","2026-08-10 01:26:55",,"4M",525900.0,采购中心,Ad,"11.51"
重庆百丰实业有限公司,主焦煤|2级|国内,G3MMZJD,,松坎,"4","2026-08-10 01:26:55",,"4M",525900.0,采购中心,FCad,"69.16"
重庆百丰实业有限公司,主焦煤|2级|国内,G3MMZJD,,松坎,"4","2026-08-10 01:26:55",,"4M",525900.0,采购中心,Mad,"0.87"
重庆百丰实业有限公司,主焦煤|2级|国内,G3MMZJD,,松坎,"4","2026-08-10 01:26:55",,"4M",525900.0,采购中心,St.d,"1.64"
重庆百丰实业有限公司,主焦煤|2级|国内,G3MMZJD,,松坎,"4","2026-08-10 01:26:55",,"4M",525900.0,采购中心,Vdaf,"21.16"
重庆百丰实业有限公司,主焦煤|2级|国内,G3MMZJD,,松坎,"4","2026-08-10 01:26:55",,"4M",525900.0,采购中心,水分,"15.8"
广西柳钢国际贸易有限公司,肥煤|国内,G3MMFF1,,宝丰,"4","2026-08-10 00:01:12",,A2,137800.0,采购中心,Ad,"10.64"
广西柳钢国际贸易有限公司,肥煤|国内,G3MMFF1,,宝丰,"4","2026-08-10 00:01:12",,A2,137800.0,采购中心,FCad,"61.63"
广西柳钢国际贸易有限公司,肥煤|国内,G3MMFF1,,宝丰,"4","2026-08-10 00:01:12",,A2,137800.0,采购中心,Mad,"0.86"
广西柳钢国际贸易有限公司,肥煤|国内,G3MMFF1,,宝丰,"4","2026-08-10 00:01:12",,A2,137800.0,采购中心,St.d,"1.98"
广西柳钢国际贸易有限公司,肥煤|国内,G3MMFF1,,宝丰,"4","2026-08-10 00:01:12",,A2,137800.0,采购中心,Vdaf,"30.43"
广西柳钢国际贸易有限公司,肥煤|国内,G3MMFF1,,宝丰,"4","2026-08-10 00:01:12",,A2,137800.0,采购中心,水分,"11.1"
广西柳钢国际贸易有限公司,主焦煤|3级|进口|澳洲|Daunia,G3MMZJMH,吉利女神,铁山港,"4","2026-08-09 22:53:35",,,3376940.0,采购中心,水分,"10.0"
广西柳钢国际贸易有限公司,主焦煤|1级|进口|加拿大|普瑞,G3MMZJML,禄通,铁山港,"4","2026-08-09 22:49:32",,,3385380.0,采购中心,水分,"11.1"
广西柳钢国际贸易有限公司,贫瘦煤|国内|低挥发,G3MMPS11,,东田良,"4","2026-08-09 22:39:14",,,629570.0,采购中心,Ad,"10.54"
广西柳钢国际贸易有限公司,贫瘦煤|国内|低挥发,G3MMPS11,,东田良,"4","2026-08-09 22:39:14",,,629570.0,采购中心,FCad,"78.88"
广西柳钢国际贸易有限公司,贫瘦煤|国内|低挥发,G3MMPS11,,东田良,"4","2026-08-09 22:39:14",,,629570.0,采购中心,Mad,"0.91"
广西柳钢国际贸易有限公司,贫瘦煤|国内|低挥发,G3MMPS11,,东田良,"4","2026-08-09 22:39:14",,,629570.0,采购中心,St.d,"0.38"
广西柳钢国际贸易有限公司,贫瘦煤|国内|低挥发,G3MMPS11,,东田良,"4","2026-08-09 22:39:14",,,629570.0,采购中心,Vdaf,"11.02"
广西柳钢国际贸易有限公司,贫瘦煤|国内|低挥发,G3MMPS11,,东田良,"4","2026-08-09 22:39:14",,,629570.0,采购中心,水分,"6.3"
广西柳钢国际贸易有限公司,贫瘦煤|国内|低挥发,G3MMPS11,,东田良,"4","2026-08-09 22:27:46",,A2,629570.0,采购中心,Ad,"10.67"
广西柳钢国际贸易有限公司,贫瘦煤|国内|低挥发,G3MMPS11,,东田良,"4","2026-08-09 22:27:46",,A2,629570.0,采购中心,FCad,"78.76"
广西柳钢国际贸易有限公司,贫瘦煤|国内|低挥发,G3MMPS11,,东田良,"4","2026-08-09 22:27:46",,A2,629570.0,采购中心,Mad,"0.88"
广西柳钢国际贸易有限公司,贫瘦煤|国内|低挥发,G3MMPS11,,东田良,"4","2026-08-09 22:27:46",,A2,629570.0,采购中心,St.d,"0.40"
广西柳钢国际贸易有限公司,贫瘦煤|国内|低挥发,G3MMPS11,,东田良,"4","2026-08-09 22:27:46",,A2,629570.0,采购中心,Vdaf,"11.04"
广西柳钢国际贸易有限公司,贫瘦煤|国内|低挥发,G3MMPS11,,东田良,"4","2026-08-09 22:27:46",,A2,629570.0,采购中心,水分,"7.2"
广西柳钢国际贸易有限公司,肥煤|国内,G3MMFF1,,宝丰,"4","2026-08-09 22:13:04",,"1M",678380.0,采购中心,Ad,"10.25"
广西柳钢国际贸易有限公司,肥煤|国内,G3MMFF1,,宝丰,"4","2026-08-09 22:13:04",,"1M",678380.0,采购中心,FCad,"62.60"
广西柳钢国际贸易有限公司,肥煤|国内,G3MMFF1,,宝丰,"4","2026-08-09 22:13:04",,"1M",678380.0,采购中心,Mad,"0.79"
广西柳钢国际贸易有限公司,肥煤|国内,G3MMFF1,,宝丰,"4","2026-08-09 22:13:04",,"1M",678380.0,采购中心,St.d,"2.39"
广西柳钢国际贸易有限公司,肥煤|国内,G3MMFF1,,宝丰,"4","2026-08-09 22:13:04",,"1M",678380.0,采购中心,Vdaf,"29.69"
广西柳钢国际贸易有限公司,肥煤|国内,G3MMFF1,,宝丰,"4","2026-08-09 22:13:04",,"1M",678380.0,采购中心,水分,"11.6"
广西柳钢国际贸易有限公司,贫瘦煤|进口|俄罗斯,G3MMPS8,华源,铁山港,"4","2026-08-09 21:47:32",,,1111660.0,采购中心,水分,"6.2"
河南天元清洁能源有限公司,贫瘦煤|国内,G3MMPS1,,苏桥,"4","2026-08-09 18:26:21",,A7,656300.0,采购中心,Ad,"9.93"
河南天元清洁能源有限公司,贫瘦煤|国内,G3MMPS1,,苏桥,"4","2026-08-09 18:26:21",,A7,656300.0,采购中心,FCad,"77.73"
河南天元清洁能源有限公司,贫瘦煤|国内,G3MMPS1,,苏桥,"4","2026-08-09 18:26:21",,A7,656300.0,采购中心,Mad,"0.93"
河南天元清洁能源有限公司,贫瘦煤|国内,G3MMPS1,,苏桥,"4","2026-08-09 18:26:21",,A7,656300.0,采购中心,St.d,"0.38"
河南天元清洁能源有限公司,贫瘦煤|国内,G3MMPS1,,苏桥,"4","2026-08-09 18:26:21",,A7,656300.0,采购中心,Vdaf,"12.89"
河南天元清洁能源有限公司,贫瘦煤|国内,G3MMPS1,,苏桥,"4","2026-08-09 18:26:21",,A7,656300.0,采购中心,水分,"15.0"
贵州盘江精煤股份有限公司,"1/3焦煤|1级|国内",G3MMSY1,,柏果,"4","2026-08-09 17:31:21",,A2,961270.0,采购中心,Ad,"10.63"
贵州盘江精煤股份有限公司,"1/3焦煤|1级|国内",G3MMSY1,,柏果,"4","2026-08-09 17:31:21",,A2,961270.0,采购中心,FCad,"61.38"
贵州盘江精煤股份有限公司,"1/3焦煤|1级|国内",G3MMSY1,,柏果,"4","2026-08-09 17:31:21",,A2,961270.0,采购中心,Mad,"0.86"
贵州盘江精煤股份有限公司,"1/3焦煤|1级|国内",G3MMSY1,,柏果,"4","2026-08-09 17:31:21",,A2,961270.0,采购中心,St.d,"0.23"
贵州盘江精煤股份有限公司,"1/3焦煤|1级|国内",G3MMSY1,,柏果,"4","2026-08-09 17:31:21",,A2,961270.0,采购中心,Vdaf,"30.72"
贵州盘江精煤股份有限公司,"1/3焦煤|1级|国内",G3MMSY1,,柏果,"4","2026-08-09 17:31:21",,A2,961270.0,采购中心,水分,"11.1"
广西柳钢国际贸易有限公司,肥煤|国内,G3MMFF1,,宝丰,"4","2026-08-09 17:22:48",,A2,279370.0,采购中心,Ad,"10.53"
广西柳钢国际贸易有限公司,肥煤|国内,G3MMFF1,,宝丰,"4","2026-08-09 17:22:48",,A2,279370.0,采购中心,FCad,"62.77"
广西柳钢国际贸易有限公司,肥煤|国内,G3MMFF1,,宝丰,"4","2026-08-09 17:22:48",,A2,279370.0,采购中心,Mad,"0.89"
广西柳钢国际贸易有限公司,肥煤|国内,G3MMFF1,,宝丰,"4","2026-08-09 17:22:48",,A2,279370.0,采购中心,St.d,"2.24"
广西柳钢国际贸易有限公司,肥煤|国内,G3MMFF1,,宝丰,"4","2026-08-09 17:22:48",,A2,279370.0,采购中心,Vdaf,"29.21"
广西柳钢国际贸易有限公司,肥煤|国内,G3MMFF1,,宝丰,"4","2026-08-09 17:22:48",,A2,279370.0,采购中心,水分,"11.8"
焦化厂,炼焦配合煤,A2MMJPM,,,"4","2026-08-09 15:56:14",喷吹用煤（原料）,,,采购中心,Ad,"11.50"
焦化厂,炼焦配合煤,A2MMJPM,,,"4","2026-08-09 15:56:14",喷吹用煤（原料）,,,采购中心,Ad,"10.58"
焦化厂,炼焦配合煤,A2MMJPM,,,"4","2026-08-09 15:56:14",喷吹用煤（原料）,,,采购中心,Ad,"8.59"
焦化厂,炼焦配合煤,A2MMJPM,,,"4","2026-08-09 15:56:14",喷吹用煤（原料）,,,采购中心,Ad,"9.93"
焦化厂,炼焦配合煤,A2MMJPM,,,"4","2026-08-09 15:56:14",喷吹用煤（原料）,,,采购中心,Ad,"8.17"
焦化厂,炼焦配合煤,A2MMJPM,,,"4","2026-08-09 15:56:14",喷吹用煤（原料）,,,采购中心,Ad,"11.31"
焦化厂,炼焦配合煤,A2MMJPM,,,"4","2026-08-09 15:56:14",喷吹用煤（原料）,,,采购中心,Cad,"80.19"
焦化厂,炼焦配合煤,A2MMJPM,,,"4","2026-08-09 15:56:14",喷吹用煤（原料）,,,采购中心,Cad,"77.07"
焦化厂,炼焦配合煤,A2MMJPM,,,"4","2026-08-09 15:56:14",喷吹用煤（原料）,,,采购中心,Cad,"80.03"
焦化厂,炼焦配合煤,A2MMJPM,,,"4","2026-08-09 15:56:14",喷吹用煤（原料）,,,采购中心,Cad,"77.7"
焦化厂,炼焦配合煤,A2MMJPM,,,"4","2026-08-09 15:56:14",喷吹用煤（原料）,,,采购中心,Cad,"75.51"
焦化厂,炼焦配合煤,A2MMJPM,,,"4","2026-08-09 15:56:14",喷吹用煤（原料）,,,采购中心,Cad,"78.16"
焦化厂,炼焦配合煤,A2MMJPM,,,"4","2026-08-09 15:56:14",喷吹用煤（原料）,,,采购中心,FCad,"69.56"
焦化厂,炼焦配合煤,A2MMJPM,,,"4","2026-08-09 15:56:14",喷吹用煤（原料）,,,采购中心,FCad,"68.93"
焦化厂,炼焦配合煤,A2MMJPM,,,"4","2026-08-09 15:56:14",喷吹用煤（原料）,,,采购中心,FCad,"56.52"
焦化厂,炼焦配合煤,A2MMJPM,,,"4","2026-08-09 15:56:14",喷吹用煤（原料）,,,采购中心,FCad,"63.45"
焦化厂,炼焦配合煤,A2MMJPM,,,"4","2026-08-09 15:56:14",喷吹用煤（原料）,,,采购中心,FCad,"69.69"
焦化厂,炼焦配合煤,A2MMJPM,,,"4","2026-08-09 15:56:14",喷吹用煤（原料）,,,采购中心,FCad,"64.88"
焦化厂,炼焦配合煤,A2MMJPM,,,"4","2026-08-09 15:56:14",喷吹用煤（原料）,,,采购中心,Had,"4.81"
焦化厂,炼焦配合煤,A2MMJPM,,,"4","2026-08-09 15:56:14",喷吹用煤（原料）,,,采购中心,Had,"4.36"
焦化厂,炼焦配合煤,A2MMJPM,,,"4","2026-08-09 15:56:14",喷吹用煤（原料）,,,采购中心,Had,"4.4"
焦化厂,炼焦配合煤,A2MMJPM,,,"4","2026-08-09 15:56:14",喷吹用煤（原料）,,,采购中心,Had,"4.45"
焦化厂,炼焦配合煤,A2MMJPM,,,"4","2026-08-09 15:56:14",喷吹用煤（原料）,,,采购中心,Had,"4.45"
焦化厂,炼焦配合煤,A2MMJPM,,,"4","2026-08-09 15:56:14",喷吹用煤（原料）,,,采购中心,Had,"4.47"
焦化厂,炼焦配合煤,A2MMJPM,,,"4","2026-08-09 15:56:14",喷吹用煤（原料）,,,采购中心,Mad,"1.28"
焦化厂,炼焦配合煤,A2MMJPM,,,"4","2026-08-09 15:56:14",喷吹用煤（原料）,,,采购中心,Mad,"1.11"
焦化厂,炼焦配合煤,A2MMJPM,,,"4","2026-08-09 15:56:14",喷吹用煤（原料）,,,采购中心,Mad,"1.06"
焦化厂,炼焦配合煤,A2MMJPM,,,"4","2026-08-09 15:56:14",喷吹用煤（原料）,,,采购中心,Mad,"1.11"
焦化厂,炼焦配合煤,A2MMJPM,,,"4","2026-08-09 15:56:14",喷吹用煤（原料）,,,采购中心,Mad,"0.77"
焦化厂,炼焦配合煤,A2MMJPM,,,"4","2026-08-09 15:56:14",喷吹用煤（原料）,,,采购中心,Mad,"0.90"
焦化厂,炼焦配合煤,A2MMJPM,,,"4","2026-08-09 15:56:14",喷吹用煤（原料）,,,采购中心,St.d,"1.87"
焦化厂,炼焦配合煤,A2MMJPM,,,"4","2026-08-09 15:56:14",喷吹用煤（原料）,,,采购中心,St.d,"0.42"
焦化厂,炼焦配合煤,A2MMJPM,,,"4","2026-08-09 15:56:14",喷吹用煤（原料）,,,采购中心,St.d,"0.69"
焦化厂,炼焦配合煤,A2MMJPM,,,"4","2026-08-09 15:56:14",喷吹用煤（原料）,,,采购中心,St.d,"1.60"
焦化厂,炼焦配合煤,A2MMJPM,,,"4","2026-08-09 15:56:14",喷吹用煤（原料）,,,采购中心,St.d,"0.42"
焦化厂,炼焦配合煤,A2MMJPM,,,"4","2026-08-09 15:56:14",喷吹用煤（原料）,,,采购中心,St.d,"0.27"
焦化厂,炼焦配合煤,A2MMJPM,,,"4","2026-08-09 15:56:14",喷吹用煤（原料）,,,采购中心,Vdaf,"21.51"
焦化厂,炼焦配合煤,A2MMJPM,,,"4","2026-08-09 15:56:14",喷吹用煤（原料）,,,采购中心,Vdaf,"22.94"
焦化厂,炼焦配合煤,A2MMJPM,,,"4","2026-08-09 15:56:14",喷吹用煤（原料）,,,采购中心,Vdaf,"27.16"
焦化厂,炼焦配合煤,A2MMJPM,,,"4","2026-08-09 15:56:14",喷吹用煤（原料）,,,采购中心,Vdaf,"28.39"
焦化厂,炼焦配合煤,A2MMJPM,,,"4","2026-08-09 15:56:14",喷吹用煤（原料）,,,采购中心,Vdaf,"35.44"
焦化厂,炼焦配合煤,A2MMJPM,,,"4","2026-08-09 15:56:14",喷吹用煤（原料）,,,采购中心,Vdaf,"23.40"
焦化厂,炼焦配合煤,A2MMJPM,,,"4","2026-08-09 15:56:14",喷吹用煤（原料）,,,采购中心,水分,"12.1"
焦化厂,炼焦配合煤,A2MMJPM,,,"4","2026-08-09 15:56:14",喷吹用煤（原料）,,,采购中心,水分,"15.9"
焦化厂,炼焦配合煤,A2MMJPM,,,"4","2026-08-09 15:56:14",喷吹用煤（原料）,,,采购中心,水分,"13.1"
焦化厂,炼焦配合煤,A2MMJPM,,,"4","2026-08-09 15:56:14",喷吹用煤（原料）,,,采购中心,水分,"10.1"
焦化厂,炼焦配合煤,A2MMJPM,,,"4","2026-08-09 15:56:14",喷吹用煤（原料）,,,采购中心,水分,"8.0"
焦化厂,炼焦配合煤,A2MMJPM,,,"4","2026-08-09 15:56:14",喷吹用煤（原料）,,,采购中心,水分,"11.6"
广西柳钢国际贸易有限公司,贫瘦煤|进口|俄罗斯,G3MMPS8,华源,铁山港,"4","2026-08-09 15:14:32",,,3527240.0,采购中心,Ad,"10.33"
广西柳钢国际贸易有限公司,贫瘦煤|进口|俄罗斯,G3MMPS8,华源,铁山港,"4","2026-08-09 15:14:32",,,3527240.0,采购中心,FCad,"77.29"
广西柳钢国际贸易有限公司,贫瘦煤|进口|俄罗斯,G3MMPS8,华源,铁山港,"4","2026-08-09 15:14:32",,,3527240.0,采购中心,Mad,"1.40"
广西柳钢国际贸易有限公司,贫瘦煤|进口|俄罗斯,G3MMPS8,华源,铁山港,"4","2026-08-09 15:14:32",,,3527240.0,采购中心,St.d,"0.37"
广西柳钢国际贸易有限公司,贫瘦煤|进口|俄罗斯,G3MMPS8,华源,铁山港,"4","2026-08-09 15:14:32",,,3527240.0,采购中心,Vdaf,"12.58"
广西柳钢国际贸易有限公司,贫瘦煤|进口|俄罗斯,G3MMPS8,华源,铁山港,"4","2026-08-09 15:14:32",,,3527240.0,采购中心,水分,"6.3"
贵州盘江精煤股份有限公司,"1/3焦煤|1级|国内",G3MMSY1,,柏果,"4","2026-08-09 13:44:28",,A2,607660.0,采购中心,Ad,"10.32"
贵州盘江精煤股份有限公司,"1/3焦煤|1级|国内",G3MMSY1,,柏果,"4","2026-08-09 13:44:28",,A2,607660.0,采购中心,FCad,"61.72"
贵州盘江精煤股份有限公司,"1/3焦煤|1级|国内",G3MMSY1,,柏果,"4","2026-08-09 13:44:28",,A2,607660.0,采购中心,Mad,"0.91"
贵州盘江精煤股份有限公司,"1/3焦煤|1级|国内",G3MMSY1,,柏果,"4","2026-08-09 13:44:28",,A2,607660.0,采购中心,St.d,"0.23"
贵州盘江精煤股份有限公司,"1/3焦煤|1级|国内",G3MMSY1,,柏果,"4","2026-08-09 13:44:28",,A2,607660.0,采购中心,Vdaf,"30.54"
贵州盘江精煤股份有限公司,"1/3焦煤|1级|国内",G3MMSY1,,柏果,"4","2026-08-09 13:44:28",,A2,607660.0,采购中心,水分,"10.6"
贵州盘江精煤股份有限公司,炼焦贫瘦煤|国内,G3MMJPS1,,红果,"4","2026-08-09 12:47:05",,A2,198600.0,采购中心,Ad,"11.92"
贵州盘江精煤股份有限公司,炼焦贫瘦煤|国内,G3MMJPS1,,红果,"4","2026-08-09 12:47:05",,A2,198600.0,采购中心,FCad,"76.19"
贵州盘江精煤股份有限公司,炼焦贫瘦煤|国内,G3MMJPS1,,红果,"4","2026-08-09 12:47:05",,A2,198600.0,采购中心,Mad,"0.76"
贵州盘江精煤股份有限公司,炼焦贫瘦煤|国内,G3MMJPS1,,红果,"4","2026-08-09 12:47:05",,A2,198600.0,采购中心,St.d,"0.91"
贵州盘江精煤股份有限公司,炼焦贫瘦煤|国内,G3MMJPS1,,红果,"4","2026-08-09 12:47:05",,A2,198600.0,采购中心,Vdaf,"12.84"
贵州盘江精煤股份有限公司,炼焦贫瘦煤|国内,G3MMJPS1,,红果,"4","2026-08-09 12:47:05",,A2,198600.0,采购中心,水分,"11.3"
广西柳钢国际贸易有限公司,肥煤|国内,G3MMFF1,,宝丰,"4","2026-08-09 12:04:12",,A2,204920.0,采购中心,Ad,"11.04"
广西柳钢国际贸易有限公司,肥煤|国内,G3MMFF1,,宝丰,"4","2026-08-09 12:04:12",,A2,204920.0,采购中心,FCad,"62.17"
广西柳钢国际贸易有限公司,肥煤|国内,G3MMFF1,,宝丰,"4","2026-08-09 12:04:12",,A2,204920.0,采购中心,Mad,"0.90"
广西柳钢国际贸易有限公司,肥煤|国内,G3MMFF1,,宝丰,"4","2026-08-09 12:04:12",,A2,204920.0,采购中心,St.d,"2.08"
广西柳钢国际贸易有限公司,肥煤|国内,G3MMFF1,,宝丰,"4","2026-08-09 12:04:12",,A2,204920.0,采购中心,Vdaf,"29.48"
广西柳钢国际贸易有限公司,肥煤|国内,G3MMFF1,,宝丰,"4","2026-08-09 12:04:12",,A2,204920.0,采购中心,水分,"12.7"
四川省煤炭产业集团有限责任公司营销分公司,"1/3焦煤|3级|国内",G3MMSY5,,渡市,"4","2026-08-09 10:25:36",,A2,617120.0,采购中心,Ad,"9.36"
四川省煤炭产业集团有限责任公司营销分公司,"1/3焦煤|3级|国内",G3MMSY5,,渡市,"4","2026-08-09 10:25:36",,A2,617120.0,采购中心,FCad,"62.62"
四川省煤炭产业集团有限责任公司营销分公司,"1/3焦煤|3级|国内",G3MMSY5,,渡市,"4","2026-08-09 10:25:36",,A2,617120.0,采购中心,Mad,"1.30"
四川省煤炭产业集团有限责任公司营销分公司,"1/3焦煤|3级|国内",G3MMSY5,,渡市,"4","2026-08-09 10:25:36",,A2,617120.0,采购中心,St.d,"0.60"
四川省煤炭产业集团有限责任公司营销分公司,"1/3焦煤|3级|国内",G3MMSY5,,渡市,"4","2026-08-09 10:25:36",,A2,617120.0,采购中心,Vdaf,"30.00"
四川省煤炭产业集团有限责任公司营销分公司,"1/3焦煤|3级|国内",G3MMSY5,,渡市,"4","2026-08-09 10:25:36",,A2,617120.0,采购中心,水分,"9.0"
河南天元清洁能源有限公司,贫瘦煤|国内,G3MMPS1,,,"4","2026-08-09 09:23:24",,,,采购中心,Ad,"10.32"
河南天元清洁能源有限公司,贫瘦煤|国内,G3MMPS1,,,"4","2026-08-09 09:23:24",,,,采购中心,Cad,"79.98"
河南天元清洁能源有限公司,贫瘦煤|国内,G3MMPS1,,,"4","2026-08-09 09:23:24",,,,采购中心,FCad,"76.75"
河南天元清洁能源有限公司,贫瘦煤|国内,G3MMPS1,,,"4","2026-08-09 09:23:24",,,,采购中心,Had,"3.52"
河南天元清洁能源有限公司,贫瘦煤|国内,G3MMPS1,,,"4","2026-08-09 09:23:24",,,,采购中心,Mad,"1.46"
河南天元清洁能源有限公司,贫瘦煤|国内,G3MMPS1,,,"4","2026-08-09 09:23:24",,,,采购中心,St.d,"0.41"
河南天元清洁能源有限公司,贫瘦煤|国内,G3MMPS1,,,"4","2026-08-09 09:23:24",,,,采购中心,Vdaf,"13.15"
河南天元清洁能源有限公司,贫瘦煤|国内,G3MMPS1,,,"4","2026-08-09 09:23:24",,,,采购中心,水分,"13.9"
广西柳钢国际贸易有限公司,主焦煤|3级|进口|澳洲|Daunia,G3MMZJMH,吉利女神,铁山港,"4","2026-08-09 09:15:38",,"1M",3393940.0,采购中心,Ad,"8.36"
广西柳钢国际贸易有限公司,主焦煤|3级|进口|澳洲|Daunia,G3MMZJMH,吉利女神,铁山港,"4","2026-08-09 09:15:38",,"1M",3393940.0,采购中心,FCad,"68.87"
广西柳钢国际贸易有限公司,主焦煤|3级|进口|澳洲|Daunia,G3MMZJMH,吉利女神,铁山港,"4","2026-08-09 09:15:38",,"1M",3393940.0,采购中心,Mad,"1.07"
广西柳钢国际贸易有限公司,主焦煤|3级|进口|澳洲|Daunia,G3MMZJMH,吉利女神,铁山港,"4","2026-08-09 09:15:38",,"1M",3393940.0,采购中心,St.d,"0.47"
广西柳钢国际贸易有限公司,主焦煤|3级|进口|澳洲|Daunia,G3MMZJMH,吉利女神,铁山港,"4","2026-08-09 09:15:38",,"1M",3393940.0,采购中心,Vdaf,"24.04"
广西柳钢国际贸易有限公司,主焦煤|3级|进口|澳洲|Daunia,G3MMZJMH,吉利女神,铁山港,"4","2026-08-09 09:15:38",,"1M",3393940.0,采购中心,水分,"11.1"
河南天元清洁能源有限公司,贫瘦煤|国内,G3MMPS1,,苏桥,"4","2026-08-09 08:10:05",,A7,590450.0,采购中心,Ad,"10.23"
河南天元清洁能源有限公司,贫瘦煤|国内,G3MMPS1,,苏桥,"4","2026-08-09 08:10:05",,A7,590450.0,采购中心,FCad,"77.08"
河南天元清洁能源有限公司,贫瘦煤|国内,G3MMPS1,,苏桥,"4","2026-08-09 08:10:05",,A7,590450.0,采购中心,Mad,"1.21"
河南天元清洁能源有限公司,贫瘦煤|国内,G3MMPS1,,苏桥,"4","2026-08-09 08:10:05",,A7,590450.0,采购中心,St.d,"0.41"
河南天元清洁能源有限公司,贫瘦煤|国内,G3MMPS1,,苏桥,"4","2026-08-09 08:10:05",,A7,590450.0,采购中心,Vdaf,"13.07"
河南天元清洁能源有限公司,贫瘦煤|国内,G3MMPS1,,苏桥,"4","2026-08-09 08:10:05",,A7,590450.0,采购中心,水分,"14.3"
广西柳钢国际贸易有限公司,主焦煤|2级|进口|澳洲|GLV Prime,G3MMZJ8,瑞海,防城港,"4","2026-08-09 08:04:39",,,3454270.0,采购中心,水分,"10.8"
重庆百丰实业有限公司,主焦煤|2级|国内,G3MMZJD,,松坎,"4","2026-08-09 06:53:43",,"4M",900600.0,采购中心,Ad,"11.57"
重庆百丰实业有限公司,主焦煤|2级|国内,G3MMZJD,,松坎,"4","2026-08-09 06:53:43",,"4M",900600.0,采购中心,FCad,"69.10"
重庆百丰实业有限公司,主焦煤|2级|国内,G3MMZJD,,松坎,"4","2026-08-09 06:53:43",,"4M",900600.0,采购中心,Mad,"0.87"
重庆百丰实业有限公司,主焦煤|2级|国内,G3MMZJD,,松坎,"4","2026-08-09 06:53:43",,"4M",900600.0,采购中心,St.d,"1.64"
重庆百丰实业有限公司,主焦煤|2级|国内,G3MMZJD,,松坎,"4","2026-08-09 06:53:43",,"4M",900600.0,采购中心,Vdaf,"21.17"
重庆百丰实业有限公司,主焦煤|2级|国内,G3MMZJD,,松坎,"4","2026-08-09 06:53:43",,"4M",900600.0,采购中心,水分,"14.9"
广西柳钢国际贸易有限公司,贫瘦煤|进口|俄罗斯,G3MMPS8,华源,铁山港,"4","2026-08-09 05:32:04",,,464490.0,采购中心,Ad,"10.28"
广西柳钢国际贸易有限公司,贫瘦煤|进口|俄罗斯,G3MMPS8,华源,铁山港,"4","2026-08-09 05:32:04",,,464490.0,采购中心,FCad,"76.90"
广西柳钢国际贸易有限公司,贫瘦煤|进口|俄罗斯,G3MMPS8,华源,铁山港,"4","2026-08-09 05:32:04",,,464490.0,采购中心,Mad,"1.72"
广西柳钢国际贸易有限公司,贫瘦煤|进口|俄罗斯,G3MMPS8,华源,铁山港,"4","2026-08-09 05:32:04",,,464490.0,采购中心,St.d,"0.38"
广西柳钢国际贸易有限公司,贫瘦煤|进口|俄罗斯,G3MMPS8,华源,铁山港,"4","2026-08-09 05:32:04",,,464490.0,采购中心,Vdaf,"12.79"
广西柳钢国际贸易有限公司,贫瘦煤|进口|俄罗斯,G3MMPS8,华源,铁山港,"4","2026-08-09 05:32:04",,,464490.0,采购中心,水分,"6.3"
贵州盘江精煤股份有限公司,"1/3焦煤|1级|国内",G3MMSY1,,柏果,"4","2026-08-09 04:02:11",,A2,684800.0,采购中心,Ad,"10.65"
贵州盘江精煤股份有限公司,"1/3焦煤|1级|国内",G3MMSY1,,柏果,"4","2026-08-09 04:02:11",,A2,684800.0,采购中心,FCad,"61.05"
贵州盘江精煤股份有限公司,"1/3焦煤|1级|国内",G3MMSY1,,柏果,"4","2026-08-09 04:02:11",,A2,684800.0,采购中心,Mad,"0.96"
贵州盘江精煤股份有限公司,"1/3焦煤|1级|国内",G3MMSY1,,柏果,"4","2026-08-09 04:02:11",,A2,684800.0,采购中心,St.d,"0.24"
贵州盘江精煤股份有限公司,"1/3焦煤|1级|国内",G3MMSY1,,柏果,"4","2026-08-09 04:02:11",,A2,684800.0,采购中心,Vdaf,"31.01"
贵州盘江精煤股份有限公司,"1/3焦煤|1级|国内",G3MMSY1,,柏果,"4","2026-08-09 04:02:11",,A2,684800.0,采购中心,水分,"10.8"
贵州盘江精煤股份有限公司,"1/3焦煤|1级|国内",G3MMSY1,,柏果,"4","2026-08-09 03:53:36",,A2,612130.0,采购中心,Ad,"10.41"
贵州盘江精煤股份有限公司,"1/3焦煤|1级|国内",G3MMSY1,,柏果,"4","2026-08-09 03:53:36",,A2,612130.0,采购中心,FCad,"61.36"
贵州盘江精煤股份有限公司,"1/3焦煤|1级|国内",G3MMSY1,,柏果,"4","2026-08-09 03:53:36",,A2,612130.0,采购中心,Mad,"1.04"
贵州盘江精煤股份有限公司,"1/3焦煤|1级|国内",G3MMSY1,,柏果,"4","2026-08-09 03:53:36",,A2,612130.0,采购中心,St.d,"0.23"
贵州盘江精煤股份有限公司,"1/3焦煤|1级|国内",G3MMSY1,,柏果,"4","2026-08-09 03:53:36",,A2,612130.0,采购中心,Vdaf,"30.79"
贵州盘江精煤股份有限公司,"1/3焦煤|1级|国内",G3MMSY1,,柏果,"4","2026-08-09 03:53:36",,A2,612130.0,采购中心,水分,"11.6"
四川省煤炭产业集团有限责任公司营销分公司,"1/3焦煤|3级|国内",G3MMSY5,,渡市,"4","2026-08-09 01:10:30",,"4M",660010.0,采购中心,Ad,"9.13"
四川省煤炭产业集团有限责任公司营销分公司,"1/3焦煤|3级|国内",G3MMSY5,,渡市,"4","2026-08-09 01:10:30",,"4M",660010.0,采购中心,FCad,"62.81"
四川省煤炭产业集团有限责任公司营销分公司,"1/3焦煤|3级|国内",G3MMSY5,,渡市,"4","2026-08-09 01:10:30",,"4M",660010.0,采购中心,Mad,"1.53"
四川省煤炭产业集团有限责任公司营销分公司,"1/3焦煤|3级|国内",G3MMSY5,,渡市,"4","2026-08-09 01:10:30",,"4M",660010.0,采购中心,St.d,"0.59"
四川省煤炭产业集团有限责任公司营销分公司,"1/3焦煤|3级|国内",G3MMSY5,,渡市,"4","2026-08-09 01:10:30",,"4M",660010.0,采购中心,Vdaf,"29.80"
四川省煤炭产业集团有限责任公司营销分公司,"1/3焦煤|3级|国内",G3MMSY5,,渡市,"4","2026-08-09 01:10:30",,"4M",660010.0,采购中心,水分,"9.8"
广西柳钢国际贸易有限公司,主焦煤|1级|进口|加拿大|瑞峰,G3MMZJC,清水河,防城港,"4","2026-08-08 23:55:26",,,137230.0,采购中心,水分,"12.8"
广西柳钢国际贸易有限公司,主焦煤|3级|进口|澳洲|Daunia,G3MMZJMH,流星,防城港,"4","2026-08-08 23:53:51",,,212260.0,采购中心,水分,"10.8"
贵州盘江精煤股份有限公司,"1/3焦煤|1级|国内",G3MMSY1,,月亮田,"4","2026-08-08 22:23:26",,"5M",537160.0,采购中心,Ad,"10.30"
贵州盘江精煤股份有限公司,"1/3焦煤|1级|国内",G3MMSY1,,月亮田,"4","2026-08-08 22:23:26",,"5M",537160.0,采购中心,FCad,"57.24"
贵州盘江精煤股份有限公司,"1/3焦煤|1级|国内",G3MMSY1,,月亮田,"4","2026-08-08 22:23:26",,"5M",537160.0,采购中心,Mad,"1.14"
贵州盘江精煤股份有限公司,"1/3焦煤|1级|国内",G3MMSY1,,月亮田,"4","2026-08-08 22:23:26",,"5M",537160.0,采购中心,St.d,"0.83"
贵州盘江精煤股份有限公司,"1/3焦煤|1级|国内",G3MMSY1,,月亮田,"4","2026-08-08 22:23:26",,"5M",537160.0,采购中心,Vdaf,"35.45"
贵州盘江精煤股份有限公司,"1/3焦煤|1级|国内",G3MMSY1,,月亮田,"4","2026-08-08 22:23:26",,"5M",537160.0,采购中心,水分,"9.9"
贵州盘江精煤股份有限公司,"1/3焦煤|1级|国内",G3MMSY1,,柏果,"4","2026-08-08 22:18:36",,"1M",470490.0,采购中心,Ad,"10.55"
贵州盘江精煤股份有限公司,"1/3焦煤|1级|国内",G3MMSY1,,柏果,"4","2026-08-08 22:18:36",,"1M",470490.0,采购中心,FCad,"61.22"
贵州盘江精煤股份有限公司,"1/3焦煤|1级|国内",G3MMSY1,,柏果,"4","2026-08-08 22:18:36",,"1M",470490.0,采购中心,Mad,"1.08"
贵州盘江精煤股份有限公司,"1/3焦煤|1级|国内",G3MMSY1,,柏果,"4","2026-08-08 22:18:36",,"1M",470490.0,采购中心,St.d,"0.24"
贵州盘江精煤股份有限公司,"1/3焦煤|1级|国内",G3MMSY1,,柏果,"4","2026-08-08 22:18:36",,"1M",470490.0,采购中心,Vdaf,"30.81"
贵州盘江精煤股份有限公司,"1/3焦煤|1级|国内",G3MMSY1,,柏果,"4","2026-08-08 22:18:36",,"1M",470490.0,采购中心,水分,"12.5"
贵州盘江精煤股份有限公司,炼焦贫瘦煤|国内,G3MMJPS1,,红果,"4","2026-08-08 22:16:18",,"1M",260490.0,采购中心,Ad,"15.04"
贵州盘江精煤股份有限公司,炼焦贫瘦煤|国内,G3MMJPS1,,红果,"4","2026-08-08 22:16:18",,"1M",260490.0,采购中心,FCad,"72.26"
贵州盘江精煤股份有限公司,炼焦贫瘦煤|国内,G3MMJPS1,,红果,"4","2026-08-08 22:16:18",,"1M",260490.0,采购中心,Mad,"0.98"
贵州盘江精煤股份有限公司,炼焦贫瘦煤|国内,G3MMJPS1,,红果,"4","2026-08-08 22:16:18",,"1M",260490.0,采购中心,St.d,"0.84"
贵州盘江精煤股份有限公司,炼焦贫瘦煤|国内,G3MMJPS1,,红果,"4","2026-08-08 22:16:18",,"1M",260490.0,采购中心,Vdaf,"14.11"
贵州盘江精煤股份有限公司,炼焦贫瘦煤|国内,G3MMJPS1,,红果,"4","2026-08-08 22:16:18",,"1M",260490.0,采购中心,水分,"11.3"
贵州盘江精煤股份有限公司,"1/3焦煤|1级|国内",G3MMSY1,,月亮田,"4","2026-08-08 22:06:56",,"4M",374410.0,采购中心,Ad,"10.07"
贵州盘江精煤股份有限公司,"1/3焦煤|1级|国内",G3MMSY1,,月亮田,"4","2026-08-08 22:06:56",,"4M",374410.0,采购中心,FCad,"57.40"
贵州盘江精煤股份有限公司,"1/3焦煤|1级|国内",G3MMSY1,,月亮田,"4","2026-08-08 22:06:56",,"4M",374410.0,采购中心,Mad,"1.14"
贵州盘江精煤股份有限公司,"1/3焦煤|1级|国内",G3MMSY1,,月亮田,"4","2026-08-08 22:06:56",,"4M",374410.0,采购中心,St.d,"0.82"
贵州盘江精煤股份有限公司,"1/3焦煤|1级|国内",G3MMSY1,,月亮田,"4","2026-08-08 22:06:56",,"4M",374410.0,采购中心,Vdaf,"35.43"
贵州盘江精煤股份有限公司,"1/3焦煤|1级|国内",G3MMSY1,,月亮田,"4","2026-08-08 22:06:56",,"4M",374410.0,采购中心,水分,"9.3"
广西柳钢国际贸易有限公司,贫瘦煤|进口|俄罗斯,G3MMPS8,华源,铁山港,"4","2026-08-08 21:50:58",,,2091400.0,采购中心,Ad,"10.41"
广西柳钢国际贸易有限公司,贫瘦煤|进口|俄罗斯,G3MMPS8,华源,铁山港,"4","2026-08-08 21:50:58",,,2091400.0,采购中心,FCad,"76.94"
广西柳钢国际贸易有限公司,贫瘦煤|进口|俄罗斯,G3MMPS8,华源,铁山港,"4","2026-08-08 21:50:58",,,2091400.0,采购中心,Mad,"1.69"
广西柳钢国际贸易有限公司,贫瘦煤|进口|俄罗斯,G3MMPS8,华源,铁山港,"4","2026-08-08 21:50:58",,,2091400.0,采购中心,St.d,"0.38"
广西柳钢国际贸易有限公司,贫瘦煤|进口|俄罗斯,G3MMPS8,华源,铁山港,"4","2026-08-08 21:50:58",,,2091400.0,采购中心,Vdaf,"12.65"
广西柳钢国际贸易有限公司,贫瘦煤|进口|俄罗斯,G3MMPS8,华源,铁山港,"4","2026-08-08 21:50:58",,,2091400.0,采购中心,水分,"6.2"
广西柳钢国际贸易有限公司,肥煤|国内,G3MMFF1,,宝丰,"4","2026-08-08 20:48:10",,A2,622830.0,采购中心,Ad,"10.55"
广西柳钢国际贸易有限公司,肥煤|国内,G3MMFF1,,宝丰,"4","2026-08-08 20:48:10",,A2,622830.0,采购中心,FCad,"62.48"
广西柳钢国际贸易有限公司,肥煤|国内,G3MMFF1,,宝丰,"4","2026-08-08 20:48:10",,A2,622830.0,采购中心,Mad,"1.07"
广西柳钢国际贸易有限公司,肥煤|国内,G3MMFF1,,宝丰,"4","2026-08-08 20:48:10",,A2,622830.0,采购中心,St.d,"2.19"
广西柳钢国际贸易有限公司,肥煤|国内,G3MMFF1,,宝丰,"4","2026-08-08 20:48:10",,A2,622830.0,采购中心,Vdaf,"29.39"
广西柳钢国际贸易有限公司,肥煤|国内,G3MMFF1,,宝丰,"4","2026-08-08 20:48:10",,A2,622830.0,采购中心,水分,"12.0"
广西柳钢国际贸易有限公司,肥煤|国内,G3MMFF1,,宝丰,"4","2026-08-08 20:45:29",,A2,558360.0,采购中心,Ad,"10.33"
广西柳钢国际贸易有限公司,肥煤|国内,G3MMFF1,,宝丰,"4","2026-08-08 20:45:29",,A2,558360.0,采购中心,FCad,"62.38"
广西柳钢国际贸易有限公司,肥煤|国内,G3MMFF1,,宝丰,"4","2026-08-08 20:45:29",,A2,558360.0,采购中心,Mad,"1.08"
广西柳钢国际贸易有限公司,肥煤|国内,G3MMFF1,,宝丰,"4","2026-08-08 20:45:29",,A2,558360.0,采购中心,St.d,"2.30"
广西柳钢国际贸易有限公司,肥煤|国内,G3MMFF1,,宝丰,"4","2026-08-08 20:45:29",,A2,558360.0,采购中心,Vdaf,"29.67"
广西柳钢国际贸易有限公司,肥煤|国内,G3MMFF1,,宝丰,"4","2026-08-08 20:45:29",,A2,558360.0,采购中心,水分,"11.9"
贵州盘江精煤股份有限公司,炼焦贫瘦煤|国内,G3MMJPS1,,红果,"4","2026-08-08 19:07:53",,"1M",580270.0,采购中心,Ad,"12.18"
贵州盘江精煤股份有限公司,炼焦贫瘦煤|国内,G3MMJPS1,,红果,"4","2026-08-08 19:07:53",,"1M",580270.0,采购中心,FCad,"74.97"
贵州盘江精煤股份有限公司,炼焦贫瘦煤|国内,G3MMJPS1,,红果,"4","2026-08-08 19:07:53",,"1M",580270.0,采购中心,Mad,"0.84"
贵州盘江精煤股份有限公司,炼焦贫瘦煤|国内,G3MMJPS1,,红果,"4","2026-08-08 19:07:53",,"1M",580270.0,采购中心,St.d,"0.79"
贵州盘江精煤股份有限公司,炼焦贫瘦煤|国内,G3MMJPS1,,红果,"4","2026-08-08 19:07:53",,"1M",580270.0,采购中心,Vdaf,"13.91"
贵州盘江精煤股份有限公司,炼焦贫瘦煤|国内,G3MMJPS1,,红果,"4","2026-08-08 19:07:53",,"1M",580270.0,采购中心,水分,"11.0"
广西柳钢国际贸易有限公司,主焦煤|3级|进口|澳洲|Fitzroy CD,G3MMZJMO,环球,,"4","2026-08-08 14:32:23",,,,采购中心,水分,"11.4"
广西柳钢国际贸易有限公司,主焦煤|1级|进口|加拿大|瑞峰,G3MMZJC,清水河,防城港,"4","2026-08-08 14:05:19",,,67150.0,采购中心,Ad,"9.65"
广西柳钢国际贸易有限公司,主焦煤|1级|进口|加拿大|瑞峰,G3MMZJC,清水河,防城港,"4","2026-08-08 14:05:19",,,67150.0,采购中心,FCad,"66.51"
广西柳钢国际贸易有限公司,主焦煤|1级|进口|加拿大|瑞峰,G3MMZJC,清水河,防城港,"4","2026-08-08 14:05:19",,,67150.0,采购中心,Mad,"1.24"
广西柳钢国际贸易有限公司,主焦煤|1级|进口|加拿大|瑞峰,G3MMZJC,清水河,防城港,"4","2026-08-08 14:05:19",,,67150.0,采购中心,St.d,"0.46"
广西柳钢国际贸易有限公司,主焦煤|1级|进口|加拿大|瑞峰,G3MMZJC,清水河,防城港,"4","2026-08-08 14:05:19",,,67150.0,采购中心,Vdaf,"25.46"
广西柳钢国际贸易有限公司,主焦煤|1级|进口|加拿大|瑞峰,G3MMZJC,清水河,防城港,"4","2026-08-08 14:05:19",,,67150.0,采购中心,水分,"18.1"
广西柳钢国际贸易有限公司,主焦煤|3级|进口|澳洲|Fitzroy CD,G3MMZJMO,环球,防城港,"4","2026-08-08 14:05:19",,,394360.0,采购中心,水分,"11.1"
河南天元清洁能源有限公司,贫瘦煤|国内,G3MMPS1,,,"4","2026-08-08 12:10:33",,,,采购中心,Ad,"10.43"
河南天元清洁能源有限公司,贫瘦煤|国内,G3MMPS1,,,"4","2026-08-08 12:10:33",,,,采购中心,Cad,"80.88"
河南天元清洁能源有限公司,贫瘦煤|国内,G3MMPS1,,,"4","2026-08-08 12:10:33",,,,采购中心,FCad,"76.55"
河南天元清洁能源有限公司,贫瘦煤|国内,G3MMPS1,,,"4","2026-08-08 12:10:33",,,,采购中心,Had,"3.44"
河南天元清洁能源有限公司,贫瘦煤|国内,G3MMPS1,,,"4","2026-08-08 12:10:33",,,,采购中心,Mad,"1.78"
河南天元清洁能源有限公司,贫瘦煤|国内,G3MMPS1,,,"4","2026-08-08 12:10:33",,,,采购中心,St.d,"0.39"
河南天元清洁能源有限公司,贫瘦煤|国内,G3MMPS1,,,"4","2026-08-08 12:10:33",,,,采购中心,Vdaf,"12.99"
河南天元清洁能源有限公司,贫瘦煤|国内,G3MMPS1,,,"4","2026-08-08 12:10:33",,,,采购中心,水分,"14.4"
河南天元清洁能源有限公司,贫瘦煤|国内,G3MMPS1,,苏桥,"4","2026-08-08 12:07:30",,A7,592240.0,采购中心,Ad,"10.40"
河南天元清洁能源有限公司,贫瘦煤|国内,G3MMPS1,,苏桥,"4","2026-08-08 12:07:30",,A7,592240.0,采购中心,FCad,"76.62"
河南天元清洁能源有限公司,贫瘦煤|国内,G3MMPS1,,苏桥,"4","2026-08-08 12:07:30",,A7,592240.0,采购中心,Mad,"1.63"
河南天元清洁能源有限公司,贫瘦煤|国内,G3MMPS1,,苏桥,"4","2026-08-08 12:07:30",,A7,592240.0,采购中心,St.d,"0.38"
河南天元清洁能源有限公司,贫瘦煤|国内,G3MMPS1,,苏桥,"4","2026-08-08 12:07:30",,A7,592240.0,采购中心,Vdaf,"13.07"
河南天元清洁能源有限公司,贫瘦煤|国内,G3MMPS1,,苏桥,"4","2026-08-08 12:07:30",,A7,592240.0,采购中心,水分,"14.5"
广西柳钢国际贸易有限公司,肥煤|国内,G3MMFF1,,宝丰,"4","2026-08-08 10:45:24",,"1M",616550.0,采购中心,Ad,"10.45"
广西柳钢国际贸易有限公司,肥煤|国内,G3MMFF1,,宝丰,"4","2026-08-08 10:45:24",,"1M",616550.0,采购中心,FCad,"62.72"
广西柳钢国际贸易有限公司,肥煤|国内,G3MMFF1,,宝丰,"4","2026-08-08 10:45:24",,"1M",616550.0,采购中心,Mad,"1.05"
广西柳钢国际贸易有限公司,肥煤|国内,G3MMFF1,,宝丰,"4","2026-08-08 10:45:24",,"1M",616550.0,采购中心,St.d,"2.33"
广西柳钢国际贸易有限公司,肥煤|国内,G3MMFF1,,宝丰,"4","2026-08-08 10:45:24",,"1M",616550.0,采购中心,Vdaf,"29.22"
广西柳钢国际贸易有限公司,肥煤|国内,G3MMFF1,,宝丰,"4","2026-08-08 10:45:24",,"1M",616550.0,采购中心,水分,"11.5"
广西柳钢国际贸易有限公司,贫瘦煤|国内,G3MMPS1,德邻惠航,,"4","2026-08-08 10:43:16",,,738350.0,采购中心,Ad,"10.48"
广西柳钢国际贸易有限公司,贫瘦煤|国内,G3MMPS1,德邻惠航,,"4","2026-08-08 10:43:16",,,738350.0,采购中心,FCad,"70.94"
广西柳钢国际贸易有限公司,贫瘦煤|国内,G3MMPS1,德邻惠航,,"4","2026-08-08 10:43:16",,,738350.0,采购中心,Mad,"4.18"
广西柳钢国际贸易有限公司,贫瘦煤|国内,G3MMPS1,德邻惠航,,"4","2026-08-08 10:43:16",,,738350.0,采购中心,St.d,"0.58"
广西柳钢国际贸易有限公司,贫瘦煤|国内,G3MMPS1,德邻惠航,,"4","2026-08-08 10:43:16",,,738350.0,采购中心,Vdaf,"17.30"
广西柳钢国际贸易有限公司,贫瘦煤|国内,G3MMPS1,德邻惠航,,"4","2026-08-08 10:43:16",,,738350.0,采购中心,水分,"12.7"
贵州盘江精煤股份有限公司,"1/3焦煤|1级|国内",G3MMSY1,,柏果,"4","2026-08-08 10:09:02",,A2,1104050.0,采购中心,Ad,"10.63"
贵州盘江精煤股份有限公司,"1/3焦煤|1级|国内",G3MMSY1,,柏果,"4","2026-08-08 10:09:02",,A2,1104050.0,采购中心,FCad,"61.42"
贵州盘江精煤股份有限公司,"1/3焦煤|1级|国内",G3MMSY1,,柏果,"4","2026-08-08 10:09:02",,A2,1104050.0,采购中心,Mad,"1.04"
贵州盘江精煤股份有限公司,"1/3焦煤|1级|国内",G3MMSY1,,柏果,"4","2026-08-08 10:09:02",,A2,1104050.0,采购中心,St.d,"0.23"
贵州盘江精煤股份有限公司,"1/3焦煤|1级|国内",G3MMSY1,,柏果,"4","2026-08-08 10:09:02",,A2,1104050.0,采购中心,Vdaf,"30.55"
贵州盘江精煤股份有限公司,"1/3焦煤|1级|国内",G3MMSY1,,柏果,"4","2026-08-08 10:09:02",,A2,1104050.0,采购中心,水分,"11.2"
贵州盘江精煤股份有限公司,"1/3焦煤|1级|国内",G3MMSY1,,柏果,"4","2026-08-08 09:40:27",,A2,622460.0,采购中心,Ad,"10.97"
贵州盘江精煤股份有限公司,"1/3焦煤|1级|国内",G3MMSY1,,柏果,"4","2026-08-08 09:40:27",,A2,622460.0,采购中心,FCad,"59.88"
贵州盘江精煤股份有限公司,"1/3焦煤|1级|国内",G3MMSY1,,柏果,"4","2026-08-08 09:40:27",,A2,622460.0,采购中心,Mad,"1.14"
贵州盘江精煤股份有限公司,"1/3焦煤|1级|国内",G3MMSY1,,柏果,"4","2026-08-08 09:40:27",,A2,622460.0,采购中心,St.d,"0.24"
贵州盘江精煤股份有限公司,"1/3焦煤|1级|国内",G3MMSY1,,柏果,"4","2026-08-08 09:40:27",,A2,622460.0,采购中心,Vdaf,"31.97"
贵州盘江精煤股份有限公司,"1/3焦煤|1级|国内",G3MMSY1,,柏果,"4","2026-08-08 09:40:27",,A2,622460.0,采购中心,水分,"11.8"
重庆皓联实业（集团）有限公司,主焦煤|2级|国内,G3MMZJD,,松坎,"4","2026-08-08 08:00:15",,"4M",71930.0,采购中心,Ad,"11.59"
重庆皓联实业（集团）有限公司,主焦煤|2级|国内,G3MMZJD,,松坎,"4","2026-08-08 08:00:15",,"4M",71930.0,采购中心,FCad,"69.09"
重庆皓联实业（集团）有限公司,主焦煤|2级|国内,G3MMZJD,,松坎,"4","2026-08-08 08:00:15",,"4M",71930.0,采购中心,Mad,"0.96"
重庆皓联实业（集团）有限公司,主焦煤|2级|国内,G3MMZJD,,松坎,"4","2026-08-08 08:00:15",,"4M",71930.0,采购中心,St.d,"1.54"
重庆皓联实业（集团）有限公司,主焦煤|2级|国内,G3MMZJD,,松坎,"4","2026-08-08 08:00:15",,"4M",71930.0,采购中心,Vdaf,"21.09"
重庆皓联实业（集团）有限公司,主焦煤|2级|国内,G3MMZJD,,松坎,"4","2026-08-08 08:00:15",,"4M",71930.0,采购中心,水分,"14.1"
河南天元清洁能源有限公司,贫瘦煤|国内,G3MMPS1,,苏桥,"4","2026-08-08 03:50:57",,,622260.0,采购中心,Ad,"9.95"
河南天元清洁能源有限公司,贫瘦煤|国内,G3MMPS1,,苏桥,"4","2026-08-08 03:50:57",,,622260.0,采购中心,FCad,"77.15"
河南天元清洁能源有限公司,贫瘦煤|国内,G3MMPS1,,苏桥,"4","2026-08-08 03:50:57",,,622260.0,采购中心,Mad,"1.22"
河南天元清洁能源有限公司,贫瘦煤|国内,G3MMPS1,,苏桥,"4","2026-08-08 03:50:57",,,622260.0,采购中心,St.d,"0.36"
河南天元清洁能源有限公司,贫瘦煤|国内,G3MMPS1,,苏桥,"4","2026-08-08 03:50:57",,,622260.0,采购中心,Vdaf,"13.27"
河南天元清洁能源有限公司,贫瘦煤|国内,G3MMPS1,,苏桥,"4","2026-08-08 03:50:57",,,622260.0,采购中心,水分,"15.3"
贵州盘江精煤股份有限公司,"1/3焦煤|1级|国内",G3MMSY1,,柏果,"4","2026-08-08 02:53:35",,A2,1020840.0,采购中心,Ad,"10.66"
贵州盘江精煤股份有限公司,"1/3焦煤|1级|国内",G3MMSY1,,柏果,"4","2026-08-08 02:53:35",,A2,1020840.0,采购中心,FCad,"61.25"
贵州盘江精煤股份有限公司,"1/3焦煤|1级|国内",G3MMSY1,,柏果,"4","2026-08-08 02:53:35",,A2,1020840.0,采购中心,Mad,"1.00"
贵州盘江精煤股份有限公司,"1/3焦煤|1级|国内",G3MMSY1,,柏果,"4","2026-08-08 02:53:35",,A2,1020840.0,采购中心,St.d,"0.23"
贵州盘江精煤股份有限公司,"1/3焦煤|1级|国内",G3MMSY1,,柏果,"4","2026-08-08 02:53:35",,A2,1020840.0,采购中心,Vdaf,"30.75"
贵州盘江精煤股份有限公司,"1/3焦煤|1级|国内",G3MMSY1,,柏果,"4","2026-08-08 02:53:35",,A2,1020840.0,采购中心,水分,"11.3"
贵州盘江精煤股份有限公司,"1/3焦煤|1级|国内",G3MMSY1,,月亮田,"4","2026-08-08 01:30:32",,"1M",68840.0,采购中心,Ad,"10.21"
贵州盘江精煤股份有限公司,"1/3焦煤|1级|国内",G3MMSY1,,月亮田,"4","2026-08-08 01:30:32",,"1M",68840.0,采购中心,FCad,"57.97"
贵州盘江精煤股份有限公司,"1/3焦煤|1级|国内",G3MMSY1,,月亮田,"4","2026-08-08 01:30:32",,"1M",68840.0,采购中心,Mad,"1.05"
贵州盘江精煤股份有限公司,"1/3焦煤|1级|国内",G3MMSY1,,月亮田,"4","2026-08-08 01:30:32",,"1M",68840.0,采购中心,St.d,"0.83"
贵州盘江精煤股份有限公司,"1/3焦煤|1级|国内",G3MMSY1,,月亮田,"4","2026-08-08 01:30:32",,"1M",68840.0,采购中心,Vdaf,"34.76"
贵州盘江精煤股份有限公司,"1/3焦煤|1级|国内",G3MMSY1,,月亮田,"4","2026-08-08 01:30:32",,"1M",68840.0,采购中心,水分,"8.8"
贵州盘江精煤股份有限公司,"1/3焦煤|1级|国内",G3MMSY1,,柏果,"4","2026-08-07 23:57:22",,"5M",758890.0,采购中心,Ad,"10.72"
贵州盘江精煤股份有限公司,"1/3焦煤|1级|国内",G3MMSY1,,柏果,"4","2026-08-07 23:57:22",,"5M",758890.0,采购中心,FCad,"61.43"
贵州盘江精煤股份有限公司,"1/3焦煤|1级|国内",G3MMSY1,,柏果,"4","2026-08-07 23:57:22",,"5M",758890.0,采购中心,Mad,"1.05"
贵州盘江精煤股份有限公司,"1/3焦煤|1级|国内",G3MMSY1,,柏果,"4","2026-08-07 23:57:22",,"5M",758890.0,采购中心,St.d,"0.25"
贵州盘江精煤股份有限公司,"1/3焦煤|1级|国内",G3MMSY1,,柏果,"4","2026-08-07 23:57:22",,"5M",758890.0,采购中心,Vdaf,"30.46"
贵州盘江精煤股份有限公司,"1/3焦煤|1级|国内",G3MMSY1,,柏果,"4","2026-08-07 23:57:22",,"5M",758890.0,采购中心,水分,"11.5"
贵州盘江精煤股份有限公司,"1/3焦煤|1级|国内",G3MMSY1,,柏果,"4","2026-08-07 21:02:32",,"5M",968590.0,采购中心,Ad,"11.36"
贵州盘江精煤股份有限公司,"1/3焦煤|1级|国内",G3MMSY1,,柏果,"4","2026-08-07 21:02:32",,"5M",968590.0,采购中心,FCad,"61.59"
贵州盘江精煤股份有限公司,"1/3焦煤|1级|国内",G3MMSY1,,柏果,"4","2026-08-07 21:02:32",,"5M",968590.0,采购中心,Mad,"0.97"
贵州盘江精煤股份有限公司,"1/3焦煤|1级|国内",G3MMSY1,,柏果,"4","2026-08-07 21:02:32",,"5M",968590.0,采购中心,St.d,"0.25"
贵州盘江精煤股份有限公司,"1/3焦煤|1级|国内",G3MMSY1,,柏果,"4","2026-08-07 21:02:32",,"5M",968590.0,采购中心,Vdaf,"29.84"
贵州盘江精煤股份有限公司,"1/3焦煤|1级|国内",G3MMSY1,,柏果,"4","2026-08-07 21:02:32",,"5M",968590.0,采购中心,水分,"11.7"
安徽皖煤物资贸易有限责任公司,气煤|进口|E|AEJ,G3MMQQD,金牛,防城港,"4","2026-08-07 19:27:00",,A2,3444500.0,采购中心,Ad,"11.62"
安徽皖煤物资贸易有限责任公司,气煤|进口|E|AEJ,G3MMQQD,金牛,防城港,"4","2026-08-07 19:27:00",,A2,3444500.0,采购中心,FCad,"56.52"
安徽皖煤物资贸易有限责任公司,气煤|进口|E|AEJ,G3MMQQD,金牛,防城港,"4","2026-08-07 19:27:00",,A2,3444500.0,采购中心,Mad,"1.41"
安徽皖煤物资贸易有限责任公司,气煤|进口|E|AEJ,G3MMQQD,金牛,防城港,"4","2026-08-07 19:27:00",,A2,3444500.0,采购中心,St.d,"0.31"
安徽皖煤物资贸易有限责任公司,气煤|进口|E|AEJ,G3MMQQD,金牛,防城港,"4","2026-08-07 19:27:00",,A2,3444500.0,采购中心,Vdaf,"35.13"
安徽皖煤物资贸易有限责任公司,气煤|进口|E|AEJ,G3MMQQD,金牛,防城港,"4","2026-08-07 19:27:00",,A2,3444500.0,采购中心,水分,"11.6"
焦化厂,炼焦配合煤,A2MMJPM,,,"4","2026-08-07 17:44:57",喷吹用煤（原料）,,,采购中心,Ad,"9.94"
焦化厂,炼焦配合煤,A2MMJPM,,,"4","2026-08-07 17:44:57",喷吹用煤（原料）,,,采购中心,Cad,"77.91"
焦化厂,炼焦配合煤,A2MMJPM,,,"4","2026-08-07 17:44:57",喷吹用煤（原料）,,,采购中心,FCad,"65.62"
焦化厂,炼焦配合煤,A2MMJPM,,,"4","2026-08-07 17:44:57",喷吹用煤（原料）,,,采购中心,Had,"4.46"
焦化厂,炼焦配合煤,A2MMJPM,,,"4","2026-08-07 17:44:57",喷吹用煤（原料）,,,采购中心,Mad,"1.23"
焦化厂,炼焦配合煤,A2MMJPM,,,"4","2026-08-07 17:44:57",喷吹用煤（原料）,,,采购中心,St.d,"0.78"
焦化厂,炼焦配合煤,A2MMJPM,,,"4","2026-08-07 17:44:57",喷吹用煤（原料）,,,采购中心,Vdaf,"26.23"
焦化厂,炼焦配合煤,A2MMJPM,,,"4","2026-08-07 17:44:57",喷吹用煤（原料）,,,采购中心,水分,"10.3"
焦化厂,炼焦配合煤,A2MMJPM,,,"4","2026-08-07 17:42:31",喷吹用煤（原料）,,,采购中心,Ad,"10.44"
焦化厂,炼焦配合煤,A2MMJPM,,,"4","2026-08-07 17:42:31",喷吹用煤（原料）,,,采购中心,Cad,"77.7"
焦化厂,炼焦配合煤,A2MMJPM,,,"4","2026-08-07 17:42:31",喷吹用煤（原料）,,,采购中心,FCad,"64.97"
焦化厂,炼焦配合煤,A2MMJPM,,,"4","2026-08-07 17:42:31",喷吹用煤（原料）,,,采购中心,Had,"4.42"
焦化厂,炼焦配合煤,A2MMJPM,,,"4","2026-08-07 17:42:31",喷吹用煤（原料）,,,采购中心,Mad,"1.34"
焦化厂,炼焦配合煤,A2MMJPM,,,"4","2026-08-07 17:42:31",喷吹用煤（原料）,,,采购中心,St.d,"0.78"
焦化厂,炼焦配合煤,A2MMJPM,,,"4","2026-08-07 17:42:31",喷吹用煤（原料）,,,采购中心,Vdaf,"26.47"
焦化厂,炼焦配合煤,A2MMJPM,,,"4","2026-08-07 17:42:31",喷吹用煤（原料）,,,采购中心,水分,"11.9"
焦化厂,炼焦配合煤,A2MMJPM,,,"4","2026-08-07 16:56:11",喷吹用煤（原料）,,,采购中心,Ad,"10.05"
焦化厂,炼焦配合煤,A2MMJPM,,,"4","2026-08-07 16:56:11",喷吹用煤（原料）,,,采购中心,Ad,"10.46"
焦化厂 ,炼焦配合煤,A2MMJPM,,,"4","2026-08-07 16:56:11",喷吹用煤（原料）,,,采购中心,Ad,"10.57"
焦化厂 ,炼焦配合煤,A2MMJPM,,,"4","2026-08-07 16:56:11",喷吹用煤（原料）,,,采购中心,FCad,"61.85"
焦化厂,炼焦配合煤,A2MMJPM,,,"4","2026-08-07 16:56:11",喷吹用煤（原料）,,,采购中心,FCad,"60.28"
焦化厂,炼焦配合煤,A2MMJPM,,,"4","2026-08-07 16:56:11",喷吹用煤（原料）,,,采购中心,FCad,"62.22"
焦化厂 ,炼焦配合煤,A2MMJPM,,,"4","2026-08-07 16:56:11",喷吹用煤（原料）,,,采购中心,Mad,"1.00"
焦化厂,炼焦配合煤,A2MMJPM,,,"4","2026-08-07 16:56:11",喷吹用煤（原料）,,,采购中心,Mad,"1.32"
焦化厂,炼焦配合煤,A2MMJPM,,,"4","2026-08-07 16:56:11",喷吹用煤（原料）,,,采购中心,Mad,"1.16"
焦化厂,炼焦配合煤,A2MMJPM,,,"4","2026-08-07 16:56:11",喷吹用煤（原料）,,,采购中心,St.d,"1.42"
焦化厂,炼焦配合煤,A2MMJPM,,,"4","2026-08-07 16:56:11",喷吹用煤（原料）,,,采购中心,St.d,"1.55"
焦化厂 ,炼焦配合煤,A2MMJPM,,,"4","2026-08-07 16:56:11",喷吹用煤（原料）,,,采购中心,St.d,"2.08"
焦化厂,炼焦配合煤,A2MMJPM,,,"4","2026-08-07 16:56:11",喷吹用煤（原料）,,,采购中心,Vdaf,"31.78"
焦化厂 ,炼焦配合煤,A2MMJPM,,,"4","2026-08-07 16:56:11",喷吹用煤（原料）,,,采购中心,Vdaf,"30.15"
焦化厂,炼焦配合煤,A2MMJPM,,,"4","2026-08-07 16:56:11",喷吹用煤（原料）,,,采购中心,Vdaf,"30.02"
焦化厂,炼焦配合煤,A2MMJPM,,,"4","2026-08-07 16:56:11",喷吹用煤（原料）,,,采购中心,水分,"8.6"
焦化厂 ,炼焦配合煤,A2MMJPM,,,"4","2026-08-07 16:56:11",喷吹用煤（原料）,,,采购中心,水分,"12.1"
焦化厂,炼焦配合煤,A2MMJPM,,,"4","2026-08-07 16:56:11",喷吹用煤（原料）,,,采购中心,水分,"8.0"
广西柳钢国际贸易有限公司,主焦煤|1级|进口|加拿大|普瑞,G3MMZJML,禄通,铁山港,"4","2026-08-07 16:30:30",,,6750160.0,采购中心,水分,"11.7"
重庆百丰实业有限公司,主焦煤|2级|国内,G3MMZJD,,松坎,"4","2026-08-07 13:17:20",,"5M",341380.0,采购中心,Ad,"11.66"
重庆百丰实业有限公司,主焦煤|2级|国内,G3MMZJD,,松坎,"4","2026-08-07 13:17:20",,"5M",341380.0,采购中心,FCad,"69.03"
重庆百丰实业有限公司,主焦煤|2级|国内,G3MMZJD,,松坎,"4","2026-08-07 13:17:20",,"5M",341380.0,采购中心,Mad,"1.01"
重庆百丰实业有限公司,主焦煤|2级|国内,G3MMZJD,,松坎,"4","2026-08-07 13:17:20",,"5M",341380.0,采购中心,St.d,"1.63"
重庆百丰实业有限公司,主焦煤|2级|国内,G3MMZJD,,松坎,"4","2026-08-07 13:17:20",,"5M",341380.0,采购中心,Vdaf,"21.06"
重庆百丰实业有限公司,主焦煤|2级|国内,G3MMZJD,,松坎,"4","2026-08-07 13:17:20",,"5M",341380.0,采购中心,水分,"16.4"
贵州盘江精煤股份有限公司,"1/3焦煤|1级|国内",G3MMSY1,,柏果,"4","2026-08-07 13:16:34",,"5M",138880.0,采购中心,Ad,"11.01"
贵州盘江精煤股份有限公司,"1/3焦煤|1级|国内",G3MMSY1,,柏果,"4","2026-08-07 13:16:34",,"5M",138880.0,采购中心,FCad,"60.79"
贵州盘江精煤股份有限公司,"1/3焦煤|1级|国内",G3MMSY1,,柏果,"4","2026-08-07 13:16:34",,"5M",138880.0,采购中心,Mad,"1.00"
贵州盘江精煤股份有限公司,"1/3焦煤|1级|国内",G3MMSY1,,柏果,"4","2026-08-07 13:16:34",,"5M",138880.0,采购中心,St.d,"0.24"
贵州盘江精煤股份有限公司,"1/3焦煤|1级|国内",G3MMSY1,,柏果,"4","2026-08-07 13:16:34",,"5M",138880.0,采购中心,Vdaf,"31.00"
贵州盘江精煤股份有限公司,"1/3焦煤|1级|国内",G3MMSY1,,柏果,"4","2026-08-07 13:16:34",,"5M",138880.0,采购中心,水分,"12.4"
重庆百丰实业有限公司,主焦煤|2级|国内,G3MMZJD,,松坎,"4","2026-08-07 12:17:16",,"1M",756810.0,采购中心,Ad,"11.63"
重庆百丰实业有限公司,主焦煤|2级|国内,G3MMZJD,,松坎,"4","2026-08-07 12:17:16",,"1M",756810.0,采购中心,FCad,"68.92"
重庆百丰实业有限公司,主焦煤|2级|国内,G3MMZJD,,松坎,"4","2026-08-07 12:17:16",,"1M",756810.0,采购中心,Mad,"1.02"
重庆百丰实业有限公司,主焦煤|2级|国内,G3MMZJD,,松坎,"4","2026-08-07 12:17:16",,"1M",756810.0,采购中心,St.d,"1.60"
重庆百丰实业有限公司,主焦煤|2级|国内,G3MMZJD,,松坎,"4","2026-08-07 12:17:16",,"1M",756810.0,采购中心,Vdaf,"21.21"
重庆百丰实业有限公司,主焦煤|2级|国内,G3MMZJD,,松坎,"4","2026-08-07 12:17:16",,"1M",756810.0,采购中心,水分,"15.9"
重庆百丰实业有限公司,主焦煤|2级|国内,G3MMZJD,,松坎,"4","2026-08-07 09:54:58",,"1M",506070.0,采购中心,Ad,"11.70"
重庆百丰实业有限公司,主焦煤|2级|国内,G3MMZJD,,松坎,"4","2026-08-07 09:54:58",,"1M",506070.0,采购中心,FCad,"68.48"
重庆百丰实业有限公司,主焦煤|2级|国内,G3MMZJD,,松坎,"4","2026-08-07 09:54:58",,"1M",506070.0,采购中心,Mad,"0.98"
重庆百丰实业有限公司,主焦煤|2级|国内,G3MMZJD,,松坎,"4","2026-08-07 09:54:58",,"1M",506070.0,采购中心,St.d,"1.52"
重庆百丰实业有限公司,主焦煤|2级|国内,G3MMZJD,,松坎,"4","2026-08-07 09:54:58",,"1M",506070.0,采购中心,Vdaf,"21.67"
重庆百丰实业有限公司,主焦煤|2级|国内,G3MMZJD,,松坎,"4","2026-08-07 09:54:58",,"1M",506070.0,采购中心,水分,"16.7"
广西柳钢国际贸易有限公司,贫瘦煤|国内,G3MMPS1,德邻惠航,,"4","2026-08-07 08:42:51",,,1053200.0,采购中心,Ad,"11.29"
广西柳钢国际贸易有限公司,贫瘦煤|国内,G3MMPS1,德邻惠航,,"4","2026-08-07 08:42:51",,,1053200.0,采购中心,FCad,"70.89"
广西柳钢国际贸易有限公司,贫瘦煤|国内,G3MMPS1,德邻惠航,,"4","2026-08-07 08:42:51",,,1053200.0,采购中心,Mad,"4.36"
广西柳钢国际贸易有限公司,贫瘦煤|国内,G3MMPS1,德邻惠航,,"4","2026-08-07 08:42:51",,,1053200.0,采购中心,St.d,"0.57"
广西柳钢国际贸易有限公司,贫瘦煤|国内,G3MMPS1,德邻惠航,,"4","2026-08-07 08:42:51",,,1053200.0,采购中心,Vdaf,"16.44"
广西柳钢国际贸易有限公司,贫瘦煤|国内,G3MMPS1,德邻惠航,,"4","2026-08-07 08:42:51",,,1053200.0,采购中心,水分,"12.4"
广西柳钢国际贸易有限公司,主焦煤|1级|进口|加拿大|普瑞,G3MMZJML,禄通,铁山港,"4","2026-08-07 04:29:46",,,3013380.0,采购中心,水分,"11.3"
广西柳钢国际贸易有限公司,贫瘦煤|国内|低挥发,G3MMPS11,,东田良,"4","2026-08-07 04:12:35",,A2,695820.0,采购中心,Ad,"10.47"
广西柳钢国际贸易有限公司,贫瘦煤|国内|低挥发,G3MMPS11,,东田良,"4","2026-08-07 04:12:35",,A2,695820.0,采购中心,FCad,"78.69"
广西柳钢国际贸易有限公司,贫瘦煤|国内|低挥发,G3MMPS11,,东田良,"4","2026-08-07 04:12:35",,A2,695820.0,采购中心,Mad,"1.38"
广西柳钢国际贸易有限公司,贫瘦煤|国内|低挥发,G3MMPS11,,东田良,"4","2026-08-07 04:12:35",,A2,695820.0,采购中心,St.d,"0.40"
广西柳钢国际贸易有限公司,贫瘦煤|国内|低挥发,G3MMPS11,,东田良,"4","2026-08-07 04:12:35",,A2,695820.0,采购中心,Vdaf,"10.87"
广西柳钢国际贸易有限公司,贫瘦煤|国内|低挥发,G3MMPS11,,东田良,"4","2026-08-07 04:12:35",,A2,695820.0,采购中心,水分,"8.9"
广西柳钢国际贸易有限公司,贫瘦煤|国内|低挥发,G3MMPS11,,东田良,"4","2026-08-07 04:00:56",,A2,2311930.0,采购中心,Ad,"10.58"
广西柳钢国际贸易有限公司,贫瘦煤|国内|低挥发,G3MMPS11,,东田良,"4","2026-08-07 04:00:56",,A2,2311930.0,采购中心,FCad,"78.66"
广西柳钢国际贸易有限公司,贫瘦煤|国内|低挥发,G3MMPS11,,东田良,"4","2026-08-07 04:00:56",,A2,2311930.0,采购中心,Mad,"1.41"
广西柳钢国际贸易有限公司,贫瘦煤|国内|低挥发,G3MMPS11,,东田良,"4","2026-08-07 04:00:56",,A2,2311930.0,采购中心,St.d,"0.40"
广西柳钢国际贸易有限公司,贫瘦煤|国内|低挥发,G3MMPS11,,东田良,"4","2026-08-07 04:00:56",,A2,2311930.0,采购中心,Vdaf,"10.78"
广西柳钢国际贸易有限公司,贫瘦煤|国内|低挥发,G3MMPS11,,东田良,"4","2026-08-07 04:00:56",,A2,2311930.0,采购中心,水分,"8.5"
广西柳钢国际贸易有限公司,贫瘦煤|国内|低挥发,G3MMPS11,,东田良,"4","2026-08-07 03:33:00",,A2,695820.0,采购中心,Ad,"10.58"
广西柳钢国际贸易有限公司,贫瘦煤|国内|低挥发,G3MMPS11,,东田良,"4","2026-08-07 03:33:00",,A2,695820.0,采购中心,FCad,"78.58"
广西柳钢国际贸易有限公司,贫瘦煤|国内|低挥发,G3MMPS11,,东田良,"4","2026-08-07 03:33:00",,A2,695820.0,采购中心,Mad,"1.39"
广西柳钢国际贸易有限公司,贫瘦煤|国内|低挥发,G3MMPS11,,东田良,"4","2026-08-07 03:33:00",,A2,695820.0,采购中心,St.d,"0.40"
广西柳钢国际贸易有限公司,贫瘦煤|国内|低挥发,G3MMPS11,,东田良,"4","2026-08-07 03:33:00",,A2,695820.0,采购中心,Vdaf,"10.89"
广西柳钢国际贸易有限公司,贫瘦煤|国内|低挥发,G3MMPS11,,东田良,"4","2026-08-07 03:33:00",,A2,695820.0,采购中心,水分,"9.1"
广西柳钢国际贸易有限公司,"1/3焦煤|2级|进口|哥伦比亚",G3MMSYK,第一玛歌,防城港,"4","2026-08-07 00:24:56",,,131540.0,采购中心,Ad,"10.04"
广西柳钢国际贸易有限公司,"1/3焦煤|2级|进口|哥伦比亚",G3MMSYK,第一玛歌,防城港,"4","2026-08-07 00:24:56",,,131540.0,采购中心,FCad,"58.44"
广西柳钢国际贸易有限公司,"1/3焦煤|2级|进口|哥伦比亚",G3MMSYK,第一玛歌,防城港,"4","2026-08-07 00:24:56",,,131540.0,采购中心,Mad,"1.41"
广西柳钢国际贸易有限公司,"1/3焦煤|2级|进口|哥伦比亚",G3MMSYK,第一玛歌,防城港,"4","2026-08-07 00:24:56",,,131540.0,采购中心,St.d,"0.78"
广西柳钢国际贸易有限公司,"1/3焦煤|2级|进口|哥伦比亚",G3MMSYK,第一玛歌,防城港,"4","2026-08-07 00:24:56",,,131540.0,采购中心,Vdaf,"34.10"
广西柳钢国际贸易有限公司,"1/3焦煤|2级|进口|哥伦比亚",G3MMSYK,第一玛歌,防城港,"4","2026-08-07 00:24:56",,,131540.0,采购中心,水分,"8.6"
广西柳钢国际贸易有限公司,主焦煤|2级|进口|澳洲|GLV Prime,G3MMZJ8,瑞海,防城港,"4","2026-08-06 23:21:09",,,6510170.0,采购中心,水分,"9.7"
广西柳钢国际贸易有限公司,主焦煤|3级|进口|澳洲|Daunia,G3MMZJMH,流星,防城港,"4","2026-08-06 22:58:52",,,142210.0,采购中心,水分,"12.2"
山西焦煤能源集团股份有限公司,气煤|2级|国内,G3MMQQB,,瓦塘,"4","2026-08-06 19:32:11",,A2,3272670.0,采购中心,Ad,"10.81"
山西焦煤能源集团股份有限公司,气煤|2级|国内,G3MMQQB,,瓦塘,"4","2026-08-06 19:32:11",,A2,3272670.0,采购中心,FCad,"57.06"
山西焦煤能源集团股份有限公司,气煤|2级|国内,G3MMQQB,,瓦塘,"4","2026-08-06 19:32:11",,A2,3272670.0,采购中心,Mad,"2.26"
山西焦煤能源集团股份有限公司,气煤|2级|国内,G3MMQQB,,瓦塘,"4","2026-08-06 19:32:11",,A2,3272670.0,采购中心,St.d,"0.85"
山西焦煤能源集团股份有限公司,气煤|2级|国内,G3MMQQB,,瓦塘,"4","2026-08-06 19:32:11",,A2,3272670.0,采购中心,Vdaf,"34.54"
山西焦煤能源集团股份有限公司,气煤|2级|国内,G3MMQQB,,瓦塘,"4","2026-08-06 19:32:11",,A2,3272670.0,采购中心,水分,"6.8"
贵州盘江精煤股份有限公司,"1/3焦煤|1级|国内",G3MMSY1,,柏果,"4","2026-08-06 18:00:04",,,1025760.0,采购中心,Ad,"10.82"
贵州盘江精煤股份有限公司,"1/3焦煤|1级|国内",G3MMSY1,,柏果,"4","2026-08-06 18:00:04",,,1025760.0,采购中心,FCad,"60.80"
贵州盘江精煤股份有限公司,"1/3焦煤|1级|国内",G3MMSY1,,柏果,"4","2026-08-06 18:00:04",,,1025760.0,采购中心,Mad,"1.21"
贵州盘江精煤股份有限公司,"1/3焦煤|1级|国内",G3MMSY1,,柏果,"4","2026-08-06 18:00:04",,,1025760.0,采购中心,St.d,"0.26"
贵州盘江精煤股份有限公司,"1/3焦煤|1级|国内",G3MMSY1,,柏果,"4","2026-08-06 18:00:04",,,1025760.0,采购中心,Vdaf,"30.99"
贵州盘江精煤股份有限公司,"1/3焦煤|1级|国内",G3MMSY1,,柏果,"4","2026-08-06 18:00:04",,,1025760.0,采购中心,水分,"13.7"
焦化厂,炼焦配合煤,A2MMJPM,,,"4","2026-08-06 16:04:57",喷吹用煤（原料）,,,采购中心,Ad,"8.48"
焦化厂,炼焦配合煤,A2MMJPM,,,"4","2026-08-06 16:04:57",喷吹用煤（原料）,,,采购中心,Ad,"8.44"
焦化厂,炼焦配合煤,A2MMJPM,,,"4","2026-08-06 16:04:57",喷吹用煤（原料）,,,采购中心,Ad,"9.00"
焦化厂,炼焦配合煤,A2MMJPM,,,"4","2026-08-06 16:04:57",喷吹用煤（原料）,,,采购中心,FCad,"69.45"
焦化厂,炼焦配合煤,A2MMJPM,,,"4","2026-08-06 16:04:57",喷吹用煤（原料）,,,采购中心,FCad,"68.92"
焦化厂,炼焦配合煤,A2MMJPM,,,"4","2026-08-06 16:04:57",喷吹用煤（原料）,,,采购中心,FCad,"69.84"
焦化厂,炼焦配合煤,A2MMJPM,,,"4","2026-08-06 16:04:57",喷吹用煤（原料）,,,采购中心,Mad,"1.52"
焦化厂,炼焦配合煤,A2MMJPM,,,"4","2026-08-06 16:04:57",喷吹用煤（原料）,,,采购中心,Mad,"1.45"
焦化厂,炼焦配合煤,A2MMJPM,,,"4","2026-08-06 16:04:57",喷吹用煤（原料）,,,采购中心,Mad,"1.59"
焦化厂,炼焦配合煤,A2MMJPM,,,"4","2026-08-06 16:04:57",喷吹用煤（原料）,,,采购中心,St.d,"0.42"
焦化厂,炼焦配合煤,A2MMJPM,,,"4","2026-08-06 16:04:57",喷吹用煤（原料）,,,采购中心,St.d,"0.42"
焦化厂,炼焦配合煤,A2MMJPM,,,"4","2026-08-06 16:04:57",喷吹用煤（原料）,,,采购中心,St.d,"0.43"
焦化厂,炼焦配合煤,A2MMJPM,,,"4","2026-08-06 16:04:57",喷吹用煤（原料）,,,采购中心,Vdaf,"22.88"
焦化厂,炼焦配合煤,A2MMJPM,,,"4","2026-08-06 16:04:57",喷吹用煤（原料）,,,采购中心,Vdaf,"23.10"
焦化厂,炼焦配合煤,A2MMJPM,,,"4","2026-08-06 16:04:57",喷吹用煤（原料）,,,采购中心,Vdaf,"22.60"
焦化厂,炼焦配合煤,A2MMJPM,,,"4","2026-08-06 16:04:57",喷吹用煤（原料）,,,采购中心,水分,"13.4"
焦化厂,炼焦配合煤,A2MMJPM,,,"4","2026-08-06 16:04:57",喷吹用煤（原料）,,,采购中心,水分,"13.0"
焦化厂,炼焦配合煤,A2MMJPM,,,"4","2026-08-06 16:04:57",喷吹用煤（原料）,,,采购中心,水分,"13.3"
广西柳钢国际贸易有限公司,主焦煤|3级|进口|澳洲|Fitzroy CD,G3MMZJMO,环球,防城港,"4","2026-08-06 11:56:40",,"5M",5131400.0,采购中心,Ad,"8.59"
广西柳钢国际贸易有限公司,主焦煤|3级|进口|澳洲|Fitzroy CD,G3MMZJMO,环球,防城港,"4","2026-08-06 11:56:40",,"5M",5131400.0,采购中心,FCad,"68.66"
广西柳钢国际贸易有限公司,主焦煤|3级|进口|澳洲|Fitzroy CD,G3MMZJMO,环球,防城港,"4","2026-08-06 11:56:40",,"5M",5131400.0,采购中心,Mad,"1.57"
广西柳钢国际贸易有限公司,主焦煤|3级|进口|澳洲|Fitzroy CD,G3MMZJMO,环球,防城港,"4","2026-08-06 11:56:40",,"5M",5131400.0,采购中心,St.d,"0.33"
广西柳钢国际贸易有限公司,主焦煤|3级|进口|澳洲|Fitzroy CD,G3MMZJMO,环球,防城港,"4","2026-08-06 11:56:40",,"5M",5131400.0,采购中心,Vdaf,"23.68"
广西柳钢国际贸易有限公司,主焦煤|3级|进口|澳洲|Fitzroy CD,G3MMZJMO,环球,防城港,"4","2026-08-06 11:56:40",,"5M",5131400.0,采购中心,水分,"13.0"
淮南矿业（集团）有限责任公司,"1/3焦煤|1级|国内",G3MMSY1,,潘集西,"4","2026-08-06 11:39:04",,"1M",3027030.0,采购中心,Ad,"9.02"
淮南矿业（集团）有限责任公司,"1/3焦煤|1级|国内",G3MMSY1,,潘集西,"4","2026-08-06 11:39:04",,"1M",3027030.0,采购中心,FCad,"58.45"
淮南矿业（集团）有限责任公司,"1/3焦煤|1级|国内",G3MMSY1,,潘集西,"4","2026-08-06 11:39:04",,"1M",3027030.0,采购中心,Mad,"1.58"
淮南矿业（集团）有限责任公司,"1/3焦煤|1级|国内",G3MMSY1,,潘集西,"4","2026-08-06 11:39:04",,"1M",3027030.0,采购中心,St.d,"0.57"
淮南矿业（集团）有限责任公司,"1/3焦煤|1级|国内",G3MMSY1,,潘集西,"4","2026-08-06 11:39:04",,"1M",3027030.0,采购中心,Vdaf,"34.72"
淮南矿业（集团）有限责任公司,"1/3焦煤|1级|国内",G3MMSY1,,潘集西,"4","2026-08-06 11:39:04",,"1M",3027030.0,采购中心,水分,"10.8"
广西柳钢国际贸易有限公司,肥煤|国内,G3MMFF1,,宝丰,"4","2026-08-06 09:38:23",,A2,1112590.0,采购中心,Ad,"10.29"
广西柳钢国际贸易有限公司,肥煤|国内,G3MMFF1,,宝丰,"4","2026-08-06 09:38:23",,A2,1112590.0,采购中心,FCad,"61.98"
广西柳钢国际贸易有限公司,肥煤|国内,G3MMFF1,,宝丰,"4","2026-08-06 09:38:23",,A2,1112590.0,采购中心,Mad,"1.25"
广西柳钢国际贸易有限公司,肥煤|国内,G3MMFF1,,宝丰,"4","2026-08-06 09:38:23",,A2,1112590.0,采购中心,St.d,"2.20"
广西柳钢国际贸易有限公司,肥煤|国内,G3MMFF1,,宝丰,"4","2026-08-06 09:38:23",,A2,1112590.0,采购中心,Vdaf,"30.03"
广西柳钢国际贸易有限公司,肥煤|国内,G3MMFF1,,宝丰,"4","2026-08-06 09:38:23",,A2,1112590.0,采购中心,水分,"11.5"
广西柳钢国际贸易有限公司,贫瘦煤|国内,G3MMPS1,德邻惠航,,"4","2026-08-06 08:52:56",,,767000.0,采购中心,Ad,"10.48"
广西柳钢国际贸易有限公司,贫瘦煤|国内,G3MMPS1,德邻惠航,,"4","2026-08-06 08:52:56",,,767000.0,采购中心,FCad,"69.76"
广西柳钢国际贸易有限公司,贫瘦煤|国内,G3MMPS1,德邻惠航,,"4","2026-08-06 08:52:56",,,767000.0,采购中心,Mad,"4.57"
广西柳钢国际贸易有限公司,贫瘦煤|国内,G3MMPS1,德邻惠航,,"4","2026-08-06 08:52:56",,,767000.0,采购中心,St.d,"0.55"
广西柳钢国际贸易有限公司,贫瘦煤|国内,G3MMPS1,德邻惠航,,"4","2026-08-06 08:52:56",,,767000.0,采购中心,Vdaf,"18.33"
广西柳钢国际贸易有限公司,贫瘦煤|国内,G3MMPS1,德邻惠航,,"4","2026-08-06 08:52:56",,,767000.0,采购中心,水分,"13.4"
广西柳钢国际贸易有限公司,主焦煤|3级|进口|澳洲|Daunia,G3MMZJMH,流星,防城港,"4","2026-08-06 06:09:04",,,136220.0,采购中心,Ad,"8.17"
广西柳钢国际贸易有限公司,主焦煤|3级|进口|澳洲|Daunia,G3MMZJMH,流星,防城港,"4","2026-08-06 06:09:04",,,136220.0,采购中心,FCad,"69.69"
广西柳钢国际贸易有限公司,主焦煤|3级|进口|澳洲|Daunia,G3MMZJMH,流星,防城港,"4","2026-08-06 06:09:04",,,136220.0,采购中心,Mad,"1.54"
广西柳钢国际贸易有限公司,主焦煤|3级|进口|澳洲|Daunia,G3MMZJMH,流星,防城港,"4","2026-08-06 06:09:04",,,136220.0,采购中心,St.d,"0.42"
广西柳钢国际贸易有限公司,主焦煤|3级|进口|澳洲|Daunia,G3MMZJMH,流星,防城港,"4","2026-08-06 06:09:04",,,136220.0,采购中心,Vdaf,"22.93"
广西柳钢国际贸易有限公司,主焦煤|3级|进口|澳洲|Daunia,G3MMZJMH,流星,防城港,"4","2026-08-06 06:09:04",,,136220.0,采购中心,水分,"11.7"
广西柳钢国际贸易有限公司,主焦煤|3级|进口|澳洲|Daunia,G3MMZJMH,流星,防城港,"4","2026-08-05 22:55:46",,"1M",3378140.0,采购中心,Ad,"8.37"
广西柳钢国际贸易有限公司,主焦煤|3级|进口|澳洲|Daunia,G3MMZJMH,流星,防城港,"4","2026-08-05 22:55:46",,"1M",3378140.0,采购中心,FCad,"69.34"
广西柳钢国际贸易有限公司,主焦煤|3级|进口|澳洲|Daunia,G3MMZJMH,流星,防城港,"4","2026-08-05 22:55:46",,"1M",3378140.0,采购中心,Mad,"1.55"
广西柳钢国际贸易有限公司,主焦煤|3级|进口|澳洲|Daunia,G3MMZJMH,流星,防城港,"4","2026-08-05 22:55:46",,"1M",3378140.0,采购中心,St.d,"0.41"
广西柳钢国际贸易有限公司,主焦煤|3级|进口|澳洲|Daunia,G3MMZJMH,流星,防城港,"4","2026-08-05 22:55:46",,"1M",3378140.0,采购中心,Vdaf,"23.12"
广西柳钢国际贸易有限公司,主焦煤|3级|进口|澳洲|Daunia,G3MMZJMH,流星,防城港,"4","2026-08-05 22:55:46",,"1M",3378140.0,采购中心,水分,"14.2"
广西柳钢国际贸易有限公司,"1/3焦煤|1级|国内",G3MMSY1,,宝丰,"4","2026-08-05 20:11:44",,"1M",411140.0,采购中心,Ad,"9.74"
广西柳钢国际贸易有限公司,"1/3焦煤|1级|国内",G3MMSY1,,宝丰,"4","2026-08-05 20:11:44",,"1M",411140.0,采购中心,FCad,"60.86"
广西柳钢国际贸易有限公司,"1/3焦煤|1级|国内",G3MMSY1,,宝丰,"4","2026-08-05 20:11:44",,"1M",411140.0,采购中心,Mad,"1.46"
广西柳钢国际贸易有限公司,"1/3焦煤|1级|国内",G3MMSY1,,宝丰,"4","2026-08-05 20:11:44",,"1M",411140.0,采购中心,St.d,"0.41"
广西柳钢国际贸易有限公司,"1/3焦煤|1级|国内",G3MMSY1,,宝丰,"4","2026-08-05 20:11:44",,"1M",411140.0,采购中心,Vdaf,"31.57"
广西柳钢国际贸易有限公司,"1/3焦煤|1级|国内",G3MMSY1,,宝丰,"4","2026-08-05 20:11:44",,"1M",411140.0,采购中心,水分,"11.8"
广西柳钢国际贸易有限公司,"1/3焦煤|1级|国内",G3MMSY1,,宝丰,"4","2026-08-05 16:55:39",,"1M",615800.0,采购中心,Ad,"9.68"
广西柳钢国际贸易有限公司,"1/3焦煤|1级|国内",G3MMSY1,,宝丰,"4","2026-08-05 16:55:39",,"1M",615800.0,采购中心,FCad,"61.29"
广西柳钢国际贸易有限公司,"1/3焦煤|1级|国内",G3MMSY1,,宝丰,"4","2026-08-05 16:55:39",,"1M",615800.0,采购中心,Mad,"1.48"
广西柳钢国际贸易有限公司,"1/3焦煤|1级|国内",G3MMSY1,,宝丰,"4","2026-08-05 16:55:39",,"1M",615800.0,采购中心,St.d,"0.41"
广西柳钢国际贸易有限公司,"1/3焦煤|1级|国内",G3MMSY1,,宝丰,"4","2026-08-05 16:55:39",,"1M",615800.0,采购中心,Vdaf,"31.12"
广西柳钢国际贸易有限公司,"1/3焦煤|1级|国内",G3MMSY1,,宝丰,"4","2026-08-05 16:55:39",,"1M",615800.0,采购中心,水分,"12.8"
广西柳钢国际贸易有限公司,主焦煤|1级|进口|加拿大|普瑞,G3MMZJML,禄通,铁山港,"4","2026-08-05 16:06:44",,,7086370.0,采购中心,Ad,"9.61"
广西柳钢国际贸易有限公司,主焦煤|1级|进口|加拿大|普瑞,G3MMZJML,禄通,铁山港,"4","2026-08-05 16:06:44",,,7086370.0,采购中心,FCad,"65.30"
广西柳钢国际贸易有限公司,主焦煤|1级|进口|加拿大|普瑞,G3MMZJML,禄通,铁山港,"4","2026-08-05 16:06:44",,,7086370.0,采购中心,Mad,"1.43"
广西柳钢国际贸易有限公司,主焦煤|1级|进口|加拿大|普瑞,G3MMZJML,禄通,铁山港,"4","2026-08-05 16:06:44",,,7086370.0,采购中心,St.d,"0.47"
广西柳钢国际贸易有限公司,主焦煤|1级|进口|加拿大|普瑞,G3MMZJML,禄通,铁山港,"4","2026-08-05 16:06:44",,,7086370.0,采购中心,Vdaf,"26.71"
广西柳钢国际贸易有限公司,主焦煤|1级|进口|加拿大|普瑞,G3MMZJML,禄通,铁山港,"4","2026-08-05 16:06:44",,,7086370.0,采购中心,水分,"15.0"
焦化厂,炼焦配合煤,A2MMJPM,,,"4","2026-08-05 15:58:37",喷吹用煤（原料）,,,采购中心,Ad,"10.65"
焦化厂,炼焦配合煤,A2MMJPM,,,"4","2026-08-05 15:58:37",喷吹用煤（原料）,,,采购中心,Ad,"8.92"
焦化厂,炼焦配合煤,A2MMJPM,,,"4","2026-08-05 15:58:37",喷吹用煤（原料）,,,采购中心,Ad,"8.59"
焦化厂,炼焦配合煤,A2MMJPM,,,"4","2026-08-05 15:58:37",喷吹用煤（原料）,,,采购中心,FCad,"63.18"
焦化厂,炼焦配合煤,A2MMJPM,,,"4","2026-08-05 15:58:37",喷吹用煤（原料）,,,采购中心,FCad,"66.80"
焦化厂,炼焦配合煤,A2MMJPM,,,"4","2026-08-05 15:58:37",喷吹用煤（原料）,,,采购中心,FCad,"59.28"
焦化厂,炼焦配合煤,A2MMJPM,,,"4","2026-08-05 15:58:37",喷吹用煤（原料）,,,采购中心,Mad,"1.70"
焦化厂,炼焦配合煤,A2MMJPM,,,"4","2026-08-05 15:58:37",喷吹用煤（原料）,,,采购中心,Mad,"1.60"
焦化厂,炼焦配合煤,A2MMJPM,,,"4","2026-08-05 15:58:37",喷吹用煤（原料）,,,采购中心,Mad,"1.18"
焦化厂,炼焦配合煤,A2MMJPM,,,"4","2026-08-05 15:58:37",喷吹用煤（原料）,,,采购中心,St.d,"0.43"
焦化厂,炼焦配合煤,A2MMJPM,,,"4","2026-08-05 15:58:37",喷吹用煤（原料）,,,采购中心,St.d,"1.53"
焦化厂,炼焦配合煤,A2MMJPM,,,"4","2026-08-05 15:58:37",喷吹用煤（原料）,,,采购中心,St.d,"0.61"
焦化厂,炼焦配合煤,A2MMJPM,,,"4","2026-08-05 15:58:37",喷吹用煤（原料）,,,采购中心,Vdaf,"28.45"
焦化厂,炼焦配合煤,A2MMJPM,,,"4","2026-08-05 15:58:37",喷吹用煤（原料）,,,采购中心,Vdaf,"34.10"
焦化厂,炼焦配合煤,A2MMJPM,,,"4","2026-08-05 15:58:37",喷吹用煤（原料）,,,采购中心,Vdaf,"25.38"
焦化厂,炼焦配合煤,A2MMJPM,,,"4","2026-08-05 15:58:37",喷吹用煤（原料）,,,采购中心,水分,"10.4"
焦化厂,炼焦配合煤,A2MMJPM,,,"4","2026-08-05 15:58:37",喷吹用煤（原料）,,,采购中心,水分,"11.0"
焦化厂,炼焦配合煤,A2MMJPM,,,"4","2026-08-05 15:58:37",喷吹用煤（原料）,,,采购中心,水分,"12.0"
贵州盘江精煤股份有限公司,"1/3焦煤|1级|国内",G3MMSY1,,月亮田,"4","2026-08-05 15:19:20",,"5M",139150.0,采购中心,Ad,"10.56"
贵州盘江精煤股份有限公司,"1/3焦煤|1级|国内",G3MMSY1,,月亮田,"4","2026-08-05 15:19:20",,"5M",139150.0,采购中心,St.d,"0.85"
贵州盘江精煤股份有限公司,"1/3焦煤|1级|国内",G3MMSY1,,平田,"4","2026-08-05 15:18:19",,"5M",343530.0,采购中心,Ad,"10.40"
贵州盘江精煤股份有限公司,"1/3焦煤|1级|国内",G3MMSY1,,平田,"4","2026-08-05 15:18:19",,"5M",343530.0,采购中心,St.d,"0.70"
贵州盘江精煤股份有限公司,"1/3焦煤|1级|国内",G3MMSY1,,月亮田,"4","2026-08-05 15:15:43",,"1M",565140.0,采购中心,Ad,"10.60"
贵州盘江精煤股份有限公司,"1/3焦煤|1级|国内",G3MMSY1,,月亮田,"4","2026-08-05 15:15:43",,"1M",565140.0,采购中心,St.d,"0.86"
广西柳钢国际贸易有限公司,主焦煤|2级|进口|澳洲|GLVPrime,G3MMZJ8,瑞海,防城港,"4","2026-08-05 13:34:24",,,3075510.0,采购中心,Ad,"10.10"
广西柳钢国际贸易有限公司,主焦煤|2级|进口|澳洲|GLVPrime,G3MMZJ8,瑞海,防城港,"4","2026-08-05 13:34:24",,,3075510.0,采购中心,FCad,"67.69"
广西柳钢国际贸易有限公司,主焦煤|2级|进口|澳洲|GLVPrime,G3MMZJ8,瑞海,防城港,"4","2026-08-05 13:34:24",,,3075510.0,采购中心,Mad,"1.34"
广西柳钢国际贸易有限公司,主焦煤|2级|进口|澳洲|GLVPrime,G3MMZJ8,瑞海,防城港,"4","2026-08-05 13:34:24",,,3075510.0,采购中心,St.d,"0.35"
广西柳钢国际贸易有限公司,主焦煤|2级|进口|澳洲|GLVPrime,G3MMZJ8,瑞海,防城港,"4","2026-08-05 13:34:24",,,3075510.0,采购中心,Vdaf,"23.69"
广西柳钢国际贸易有限公司,主焦煤|2级|进口|澳洲|GLVPrime,G3MMZJ8,瑞海,防城港,"4","2026-08-05 13:34:24",,,3075510.0,采购中心,水分,"11.4"
贵州盘江精煤股份有限公司,"1/3焦煤|1级|国内",G3MMSY1,,月亮田,"4","2026-08-05 11:08:27",,,612770.0,采购中心,Ad,"10.43"
贵州盘江精煤股份有限公司,"1/3焦煤|1级|国内",G3MMSY1,,月亮田,"4","2026-08-05 11:08:27",,,612770.0,采购中心,FCad,"57.28"
贵州盘江精煤股份有限公司,"1/3焦煤|1级|国内",G3MMSY1,,月亮田,"4","2026-08-05 11:08:27",,,612770.0,采购中心,Mad,"1.26"
贵州盘江精煤股份有限公司,"1/3焦煤|1级|国内",G3MMSY1,,月亮田,"4","2026-08-05 11:08:27",,,612770.0,采购中心,St.d,"0.79"
贵州盘江精煤股份有限公司,"1/3焦煤|1级|国内",G3MMSY1,,月亮田,"4","2026-08-05 11:08:27",,,612770.0,采购中心,Vdaf,"35.23"
贵州盘江精煤股份有限公司,"1/3焦煤|1级|国内",G3MMSY1,,月亮田,"4","2026-08-05 11:08:27",,,612770.0,采购中心,水分,"10.6"
广西柳钢国际贸易有限公司,"1/3焦煤|1级|国内",G3MMSY1,,宝丰,"4","2026-08-05 11:00:50",,,540490.0,采购中心,Ad,"9.78"
广西柳钢国际贸易有限公司,"1/3焦煤|1级|国内",G3MMSY1,,宝丰,"4","2026-08-05 11:00:50",,,540490.0,采购中心,FCad,"60.66"
广西柳钢国际贸易有限公司,"1/3焦煤|1级|国内",G3MMSY1,,宝丰,"4","2026-08-05 11:00:50",,,540490.0,采购中心,Mad,"1.45"
广西柳钢国际贸易有限公司,"1/3焦煤|1级|国内",G3MMSY1,,宝丰,"4","2026-08-05 11:00:50",,,540490.0,采购中心,St.d,"0.41"
广西柳钢国际贸易有限公司,"1/3焦煤|1级|国内",G3MMSY1,,宝丰,"4","2026-08-05 11:00:50",,,540490.0,采购中心,Vdaf,"31.77"
广西柳钢国际贸易有限公司,"1/3焦煤|1级|国内",G3MMSY1,,宝丰,"4","2026-08-05 11:00:50",,,540490.0,采购中心,水分,"12.7"
贵州盘江精煤股份有限公司,"1/3焦煤|1级|国内",G3MMSY1,,平田,"4","2026-08-05 01:50:41",,"5M",343530.0,采购中心,Ad,"10.02"
贵州盘江精煤股份有限公司,"1/3焦煤|1级|国内",G3MMSY1,,平田,"4","2026-08-05 01:50:41",,"5M",343530.0,采购中心,FCad,"61.72"
贵州盘江精煤股份有限公司,"1/3焦煤|1级|国内",G3MMSY1,,平田,"4","2026-08-05 01:50:41",,"5M",343530.0,采购中心,Mad,"1.04"
贵州盘江精煤股份有限公司,"1/3焦煤|1级|国内",G3MMSY1,,平田,"4","2026-08-05 01:50:41",,"5M",343530.0,采购中心,St.d,"0.68"
贵州盘江精煤股份有限公司,"1/3焦煤|1级|国内",G3MMSY1,,平田,"4","2026-08-05 01:50:41",,"5M",343530.0,采购中心,Vdaf,"30.68"
贵州盘江精煤股份有限公司,"1/3焦煤|1级|国内",G3MMSY1,,平田,"4","2026-08-05 01:50:41",,"5M",343530.0,采购中心,水分,"8.1"
广西柳钢国际贸易有限公司,贫瘦煤|进口|俄罗斯,G3MMPS8,阿米,防城港,"4","2026-08-04 20:56:31",,,3625550.0,采购中心,水分,"13.7"
柳州钢铁股份有限公司矿业公司,国内贫瘦煤,A2MMGPS,,,"4","2026-08-04 18:27:28",喷吹用煤（原料）,,,采购中心,水分,"10.2"
柳州钢铁股份有限公司矿业公司,国内贫瘦煤,A2MMGPS,,,"4","2026-08-04 18:27:28",喷吹用煤（原料）,,,采购中心,水分,"11.7"
柳州钢铁股份有限公司矿业公司,烟煤,G3MMYYM,,,"4","2026-08-04 18:27:28",喷吹用煤（原料）,,,采购中心,水分,"10.4"
柳州钢铁股份有限公司矿业公司,烟煤,G3MMYYM,,,"4","2026-08-04 18:27:28",喷吹用煤（原料）,,,采购中心,水分,"11.6"
柳州钢铁股份有限公司矿业公司,贫瘦煤|国内,G3MMPS1,,,"4","2026-08-04 18:27:28",喷吹用煤（原料）,,,采购中心,水分,"11.9"
柳州钢铁股份有限公司矿业公司,贫瘦煤|进口,G3MMPS2,,,"4","2026-08-04 18:27:28",喷吹用煤（原料）,,,采购中心,水分,"7.1"
柳州钢铁股份有限公司矿业公司,贫瘦煤|进口,G3MMPS2,,,"4","2026-08-04 18:27:28",喷吹用煤（原料）,,,采购中心,水分,"14.1"
炼铁总厂,国内烧结无烟煤,G3MMSWM,,,"4","2026-08-04 16:46:40",烧结用煤,,,采购中心,Ad,"11.60"
炼铁总厂,国内烧结无烟煤,G3MMSWM,,,"4","2026-08-04 16:46:40",烧结用煤,,,采购中心,Cad,"80.56"
炼铁总厂,国内烧结无烟煤,G3MMSWM,,,"4","2026-08-04 16:46:40",烧结用煤,,,采购中心,FCad,"79.73"
炼铁总厂,国内烧结无烟煤,G3MMSWM,,,"4","2026-08-04 16:46:40",烧结用煤,,,采购中心,Had,"2.61"
炼铁总厂,国内烧结无烟煤,G3MMSWM,,,"4","2026-08-04 16:46:40",烧结用煤,,,采购中心,Mad,"3.23"
炼铁总厂,国内烧结无烟煤,G3MMSWM,,,"4","2026-08-04 16:46:40",烧结用煤,,,采购中心,St.d,"0.39"
炼铁总厂,国内烧结无烟煤,G3MMSWM,,,"4","2026-08-04 16:46:40",烧结用煤,,,采购中心,Vdaf,"6.79"
炼铁总厂,国内烧结无烟煤,G3MMSWM,,,"4","2026-08-04 16:46:40",烧结用煤,,,采购中心,水分,"8.4"
焦化厂,炼焦配合煤,A2MMJPM,,,"4","2026-08-04 16:46:40",喷吹用煤（原料）,,,采购中心,Ad,"9.94"
焦化厂,炼焦配合煤,A2MMJPM,,,"4","2026-08-04 16:46:40",喷吹用煤（原料）,,,采购中心,Ad,"9.94"
焦化厂,炼焦配合煤,A2MMJPM,,,"4","2026-08-04 16:46:40",喷吹用煤（原料）,,,采购中心,Cad,"78.45"
焦化厂,炼焦配合煤,A2MMJPM,,,"4","2026-08-04 16:46:40",喷吹用煤（原料）,,,采购中心,Cad,"78.49"
焦化厂,炼焦配合煤,A2MMJPM,,,"4","2026-08-04 16:46:40",喷吹用煤（原料）,,,采购中心,FCad,"66.54"
焦化厂,炼焦配合煤,A2MMJPM,,,"4","2026-08-04 16:46:40",喷吹用煤（原料）,,,采购中心,FCad,"65.35"
焦化厂,炼焦配合煤,A2MMJPM,,,"4","2026-08-04 16:46:40",喷吹用煤（原料）,,,采购中心,Had,"4.41"
焦化厂,炼焦配合煤,A2MMJPM,,,"4","2026-08-04 16:46:40",喷吹用煤（原料）,,,采购中心,Had,"4.32"
焦化厂,炼焦配合煤,A2MMJPM,,,"4","2026-08-04 16:46:40",喷吹用煤（原料）,,,采购中心,Mad,"1.54"
焦化厂,炼焦配合煤,A2MMJPM,,,"4","2026-08-04 16:46:40",喷吹用煤（原料）,,,采购中心,Mad,"1.49"
焦化厂,炼焦配合煤,A2MMJPM,,,"4","2026-08-04 16:46:40",喷吹用煤（原料）,,,采购中心,St.d,"0.78"
焦化厂,炼焦配合煤,A2MMJPM,,,"4","2026-08-04 16:46:40",喷吹用煤（原料）,,,采购中心,St.d,"0.71"
焦化厂,炼焦配合煤,A2MMJPM,,,"4","2026-08-04 16:46:40",喷吹用煤（原料）,,,采购中心,Vdaf,"24.96"
焦化厂,炼焦配合煤,A2MMJPM,,,"4","2026-08-04 16:46:40",喷吹用煤（原料）,,,采购中心,Vdaf,"26.34"
焦化厂,炼焦配合煤,A2MMJPM,,,"4","2026-08-04 16:46:40",喷吹用煤（原料）,,,采购中心,水分,"12.0"
焦化厂,炼焦配合煤,A2MMJPM,,,"4","2026-08-04 16:46:40",喷吹用煤（原料）,,,采购中心,水分,"11.6"
焦化厂,炼焦配合煤,A2MMJPM,,,"4","2026-08-04 16:31:17",喷吹用煤（原料）,,,采购中心,Ad,"10.57"
焦化厂,炼焦配合煤,A2MMJPM,,,"4","2026-08-04 16:31:17",喷吹用煤（原料）,,,采购中心,Ad,"10.47"
焦化厂,炼焦配合煤,A2MMJPM,,,"4","2026-08-04 16:31:17",喷吹用煤（原料）,,,采购中心,Ad,"9.54"
焦化厂,炼焦配合煤,A2MMJPM,,,"4","2026-08-04 16:31:17",喷吹用煤（原料）,,,采购中心,FCad,"65.45"
焦化厂,炼焦配合煤,A2MMJPM,,,"4","2026-08-04 16:31:17",喷吹用煤（原料）,,,采购中心,FCad,"62.60"
焦化厂,炼焦配合煤,A2MMJPM,,,"4","2026-08-04 16:31:17",喷吹用煤（原料）,,,采购中心,FCad,"62.40"
焦化厂,炼焦配合煤,A2MMJPM,,,"4","2026-08-04 16:31:17",喷吹用煤（原料）,,,采购中心,Mad,"1.27"
焦化厂,炼焦配合煤,A2MMJPM,,,"4","2026-08-04 16:31:17",喷吹用煤（原料）,,,采购中心,Mad,"1.48"
焦化厂,炼焦配合煤,A2MMJPM,,,"4","2026-08-04 16:31:17",喷吹用煤（原料）,,,采购中心,Mad,"1.40"
焦化厂,炼焦配合煤,A2MMJPM,,,"4","2026-08-04 16:31:17",喷吹用煤（原料）,,,采购中心,St.d,"0.51"
焦化厂,炼焦配合煤,A2MMJPM,,,"4","2026-08-04 16:31:17",喷吹用煤（原料）,,,采购中心,St.d,"2.26"
焦化厂,炼焦配合煤,A2MMJPM,,,"4","2026-08-04 16:31:17",喷吹用煤（原料）,,,采购中心,St.d,"0.43"
焦化厂,炼焦配合煤,A2MMJPM,,,"4","2026-08-04 16:31:17",喷吹用煤（原料）,,,采购中心,Vdaf,"26.55"
焦化厂,炼焦配合煤,A2MMJPM,,,"4","2026-08-04 16:31:17",喷吹用煤（原料）,,,采购中心,Vdaf,"29.18"
焦化厂,炼焦配合煤,A2MMJPM,,,"4","2026-08-04 16:31:17",喷吹用煤（原料）,,,采购中心,Vdaf,"29.24"
焦化厂,炼焦配合煤,A2MMJPM,,,"4","2026-08-04 16:31:17",喷吹用煤（原料）,,,采购中心,水分,"12.7"
焦化厂,炼焦配合煤,A2MMJPM,,,"4","2026-08-04 16:31:17",喷吹用煤（原料）,,,采购中心,水分,"11.9"
焦化厂,炼焦配合煤,A2MMJPM,,,"4","2026-08-04 16:31:17",喷吹用煤（原料）,,,采购中心,水分,"13.8"
四川省煤炭产业集团有限责任公司营销分公司,瘦焦煤|1级|国内,G3MMSJ1,,格里坪,"4","2026-08-04 14:06:07",,,196890.0,采购中心,Ad,"8.68"
四川省煤炭产业集团有限责任公司营销分公司,瘦焦煤|1级|国内,G3MMSJ1,,格里坪,"4","2026-08-04 14:06:07",,,196890.0,采购中心,FCad,"74.01"
四川省煤炭产业集团有限责任公司营销分公司,瘦焦煤|1级|国内,G3MMSJ1,,格里坪,"4","2026-08-04 14:06:07",,,196890.0,采购中心,Mad,"0.93"
四川省煤炭产业集团有限责任公司营销分公司,瘦焦煤|1级|国内,G3MMSJ1,,格里坪,"4","2026-08-04 14:06:07",,,196890.0,采购中心,St.d,"0.54"
四川省煤炭产业集团有限责任公司营销分公司,瘦焦煤|1级|国内,G3MMSJ1,,格里坪,"4","2026-08-04 14:06:07",,,196890.0,采购中心,Vdaf,"18.19"
四川省煤炭产业集团有限责任公司营销分公司,瘦焦煤|1级|国内,G3MMSJ1,,格里坪,"4","2026-08-04 14:06:07",,,196890.0,采购中心,水分,"12.1"
柳州钢铁股份有限公司矿业公司,瘦焦煤|2级|进口|俄罗斯|K10,G3MMSJC,,,"4","2026-08-04 13:09:57",焦煤,,,采购中心,水分,"5.6"
四川省煤炭产业集团有限责任公司营销分公司,瘦焦煤|1级|国内,G3MMSJ1,,格里坪,"4","2026-08-04 10:47:18",,"4M",409280.0,采购中心,Ad,"8.65"
四川省煤炭产业集团有限责任公司营销分公司,瘦焦煤|1级|国内,G3MMSJ1,,格里坪,"4","2026-08-04 10:47:18",,"4M",409280.0,采购中心,FCad,"73.82"
四川省煤炭产业集团有限责任公司营销分公司,瘦焦煤|1级|国内,G3MMSJ1,,格里坪,"4","2026-08-04 10:47:18",,"4M",409280.0,采购中心,Mad,"0.93"
四川省煤炭产业集团有限责任公司营销分公司,瘦焦煤|1级|国内,G3MMSJ1,,格里坪,"4","2026-08-04 10:47:18",,"4M",409280.0,采购中心,St.d,"0.55"
四川省煤炭产业集团有限责任公司营销分公司,瘦焦煤|1级|国内,G3MMSJ1,,格里坪,"4","2026-08-04 10:47:18",,"4M",409280.0,采购中心,Vdaf,"18.43"
四川省煤炭产业集团有限责任公司营销分公司,瘦焦煤|1级|国内,G3MMSJ1,,格里坪,"4","2026-08-04 10:47:18",,"4M",409280.0,采购中心,水分,"13.2"
广西柳钢国际贸易有限公司,贫瘦煤|国内,G3MMPS1,德邻惠航,,"4","2026-08-04 08:56:26",,,743650.0,采购中心,Ad,"10.82"
广西柳钢国际贸易有限公司,贫瘦煤|国内,G3MMPS1,德邻惠航,,"4","2026-08-04 08:56:26",,,743650.0,采购中心,FCad,"72.18"
广西柳钢国际贸易有限公司,贫瘦煤|国内,G3MMPS1,德邻惠航,,"4","2026-08-04 08:56:26",,,743650.0,采购中心,Mad,"3.79"
广西柳钢国际贸易有限公司,贫瘦煤|国内,G3MMPS1,德邻惠航,,"4","2026-08-04 08:56:26",,,743650.0,采购中心,St.d,"0.58"
广西柳钢国际贸易有限公司,贫瘦煤|国内,G3MMPS1,德邻惠航,,"4","2026-08-04 08:56:26",,,743650.0,采购中心,Vdaf,"15.87"
广西柳钢国际贸易有限公司,贫瘦煤|国内,G3MMPS1,德邻惠航,,"4","2026-08-04 08:56:26",,,743650.0,采购中心,水分,"12.7"
贵州盘江精煤股份有限公司,"1/3焦煤|1级|国内",G3MMSY1,,平田,"4","2026-08-04 08:48:49",,"5M",323110.0,采购中心,Ad,"10.26"
贵州盘江精煤股份有限公司,"1/3焦煤|1级|国内",G3MMSY1,,平田,"4","2026-08-04 08:48:49",,"5M",323110.0,采购中心,FCad,"61.50"
贵州盘江精煤股份有限公司,"1/3焦煤|1级|国内",G3MMSY1,,平田,"4","2026-08-04 08:48:49",,"5M",323110.0,采购中心,Mad,"1.10"
贵州盘江精煤股份有限公司,"1/3焦煤|1级|国内",G3MMSY1,,平田,"4","2026-08-04 08:48:49",,"5M",323110.0,采购中心,St.d,"0.68"
贵州盘江精煤股份有限公司,"1/3焦煤|1级|国内",G3MMSY1,,平田,"4","2026-08-04 08:48:49",,"5M",323110.0,采购中心,Vdaf,"30.70"
贵州盘江精煤股份有限公司,"1/3焦煤|1级|国内",G3MMSY1,,平田,"4","2026-08-04 08:48:49",,"5M",323110.0,采购中心,水分,"7.3"
贵州盘江精煤股份有限公司,"1/3焦煤|1级|国内",G3MMSY1,,月亮田,"4","2026-08-04 08:41:36",,"5M",140940.0,采购中心,Ad,"10.12"
贵州盘江精煤股份有限公司,"1/3焦煤|1级|国内",G3MMSY1,,月亮田,"4","2026-08-04 08:41:36",,"5M",140940.0,采购中心,FCad,"57.16"
贵州盘江精煤股份有限公司,"1/3焦煤|1级|国内",G3MMSY1,,月亮田,"4","2026-08-04 08:41:36",,"5M",140940.0,采购中心,Mad,"1.32"
贵州盘江精煤股份有限公司,"1/3焦煤|1级|国内",G3MMSY1,,月亮田,"4","2026-08-04 08:41:36",,"5M",140940.0,采购中心,St.d,"0.80"
贵州盘江精煤股份有限公司,"1/3焦煤|1级|国内",G3MMSY1,,月亮田,"4","2026-08-04 08:41:36",,"5M",140940.0,采购中心,Vdaf,"35.55"
贵州盘江精煤股份有限公司,"1/3焦煤|1级|国内",G3MMSY1,,月亮田,"4","2026-08-04 08:41:36",,"5M",140940.0,采购中心,水分,"10.1"
贵州盘江精煤股份有限公司,"1/3焦煤|1级|国内",G3MMSY1,,月亮田,"4","2026-08-04 05:01:25",,"1M",565140.0,采购中心,Ad,"10.18"
贵州盘江精煤股份有限公司,"1/3焦煤|1级|国内",G3MMSY1,,月亮田,"4","2026-08-04 05:01:25",,"1M",565140.0,采购中心,FCad,"57.59"
贵州盘江精煤股份有限公司,"1/3焦煤|1级|国内",G3MMSY1,,月亮田,"4","2026-08-04 05:01:25",,"1M",565140.0,采购中心,Mad,"1.30"
贵州盘江精煤股份有限公司,"1/3焦煤|1级|国内",G3MMSY1,,月亮田,"4","2026-08-04 05:01:25",,"1M",565140.0,采购中心,St.d,"0.84"
贵州盘江精煤股份有限公司,"1/3焦煤|1级|国内",G3MMSY1,,月亮田,"4","2026-08-04 05:01:25",,"1M",565140.0,采购中心,Vdaf,"35.04"
贵州盘江精煤股份有限公司,"1/3焦煤|1级|国内",G3MMSY1,,月亮田,"4","2026-08-04 05:01:25",,"1M",565140.0,采购中心,水分,"10.2"
四川省煤炭产业集团有限责任公司营销分公司,瘦焦煤|1级|国内,G3MMSJ1,,格里坪,"4","2026-08-04 03:41:09",,"4M",401800.0,采购中心,Ad,"8.59"
四川省煤炭产业集团有限责任公司营销分公司,瘦焦煤|1级|国内,G3MMSJ1,,格里坪,"4","2026-08-04 03:41:09",,"4M",401800.0,采购中心,FCad,"74.14"
四川省煤炭产业集团有限责任公司营销分公司,瘦焦煤|1级|国内,G3MMSJ1,,格里坪,"4","2026-08-04 03:41:09",,"4M",401800.0,采购中心,Mad,"0.88"
四川省煤炭产业集团有限责任公司营销分公司,瘦焦煤|1级|国内,G3MMSJ1,,格里坪,"4","2026-08-04 03:41:09",,"4M",401800.0,采购中心,St.d,"0.55"
四川省煤炭产业集团有限责任公司营销分公司,瘦焦煤|1级|国内,G3MMSJ1,,格里坪,"4","2026-08-04 03:41:09",,"4M",401800.0,采购中心,Vdaf,"18.18"
四川省煤炭产业集团有限责任公司营销分公司,瘦焦煤|1级|国内,G3MMSJ1,,格里坪,"4","2026-08-04 03:41:09",,"4M",401800.0,采购中心,水分,"11.5"
贵州盘江精煤股份有限公司,"1/3焦煤|1级|国内",G3MMSY1,,月亮田,"4","2026-08-04 02:14:07",,"1M",208330.0,采购中心,Ad,"10.23"
贵州盘江精煤股份有限公司,"1/3焦煤|1级|国内",G3MMSY1,,月亮田,"4","2026-08-04 02:14:07",,"1M",208330.0,采购中心,FCad,"58.06"
贵州盘江精煤股份有限公司,"1/3焦煤|1级|国内",G3MMSY1,,月亮田,"4","2026-08-04 02:14:07",,"1M",208330.0,采购中心,Mad,"1.36"
贵州盘江精煤股份有限公司,"1/3焦煤|1级|国内",G3MMSY1,,月亮田,"4","2026-08-04 02:14:07",,"1M",208330.0,采购中心,St.d,"0.79"
贵州盘江精煤股份有限公司,"1/3焦煤|1级|国内",G3MMSY1,,月亮田,"4","2026-08-04 02:14:07",,"1M",208330.0,采购中心,Vdaf,"34.43"
贵州盘江精煤股份有限公司,"1/3焦煤|1级|国内",G3MMSY1,,月亮田,"4","2026-08-04 02:14:07",,"1M",208330.0,采购中心,水分,"10.7"
贵州盘江精煤股份有限公司,"1/3焦煤|1级|国内",G3MMSY1,,月亮田,"4","2026-08-04 02:03:44",,"5M",139150.0,采购中心,Ad,"10.72"
贵州盘江精煤股份有限公司,"1/3焦煤|1级|国内",G3MMSY1,,月亮田,"4","2026-08-04 02:03:44",,"5M",139150.0,采购中心,FCad,"57.10"
贵州盘江精煤股份有限公司,"1/3焦煤|1级|国内",G3MMSY1,,月亮田,"4","2026-08-04 02:03:44",,"5M",139150.0,采购中心,Mad,"1.22"
贵州盘江精煤股份有限公司,"1/3焦煤|1级|国内",G3MMSY1,,月亮田,"4","2026-08-04 02:03:44",,"5M",139150.0,采购中心,St.d,"0.82"
贵州盘江精煤股份有限公司,"1/3焦煤|1级|国内",G3MMSY1,,月亮田,"4","2026-08-04 02:03:44",,"5M",139150.0,采购中心,Vdaf,"35.26"
贵州盘江精煤股份有限公司,"1/3焦煤|1级|国内",G3MMSY1,,月亮田,"4","2026-08-04 02:03:44",,"5M",139150.0,采购中心,水分,"11.0"
重庆皓联实业（集团）有限公司,主焦煤|2级|国内,G3MMZJD,,松坎,"4","2026-08-04 02:00:27",,"5M",736720.0,采购中心,Ad,"11.71"
重庆皓联实业（集团）有限公司,主焦煤|2级|国内,G3MMZJD,,松坎,"4","2026-08-04 02:00:27",,"5M",736720.0,采购中心,FCad,"68.85"
重庆皓联实业（集团）有限公司,主焦煤|2级|国内,G3MMZJD,,松坎,"4","2026-08-04 02:00:27",,"5M",736720.0,采购中心,Mad,"0.96"
重庆皓联实业（集团）有限公司,主焦煤|2级|国内,G3MMZJD,,松坎,"4","2026-08-04 02:00:27",,"5M",736720.0,采购中心,St.d,"1.60"
重庆皓联实业（集团）有限公司,主焦煤|2级|国内,G3MMZJD,,松坎,"4","2026-08-04 02:00:27",,"5M",736720.0,采购中心,Vdaf,"21.26"
重庆皓联实业（集团）有限公司,主焦煤|2级|国内,G3MMZJD,,松坎,"4","2026-08-04 02:00:27",,"5M",736720.0,采购中心,水分,"14.8"
四川省煤炭产业集团有限责任公司营销分公司,瘦焦煤|1级|国内,G3MMSJ1,,格里坪,"4","2026-08-04 01:51:18",,"1M",368410.0,采购中心,Ad,"9.38"
四川省煤炭产业集团有限责任公司营销分公司,瘦焦煤|1级|国内,G3MMSJ1,,格里坪,"4","2026-08-04 01:51:18",,"1M",368410.0,采购中心,FCad,"73.35"
四川省煤炭产业集团有限责任公司营销分公司,瘦焦煤|1级|国内,G3MMSJ1,,格里坪,"4","2026-08-04 01:51:18",,"1M",368410.0,采购中心,Mad,"0.89"
四川省煤炭产业集团有限责任公司营销分公司,瘦焦煤|1级|国内,G3MMSJ1,,格里坪,"4","2026-08-04 01:51:18",,"1M",368410.0,采购中心,St.d,"0.56"
四川省煤炭产业集团有限责任公司营销分公司,瘦焦煤|1级|国内,G3MMSJ1,,格里坪,"4","2026-08-04 01:51:18",,"1M",368410.0,采购中心,Vdaf,"18.33"
四川省煤炭产业集团有限责任公司营销分公司,瘦焦煤|1级|国内,G3MMSJ1,,格里坪,"4","2026-08-04 01:51:18",,"1M",368410.0,采购中心,水分,"14.0"
四川省煤炭产业集团有限责任公司营销分公司,瘦焦煤|1级|国内,G3MMSJ1,,格里坪,"4","2026-08-03 22:02:33",,"1M",569270.0,采购中心,Ad,"9.17"
四川省煤炭产业集团有限责任公司营销分公司,瘦焦煤|1级|国内,G3MMSJ1,,格里坪,"4","2026-08-03 22:02:33",,"1M",569270.0,采购中心,FCad,"73.44"
四川省煤炭产业集团有限责任公司营销分公司,瘦焦煤|1级|国内,G3MMSJ1,,格里坪,"4","2026-08-03 22:02:33",,"1M",569270.0,采购中心,Mad,"0.90"
四川省煤炭产业集团有限责任公司营销分公司,瘦焦煤|1级|国内,G3MMSJ1,,格里坪,"4","2026-08-03 22:02:33",,"1M",569270.0,采购中心,St.d,"0.57"
四川省煤炭产业集团有限责任公司营销分公司,瘦焦煤|1级|国内,G3MMSJ1,,格里坪,"4","2026-08-03 22:02:33",,"1M",569270.0,采购中心,Vdaf,"18.41"
四川省煤炭产业集团有限责任公司营销分公司,瘦焦煤|1级|国内,G3MMSJ1,,格里坪,"4","2026-08-03 22:02:33",,"1M",569270.0,采购中心,水分,"15.1"
广西柳州钢铁（集团）公司矿业公司,炼铁无烟煤|国内,G3MMTW1,,,"4","2026-08-03 19:01:55",喷吹用煤（原料）,,,采购中心,水分,"7.1"
广西柳州钢铁（集团）公司矿业公司,贫瘦煤|进口|俄罗斯,G3MMPS8,,,"4","2026-08-03 19:01:55",喷吹用煤（原料）,,,采购中心,水分,"5.3"
国家能源投资集团有限责任公司煤炭经营分公司,烟煤|国内,G3MMYY1,,大保当,"4","2026-08-03 17:08:59",,A2,879910.0,采购中心,Ad,"7.13"
国家能源投资集团有限责任公司煤炭经营分公司,烟煤|国内,G3MMYY1,,大保当,"4","2026-08-03 17:08:59",,A2,879910.0,采购中心,FCad,"55.14"
国家能源投资集团有限责任公司煤炭经营分公司,烟煤|国内,G3MMYY1,,大保当,"4","2026-08-03 17:08:59",,A2,879910.0,采购中心,Mad,"4.49"
国家能源投资集团有限责任公司煤炭经营分公司,烟煤|国内,G3MMYY1,,大保当,"4","2026-08-03 17:08:59",,A2,879910.0,采购中心,St.d,"0.62"
国家能源投资集团有限责任公司煤炭经营分公司,烟煤|国内,G3MMYY1,,大保当,"4","2026-08-03 17:08:59",,A2,879910.0,采购中心,Vdaf,"37.84"
国家能源投资集团有限责任公司煤炭经营分公司,烟煤|国内,G3MMYY1,,大保当,"4","2026-08-03 17:08:59",,A2,879910.0,采购中心,水分,"10.5"
四川省煤炭产业集团有限责任公司营销分公司,瘦焦煤|1级|国内,G3MMSJ1,,格里坪,"4","2026-08-03 16:57:00",,"1M",127610.0,采购中心,Ad,"9.43"
四川省煤炭产业集团有限责任公司营销分公司,瘦焦煤|1级|国内,G3MMSJ1,,格里坪,"4","2026-08-03 16:57:00",,"1M",127610.0,采购中心,FCad,"73.21"
四川省煤炭产业集团有限责任公司营销分公司,瘦焦煤|1级|国内,G3MMSJ1,,格里坪,"4","2026-08-03 16:57:00",,"1M",127610.0,采购中心,Mad,"0.91"
四川省煤炭产业集团有限责任公司营销分公司,瘦焦煤|1级|国内,G3MMSJ1,,格里坪,"4","2026-08-03 16:57:00",,"1M",127610.0,采购中心,St.d,"0.57"
四川省煤炭产业集团有限责任公司营销分公司,瘦焦煤|1级|国内,G3MMSJ1,,格里坪,"4","2026-08-03 16:57:00",,"1M",127610.0,采购中心,Vdaf,"18.43"
四川省煤炭产业集团有限责任公司营销分公司,瘦焦煤|1级|国内,G3MMSJ1,,格里坪,"4","2026-08-03 16:57:00",,"1M",127610.0,采购中心,水分,"15.3"
四川省煤炭产业集团有限责任公司营销分公司,瘦焦煤|1级|国内,G3MMSJ1,,格里坪,"4","2026-08-03 16:54:47",,"1M",447490.0,采购中心,Ad,"9.41"
四川省煤炭产业集团有限责任公司营销分公司,瘦焦煤|1级|国内,G3MMSJ1,,格里坪,"4","2026-08-03 16:54:47",,"1M",447490.0,采购中心,FCad,"73.62"
四川省煤炭产业集团有限责任公司营销分公司,瘦焦煤|1级|国内,G3MMSJ1,,格里坪,"4","2026-08-03 16:54:47",,"1M",447490.0,采购中心,Mad,"0.98"
四川省煤炭产业集团有限责任公司营销分公司,瘦焦煤|1级|国内,G3MMSJ1,,格里坪,"4","2026-08-03 16:54:47",,"1M",447490.0,采购中心,St.d,"0.60"
四川省煤炭产业集团有限责任公司营销分公司,瘦焦煤|1级|国内,G3MMSJ1,,格里坪,"4","2026-08-03 16:54:47",,"1M",447490.0,采购中心,Vdaf,"17.93"
四川省煤炭产业集团有限责任公司营销分公司,瘦焦煤|1级|国内,G3MMSJ1,,格里坪,"4","2026-08-03 16:54:47",,"1M",447490.0,采购中心,水分,"14.8"
焦化厂,炼焦配合煤,A2MMJPM,,,"4","2026-08-03 15:52:04",喷吹用煤（原料）,,,采购中心,Ad,"10.62"
焦化厂,炼焦配合煤,A2MMJPM,,,"4","2026-08-03 15:52:04",喷吹用煤（原料）,,,采购中心,Ad,"10.71"
焦化厂,炼焦配合煤,A2MMJPM,,,"4","2026-08-03 15:52:04",喷吹用煤（原料）,,,采购中心,Ad,"11.39"
焦化厂,炼焦配合煤,A2MMJPM,,,"4","2026-08-03 15:52:04",喷吹用煤（原料）,,,采购中心,FCad,"68.75"
焦化厂,炼焦配合煤,A2MMJPM,,,"4","2026-08-03 15:52:04",喷吹用煤（原料）,,,采购中心,FCad,"62.05"
焦化厂,炼焦配合煤,A2MMJPM,,,"4","2026-08-03 15:52:04",喷吹用煤（原料）,,,采购中心,FCad,"67.02"
焦化厂,炼焦配合煤,A2MMJPM,,,"4","2026-08-03 15:52:04",喷吹用煤（原料）,,,采购中心,Mad,"1.47"
焦化厂,炼焦配合煤,A2MMJPM,,,"4","2026-08-03 15:52:04",喷吹用煤（原料）,,,采购中心,Mad,"1.51"
焦化厂,炼焦配合煤,A2MMJPM,,,"4","2026-08-03 15:52:04",喷吹用煤（原料）,,,采购中心,Mad,"1.29"
焦化厂,炼焦配合煤,A2MMJPM,,,"4","2026-08-03 15:52:04",喷吹用煤（原料）,,,采购中心,St.d,"0.28"
焦化厂,炼焦配合煤,A2MMJPM,,,"4","2026-08-03 15:52:04",喷吹用煤（原料）,,,采购中心,St.d,"1.66"
焦化厂,炼焦配合煤,A2MMJPM,,,"4","2026-08-03 15:52:04",喷吹用煤（原料）,,,采购中心,St.d,"0.61"
焦化厂,炼焦配合煤,A2MMJPM,,,"4","2026-08-03 15:52:04",喷吹用煤（原料）,,,采购中心,Vdaf,"21.40"
焦化厂,炼焦配合煤,A2MMJPM,,,"4","2026-08-03 15:52:04",喷吹用煤（原料）,,,采购中心,Vdaf,"23.87"
焦化厂,炼焦配合煤,A2MMJPM,,,"4","2026-08-03 15:52:04",喷吹用煤（原料）,,,采购中心,Vdaf,"29.47"
焦化厂,炼焦配合煤,A2MMJPM,,,"4","2026-08-03 15:52:04",喷吹用煤（原料）,,,采购中心,水分,"10.0"
焦化厂,炼焦配合煤,A2MMJPM,,,"4","2026-08-03 15:52:04",喷吹用煤（原料）,,,采购中心,水分,"13.0"
焦化厂,炼焦配合煤,A2MMJPM,,,"4","2026-08-03 15:52:04",喷吹用煤（原料）,,,采购中心,水分,"14.7"
贵州盘江精煤股份有限公司,"1/3焦煤|1级|国内",G3MMSY1,,月亮田,"4","2026-08-03 14:55:43",,"4M",473810.0,采购中心,Ad,"10.44"
贵州盘江精煤股份有限公司,"1/3焦煤|1级|国内",G3MMSY1,,月亮田,"4","2026-08-03 14:55:43",,"4M",473810.0,采购中心,FCad,"57.47"
贵州盘江精煤股份有限公司,"1/3焦煤|1级|国内",G3MMSY1,,月亮田,"4","2026-08-03 14:55:43",,"4M",473810.0,采购中心,Mad,"1.28"
贵州盘江精煤股份有限公司,"1/3焦煤|1级|国内",G3MMSY1,,月亮田,"4","2026-08-03 14:55:43",,"4M",473810.0,采购中心,St.d,"0.82"
贵州盘江精煤股份有限公司,"1/3焦煤|1级|国内",G3MMSY1,,月亮田,"4","2026-08-03 14:55:43",,"4M",473810.0,采购中心,Vdaf,"35.00"
贵州盘江精煤股份有限公司,"1/3焦煤|1级|国内",G3MMSY1,,月亮田,"4","2026-08-03 14:55:43",,"4M",473810.0,采购中心,水分,"10.1"
广西柳钢国际贸易有限公司,主焦煤|1级|进口|加拿大|瑞峰,G3MMZJC,清水河,防城港,"4","2026-08-03 14:16:06",,,3425450.0,采购中心,水分,"10.6"
贵州盘江精煤股份有限公司,"1/3焦煤|1级|国内",G3MMSY1,,月亮田,"4","2026-08-03 13:05:41",,,486170.0,采购中心,Ad,"10.56"
贵州盘江精煤股份有限公司,"1/3焦煤|1级|国内",G3MMSY1,,月亮田,"4","2026-08-03 13:05:41",,,486170.0,采购中心,FCad,"57.27"
贵州盘江精煤股份有限公司,"1/3焦煤|1级|国内",G3MMSY1,,月亮田,"4","2026-08-03 13:05:41",,,486170.0,采购中心,Mad,"1.30"
贵州盘江精煤股份有限公司,"1/3焦煤|1级|国内",G3MMSY1,,月亮田,"4","2026-08-03 13:05:41",,,486170.0,采购中心,St.d,"0.85"
贵州盘江精煤股份有限公司,"1/3焦煤|1级|国内",G3MMSY1,,月亮田,"4","2026-08-03 13:05:41",,,486170.0,采购中心,Vdaf,"35.13"
贵州盘江精煤股份有限公司,"1/3焦煤|1级|国内",G3MMSY1,,月亮田,"4","2026-08-03 13:05:41",,,486170.0,采购中心,水分,"10.5"
山西潞安环保能源开发股份有限公司,贫瘦煤|国内,G3MMPS1,,长治北,"4","2026-08-03 11:57:29",,,3280870.0,采购中心,Ad,"11.05"
山西潞安环保能源开发股份有限公司,贫瘦煤|国内,G3MMPS1,,长治北,"4","2026-08-03 11:57:29",,,3280870.0,采购中心,FCad,"77.00"
山西潞安环保能源开发股份有限公司,贫瘦煤|国内,G3MMPS1,,长治北,"4","2026-08-03 11:57:29",,,3280870.0,采购中心,Mad,"1.27"
山西潞安环保能源开发股份有限公司,贫瘦煤|国内,G3MMPS1,,长治北,"4","2026-08-03 11:57:29",,,3280870.0,采购中心,St.d,"0.36"
山西潞安环保能源开发股份有限公司,贫瘦煤|国内,G3MMPS1,,长治北,"4","2026-08-03 11:57:29",,,3280870.0,采购中心,Vdaf,"12.32"
山西潞安环保能源开发股份有限公司,贫瘦煤|国内,G3MMPS1,,长治北,"4","2026-08-03 11:57:29",,,3280870.0,采购中心,水分,"9.1"
重庆皓联实业（集团）有限公司,主焦煤|2级|国内,G3MMZJD,,松坎,"4","2026-08-03 10:26:21",,"4M",351690.0,采购中心,Ad,"11.67"
重庆皓联实业（集团）有限公司,主焦煤|2级|国内,G3MMZJD,,松坎,"4","2026-08-03 10:26:21",,"4M",351690.0,采购中心,FCad,"68.93"
重庆皓联实业（集团）有限公司,主焦煤|2级|国内,G3MMZJD,,松坎,"4","2026-08-03 10:26:21",,"4M",351690.0,采购中心,Mad,"0.98"
重庆皓联实业（集团）有限公司,主焦煤|2级|国内,G3MMZJD,,松坎,"4","2026-08-03 10:26:21",,"4M",351690.0,采购中心,St.d,"1.64"
重庆皓联实业（集团）有限公司,主焦煤|2级|国内,G3MMZJD,,松坎,"4","2026-08-03 10:26:21",,"4M",351690.0,采购中心,Vdaf,"21.18"
重庆皓联实业（集团）有限公司,主焦煤|2级|国内,G3MMZJD,,松坎,"4","2026-08-03 10:26:21",,"4M",351690.0,采购中心,水分,"14.6"
湖南湘煤精煤有限公司,主焦煤|1级|国内,G3MMZJ1,,三都,"4","2026-08-03 09:28:48",,"1M",660730.0,采购中心,Ad,"9.90"
湖南湘煤精煤有限公司,主焦煤|1级|国内,G3MMZJ1,,三都,"4","2026-08-03 09:28:48",,"1M",660730.0,采购中心,FCad,"65.32"
湖南湘煤精煤有限公司,主焦煤|1级|国内,G3MMZJ1,,三都,"4","2026-08-03 09:28:48",,"1M",660730.0,采购中心,Mad,"1.13"
湖南湘煤精煤有限公司,主焦煤|1级|国内,G3MMZJ1,,三都,"4","2026-08-03 09:28:48",,"1M",660730.0,采购中心,St.d,"0.62"
湖南湘煤精煤有限公司,主焦煤|1级|国内,G3MMZJ1,,三都,"4","2026-08-03 09:28:48",,"1M",660730.0,采购中心,Vdaf,"26.67"
湖南湘煤精煤有限公司,主焦煤|1级|国内,G3MMZJ1,,三都,"4","2026-08-03 09:28:48",,"1M",660730.0,采购中心,水分,"13.5"
广西柳钢国际贸易有限公司,贫瘦煤|国内,G3MMPS1,德邻惠航,,"4","2026-08-03 08:11:01",,,862500.0,采购中心,Ad,"10.81"
广西柳钢国际贸易有限公司,贫瘦煤|国内,G3MMPS1,德邻惠航,,"4","2026-08-03 08:11:01",,,862500.0,采购中心,FCad,"73.12"
广西柳钢国际贸易有限公司,贫瘦煤|国内,G3MMPS1,德邻惠航,,"4","2026-08-03 08:11:01",,,862500.0,采购中心,Mad,"3.36"
广西柳钢国际贸易有限公司,贫瘦煤|国内,G3MMPS1,德邻惠航,,"4","2026-08-03 08:11:01",,,862500.0,采购中心,St.d,"0.61"
广西柳钢国际贸易有限公司,贫瘦煤|国内,G3MMPS1,德邻惠航,,"4","2026-08-03 08:11:01",,,862500.0,采购中心,Vdaf,"15.16"
广西柳钢国际贸易有限公司,贫瘦煤|国内,G3MMPS1,德邻惠航,,"4","2026-08-03 08:11:01",,,862500.0,采购中心,水分,"11.3"
国家能源投资集团有限责任公司煤炭经营分公司,烟煤|国内,G3MMYY1,,大保当,"4","2026-08-03 06:00:48",,A7,616840.0,采购中心,Ad,"6.88"
国家能源投资集团有限责任公司煤炭经营分公司,烟煤|国内,G3MMYY1,,大保当,"4","2026-08-03 06:00:48",,A7,616840.0,采购中心,FCad,"54.46"
国家能源投资集团有限责任公司煤炭经营分公司,烟煤|国内,G3MMYY1,,大保当,"4","2026-08-03 06:00:48",,A7,616840.0,采购中心,Mad,"5.01"
国家能源投资集团有限责任公司煤炭经营分公司,烟煤|国内,G3MMYY1,,大保当,"4","2026-08-03 06:00:48",,A7,616840.0,采购中心,St.d,"0.56"
国家能源投资集团有限责任公司煤炭经营分公司,烟煤|国内,G3MMYY1,,大保当,"4","2026-08-03 06:00:48",,A7,616840.0,采购中心,Vdaf,"38.43"
国家能源投资集团有限责任公司煤炭经营分公司,烟煤|国内,G3MMYY1,,大保当,"4","2026-08-03 06:00:48",,A7,616840.0,采购中心,水分,"11.0"
重庆百丰实业有限公司,主焦煤|2级|国内,G3MMZJD,,松坎,"4","2026-08-03 02:39:49",,"1M",537170.0,采购中心,Ad,"11.65"
重庆百丰实业有限公司,主焦煤|2级|国内,G3MMZJD,,松坎,"4","2026-08-03 02:39:49",,"1M",537170.0,采购中心,FCad,"68.49"
重庆百丰实业有限公司,主焦煤|2级|国内,G3MMZJD,,松坎,"4","2026-08-03 02:39:49",,"1M",537170.0,采购中心,Mad,"0.86"
重庆百丰实业有限公司,主焦煤|2级|国内,G3MMZJD,,松坎,"4","2026-08-03 02:39:49",,"1M",537170.0,采购中心,St.d,"1.59"
重庆百丰实业有限公司,主焦煤|2级|国内,G3MMZJD,,松坎,"4","2026-08-03 02:39:49",,"1M",537170.0,采购中心,Vdaf,"21.81"
重庆百丰实业有限公司,主焦煤|2级|国内,G3MMZJD,,松坎,"4","2026-08-03 02:39:49",,"1M",537170.0,采购中心,水分,"15.2"
重庆皓联实业（集团）有限公司,主焦煤|2级|国内,G3MMZJD,,松坎,"4","2026-08-03 02:36:40",,"1M",213370.0,采购中心,Ad,"11.65"
重庆皓联实业（集团）有限公司,主焦煤|2级|国内,G3MMZJD,,松坎,"4","2026-08-03 02:36:40",,"1M",213370.0,采购中心,FCad,"68.81"
重庆皓联实业（集团）有限公司,主焦煤|2级|国内,G3MMZJD,,松坎,"4","2026-08-03 02:36:40",,"1M",213370.0,采购中心,Mad,"1.00"
重庆皓联实业（集团）有限公司,主焦煤|2级|国内,G3MMZJD,,松坎,"4","2026-08-03 02:36:40",,"1M",213370.0,采购中心,St.d,"1.60"
重庆皓联实业（集团）有限公司,主焦煤|2级|国内,G3MMZJD,,松坎,"4","2026-08-03 02:36:40",,"1M",213370.0,采购中心,Vdaf,"21.33"
重庆皓联实业（集团）有限公司,主焦煤|2级|国内,G3MMZJD,,松坎,"4","2026-08-03 02:36:40",,"1M",213370.0,采购中心,水分,"14.2"
国家能源投资集团有限责任公司煤炭经营分公司,烟煤|国内,G3MMYY1,,大保当,"4","2026-08-03 00:58:23",,A2,911860.0,采购中心,Ad,"6.55"
国家能源投资集团有限责任公司煤炭经营分公司,烟煤|国内,G3MMYY1,,大保当,"4","2026-08-03 00:58:23",,A2,911860.0,采购中心,FCad,"54.81"
国家能源投资集团有限责任公司煤炭经营分公司,烟煤|国内,G3MMYY1,,大保当,"4","2026-08-03 00:58:23",,A2,911860.0,采购中心,Mad,"5.19"
国家能源投资集团有限责任公司煤炭经营分公司,烟煤|国内,G3MMYY1,,大保当,"4","2026-08-03 00:58:23",,A2,911860.0,采购中心,St.d,"0.58"
国家能源投资集团有限责任公司煤炭经营分公司,烟煤|国内,G3MMYY1,,大保当,"4","2026-08-03 00:58:23",,A2,911860.0,采购中心,Vdaf,"38.14"
国家能源投资集团有限责任公司煤炭经营分公司,烟煤|国内,G3MMYY1,,大保当,"4","2026-08-03 00:58:23",,A2,911860.0,采购中心,水分,"10.8"
重庆皓联实业（集团）有限公司,主焦煤|2级|国内,G3MMZJD,,松坎,"4","2026-08-02 22:47:23",,"5M",869380.0,采购中心,Ad,"11.54"
重庆皓联实业（集团）有限公司,主焦煤|2级|国内,G3MMZJD,,松坎,"4","2026-08-02 22:47:23",,"5M",869380.0,采购中心,FCad,"68.88"
重庆皓联实业（集团）有限公司,主焦煤|2级|国内,G3MMZJD,,松坎,"4","2026-08-02 22:47:23",,"5M",869380.0,采购中心,Mad,"1.06"
重庆皓联实业（集团）有限公司,主焦煤|2级|国内,G3MMZJD,,松坎,"4","2026-08-02 22:47:23",,"5M",869380.0,采购中心,St.d,"1.59"
重庆皓联实业（集团）有限公司,主焦煤|2级|国内,G3MMZJD,,松坎,"4","2026-08-02 22:47:23",,"5M",869380.0,采购中心,Vdaf,"21.30"
重庆皓联实业（集团）有限公司,主焦煤|2级|国内,G3MMZJD,,松坎,"4","2026-08-02 22:47:23",,"5M",869380.0,采购中心,水分,"15.0"
广西柳钢国际贸易有限公司,国内烧结无烟煤,G3MMSWM,,嘉峰,"4","2026-08-02 22:20:15",,,1357590.0,采购中心,Ad,"11.05"
广西柳钢国际贸易有限公司,国内烧结无烟煤,G3MMSWM,,嘉峰,"4","2026-08-02 22:20:15",,,1357590.0,采购中心,FCad,"80.46"
广西柳钢国际贸易有限公司,国内烧结无烟煤,G3MMSWM,,嘉峰,"4","2026-08-02 22:20:15",,,1357590.0,采购中心,Mad,"3.54"
广西柳钢国际贸易有限公司,国内烧结无烟煤,G3MMSWM,,嘉峰,"4","2026-08-02 22:20:15",,,1357590.0,采购中心,St.d,"0.37"
广西柳钢国际贸易有限公司,国内烧结无烟煤,G3MMSWM,,嘉峰,"4","2026-08-02 22:20:15",,,1357590.0,采购中心,Vdaf,"6.22"
广西柳钢国际贸易有限公司,国内烧结无烟煤,G3MMSWM,,嘉峰,"4","2026-08-02 22:20:15",,,1357590.0,采购中心,水分,"6.8"
中国诚通国际贸易有限公司,烟煤|国内,G3MMYY1,,柳树泉,"4","2026-08-02 20:45:29",,,212930.0,采购中心,Ad,"9.33"
中国诚通国际贸易有限公司,烟煤|国内,G3MMYY1,,柳树泉,"4","2026-08-02 20:45:29",,,212930.0,采购中心,FCad,"60.19"
中国诚通国际贸易有限公司,烟煤|国内,G3MMYY1,,柳树泉,"4","2026-08-02 20:45:29",,,212930.0,采购中心,Mad,"6.45"
中国诚通国际贸易有限公司,烟煤|国内,G3MMYY1,,柳树泉,"4","2026-08-02 20:45:29",,,212930.0,采购中心,St.d,"0.21"
中国诚通国际贸易有限公司,烟煤|国内,G3MMYY1,,柳树泉,"4","2026-08-02 20:45:29",,,212930.0,采购中心,Vdaf,"29.04"
中国诚通国际贸易有限公司,烟煤|国内,G3MMYY1,,柳树泉,"4","2026-08-02 20:45:29",,,212930.0,采购中心,水分,"10.7"
,肥煤,G3MMFFM,,,"4","2026-08-02 19:50:37",焦煤,,,采购中心,Ad,"10.56"
,肥煤,G3MMFFM,,,"4","2026-08-02 19:50:37",焦煤,,,采购中心,FCad,"61.66"
,肥煤,G3MMFFM,,,"4","2026-08-02 19:50:37",焦煤,,,采购中心,Mad,"1.29"
,肥煤,G3MMFFM,,,"4","2026-08-02 19:50:37",焦煤,,,采购中心,St.d,"0.44"
,肥煤,G3MMFFM,,,"4","2026-08-02 19:50:37",焦煤,,,采购中心,Vdaf,"30.16"
广西柳钢国际贸易有限公司,"1/3焦煤|2级|进口|印尼",G3MMSYN,明联,防城港,"4","2026-08-02 19:26:46",,A2,203770.0,采购中心,Ad,"8.20"
广西柳钢国际贸易有限公司,"1/3焦煤|2级|进口|印尼",G3MMSYN,明联,防城港,"4","2026-08-02 19:26:46",,A2,203770.0,采购中心,FCad,"61.02"
广西柳钢国际贸易有限公司,"1/3焦煤|2级|进口|印尼",G3MMSYN,明联,防城港,"4","2026-08-02 19:26:46",,A2,203770.0,采购中心,Mad,"1.31"
广西柳钢国际贸易有限公司,"1/3焦煤|2级|进口|印尼",G3MMSYN,明联,防城港,"4","2026-08-02 19:26:46",,A2,203770.0,采购中心,St.d,"0.83"
广西柳钢国际贸易有限公司,"1/3焦煤|2级|进口|印尼",G3MMSYN,明联,防城港,"4","2026-08-02 19:26:46",,A2,203770.0,采购中心,Vdaf,"32.65"
广西柳钢国际贸易有限公司,"1/3焦煤|2级|进口|印尼",G3MMSYN,明联,防城港,"4","2026-08-02 19:26:46",,A2,203770.0,采购中心,水分,"12.3"
,"1/3焦煤",G3MMSYM,,,"4","2026-08-02 19:04:52",焦煤,,,采购中心,Ad,"9.14"
,"1/3焦煤",G3MMSYM,,,"4","2026-08-02 19:04:52",焦煤,,,采购中心,Ad,"8.53"
,"1/3焦煤",G3MMSYM,,,"4","2026-08-02 19:04:52",焦煤,,,采购中心,FCad,"59.97"
,"1/3焦煤",G3MMSYM,,,"4","2026-08-02 19:04:52",焦煤,,,采购中心,FCad,"55.31"
,"1/3焦煤",G3MMSYM,,,"4","2026-08-02 19:04:52",焦煤,,,采购中心,Mad,"1.66"
,"1/3焦煤",G3MMSYM,,,"4","2026-08-02 19:04:52",焦煤,,,采购中心,Mad,"2.77"
,"1/3焦煤",G3MMSYM,,,"4","2026-08-02 19:04:52",焦煤,,,采购中心,St.d,"0.59"
,"1/3焦煤",G3MMSYM,,,"4","2026-08-02 19:04:52",焦煤,,,采购中心,St.d,"0.54"
,"1/3焦煤",G3MMSYM,,,"4","2026-08-02 19:04:52",焦煤,,,采购中心,Vdaf,"37.39"
,"1/3焦煤",G3MMSYM,,,"4","2026-08-02 19:04:52",焦煤,,,采购中心,Vdaf,"33.33"
,主焦煤,G3MMZJM,,,"4","2026-08-02 19:04:52",焦煤,,,采购中心,Ad,"10.86"
,主焦煤,G3MMZJM,,,"4","2026-08-02 19:04:52",焦煤,,,采购中心,Ad,"10.43"
,主焦煤,G3MMZJM,,,"4","2026-08-02 19:04:52",焦煤,,,采购中心,Ad,"10.58"
,主焦煤,G3MMZJM,,,"4","2026-08-02 19:04:52",焦煤,,,采购中心,Ad,"9.77"
,主焦煤,G3MMZJM,,,"4","2026-08-02 19:04:52",焦煤,,,采购中心,Ad,"8.48"
,主焦煤,G3MMZJM,,,"4","2026-08-02 19:04:52",焦煤,,,采购中心,FCad,"66.43"
,主焦煤,G3MMZJM,,,"4","2026-08-02 19:04:52",焦煤,,,采购中心,FCad,"66.25"
,主焦煤,G3MMZJM,,,"4","2026-08-02 19:04:52",焦煤,,,采购中心,FCad,"69.57"
,主焦煤,G3MMZJM,,,"4","2026-08-02 19:04:52",焦煤,,,采购中心,FCad,"61.85"
,主焦煤,G3MMZJM,,,"4","2026-08-02 19:04:52",焦煤,,,采购中心,FCad,"66.66"
,主焦煤,G3MMZJM,,,"4","2026-08-02 19:04:52",焦煤,,,采购中心,Mad,"1.57"
,主焦煤,G3MMZJM,,,"4","2026-08-02 19:04:52",焦煤,,,采购中心,Mad,"1.24"
,主焦煤,G3MMZJM,,,"4","2026-08-02 19:04:52",焦煤,,,采购中心,Mad,"1.53"
,主焦煤,G3MMZJM,,,"4","2026-08-02 19:04:52",焦煤,,,采购中心,Mad,"1.59"
,主焦煤,G3MMZJM,,,"4","2026-08-02 19:04:52",焦煤,,,采购中心,Mad,"1.50"
,主焦煤,G3MMZJM,,,"4","2026-08-02 19:04:52",焦煤,,,采购中心,St.d,"0.45"
,主焦煤,G3MMZJM,,,"4","2026-08-02 19:04:52",焦煤,,,采购中心,St.d,"0.63"
,主焦煤,G3MMZJM,,,"4","2026-08-02 19:04:52",焦煤,,,采购中心,St.d,"0.70"
,主焦煤,G3MMZJM,,,"4","2026-08-02 19:04:52",焦煤,,,采购中心,St.d,"0.50"
,主焦煤,G3MMZJM,,,"4","2026-08-02 19:04:52",焦煤,,,采购中心,St.d,"0.73"
,主焦煤,G3MMZJM,,,"4","2026-08-02 19:04:52",焦煤,,,采购中心,Vdaf,"29.49"
,主焦煤,G3MMZJM,,,"4","2026-08-02 19:04:52",焦煤,,,采购中心,Vdaf,"24.52"
,主焦煤,G3MMZJM,,,"4","2026-08-02 19:04:52",焦煤,,,采购中心,Vdaf,"24.71"
,主焦煤,G3MMZJM,,,"4","2026-08-02 19:04:52",焦煤,,,采购中心,Vdaf,"25.40"
,主焦煤,G3MMZJM,,,"4","2026-08-02 19:04:52",焦煤,,,采购中心,Vdaf,"22.80"
,气煤,G3MMQQM,,,"4","2026-08-02 19:04:52",焦煤,,,采购中心,Ad,"11.21"
,气煤,G3MMQQM,,,"4","2026-08-02 19:04:52",焦煤,,,采购中心,Ad,"10.59"
,气煤,G3MMQQM,,,"4","2026-08-02 19:04:52",焦煤,,,采购中心,FCad,"56.17"
,气煤,G3MMQQM,,,"4","2026-08-02 19:04:52",焦煤,,,采购中心,FCad,"58.70"
,气煤,G3MMQQM,,,"4","2026-08-02 19:04:52",焦煤,,,采购中心,Mad,"2.40"
,气煤,G3MMQQM,,,"4","2026-08-02 19:04:52",焦煤,,,采购中心,Mad,"1.82"
,气煤,G3MMQQM,,,"4","2026-08-02 19:04:52",焦煤,,,采购中心,St.d,"0.82"
,气煤,G3MMQQM,,,"4","2026-08-02 19:04:52",焦煤,,,采购中心,St.d,"0.31"
,气煤,G3MMQQM,,,"4","2026-08-02 19:04:52",焦煤,,,采购中心,Vdaf,"32.73"
,气煤,G3MMQQM,,,"4","2026-08-02 19:04:52",焦煤,,,采购中心,Vdaf,"35.56"
,炼焦贫瘦煤|国内,G3MMJPS1,,,"4","2026-08-02 19:04:52",焦煤,,,采购中心,Ad,"11.14"
,炼焦贫瘦煤|国内,G3MMJPS1,,,"4","2026-08-02 19:04:52",焦煤,,,采购中心,FCad,"74.40"
,炼焦贫瘦煤|国内,G3MMJPS1,,,"4","2026-08-02 19:04:52",焦煤,,,采购中心,Mad,"1.29"
,炼焦贫瘦煤|国内,G3MMJPS1,,,"4","2026-08-02 19:04:52",焦煤,,,采购中心,St.d,"0.74"
,炼焦贫瘦煤|国内,G3MMJPS1,,,"4","2026-08-02 19:04:52",焦煤,,,采购中心,Vdaf,"15.17"
,瘦焦煤,G3MMSJM,,,"4","2026-08-02 19:04:52",焦煤,,,采购中心,Ad,"10.22"
,瘦焦煤,G3MMSJM,,,"4","2026-08-02 19:04:52",焦煤,,,采购中心,FCad,"70.77"
,瘦焦煤,G3MMSJM,,,"4","2026-08-02 19:04:52",焦煤,,,采购中心,Mad,"1.30"
,瘦焦煤,G3MMSJM,,,"4","2026-08-02 19:04:52",焦煤,,,采购中心,St.d,"0.45"
,瘦焦煤,G3MMSJM,,,"4","2026-08-02 19:04:52",焦煤,,,采购中心,Vdaf,"20.13"
,肥煤,G3MMFFM,,,"4","2026-08-02 19:04:52",焦煤,,,采购中心,Ad,"10.37"
,肥煤,G3MMFFM,,,"4","2026-08-02 19:04:52",焦煤,,,采购中心,FCad,"63.89"
,肥煤,G3MMFFM,,,"4","2026-08-02 19:04:52",焦煤,,,采购中心,Mad,"1.25"
,肥煤,G3MMFFM,,,"4","2026-08-02 19:04:52",焦煤,,,采购中心,St.d,"2.30"
,肥煤,G3MMFFM,,,"4","2026-08-02 19:04:52",焦煤,,,采购中心,Vdaf,"27.82"
西部红果煤炭交易有限公司,主焦煤|3级|国内,G3MMZJF,,大湾,"4","2026-08-02 18:26:18",,A2,347030.0,采购中心,Ad,"11.77"
西部红果煤炭交易有限公司,主焦煤|3级|国内,G3MMZJF,,大湾,"4","2026-08-02 18:26:18",,A2,347030.0,采购中心,FCad,"64.84"
西部红果煤炭交易有限公司,主焦煤|3级|国内,G3MMZJF,,大湾,"4","2026-08-02 18:26:18",,A2,347030.0,采购中心,Mad,"1.13"
西部红果煤炭交易有限公司,主焦煤|3级|国内,G3MMZJF,,大湾,"4","2026-08-02 18:26:18",,A2,347030.0,采购中心,St.d,"1.22"
西部红果煤炭交易有限公司,主焦煤|3级|国内,G3MMZJF,,大湾,"4","2026-08-02 18:26:18",,A2,347030.0,采购中心,Vdaf,"25.67"
西部红果煤炭交易有限公司,主焦煤|3级|国内,G3MMZJF,,大湾,"4","2026-08-02 18:26:18",,A2,347030.0,采购中心,水分,"15.4"
焦化厂,炼焦配合煤,A2MMJPM,,,"4","2026-08-02 16:03:39",喷吹用煤（原料）,,,采购中心,Ad,"9.73"
焦化厂,炼焦配合煤,A2MMJPM,,,"4","2026-08-02 16:03:39",喷吹用煤（原料）,,,采购中心,Ad,"10.64"
焦化厂,炼焦配合煤,A2MMJPM,,,"4","2026-08-02 16:03:39",喷吹用煤（原料）,,,采购中心,Ad,"10.30"
焦化厂,炼焦配合煤,A2MMJPM,,,"4","2026-08-02 16:03:39",喷吹用煤（原料）,,,采购中心,FCad,"66.14"
焦化厂,炼焦配合煤,A2MMJPM,,,"4","2026-08-02 16:03:39",喷吹用煤（原料）,,,采购中心,FCad,"61.33"
焦化厂,炼焦配合煤,A2MMJPM,,,"4","2026-08-02 16:03:39",喷吹用煤（原料）,,,采购中心,FCad,"69.28"
焦化厂,炼焦配合煤,A2MMJPM,,,"4","2026-08-02 16:03:39",喷吹用煤（原料）,,,采购中心,Mad,"1.23"
焦化厂,炼焦配合煤,A2MMJPM,,,"4","2026-08-02 16:03:39",喷吹用煤（原料）,,,采购中心,Mad,"0.96"
焦化厂,炼焦配合煤,A2MMJPM,,,"4","2026-08-02 16:03:39",喷吹用煤（原料）,,,采购中心,Mad,"1.28"
焦化厂,炼焦配合煤,A2MMJPM,,,"4","2026-08-02 16:03:39",喷吹用煤（原料）,,,采购中心,St.d,"0.60"
焦化厂,炼焦配合煤,A2MMJPM,,,"4","2026-08-02 16:03:39",喷吹用煤（原料）,,,采购中心,St.d,"0.50"
焦化厂,炼焦配合煤,A2MMJPM,,,"4","2026-08-02 16:03:39",喷吹用煤（原料）,,,采购中心,St.d,"2.40"
焦化厂,炼焦配合煤,A2MMJPM,,,"4","2026-08-02 16:03:39",喷吹用煤（原料）,,,采购中心,Vdaf,"30.70"
焦化厂,炼焦配合煤,A2MMJPM,,,"4","2026-08-02 16:03:39",喷吹用煤（原料）,,,采购中心,Vdaf,"21.76"
焦化厂,炼焦配合煤,A2MMJPM,,,"4","2026-08-02 16:03:39",喷吹用煤（原料）,,,采购中心,Vdaf,"25.82"
焦化厂,炼焦配合煤,A2MMJPM,,,"4","2026-08-02 16:03:39",喷吹用煤（原料）,,,采购中心,水分,"12.6"
焦化厂,炼焦配合煤,A2MMJPM,,,"4","2026-08-02 16:03:39",喷吹用煤（原料）,,,采购中心,水分,"10.9"
焦化厂,炼焦配合煤,A2MMJPM,,,"4","2026-08-02 16:03:39",喷吹用煤（原料）,,,采购中心,水分,"12.1"
广西柳钢国际贸易有限公司,气煤|进口|E|AEJ,G3MMQQD,金牛,防城港,"4","2026-08-02 12:04:13",,,3232660.0,采购中心,水分,"12.7"
贵州盘南煤炭开发有限责任公司,瘦焦煤|1级|国内,G3MMSJ1,,小雨谷,"4","2026-08-02 10:48:18",,"4M",60780.0,采购中心,Ad,"11.79"
贵州盘南煤炭开发有限责任公司,瘦焦煤|1级|国内,G3MMSJ1,,小雨谷,"4","2026-08-02 10:48:18",,"4M",60780.0,采购中心,FCad,"71.32"
贵州盘南煤炭开发有限责任公司,瘦焦煤|1级|国内,G3MMSJ1,,小雨谷,"4","2026-08-02 10:48:18",,"4M",60780.0,采购中心,Mad,"0.95"
贵州盘南煤炭开发有限责任公司,瘦焦煤|1级|国内,G3MMSJ1,,小雨谷,"4","2026-08-02 10:48:18",,"4M",60780.0,采购中心,St.d,"0.85"
贵州盘南煤炭开发有限责任公司,瘦焦煤|1级|国内,G3MMSJ1,,小雨谷,"4","2026-08-02 10:48:18",,"4M",60780.0,采购中心,Vdaf,"18.37"
贵州盘南煤炭开发有限责任公司,瘦焦煤|1级|国内,G3MMSJ1,,小雨谷,"4","2026-08-02 10:48:18",,"4M",60780.0,采购中心,水分,"13.9"
石嘴山市惠农区永鑫工贸有限公司,肥煤|国内,G3MMFF1,,惠农,"4","2026-08-02 10:48:18",,"4M",60140.0,采购中心,Ad,"9.99"
石嘴山市惠农区永鑫工贸有限公司,肥煤|国内,G3MMFF1,,惠农,"4","2026-08-02 10:48:18",,"4M",60140.0,采购中心,FCad,"61.52"
石嘴山市惠农区永鑫工贸有限公司,肥煤|国内,G3MMFF1,,惠农,"4","2026-08-02 10:48:18",,"4M",60140.0,采购中心,Mad,"1.15"
石嘴山市惠农区永鑫工贸有限公司,肥煤|国内,G3MMFF1,,惠农,"4","2026-08-02 10:48:18",,"4M",60140.0,采购中心,St.d,"1.90"
石嘴山市惠农区永鑫工贸有限公司,肥煤|国内,G3MMFF1,,惠农,"4","2026-08-02 10:48:18",,"4M",60140.0,采购中心,Vdaf,"30.85"
石嘴山市惠农区永鑫工贸有限公司,肥煤|国内,G3MMFF1,,惠农,"4","2026-08-02 10:48:18",,"4M",60140.0,采购中心,水分,"9.0"
石嘴山市惠农区永鑫工贸有限公司,主焦煤|1级|国内,G3MMZJ1,,惠农,"4","2026-08-02 10:33:34",,A2,627610.0,采购中心,Ad,"10.20"
石嘴山市惠农区永鑫工贸有限公司,主焦煤|1级|国内,G3MMZJ1,,惠农,"4","2026-08-02 10:33:34",,A2,627610.0,采购中心,FCad,"64.71"
石嘴山市惠农区永鑫工贸有限公司,主焦煤|1级|国内,G3MMZJ1,,惠农,"4","2026-08-02 10:33:34",,A2,627610.0,采购中心,Mad,"1.39"
石嘴山市惠农区永鑫工贸有限公司,主焦煤|1级|国内,G3MMZJ1,,惠农,"4","2026-08-02 10:33:34",,A2,627610.0,采购中心,St.d,"0.63"
石嘴山市惠农区永鑫工贸有限公司,主焦煤|1级|国内,G3MMZJ1,,惠农,"4","2026-08-02 10:33:34",,A2,627610.0,采购中心,Vdaf,"26.92"
石嘴山市惠农区永鑫工贸有限公司,主焦煤|1级|国内,G3MMZJ1,,惠农,"4","2026-08-02 10:33:34",,A2,627610.0,采购中心,水分,"9.8"
广西柳钢国际贸易有限公司,贫瘦煤|进口|俄罗斯,G3MMPS8,阿米,,"4","2026-08-02 09:54:55",,,,采购中心,Ad,"9.97"
广西柳钢国际贸易有限公司,贫瘦煤|进口|俄罗斯,G3MMPS8,阿米,,"4","2026-08-02 09:54:55",,,,采购中心,Cad,"79.83"
广西柳钢国际贸易有限公司,贫瘦煤|进口|俄罗斯,G3MMPS8,阿米,,"4","2026-08-02 09:54:55",,,,采购中心,FCad,"74.36"
广西柳钢国际贸易有限公司,贫瘦煤|进口|俄罗斯,G3MMPS8,阿米,,"4","2026-08-02 09:54:55",,,,采购中心,Had,"3.84"
广西柳钢国际贸易有限公司,贫瘦煤|进口|俄罗斯,G3MMPS8,阿米,,"4","2026-08-02 09:54:55",,,,采购中心,Mad,"2.14"
广西柳钢国际贸易有限公司,贫瘦煤|进口|俄罗斯,G3MMPS8,阿米,,"4","2026-08-02 09:54:55",,,,采购中心,St.d,"0.39"
广西柳钢国际贸易有限公司,贫瘦煤|进口|俄罗斯,G3MMPS8,阿米,,"4","2026-08-02 09:54:55",,,,采购中心,Vdaf,"15.60"
广西柳钢国际贸易有限公司,贫瘦煤|进口|俄罗斯,G3MMPS8,阿米,,"4","2026-08-02 09:54:55",,,,采购中心,水分,"13.8"
石嘴山市惠农区永鑫工贸有限公司,主焦煤|1级|国内,G3MMZJ1,,惠农,"4","2026-08-02 09:53:26",,"4M",207970.0,采购中心,Ad,"10.42"
湖南湘煤精煤有限公司,主焦煤|1级|国内,G3MMZJ1,,三都,"4","2026-08-02 09:53:26",,"4M",473250.0,采购中心,Ad,"9.79"
湖南湘煤精煤有限公司,主焦煤|1级|国内,G3MMZJ1,,三都,"4","2026-08-02 09:53:26",,"4M",473250.0,采购中心,FCad,"65.26"
石嘴山市惠农区永鑫工贸有限公司,主焦煤|1级|国内,G3MMZJ1,,惠农,"4","2026-08-02 09:53:26",,"4M",207970.0,采购中心,FCad,"65.14"
石嘴山市惠农区永鑫工贸有限公司,主焦煤|1级|国内,G3MMZJ1,,惠农,"4","2026-08-02 09:53:26",,"4M",207970.0,采购中心,Mad,"1.54"
湖南湘煤精煤有限公司,主焦煤|1级|国内,G3MMZJ1,,三都,"4","2026-08-02 09:53:26",,"4M",473250.0,采购中心,Mad,"0.96"
湖南湘煤精煤有限公司,主焦煤|1级|国内,G3MMZJ1,,三都,"4","2026-08-02 09:53:26",,"4M",473250.0,采购中心,St.d,"0.64"
石嘴山市惠农区永鑫工贸有限公司,主焦煤|1级|国内,G3MMZJ1,,惠农,"4","2026-08-02 09:53:26",,"4M",207970.0,采购中心,St.d,"0.62"
湖南湘煤精煤有限公司,主焦煤|1级|国内,G3MMZJ1,,三都,"4","2026-08-02 09:53:26",,"4M",473250.0,采购中心,Vdaf,"26.95"
石嘴山市惠农区永鑫工贸有限公司,主焦煤|1级|国内,G3MMZJ1,,惠农,"4","2026-08-02 09:53:26",,"4M",207970.0,采购中心,Vdaf,"26.15"
石嘴山市惠农区永鑫工贸有限公司,主焦煤|1级|国内,G3MMZJ1,,惠农,"4","2026-08-02 09:53:26",,"4M",207970.0,采购中心,水分,"10.0"
湖南湘煤精煤有限公司,主焦煤|1级|国内,G3MMZJ1,,三都,"4","2026-08-02 09:53:26",,"4M",473250.0,采购中心,水分,"13.3"
广西柳钢国际贸易有限公司,贫瘦煤|进口|俄罗斯,G3MMPS8,阿米,防城港,"4","2026-08-02 09:51:56",,,3137390.0,采购中心,Ad,"9.88"
广西柳钢国际贸易有限公司,贫瘦煤|进口|俄罗斯,G3MMPS8,阿米,防城港,"4","2026-08-02 09:51:56",,,3137390.0,采购中心,FCad,"73.90"
广西柳钢国际贸易有限公司,贫瘦煤|进口|俄罗斯,G3MMPS8,阿米,防城港,"4","2026-08-02 09:51:56",,,3137390.0,采购中心,Mad,"2.02"
广西柳钢国际贸易有限公司,贫瘦煤|进口|俄罗斯,G3MMPS8,阿米,防城港,"4","2026-08-02 09:51:56",,,3137390.0,采购中心,St.d,"0.42"
广西柳钢国际贸易有限公司,贫瘦煤|进口|俄罗斯,G3MMPS8,阿米,防城港,"4","2026-08-02 09:51:56",,,3137390.0,采购中心,Vdaf,"16.30"
广西柳钢国际贸易有限公司,贫瘦煤|进口|俄罗斯,G3MMPS8,阿米,防城港,"4","2026-08-02 09:51:56",,,3137390.0,采购中心,水分,"14.1"
广西柳钢国际贸易有限公司,贫瘦煤|国内,G3MMPS1,德邻惠航,,"4","2026-08-02 08:48:35",,,749950.0,采购中心,Ad,"10.95"
广西柳钢国际贸易有限公司,贫瘦煤|国内,G3MMPS1,德邻惠航,,"4","2026-08-02 08:48:35",,,749950.0,采购中心,FCad,"69.61"
广西柳钢国际贸易有限公司,贫瘦煤|国内,G3MMPS1,德邻惠航,,"4","2026-08-02 08:48:35",,,749950.0,采购中心,Mad,"6.00"
广西柳钢国际贸易有限公司,贫瘦煤|国内,G3MMPS1,德邻惠航,,"4","2026-08-02 08:48:35",,,749950.0,采购中心,St.d,"0.57"
广西柳钢国际贸易有限公司,贫瘦煤|国内,G3MMPS1,德邻惠航,,"4","2026-08-02 08:48:35",,,749950.0,采购中心,Vdaf,"16.84"
广西柳钢国际贸易有限公司,贫瘦煤|国内,G3MMPS1,德邻惠航,,"4","2026-08-02 08:48:35",,,749950.0,采购中心,水分,"13.4"
国家能源投资集团有限责任公司煤炭经营分公司,烟煤|国内,G3MMYY1,,大保当,"4","2026-08-02 07:29:58",,A7,906000.0,采购中心,Ad,"6.49"
国家能源投资集团有限责任公司煤炭经营分公司,烟煤|国内,G3MMYY1,,大保当,"4","2026-08-02 07:29:58",,A7,906000.0,采购中心,FCad,"55.07"
国家能源投资集团有限责任公司煤炭经营分公司,烟煤|国内,G3MMYY1,,大保当,"4","2026-08-02 07:29:58",,A7,906000.0,采购中心,Mad,"5.26"
国家能源投资集团有限责任公司煤炭经营分公司,烟煤|国内,G3MMYY1,,大保当,"4","2026-08-02 07:29:58",,A7,906000.0,采购中心,St.d,"0.57"
国家能源投资集团有限责任公司煤炭经营分公司,烟煤|国内,G3MMYY1,,大保当,"4","2026-08-02 07:29:58",,A7,906000.0,采购中心,Vdaf,"37.84"
国家能源投资集团有限责任公司煤炭经营分公司,烟煤|国内,G3MMYY1,,大保当,"4","2026-08-02 07:29:58",,A7,906000.0,采购中心,水分,"10.9"
国家能源投资集团有限责任公司煤炭经营分公司,烟煤|国内,G3MMYY1,,大保当,"4","2026-08-02 07:14:20",,A7,906000.0,采购中心,Ad,"6.73"
国家能源投资集团有限责任公司煤炭经营分公司,烟煤|国内,G3MMYY1,,大保当,"4","2026-08-02 07:14:20",,A7,906000.0,采购中心,FCad,"54.58"
国家能源投资集团有限责任公司煤炭经营分公司,烟煤|国内,G3MMYY1,,大保当,"4","2026-08-02 07:14:20",,A7,906000.0,采购中心,Mad,"5.41"
国家能源投资集团有限责任公司煤炭经营分公司,烟煤|国内,G3MMYY1,,大保当,"4","2026-08-02 07:14:20",,A7,906000.0,采购中心,St.d,"0.65"
国家能源投资集团有限责任公司煤炭经营分公司,烟煤|国内,G3MMYY1,,大保当,"4","2026-08-02 07:14:20",,A7,906000.0,采购中心,Vdaf,"38.13"
国家能源投资集团有限责任公司煤炭经营分公司,烟煤|国内,G3MMYY1,,大保当,"4","2026-08-02 07:14:20",,A7,906000.0,采购中心,水分,"10.7"
四川省煤炭产业集团有限责任公司营销分公司,瘦焦煤|1级|国内,G3MMSJ1,,巴关河,"4","2026-08-02 06:13:51",,A2,259010.0,采购中心,Ad,"9.76"
四川省煤炭产业集团有限责任公司营销分公司,瘦焦煤|1级|国内,G3MMSJ1,,巴关河,"4","2026-08-02 06:13:51",,A2,259010.0,采购中心,FCad,"73.93"
四川省煤炭产业集团有限责任公司营销分公司,瘦焦煤|1级|国内,G3MMSJ1,,巴关河,"4","2026-08-02 06:13:51",,A2,259010.0,采购中心,Mad,"0.77"
四川省煤炭产业集团有限责任公司营销分公司,瘦焦煤|1级|国内,G3MMSJ1,,巴关河,"4","2026-08-02 06:13:51",,A2,259010.0,采购中心,St.d,"0.53"
四川省煤炭产业集团有限责任公司营销分公司,瘦焦煤|1级|国内,G3MMSJ1,,巴关河,"4","2026-08-02 06:13:51",,A2,259010.0,采购中心,Vdaf,"17.44"
四川省煤炭产业集团有限责任公司营销分公司,瘦焦煤|1级|国内,G3MMSJ1,,巴关河,"4","2026-08-02 06:13:51",,A2,259010.0,采购中心,水分,"14.6"
四川省煤炭产业集团有限责任公司营销分公司,瘦焦煤|1级|国内,G3MMSJ1,,巴关河,"4","2026-08-02 06:11:50",,A2,625470.0,采购中心,Ad,"9.65"
四川省煤炭产业集团有限责任公司营销分公司,瘦焦煤|1级|国内,G3MMSJ1,,巴关河,"4","2026-08-02 06:11:50",,A2,625470.0,采购中心,FCad,"74.11"
四川省煤炭产业集团有限责任公司营销分公司,瘦焦煤|1级|国内,G3MMSJ1,,巴关河,"4","2026-08-02 06:11:50",,A2,625470.0,采购中心,Mad,"0.86"
四川省煤炭产业集团有限责任公司营销分公司,瘦焦煤|1级|国内,G3MMSJ1,,巴关河,"4","2026-08-02 06:11:50",,A2,625470.0,采购中心,St.d,"0.53"
四川省煤炭产业集团有限责任公司营销分公司,瘦焦煤|1级|国内,G3MMSJ1,,巴关河,"4","2026-08-02 06:11:50",,A2,625470.0,采购中心,Vdaf,"17.26"
四川省煤炭产业集团有限责任公司营销分公司,瘦焦煤|1级|国内,G3MMSJ1,,巴关河,"4","2026-08-02 06:11:50",,A2,625470.0,采购中心,水分,"13.8"
石嘴山市惠农区永鑫工贸有限公司,主焦煤|1级|国内,G3MMZJ1,,惠农,"4","2026-08-02 02:33:34",,,677460.0,采购中心,Ad,"10.58"
石嘴山市惠农区永鑫工贸有限公司,主焦煤|1级|国内,G3MMZJ1,,惠农,"4","2026-08-02 02:33:34",,,677460.0,采购中心,FCad,"64.78"
石嘴山市惠农区永鑫工贸有限公司,主焦煤|1级|国内,G3MMZJ1,,惠农,"4","2026-08-02 02:33:34",,,677460.0,采购中心,Mad,"1.45"
石嘴山市惠农区永鑫工贸有限公司,主焦煤|1级|国内,G3MMZJ1,,惠农,"4","2026-08-02 02:33:34",,,677460.0,采购中心,St.d,"0.66"
石嘴山市惠农区永鑫工贸有限公司,主焦煤|1级|国内,G3MMZJ1,,惠农,"4","2026-08-02 02:33:34",,,677460.0,采购中心,Vdaf,"26.49"
石嘴山市惠农区永鑫工贸有限公司,主焦煤|1级|国内,G3MMZJ1,,惠农,"4","2026-08-02 02:33:34",,,677460.0,采购中心,水分,"9.4"
重庆皓联实业（集团）有限公司,主焦煤|2级|国内,G3MMZJD,,松坎,"4","2026-08-02 02:31:02",,,141600.0,采购中心,Ad,"11.53"
重庆皓联实业（集团）有限公司,主焦煤|2级|国内,G3MMZJD,,松坎,"4","2026-08-02 02:31:02",,,141600.0,采购中心,FCad,"68.74"
重庆皓联实业（集团）有限公司,主焦煤|2级|国内,G3MMZJD,,松坎,"4","2026-08-02 02:31:02",,,141600.0,采购中心,Mad,"1.12"
重庆皓联实业（集团）有限公司,主焦煤|2级|国内,G3MMZJD,,松坎,"4","2026-08-02 02:31:02",,,141600.0,采购中心,St.d,"1.59"
重庆皓联实业（集团）有限公司,主焦煤|2级|国内,G3MMZJD,,松坎,"4","2026-08-02 02:31:02",,,141600.0,采购中心,Vdaf,"21.42"
重庆皓联实业（集团）有限公司,主焦煤|2级|国内,G3MMZJD,,松坎,"4","2026-08-02 02:31:02",,,141600.0,采购中心,水分,"14.3"
广西柳钢国际贸易有限公司,主焦煤|3级|进口|澳洲|Daunia,G3MMZJMH,流星,防城港,"4","2026-08-01 22:01:05",,,387380.0,采购中心,水分,"14.7"
焦化厂,炼焦配合煤,A2MMJPM,,,"4","2026-08-01 16:13:03",喷吹用煤（原料）,,,采购中心,Ad,"10.95"
焦化厂,炼焦配合煤,A2MMJPM,,,"4","2026-08-01 16:13:03",喷吹用煤（原料）,,,采购中心,Ad,"10.33"
焦化厂,炼焦配合煤,A2MMJPM,,,"4","2026-08-01 16:13:03",喷吹用煤（原料）,,,采购中心,Ad,"11.15"
焦化厂,炼焦配合煤,A2MMJPM,,,"4","2026-08-01 16:13:03",喷吹用煤（原料）,,,采购中心,FCad,"65.49"
焦化厂,炼焦配合煤,A2MMJPM,,,"4","2026-08-01 16:13:03",喷吹用煤（原料）,,,采购中心,FCad,"66.52"
焦化厂,炼焦配合煤,A2MMJPM,,,"4","2026-08-01 16:13:03",喷吹用煤（原料）,,,采购中心,FCad,"69.22"
焦化厂,炼焦配合煤,A2MMJPM,,,"4","2026-08-01 16:13:03",喷吹用煤（原料）,,,采购中心,Mad,"1.47"
焦化厂,炼焦配合煤,A2MMJPM,,,"4","2026-08-01 16:13:03",喷吹用煤（原料）,,,采购中心,Mad,"1.11"
焦化厂,炼焦配合煤,A2MMJPM,,,"4","2026-08-01 16:13:03",喷吹用煤（原料）,,,采购中心,Mad,"1.40"
焦化厂,炼焦配合煤,A2MMJPM,,,"4","2026-08-01 16:13:03",喷吹用煤（原料）,,,采购中心,St.d,"0.67"
焦化厂,炼焦配合煤,A2MMJPM,,,"4","2026-08-01 16:13:03",喷吹用煤（原料）,,,采购中心,St.d,"0.96"
焦化厂,炼焦配合煤,A2MMJPM,,,"4","2026-08-01 16:13:03",喷吹用煤（原料）,,,采购中心,St.d,"2.40"
焦化厂,炼焦配合煤,A2MMJPM,,,"4","2026-08-01 16:13:03",喷吹用煤（原料）,,,采购中心,Vdaf,"21.71"
焦化厂,炼焦配合煤,A2MMJPM,,,"4","2026-08-01 16:13:03",喷吹用煤（原料）,,,采购中心,Vdaf,"25.46"
焦化厂,炼焦配合煤,A2MMJPM,,,"4","2026-08-01 16:13:03",喷吹用煤（原料）,,,采购中心,Vdaf,"24.18"
焦化厂,炼焦配合煤,A2MMJPM,,,"4","2026-08-01 16:13:03",喷吹用煤（原料）,,,采购中心,水分,"13.0"
焦化厂,炼焦配合煤,A2MMJPM,,,"4","2026-08-01 16:13:03",喷吹用煤（原料）,,,采购中心,水分,"11.3"
焦化厂,炼焦配合煤,A2MMJPM,,,"4","2026-08-01 16:13:03",喷吹用煤（原料）,,,采购中心,水分,"9.4"
国家能源投资集团有限责任公司煤炭经营分公司,烟煤|国内,G3MMYY1,,大保当,"4","2026-08-01 13:12:22",,,,采购中心,Ad,"7.70"
国家能源投资集团有限责任公司煤炭经营分公司,烟煤|国内,G3MMYY1,,大保当,"4","2026-08-01 13:12:22",,,,采购中心,FCad,"53.72"
国家能源投资集团有限责任公司煤炭经营分公司,烟煤|国内,G3MMYY1,,大保当,"4","2026-08-01 13:12:22",,,,采购中心,Mad,"4.40"
国家能源投资集团有限责任公司煤炭经营分公司,烟煤|国内,G3MMYY1,,大保当,"4","2026-08-01 13:12:22",,,,采购中心,St.d,"0.54"
国家能源投资集团有限责任公司煤炭经营分公司,烟煤|国内,G3MMYY1,,大保当,"4","2026-08-01 13:12:22",,,,采购中心,Vdaf,"39.12"
国家能源投资集团有限责任公司煤炭经营分公司,烟煤|国内,G3MMYY1,,大保当,"4","2026-08-01 13:12:22",,,,采购中心,水分,"13.8"
国家能源投资集团有限责任公司煤炭经营分公司,烟煤|国内,G3MMYY1,,大保当,"4","2026-08-01 13:12:22",,,,采购中心,水分,"13.8"
国家能源投资集团有限责任公司煤炭经营分公司,烟煤|国内,G3MMYY1,,大保当,"4","2026-08-01 13:08:23",,料3,723490.0,采购中心,Ad,"7.69"
国家能源投资集团有限责任公司煤炭经营分公司,烟煤|国内,G3MMYY1,,大保当,"4","2026-08-01 13:08:23",,料3,723490.0,采购中心,FCad,"54.34"
国家能源投资集团有限责任公司煤炭经营分公司,烟煤|国内,G3MMYY1,,大保当,"4","2026-08-01 13:08:23",,料3,723490.0,采购中心,Mad,"4.41"
国家能源投资集团有限责任公司煤炭经营分公司,烟煤|国内,G3MMYY1,,大保当,"4","2026-08-01 13:08:23",,料3,723490.0,采购中心,St.d,"0.58"
国家能源投资集团有限责任公司煤炭经营分公司,烟煤|国内,G3MMYY1,,大保当,"4","2026-08-01 13:08:23",,料3,723490.0,采购中心,Vdaf,"38.42"
国家能源投资集团有限责任公司煤炭经营分公司,烟煤|国内,G3MMYY1,,大保当,"4","2026-08-01 13:08:23",,料3,723490.0,采购中心,水分,"14.0"
广西柳钢国际贸易有限公司,主焦煤|1级|进口|加拿大|瑞峰,G3MMZJC,清水河,防城港,"4","2026-08-01 11:27:10",,,6373760.0,采购中心,水分,"15.3"
湖南湘煤精煤有限公司,主焦煤|1级|国内,G3MMZJ1,,三都,"4","2026-08-01 09:49:18",,A2,593920.0,采购中心,Ad,"10.02"
湖南湘煤精煤有限公司,主焦煤|1级|国内,G3MMZJ1,,三都,"4","2026-08-01 09:49:18",,A2,593920.0,采购中心,FCad,"64.58"
湖南湘煤精煤有限公司,主焦煤|1级|国内,G3MMZJ1,,三都,"4","2026-08-01 09:49:18",,A2,593920.0,采购中心,Mad,"1.05"
湖南湘煤精煤有限公司,主焦煤|1级|国内,G3MMZJ1,,三都,"4","2026-08-01 09:49:18",,A2,593920.0,采购中心,St.d,"0.66"
湖南湘煤精煤有限公司,主焦煤|1级|国内,G3MMZJ1,,三都,"4","2026-08-01 09:49:18",,A2,593920.0,采购中心,Vdaf,"27.47"
湖南湘煤精煤有限公司,主焦煤|1级|国内,G3MMZJ1,,三都,"4","2026-08-01 09:49:18",,A2,593920.0,采购中心,水分,"11.4"
湖南湘煤精煤有限公司,主焦煤|1级|国内,G3MMZJ1,,三都,"4","2026-08-01 09:47:26",,A2,531630.0,采购中心,Ad,"9.93"
湖南湘煤精煤有限公司,主焦煤|1级|国内,G3MMZJ1,,三都,"4","2026-08-01 09:47:26",,A2,531630.0,采购中心,FCad,"65.12"
湖南湘煤精煤有限公司,主焦煤|1级|国内,G3MMZJ1,,三都,"4","2026-08-01 09:47:26",,A2,531630.0,采购中心,Mad,"1.12"
湖南湘煤精煤有限公司,主焦煤|1级|国内,G3MMZJ1,,三都,"4","2026-08-01 09:47:26",,A2,531630.0,采购中心,St.d,"0.66"
湖南湘煤精煤有限公司,主焦煤|1级|国内,G3MMZJ1,,三都,"4","2026-08-01 09:47:26",,A2,531630.0,采购中心,Vdaf,"26.88"
湖南湘煤精煤有限公司,主焦煤|1级|国内,G3MMZJ1,,三都,"4","2026-08-01 09:47:26",,A2,531630.0,采购中心,水分,"11.4"
广西钢铁集团有限公司,主焦煤|2级|国内,G3MMZJD,振洋运,贵港,"4","2026-08-01 07:23:02",,,451180.0,采购中心,水分,"9.4"
广西柳钢国际贸易有限公司,主焦煤|3级|进口|蒙古5#,G3MMZJME,中达华星,贵港,"4","2026-08-01 07:21:13",,,117740.0,采购中心,水分,"9.1"
广西柳钢国际贸易有限公司,主焦煤|3级|进口|澳洲|Daunia,G3MMZJMH,流星,防城港,"4","2026-08-01 06:47:59",,,64130.0,采购中心,水分,"12.7"
广西柳钢国际贸易有限公司,主焦煤|3级|进口|澳洲|Daunia,G3MMZJMH,流星,防城港,"4","2026-08-01 06:47:22",,,3173100.0,采购中心,水分,"12.9"
广西柳钢国际贸易有限公司,肥煤|国内,G3MMFF1,,宝丰,"4","2026-08-01 06:32:58",,"1M",536430.0,采购中心,Ad,"10.13"
广西柳钢国际贸易有限公司,肥煤|国内,G3MMFF1,,宝丰,"4","2026-08-01 06:32:58",,"1M",536430.0,采购中心,FCad,"62.74"
广西柳钢国际贸易有限公司,肥煤|国内,G3MMFF1,,宝丰,"4","2026-08-01 06:32:58",,"1M",536430.0,采购中心,Mad,"1.16"
广西柳钢国际贸易有限公司,肥煤|国内,G3MMFF1,,宝丰,"4","2026-08-01 06:32:58",,"1M",536430.0,采购中心,St.d,"2.29"
广西柳钢国际贸易有限公司,肥煤|国内,G3MMFF1,,宝丰,"4","2026-08-01 06:32:58",,"1M",536430.0,采购中心,Vdaf,"29.37"
广西柳钢国际贸易有限公司,肥煤|国内,G3MMFF1,,宝丰,"4","2026-08-01 06:32:58",,"1M",536430.0,采购中心,水分,"12.1"
湖南湘煤精煤有限公司,主焦煤|1级|国内,G3MMZJ1,,三都,"4","2026-08-01 06:09:41",,A2,902240.0,采购中心,Ad,"10.06"
湖南湘煤精煤有限公司,主焦煤|1级|国内,G3MMZJ1,,三都,"4","2026-08-01 06:09:41",,A2,902240.0,采购中心,FCad,"65.30"
湖南湘煤精煤有限公司,主焦煤|1级|国内,G3MMZJ1,,三都,"4","2026-08-01 06:09:41",,A2,902240.0,采购中心,Mad,"1.16"
湖南湘煤精煤有限公司,主焦煤|1级|国内,G3MMZJ1,,三都,"4","2026-08-01 06:09:41",,A2,902240.0,采购中心,St.d,"0.66"
湖南湘煤精煤有限公司,主焦煤|1级|国内,G3MMZJ1,,三都,"4","2026-08-01 06:09:41",,A2,902240.0,采购中心,Vdaf,"26.55"
湖南湘煤精煤有限公司,主焦煤|1级|国内,G3MMZJ1,,三都,"4","2026-08-01 06:09:41",,A2,902240.0,采购中心,水分,"11.9"
四川省煤炭产业集团有限责任公司营销分公司,瘦焦煤|1级|国内,G3MMSJ1,,巴关河,"4","2026-08-01 04:51:16",,"4M",1006710.0,采购中心,Ad,"9.82"
四川省煤炭产业集团有限责任公司营销分公司,瘦焦煤|1级|国内,G3MMSJ1,,巴关河,"4","2026-08-01 04:51:16",,"4M",1006710.0,采购中心,FCad,"73.97"
四川省煤炭产业集团有限责任公司营销分公司,瘦焦煤|1级|国内,G3MMSJ1,,巴关河,"4","2026-08-01 04:51:16",,"4M",1006710.0,采购中心,Mad,"0.75"
四川省煤炭产业集团有限责任公司营销分公司,瘦焦煤|1级|国内,G3MMSJ1,,巴关河,"4","2026-08-01 04:51:16",,"4M",1006710.0,采购中心,St.d,"0.55"
四川省煤炭产业集团有限责任公司营销分公司,瘦焦煤|1级|国内,G3MMSJ1,,巴关河,"4","2026-08-01 04:51:16",,"4M",1006710.0,采购中心,Vdaf,"17.35"
四川省煤炭产业集团有限责任公司营销分公司,瘦焦煤|1级|国内,G3MMSJ1,,巴关河,"4","2026-08-01 04:51:16",,"4M",1006710.0,采购中心,水分,"14.8"
石嘴山市惠农区永鑫工贸有限公司,主焦煤|1级|国内,G3MMZJ1,,惠农,"4","2026-08-01 02:58:02",,"5M",785900.0,采购中心,Ad,"10.29"
石嘴山市惠农区永鑫工贸有限公司,主焦煤|1级|国内,G3MMZJ1,,惠农,"4","2026-08-01 02:58:02",,"5M",785900.0,采购中心,FCad,"64.83"
石嘴山市惠农区永鑫工贸有限公司,主焦煤|1级|国内,G3MMZJ1,,惠农,"4","2026-08-01 02:58:02",,"5M",785900.0,采购中心,Mad,"1.52"
石嘴山市惠农区永鑫工贸有限公司,主焦煤|1级|国内,G3MMZJ1,,惠农,"4","2026-08-01 02:58:02",,"5M",785900.0,采购中心,St.d,"0.66"
石嘴山市惠农区永鑫工贸有限公司,主焦煤|1级|国内,G3MMZJ1,,惠农,"4","2026-08-01 02:58:02",,"5M",785900.0,采购中心,Vdaf,"26.62"
石嘴山市惠农区永鑫工贸有限公司,主焦煤|1级|国内,G3MMZJ1,,惠农,"4","2026-08-01 02:58:02",,"5M",785900.0,采购中心,水分,"9.8"
广西柳钢国际贸易有限公司,肥煤|国内,G3MMFF1,,宝丰,"4","2026-08-01 02:35:17",,"1M",552580.0,采购中心,Ad,"10.27"
广西柳钢国际贸易有限公司,肥煤|国内,G3MMFF1,,宝丰,"4","2026-08-01 02:35:17",,"1M",552580.0,采购中心,FCad,"62.59"
广西柳钢国际贸易有限公司,肥煤|国内,G3MMFF1,,宝丰,"4","2026-08-01 02:35:17",,"1M",552580.0,采购中心,Mad,"1.01"
广西柳钢国际贸易有限公司,肥煤|国内,G3MMFF1,,宝丰,"4","2026-08-01 02:35:17",,"1M",552580.0,采购中心,St.d,"2.27"
广西柳钢国际贸易有限公司,肥煤|国内,G3MMFF1,,宝丰,"4","2026-08-01 02:35:17",,"1M",552580.0,采购中心,Vdaf,"29.53"
广西柳钢国际贸易有限公司,肥煤|国内,G3MMFF1,,宝丰,"4","2026-08-01 02:35:17",,"1M",552580.0,采购中心,水分,"11.9"
国家能源投资集团有限责任公司煤炭经营分公司,烟煤|国内,G3MMYY1,,大保当,"4","2026-08-01 02:31:51",,A2,721950.0,采购中心,Ad,"8.17"
国家能源投资集团有限责任公司煤炭经营分公司,烟煤|国内,G3MMYY1,,大保当,"4","2026-08-01 02:31:51",,A2,721950.0,采购中心,FCad,"54.00"
国家能源投资集团有限责任公司煤炭经营分公司,烟煤|国内,G3MMYY1,,大保当,"4","2026-08-01 02:31:51",,A2,721950.0,采购中心,Mad,"4.49"
国家能源投资集团有限责任公司煤炭经营分公司,烟煤|国内,G3MMYY1,,大保当,"4","2026-08-01 02:31:51",,A2,721950.0,采购中心,St.d,"0.61"
国家能源投资集团有限责任公司煤炭经营分公司,烟煤|国内,G3MMYY1,,大保当,"4","2026-08-01 02:31:51",,A2,721950.0,采购中心,Vdaf,"38.43"
国家能源投资集团有限责任公司煤炭经营分公司,烟煤|国内,G3MMYY1,,大保当,"4","2026-08-01 02:31:51",,A2,721950.0,采购中心,水分,"13.8"
石嘴山市惠农区永鑫工贸有限公司,主焦煤|1级|国内,G3MMZJ1,,惠农,"4","2026-08-01 02:02:09",,A2,672030.0,采购中心,Ad,"10.16"
石嘴山市惠农区永鑫工贸有限公司,主焦煤|1级|国内,G3MMZJ1,,惠农,"4","2026-08-01 02:02:09",,A2,672030.0,采购中心,FCad,"65.24"
石嘴山市惠农区永鑫工贸有限公司,主焦煤|1级|国内,G3MMZJ1,,惠农,"4","2026-08-01 02:02:09",,A2,672030.0,采购中心,Mad,"1.35"
石嘴山市惠农区永鑫工贸有限公司,主焦煤|1级|国内,G3MMZJ1,,惠农,"4","2026-08-01 02:02:09",,A2,672030.0,采购中心,St.d,"0.66"
石嘴山市惠农区永鑫工贸有限公司,主焦煤|1级|国内,G3MMZJ1,,惠农,"4","2026-08-01 02:02:09",,A2,672030.0,采购中心,Vdaf,"26.39"
石嘴山市惠农区永鑫工贸有限公司,主焦煤|1级|国内,G3MMZJ1,,惠农,"4","2026-08-01 02:02:09",,A2,672030.0,采购中心,水分,"9.9"
石嘴山市惠农区永鑫工贸有限公司,主焦煤|1级|国内,G3MMZJ1,,惠农,"4","2026-08-01 01:44:05",,"5M",972590.0,采购中心,Ad,"10.26"
石嘴山市惠农区永鑫工贸有限公司,主焦煤|1级|国内,G3MMZJ1,,惠农,"4","2026-08-01 01:44:05",,"5M",972590.0,采购中心,FCad,"65.27"
石嘴山市惠农区永鑫工贸有限公司,主焦煤|1级|国内,G3MMZJ1,,惠农,"4","2026-08-01 01:44:05",,"5M",972590.0,采购中心,Mad,"1.55"
石嘴山市惠农区永鑫工贸有限公司,主焦煤|1级|国内,G3MMZJ1,,惠农,"4","2026-08-01 01:44:05",,"5M",972590.0,采购中心,St.d,"0.65"
石嘴山市惠农区永鑫工贸有限公司,主焦煤|1级|国内,G3MMZJ1,,惠农,"4","2026-08-01 01:44:05",,"5M",972590.0,采购中心,Vdaf,"26.12"
石嘴山市惠农区永鑫工贸有限公司,主焦煤|1级|国内,G3MMZJ1,,惠农,"4","2026-08-01 01:44:05",,"5M",972590.0,采购中心,水分,"10.0"
广西柳钢国际贸易有限公司,肥煤|国内,G3MMFF1,,宝丰,"4","2026-08-01 01:25:35",,"1M",408840.0,采购中心,Ad,"10.09"
广西柳钢国际贸易有限公司,肥煤|国内,G3MMFF1,,宝丰,"4","2026-08-01 01:25:35",,"1M",191220.0,采购中心,Ad,"10.10"
广西柳钢国际贸易有限公司,肥煤|国内,G3MMFF1,,宝丰,"4","2026-08-01 01:25:35",,"1M",408840.0,采购中心,FCad,"62.84"
广西柳钢国际贸易有限公司,肥煤|国内,G3MMFF1,,宝丰,"4","2026-08-01 01:25:35",,"1M",191220.0,采购中心,FCad,"65.10"
广西柳钢国际贸易有限公司,肥煤|国内,G3MMFF1,,宝丰,"4","2026-08-01 01:25:35",,"1M",191220.0,采购中心,Mad,"0.91"
广西柳钢国际贸易有限公司,肥煤|国内,G3MMFF1,,宝丰,"4","2026-08-01 01:25:35",,"1M",408840.0,采购中心,Mad,"1.11"
广西柳钢国际贸易有限公司,肥煤|国内,G3MMFF1,,宝丰,"4","2026-08-01 01:25:35",,"1M",191220.0,采购中心,St.d,"2.30"
广西柳钢国际贸易有限公司,肥煤|国内,G3MMFF1,,宝丰,"4","2026-08-01 01:25:35",,"1M",408840.0,采购中心,St.d,"2.21"
广西柳钢国际贸易有限公司,肥煤|国内,G3MMFF1,,宝丰,"4","2026-08-01 01:25:35",,"1M",408840.0,采购中心,Vdaf,"29.32"
广西柳钢国际贸易有限公司,肥煤|国内,G3MMFF1,,宝丰,"4","2026-08-01 01:25:35",,"1M",191220.0,采购中心,Vdaf,"26.91"
广西柳钢国际贸易有限公司,肥煤|国内,G3MMFF1,,宝丰,"4","2026-08-01 01:25:35",,"1M",408840.0,采购中心,水分,"12.0"
广西柳钢国际贸易有限公司,肥煤|国内,G3MMFF1,,宝丰,"4","2026-08-01 01:25:35",,"1M",191220.0,采购中心,水分,"11.6"
,烟煤,G3MMYYM,,,"4","2026-07-31 22:31:52",喷吹用煤（原料）,,,采购中心,水分,"13.0"
,贫瘦煤|国内,G3MMPS1,,,"4","2026-07-31 22:10:11",喷吹用煤（原料）,,,采购中心,水分,"13.5"
,炼铁无烟煤,G3MMTWM,,,"4","2026-07-31 22:08:08",喷吹用煤（原料）,,,采购中心,水分,"5.3"
,气煤|1级|国内,G3MMQQA,,,"4","2026-07-31 22:06:12",焦煤,,,采购中心,水分,"11.4"
,"1/3焦煤|3级|国内",G3MMSY5,,,"4","2026-07-31 22:04:48",焦煤,,,采购中心,水分,"9.2"
,主焦煤|2级|国内,G3MMZJD,,,"4","2026-07-31 22:01:44",焦煤,,,采购中心,水分,"11.8"
,主焦煤|3级|国内,G3MMZJF,,,"4","2026-07-31 22:01:44",焦煤,,,采购中心,水分,"10.8"
,瘦焦煤|2级|国内,G3MMSJ3,,,"4","2026-07-31 21:59:34",焦煤,,,采购中心,水分,"11.5"
,主焦煤|2级|国内,G3MMZJD,,,"4","2026-07-31 21:55:47",焦煤,,,采购中心,水分,"9.7"
,主焦煤|3级|国内,G3MMZJF,,,"4","2026-07-31 21:55:47",焦煤,,,采购中心,水分,"13.3"
,主焦煤|1级|国内,G3MMZJ1,,,"4","2026-07-31 21:50:55",焦煤,,,采购中心,水分,"9.2"
,主焦煤|1级|国内,G3MMZJ1,,,"4","2026-07-31 21:50:55",焦煤,,,采购中心,水分,"9.9"
贵州盘南煤炭开发有限责任公司,瘦焦煤|1级|国内,G3MMSJ1,,小雨谷,"4","2026-07-31 21:44:16",,"4M",197840.0,采购中心,Ad,"11.96"
贵州盘南煤炭开发有限责任公司,瘦焦煤|1级|国内,G3MMSJ1,,小雨谷,"4","2026-07-31 21:44:16",,"4M",197840.0,采购中心,FCad,"71.82"
贵州盘南煤炭开发有限责任公司,瘦焦煤|1级|国内,G3MMSJ1,,小雨谷,"4","2026-07-31 21:44:16",,"4M",197840.0,采购中心,Mad,"0.98"
贵州盘南煤炭开发有限责任公司,瘦焦煤|1级|国内,G3MMSJ1,,小雨谷,"4","2026-07-31 21:44:16",,"4M",197840.0,采购中心,St.d,"0.84"
贵州盘南煤炭开发有限责任公司,瘦焦煤|1级|国内,G3MMSJ1,,小雨谷,"4","2026-07-31 21:44:16",,"4M",197840.0,采购中心,Vdaf,"17.62"
贵州盘南煤炭开发有限责任公司,瘦焦煤|1级|国内,G3MMSJ1,,小雨谷,"4","2026-07-31 21:44:16",,"4M",197840.0,采购中心,水分,"14.7"
广西海亿贸易有限公司,肥煤|国内,G3MMFF1,,龙马,"4","2026-07-31 21:42:14",,"4M",68510.0,采购中心,Ad,"10.11"
广西海亿贸易有限公司,肥煤|国内,G3MMFF1,,龙马,"4","2026-07-31 21:42:14",,"4M",68510.0,采购中心,FCad,"63.70"
广西海亿贸易有限公司,肥煤|国内,G3MMFF1,,龙马,"4","2026-07-31 21:42:14",,"4M",68510.0,采购中心,Mad,"0.91"
广西海亿贸易有限公司,肥煤|国内,G3MMFF1,,龙马,"4","2026-07-31 21:42:14",,"4M",68510.0,采购中心,St.d,"1.85"
广西海亿贸易有限公司,肥煤|国内,G3MMFF1,,龙马,"4","2026-07-31 21:42:14",,"4M",68510.0,采购中心,Vdaf,"28.48"
广西海亿贸易有限公司,肥煤|国内,G3MMFF1,,龙马,"4","2026-07-31 21:42:14",,"4M",68510.0,采购中心,水分,"12.3"
,主焦煤|1级|国内,G3MMZJ1,,,"4","2026-07-31 21:40:38",焦煤,,,采购中心,水分,"10.0"
,主焦煤|1级|国内,G3MMZJ1,,,"4","2026-07-31 21:40:38",焦煤,,,采购中心,水分,"9.1"
,主焦煤|2级|国内,G3MMZJD,,,"4","2026-07-31 21:40:38",焦煤,,,采购中心,水分,"11.2"
,主焦煤|3级|国内,G3MMZJF,,,"4","2026-07-31 21:40:38",焦煤,,,采购中心,水分,"14.0"
,"1/3焦煤|1级|国内",G3MMSY1,,,"4","2026-07-31 21:37:17",焦煤,,,采购中心,水分,"9.3"
,"1/3焦煤|3级|国内",G3MMSY5,,,"4","2026-07-31 21:37:17",焦煤,,,采购中心,水分,"7.8"
,主焦煤|3级|国内,G3MMZJF,,,"4","2026-07-31 21:35:06",焦煤,,,采购中心,水分,"8.2"
广西柳钢国际贸易有限公司,肥煤|国内,G3MMFF1,,宝丰,"4","2026-07-31 21:33:36",,"1M",662610.0,采购中心,Ad,"10.15"
广西柳钢国际贸易有限公司,肥煤|国内,G3MMFF1,,宝丰,"4","2026-07-31 21:33:36",,"1M",662610.0,采购中心,FCad,"62.83"
广西柳钢国际贸易有限公司,肥煤|国内,G3MMFF1,,宝丰,"4","2026-07-31 21:33:36",,"1M",662610.0,采购中心,Mad,"0.94"
广西柳钢国际贸易有限公司,肥煤|国内,G3MMFF1,,宝丰,"4","2026-07-31 21:33:36",,"1M",662610.0,采购中心,St.d,"2.30"
广西柳钢国际贸易有限公司,肥煤|国内,G3MMFF1,,宝丰,"4","2026-07-31 21:33:36",,"1M",662610.0,采购中心,Vdaf,"29.41"
广西柳钢国际贸易有限公司,肥煤|国内,G3MMFF1,,宝丰,"4","2026-07-31 21:33:36",,"1M",662610.0,采购中心,水分,"11.5"
,肥煤,G3MMFFM,,,"4","2026-07-31 21:31:22",焦煤,,,采购中心,水分,"11.4"
,肥煤,G3MMFFM,,,"4","2026-07-31 21:31:21",焦煤,,,采购中心,水分,"11.7"
,贫瘦煤|国内,G3MMPS1,,,"4","2026-07-31 21:29:15",喷吹用煤（原料）,,,采购中心,水分,"9.7"
,炼铁无烟煤,G3MMTWM,,,"4","2026-07-31 21:27:11",喷吹用煤（原料）,,,采购中心,水分,"6.8"
,烟煤,G3MMYYM,,,"4","2026-07-31 21:26:05",喷吹用煤（原料）,,,采购中心,水分,"6.9"
,国内贫瘦煤,A2MMGPS,,,"4","2026-07-31 21:24:02",喷吹用煤（原料）,,,采购中心,水分,"9.5"
,国内贫瘦煤,A2MMGPS,,,"4","2026-07-31 21:20:52",喷吹用煤（原料）,,,采购中心,水分,"12.7"
,贫瘦煤,G3MMPSM,,,"4","2026-07-31 21:14:45",喷吹用煤（原料）,,,采购中心,水分,"10.4"
重庆百丰实业有限公司,主焦煤|2级|国内,G3MMZJD,,松坎,"4","2026-07-31 20:18:47",,"5M",523750.0,采购中心,Ad,"11.74"
重庆百丰实业有限公司,主焦煤|2级|国内,G3MMZJD,,松坎,"4","2026-07-31 20:18:47",,"5M",523750.0,采购中心,FCad,"69.11"
重庆百丰实业有限公司,主焦煤|2级|国内,G3MMZJD,,松坎,"4","2026-07-31 20:18:47",,"5M",523750.0,采购中心,Mad,"0.98"
重庆百丰实业有限公司,主焦煤|2级|国内,G3MMZJD,,松坎,"4","2026-07-31 20:18:47",,"5M",523750.0,采购中心,St.d,"1.59"
重庆百丰实业有限公司,主焦煤|2级|国内,G3MMZJD,,松坎,"4","2026-07-31 20:18:47",,"5M",523750.0,采购中心,Vdaf,"20.93"
重庆百丰实业有限公司,主焦煤|2级|国内,G3MMZJD,,松坎,"4","2026-07-31 20:18:47",,"5M",523750.0,采购中心,水分,"14.7"
重庆皓联实业（集团）有限公司,主焦煤|2级|国内,G3MMZJD,,松坎,"4","2026-07-31 20:14:14",,"5M",258600.0,采购中心,Ad,"11.54"
重庆皓联实业（集团）有限公司,主焦煤|2级|国内,G3MMZJD,,松坎,"4","2026-07-31 20:14:14",,"5M",258600.0,采购中心,FCad,"69.31"
重庆皓联实业（集团）有限公司,主焦煤|2级|国内,G3MMZJD,,松坎,"4","2026-07-31 20:14:14",,"5M",258600.0,采购中心,Mad,"1.03"
重庆皓联实业（集团）有限公司,主焦煤|2级|国内,G3MMZJD,,松坎,"4","2026-07-31 20:14:14",,"5M",258600.0,采购中心,St.d,"1.62"
重庆皓联实业（集团）有限公司,主焦煤|2级|国内,G3MMZJD,,松坎,"4","2026-07-31 20:14:14",,"5M",258600.0,采购中心,Vdaf,"20.83"
重庆皓联实业（集团）有限公司,主焦煤|2级|国内,G3MMZJD,,松坎,"4","2026-07-31 20:14:14",,"5M",258600.0,采购中心,水分,"14.4"
国家能源投资集团有限责任公司煤炭经营分公司,烟煤|国内,G3MMYY1,,大保当,"4","2026-07-31 18:50:37",,,566270.0,采购中心,Ad,"7.58"
国家能源投资集团有限责任公司煤炭经营分公司,烟煤|国内,G3MMYY1,,大保当,"4","2026-07-31 18:50:37",,,566270.0,采购中心,FCad,"54.39"
国家能源投资集团有限责任公司煤炭经营分公司,烟煤|国内,G3MMYY1,,大保当,"4","2026-07-31 18:50:37",,,566270.0,采购中心,Mad,"4.88"
国家能源投资集团有限责任公司煤炭经营分公司,烟煤|国内,G3MMYY1,,大保当,"4","2026-07-31 18:50:37",,,566270.0,采购中心,St.d,"0.61"
国家能源投资集团有限责任公司煤炭经营分公司,烟煤|国内,G3MMYY1,,大保当,"4","2026-07-31 18:50:37",,,566270.0,采购中心,Vdaf,"38.13"
国家能源投资集团有限责任公司煤炭经营分公司,烟煤|国内,G3MMYY1,,大保当,"4","2026-07-31 18:50:37",,,566270.0,采购中心,水分,"15.6"
湖南湘煤精煤有限公司,主焦煤|1级|国内,G3MMZJ1,,三都,"4","2026-07-31 18:17:20",,,225050.0,采购中心,Ad,"10.01"
湖南湘煤精煤有限公司,主焦煤|1级|国内,G3MMZJ1,,三都,"4","2026-07-31 18:17:20",,,225050.0,采购中心,FCad,"65.00"
湖南湘煤精煤有限公司,主焦煤|1级|国内,G3MMZJ1,,三都,"4","2026-07-31 18:17:20",,,225050.0,采购中心,Mad,"1.05"
湖南湘煤精煤有限公司,主焦煤|1级|国内,G3MMZJ1,,三都,"4","2026-07-31 18:17:20",,,225050.0,采购中心,St.d,"0.65"
湖南湘煤精煤有限公司,主焦煤|1级|国内,G3MMZJ1,,三都,"4","2026-07-31 18:17:20",,,225050.0,采购中心,Vdaf,"27.01"
湖南湘煤精煤有限公司,主焦煤|1级|国内,G3MMZJ1,,三都,"4","2026-07-31 18:17:20",,,225050.0,采购中心,水分,"13.3"
湖南湘煤精煤有限公司,主焦煤|1级|国内,G3MMZJ1,,三都,"4","2026-07-31 18:14:12",,"1M",262120.0,采购中心,Ad,"9.73"
湖南湘煤精煤有限公司,主焦煤|1级|国内,G3MMZJ1,,三都,"4","2026-07-31 18:14:12",,"1M",262120.0,采购中心,FCad,"64.60"
湖南湘煤精煤有限公司,主焦煤|1级|国内,G3MMZJ1,,三都,"4","2026-07-31 18:14:12",,"1M",262120.0,采购中心,Mad,"0.92"
湖南湘煤精煤有限公司,主焦煤|1级|国内,G3MMZJ1,,三都,"4","2026-07-31 18:14:12",,"1M",262120.0,采购中心,St.d,"0.66"
湖南湘煤精煤有限公司,主焦煤|1级|国内,G3MMZJ1,,三都,"4","2026-07-31 18:14:12",,"1M",262120.0,采购中心,Vdaf,"27.77"
湖南湘煤精煤有限公司,主焦煤|1级|国内,G3MMZJ1,,三都,"4","2026-07-31 18:14:12",,"1M",262120.0,采购中心,水分,"17.5"
国家能源投资集团有限责任公司煤炭经营分公司,烟煤|国内,G3MMYY1,,大保当,"4","2026-07-31 18:02:47",,料3,566270.0,采购中心,Ad,"7.88"
国家能源投资集团有限责任公司煤炭经营分公司,烟煤|国内,G3MMYY1,,大保当,"4","2026-07-31 18:02:47",,料3,566270.0,采购中心,FCad,"53.87"
国家能源投资集团有限责任公司煤炭经营分公司,烟煤|国内,G3MMYY1,,大保当,"4","2026-07-31 18:02:47",,料3,566270.0,采购中心,Mad,"4.62"
国家能源投资集团有限责任公司煤炭经营分公司,烟煤|国内,G3MMYY1,,大保当,"4","2026-07-31 18:02:47",,料3,566270.0,采购中心,St.d,"0.58"
国家能源投资集团有限责任公司煤炭经营分公司,烟煤|国内,G3MMYY1,,大保当,"4","2026-07-31 18:02:47",,料3,566270.0,采购中心,Vdaf,"38.68"
国家能源投资集团有限责任公司煤炭经营分公司,烟煤|国内,G3MMYY1,,大保当,"4","2026-07-31 18:02:47",,料3,566270.0,采购中心,水分,"13.3"
湖南湘煤精煤有限公司,主焦煤|1级|国内,G3MMZJ1,,三都,"4","2026-07-31 17:48:38",,A2,206000.0,采购中心,Ad,"10.02"
湖南湘煤精煤有限公司,主焦煤|1级|国内,G3MMZJ1,,三都,"4","2026-07-31 17:48:38",,A2,206000.0,采购中心,FCad,"65.31"
湖南湘煤精煤有限公司,主焦煤|1级|国内,G3MMZJ1,,三都,"4","2026-07-31 17:48:38",,A2,206000.0,采购中心,Mad,"1.11"
湖南湘煤精煤有限公司,主焦煤|1级|国内,G3MMZJ1,,三都,"4","2026-07-31 17:48:38",,A2,206000.0,采购中心,St.d,"0.67"
湖南湘煤精煤有限公司,主焦煤|1级|国内,G3MMZJ1,,三都,"4","2026-07-31 17:48:38",,A2,206000.0,采购中心,Vdaf,"26.60"
湖南湘煤精煤有限公司,主焦煤|1级|国内,G3MMZJ1,,三都,"4","2026-07-31 17:48:38",,A2,206000.0,采购中心,水分,"14.4"
焦化厂,炼焦配合煤,A2MMJPM,,,"4","2026-07-31 16:11:11",喷吹用煤（原料）,,,采购中心,Ad,"8.44"
焦化厂,炼焦配合煤,A2MMJPM,,,"4","2026-07-31 16:11:11",喷吹用煤（原料）,,,采购中心,Ad,"8.47"
焦化厂,炼焦配合煤,A2MMJPM,,,"4","2026-07-31 16:11:11",喷吹用煤（原料）,,,采购中心,Ad,"10.70"
焦化厂,炼焦配合煤,A2MMJPM,,,"4","2026-07-31 16:11:11",喷吹用煤（原料）,,,采购中心,FCad,"56.04"
焦化厂,炼焦配合煤,A2MMJPM,,,"4","2026-07-31 16:11:11",喷吹用煤（原料）,,,采购中心,FCad,"69.91"
焦化厂,炼焦配合煤,A2MMJPM,,,"4","2026-07-31 16:11:11",喷吹用煤（原料）,,,采购中心,FCad,"69.32"
焦化厂,炼焦配合煤,A2MMJPM,,,"4","2026-07-31 16:11:11",喷吹用煤（原料）,,,采购中心,Mad,"2.39"
焦化厂,炼焦配合煤,A2MMJPM,,,"4","2026-07-31 16:11:11",喷吹用煤（原料）,,,采购中心,Mad,"1.88"
焦化厂,炼焦配合煤,A2MMJPM,,,"4","2026-07-31 16:11:11",喷吹用煤（原料）,,,采购中心,Mad,"1.49"
焦化厂,炼焦配合煤,A2MMJPM,,,"4","2026-07-31 16:11:11",喷吹用煤（原料）,,,采购中心,St.d,"0.49"
焦化厂,炼焦配合煤,A2MMJPM,,,"4","2026-07-31 16:11:11",喷吹用煤（原料）,,,采购中心,St.d,"0.64"
焦化厂,炼焦配合煤,A2MMJPM,,,"4","2026-07-31 16:11:11",喷吹用煤（原料）,,,采购中心,St.d,"0.41"
焦化厂,炼焦配合煤,A2MMJPM,,,"4","2026-07-31 16:11:11",喷吹用煤（原料）,,,采购中心,Vdaf,"23.14"
焦化厂,炼焦配合煤,A2MMJPM,,,"4","2026-07-31 16:11:11",喷吹用煤（原料）,,,采购中心,Vdaf,"37.28"
焦化厂,炼焦配合煤,A2MMJPM,,,"4","2026-07-31 16:11:11",喷吹用煤（原料）,,,采购中心,Vdaf,"20.20"
焦化厂,炼焦配合煤,A2MMJPM,,,"4","2026-07-31 16:11:11",喷吹用煤（原料）,,,采购中心,水分,"12.6"
焦化厂,炼焦配合煤,A2MMJPM,,,"4","2026-07-31 16:11:11",喷吹用煤（原料）,,,采购中心,水分,"6.7"
焦化厂,炼焦配合煤,A2MMJPM,,,"4","2026-07-31 16:11:11",喷吹用煤（原料）,,,采购中心,水分,"14.1"
焦化厂,炼焦配合煤,A2MMJPM,,,"4","2026-07-31 15:21:57",喷吹用煤（原料）,,,采购中心,Ad,"9.87"
焦化厂,炼焦配合煤,A2MMJPM,,,"4","2026-07-31 15:21:57",喷吹用煤（原料）,,,采购中心,Ad,"10.06"
焦化厂,炼焦配合煤,A2MMJPM,,,"4","2026-07-31 15:21:57",喷吹用煤（原料）,,,采购中心,Cad,"78.96"
焦化厂,炼焦配合煤,A2MMJPM,,,"4","2026-07-31 15:21:57",喷吹用煤（原料）,,,采购中心,Cad,"79.45"
焦化厂,炼焦配合煤,A2MMJPM,,,"4","2026-07-31 15:21:57",喷吹用煤（原料）,,,采购中心,FCad,"66.26"
焦化厂,炼焦配合煤,A2MMJPM,,,"4","2026-07-31 15:21:57",喷吹用煤（原料）,,,采购中心,FCad,"64.23"
焦化厂,炼焦配合煤,A2MMJPM,,,"4","2026-07-31 15:21:57",喷吹用煤（原料）,,,采购中心,Had,"4.51"
焦化厂,炼焦配合煤,A2MMJPM,,,"4","2026-07-31 15:21:57",喷吹用煤（原料）,,,采购中心,Had,"4.39"
焦化厂,炼焦配合煤,A2MMJPM,,,"4","2026-07-31 15:21:57",喷吹用煤（原料）,,,采购中心,Mad,"1.32"
焦化厂,炼焦配合煤,A2MMJPM,,,"4","2026-07-31 15:21:57",喷吹用煤（原料）,,,采购中心,Mad,"1.32"
焦化厂,炼焦配合煤,A2MMJPM,,,"4","2026-07-31 15:21:57",喷吹用煤（原料）,,,采购中心,St.d,"0.76"
焦化厂,炼焦配合煤,A2MMJPM,,,"4","2026-07-31 15:21:57",喷吹用煤（原料）,,,采购中心,St.d,"0.80"
焦化厂,炼焦配合煤,A2MMJPM,,,"4","2026-07-31 15:21:57",喷吹用煤（原料）,,,采购中心,Vdaf,"27.63"
焦化厂,炼焦配合煤,A2MMJPM,,,"4","2026-07-31 15:21:57",喷吹用煤（原料）,,,采购中心,Vdaf,"25.50"
焦化厂,炼焦配合煤,A2MMJPM,,,"4","2026-07-31 15:21:57",喷吹用煤（原料）,,,采购中心,水分,"11.2"
焦化厂,炼焦配合煤,A2MMJPM,,,"4","2026-07-31 15:21:57",喷吹用煤（原料）,,,采购中心,水分,"10.8"
贵州盘南煤炭开发有限责任公司,瘦焦煤|1级|国内,G3MMSJ1,,小雨谷,"4","2026-07-31 15:07:52",,"1M",678520.0,采购中心,Ad,"12.13"
贵州盘南煤炭开发有限责任公司,瘦焦煤|1级|国内,G3MMSJ1,,小雨谷,"4","2026-07-31 15:07:52",,"1M",678520.0,采购中心,FCad,"72.01"
贵州盘南煤炭开发有限责任公司,瘦焦煤|1级|国内,G3MMSJ1,,小雨谷,"4","2026-07-31 15:07:52",,"1M",678520.0,采购中心,Mad,"0.79"
贵州盘南煤炭开发有限责任公司,瘦焦煤|1级|国内,G3MMSJ1,,小雨谷,"4","2026-07-31 15:07:52",,"1M",678520.0,采购中心,St.d,"0.91"
贵州盘南煤炭开发有限责任公司,瘦焦煤|1级|国内,G3MMSJ1,,小雨谷,"4","2026-07-31 15:07:52",,"1M",678520.0,采购中心,Vdaf,"17.40"
贵州盘南煤炭开发有限责任公司,瘦焦煤|1级|国内,G3MMSJ1,,小雨谷,"4","2026-07-31 15:07:52",,"1M",678520.0,采购中心,水分,"12.8"
贵州盘南煤炭开发有限责任公司,瘦焦煤|1级|国内,G3MMSJ1,,小雨谷,"4","2026-07-31 13:54:16",,A2,666640.0,采购中心,Ad,"12.08"
贵州盘南煤炭开发有限责任公司,瘦焦煤|1级|国内,G3MMSJ1,,小雨谷,"4","2026-07-31 13:54:16",,A2,666640.0,采购中心,FCad,"72.20"
贵州盘南煤炭开发有限责任公司,瘦焦煤|1级|国内,G3MMSJ1,,小雨谷,"4","2026-07-31 13:54:16",,A2,666640.0,采购中心,Mad,"0.80"
贵州盘南煤炭开发有限责任公司,瘦焦煤|1级|国内,G3MMSJ1,,小雨谷,"4","2026-07-31 13:54:16",,A2,666640.0,采购中心,St.d,"0.87"
贵州盘南煤炭开发有限责任公司,瘦焦煤|1级|国内,G3MMSJ1,,小雨谷,"4","2026-07-31 13:54:16",,A2,666640.0,采购中心,Vdaf,"17.22"
贵州盘南煤炭开发有限责任公司,瘦焦煤|1级|国内,G3MMSJ1,,小雨谷,"4","2026-07-31 13:54:16",,A2,666640.0,采购中心,水分,"13.7"
广西柳钢国际贸易有限公司,主焦煤|3级|进口|澳洲|Daunia,G3MMZJMH,流星,防城港,"4","2026-07-31 13:32:38",,"4M",1560290.0,采购中心,Ad,"8.43"
广西柳钢国际贸易有限公司,主焦煤|3级|进口|澳洲|Daunia,G3MMZJMH,流星,防城港,"4","2026-07-31 13:32:38",,"4M",1560290.0,采购中心,FCad,"69.82"
广西柳钢国际贸易有限公司,主焦煤|3级|进口|澳洲|Daunia,G3MMZJMH,流星,防城港,"4","2026-07-31 13:32:38",,"4M",1560290.0,采购中心,Mad,"1.29"
广西柳钢国际贸易有限公司,主焦煤|3级|进口|澳洲|Daunia,G3MMZJMH,流星,防城港,"4","2026-07-31 13:32:38",,"4M",1560290.0,采购中心,St.d,"0.41"
广西柳钢国际贸易有限公司,主焦煤|3级|进口|澳洲|Daunia,G3MMZJMH,流星,防城港,"4","2026-07-31 13:32:38",,"4M",1560290.0,采购中心,Vdaf,"22.76"
广西柳钢国际贸易有限公司,主焦煤|3级|进口|澳洲|Daunia,G3MMZJMH,流星,防城港,"4","2026-07-31 13:32:38",,"4M",1560290.0,采购中心,水分,"13.7"
广西柳州钢铁（集团）公司矿业公司,"1/3焦煤",G3MMSYM,,,"4","2026-07-31 12:59:04",焦煤,,,采购中心,水分,"11.4"
广西柳州钢铁（集团）公司矿业公司,"1/3焦煤",G3MMSYM,,,"4","2026-07-31 12:59:04",焦煤,,,采购中心,水分,"11.8"
广西柳州钢铁（集团）公司矿业公司,"1/3焦煤",G3MMSYM,,,"4","2026-07-31 12:59:04",焦煤,,,采购中心,水分,"2.1"
广西柳州钢铁（集团）公司矿业公司,"1/3焦煤",G3MMSYM,,,"4","2026-07-31 12:59:04",焦煤,,,采购中心,水分,"8.4"
广西柳州钢铁（集团）公司矿业公司,主焦煤,G3MMZJM,,,"4","2026-07-31 12:59:04",焦煤,,,采购中心,水分,"15.1"
广西柳州钢铁（集团）公司矿业公司,主焦煤,G3MMZJM,,,"4","2026-07-31 12:59:04",焦煤,,,采购中心,水分,"11.9"
广西柳州钢铁（集团）公司矿业公司,主焦煤,G3MMZJM,,,"4","2026-07-31 12:59:04",焦煤,,,采购中心,水分,"11.0"
广西柳州钢铁（集团）公司矿业公司,主焦煤,G3MMZJM,,,"4","2026-07-31 12:59:04",焦煤,,,采购中心,水分,"15.4"
广西柳州钢铁（集团）公司矿业公司,主焦煤,G3MMZJM,,,"4","2026-07-31 12:59:04",焦煤,,,采购中心,水分,"10.1"
广西柳州钢铁（集团）公司矿业公司,主焦煤,G3MMZJM,,,"4","2026-07-31 12:59:04",焦煤,,,采购中心,水分,"10.3"
广西柳州钢铁（集团）公司矿业公司,主焦煤,G3MMZJM,,,"4","2026-07-31 12:59:04",焦煤,,,采购中心,水分,"11.6"
广西柳州钢铁（集团）公司矿业公司,主焦煤,G3MMZJM,,,"4","2026-07-31 12:59:04",焦煤,,,采购中心,水分,"11.0"
广西柳州钢铁（集团）公司矿业公司,气煤,G3MMQQM,,,"4","2026-07-31 12:59:04",焦煤,,,采购中心,水分,"10.0"
广西柳州钢铁（集团）公司矿业公司,瘦焦煤,G3MMSJM,,,"4","2026-07-31 12:59:04",焦煤,,,采购中心,水分,"9.5"
广西柳州钢铁（集团）公司矿业公司,瘦焦煤,G3MMSJM,,,"4","2026-07-31 12:59:04",焦煤,,,采购中心,水分,"12.2"
广西柳州钢铁（集团）公司矿业公司,瘦焦煤,G3MMSJM,,,"4","2026-07-31 12:59:04",焦煤,,,采购中心,水分,"2.1"
广西柳州钢铁（集团）公司矿业公司,瘦煤,G3MMSSM,,,"4","2026-07-31 12:59:04",焦煤,,,采购中心,水分,"8.0"
广西柳州钢铁（集团）公司矿业公司,瘦煤,G3MMSSM,,,"4","2026-07-31 12:59:04",焦煤,,,采购中心,水分,"2.9"
广西柳州钢铁（集团）公司矿业公司,肥煤,G3MMFFM,,,"4","2026-07-31 12:59:04",焦煤,,,采购中心,水分,"12.4"
广西柳州钢铁（集团）公司矿业公司,"1/3焦煤",G3MMSYM,,,"4","2026-07-31 12:44:26",焦煤,,,采购中心,水分,"8.3"
广西柳州钢铁（集团）公司矿业公司,"1/3焦煤",G3MMSYM,,,"4","2026-07-31 12:44:26",焦煤,,,采购中心,水分,"10.8"
广西柳州钢铁（集团）公司矿业公司,主焦煤,G3MMZJM,,,"4","2026-07-31 12:44:26",焦煤,,,采购中心,水分,"8.4"
广西柳州钢铁（集团）公司矿业公司,主焦煤,G3MMZJM,,,"4","2026-07-31 12:44:26",焦煤,,,采购中心,水分,"11.6"
广西柳州钢铁（集团）公司矿业公司,主焦煤,G3MMZJM,,,"4","2026-07-31 12:44:26",焦煤,,,采购中心,水分,"7.6"
广西柳州钢铁（集团）公司矿业公司,主焦煤,G3MMZJM,,,"4","2026-07-31 12:44:26",焦煤,,,采购中心,水分,"7.8"
广西柳州钢铁（集团）公司矿业公司,气煤,G3MMQQM,,,"4","2026-07-31 12:44:26",焦煤,,,采购中心,水分,"11.9"
广西柳州钢铁（集团）公司矿业公司,气煤,G3MMQQM,,,"4","2026-07-31 12:44:26",焦煤,,,采购中心,水分,"4.3"
广西柳州钢铁（集团）公司矿业公司,瘦焦煤,G3MMSJM,,,"4","2026-07-31 12:44:26",焦煤,,,采购中心,水分,"14.0"
广西柳州钢铁（集团）公司矿业公司,瘦焦煤,G3MMSJM,,,"4","2026-07-31 12:44:26",焦煤,,,采购中心,水分,"13.2"
广西柳州钢铁（集团）公司矿业公司,瘦煤,G3MMSSM,,,"4","2026-07-31 12:44:26",焦煤,,,采购中心,水分,"12.2"
广西柳州钢铁（集团）公司矿业公司,肥煤,G3MMFFM,,,"4","2026-07-31 12:44:26",焦煤,,,采购中心,水分,"7.8"
广西柳州钢铁（集团）公司矿业公司,肥煤,G3MMFFM,,,"4","2026-07-31 12:44:26",焦煤,,,采购中心,水分,"11.1"
广西柳州钢铁（集团）公司矿业公司,肥煤,G3MMFFM,,,"4","2026-07-31 12:44:26",焦煤,,,采购中心,水分,"5.2"
广西柳州钢铁（集团）公司矿业公司,"1/3焦煤",G3MMSYM,,,"4","2026-07-31 12:43:16",焦煤,,,采购中心,水分,"5.0"
广西柳州钢铁（集团）公司矿业公司,"1/3焦煤",G3MMSYM,,,"4","2026-07-31 12:43:16",焦煤,,,采购中心,水分,"9.5"
广西柳州钢铁（集团）公司矿业公司,气煤,G3MMQQM,,,"4","2026-07-31 12:42:10",焦煤,,,采购中心,水分,"7.8"
广西柳州钢铁（集团）公司矿业公司,主焦煤,G3MMZJM,,,"4","2026-07-31 12:31:00",焦煤,,,采购中心,水分,"12.9"
广西柳州钢铁（集团）公司矿业公司,主焦煤,G3MMZJM,,,"4","2026-07-31 12:31:00",焦煤,,,采购中心,水分,"12.5"
中国诚通国际贸易有限公司,烟煤|国内,G3MMYY1,,柳树泉,"4","2026-07-31 12:30:03",,,209980.0,采购中心,Ad,"8.48"
中国诚通国际贸易有限公司,烟煤|国内,G3MMYY1,,柳树泉,"4","2026-07-31 12:30:03",,,209980.0,采购中心,FCad,"61.38"
中国诚通国际贸易有限公司,烟煤|国内,G3MMYY1,,柳树泉,"4","2026-07-31 12:30:03",,,209980.0,采购中心,Mad,"5.78"
中国诚通国际贸易有限公司,烟煤|国内,G3MMYY1,,柳树泉,"4","2026-07-31 12:30:03",,,209980.0,采购中心,St.d,"0.20"
中国诚通国际贸易有限公司,烟煤|国内,G3MMYY1,,柳树泉,"4","2026-07-31 12:30:03",,,209980.0,采购中心,Vdaf,"28.82"
中国诚通国际贸易有限公司,烟煤|国内,G3MMYY1,,柳树泉,"4","2026-07-31 12:30:03",,,209980.0,采购中心,水分,"12.8"
广西柳钢国际贸易有限公司,"1/3焦煤|3级|进口|E|GJ",G3MMSYO,金色东方,防城港,"4","2026-07-31 12:26:13",,,252260.0,采购中心,水分,"11.5"
广西柳州钢铁（集团）公司矿业公司,主焦煤,G3MMZJM,,,"4","2026-07-31 12:15:59",焦煤,,,采购中心,水分,"10.3"
广西柳州钢铁（集团）公司矿业公司,主焦煤,G3MMZJM,,,"4","2026-07-31 12:15:59",焦煤,,,采购中心,水分,"10.2"
广西柳州钢铁（集团）公司矿业公司,主焦煤,G3MMZJM,,,"4","2026-07-31 12:15:59",焦煤,,,采购中心,水分,"9.5"
广西柳州钢铁（集团）公司矿业公司,主焦煤,G3MMZJM,,,"4","2026-07-31 12:15:59",焦煤,,,采购中心,水分,"11.3"
广西柳州钢铁（集团）公司矿业公司,肥煤,G3MMFFM,,,"4","2026-07-31 12:15:59",焦煤,,,采购中心,水分,"5.4"
广西柳州钢铁（集团）公司矿业公司,肥煤,G3MMFFM,,,"4","2026-07-31 12:15:59",焦煤,,,采购中心,水分,"7.9"
国家能源投资集团有限责任公司煤炭经营分公司,烟煤|国内,G3MMYY1,,大保当,"4","2026-07-31 11:43:58",,,716240.0,采购中心,Ad,"8.40"
国家能源投资集团有限责任公司煤炭经营分公司,烟煤|国内,G3MMYY1,,大保当,"4","2026-07-31 11:43:58",,,716240.0,采购中心,FCad,"53.63"
国家能源投资集团有限责任公司煤炭经营分公司,烟煤|国内,G3MMYY1,,大保当,"4","2026-07-31 11:43:58",,,716240.0,采购中心,Mad,"4.21"
国家能源投资集团有限责任公司煤炭经营分公司,烟煤|国内,G3MMYY1,,大保当,"4","2026-07-31 11:43:58",,,716240.0,采购中心,St.d,"0.51"
国家能源投资集团有限责任公司煤炭经营分公司,烟煤|国内,G3MMYY1,,大保当,"4","2026-07-31 11:43:58",,,716240.0,采购中心,Vdaf,"38.88"
国家能源投资集团有限责任公司煤炭经营分公司,烟煤|国内,G3MMYY1,,大保当,"4","2026-07-31 11:43:58",,,716240.0,采购中心,水分,"13.1"
国家能源投资集团有限责任公司煤炭经营分公司,烟煤|国内,G3MMYY1,,大保当,"4","2026-07-31 10:52:46",,A2,716240.0,采购中心,Ad,"9.93"
国家能源投资集团有限责任公司煤炭经营分公司,烟煤|国内,G3MMYY1,,大保当,"4","2026-07-31 10:52:46",,A2,716240.0,采购中心,FCad,"52.65"
国家能源投资集团有限责任公司煤炭经营分公司,烟煤|国内,G3MMYY1,,大保当,"4","2026-07-31 10:52:46",,A2,716240.0,采购中心,Mad,"4.12"
国家能源投资集团有限责任公司煤炭经营分公司,烟煤|国内,G3MMYY1,,大保当,"4","2026-07-31 10:52:46",,A2,716240.0,采购中心,St.d,"0.56"
国家能源投资集团有限责任公司煤炭经营分公司,烟煤|国内,G3MMYY1,,大保当,"4","2026-07-31 10:52:46",,A2,716240.0,采购中心,Vdaf,"39.04"
国家能源投资集团有限责任公司煤炭经营分公司,烟煤|国内,G3MMYY1,,大保当,"4","2026-07-31 10:52:46",,A2,716240.0,采购中心,水分,"13.5"
国家能源投资集团有限责任公司煤炭经营分公司,烟煤|国内,G3MMYY1,,大保当,"4","2026-07-31 10:50:09",,A2,715840.0,采购中心,Ad,"9.25"
国家能源投资集团有限责任公司煤炭经营分公司,烟煤|国内,G3MMYY1,,大保当,"4","2026-07-31 10:50:09",,A2,715840.0,采购中心,FCad,"53.37"
国家能源投资集团有限责任公司煤炭经营分公司,烟煤|国内,G3MMYY1,,大保当,"4","2026-07-31 10:50:09",,A2,715840.0,采购中心,Mad,"4.70"
国家能源投资集团有限责任公司煤炭经营分公司,烟煤|国内,G3MMYY1,,大保当,"4","2026-07-31 10:50:09",,A2,715840.0,采购中心,St.d,"0.54"
国家能源投资集团有限责任公司煤炭经营分公司,烟煤|国内,G3MMYY1,,大保当,"4","2026-07-31 10:50:09",,A2,715840.0,采购中心,Vdaf,"38.29"
国家能源投资集团有限责任公司煤炭经营分公司,烟煤|国内,G3MMYY1,,大保当,"4","2026-07-31 10:50:09",,A2,715840.0,采购中心,水分,"14.5"
广西柳钢国际贸易有限公司,贫瘦煤|国内,G3MMPS1,德邻惠航,,"4","2026-07-31 08:50:12",,,486600.0,采购中心,Ad,"10.88"
广西柳钢国际贸易有限公司,贫瘦煤|国内,G3MMPS1,德邻惠航,,"4","2026-07-31 08:50:12",,,486600.0,采购中心,FCad,"69.33"
广西柳钢国际贸易有限公司,贫瘦煤|国内,G3MMPS1,德邻惠航,,"4","2026-07-31 08:50:12",,,486600.0,采购中心,Mad,"5.20"
广西柳钢国际贸易有限公司,贫瘦煤|国内,G3MMPS1,德邻惠航,,"4","2026-07-31 08:50:12",,,486600.0,采购中心,St.d,"0.54"
广西柳钢国际贸易有限公司,贫瘦煤|国内,G3MMPS1,德邻惠航,,"4","2026-07-31 08:50:12",,,486600.0,采购中心,Vdaf,"17.94"
广西柳钢国际贸易有限公司,贫瘦煤|国内,G3MMPS1,德邻惠航,,"4","2026-07-31 08:50:12",,,486600.0,采购中心,水分,"13.3"
重庆皓联实业（集团）有限公司,主焦煤|2级|国内,G3MMZJD,,松坎,"4","2026-07-31 07:24:41",,"5M",628730.0,采购中心,Ad,"11.50"
重庆皓联实业（集团）有限公司,主焦煤|2级|国内,G3MMZJD,,松坎,"4","2026-07-31 07:24:41",,"5M",628730.0,采购中心,FCad,"69.11"
重庆皓联实业（集团）有限公司,主焦煤|2级|国内,G3MMZJD,,松坎,"4","2026-07-31 07:24:41",,"5M",628730.0,采购中心,Mad,"0.95"
重庆皓联实业（集团）有限公司,主焦煤|2级|国内,G3MMZJD,,松坎,"4","2026-07-31 07:24:41",,"5M",628730.0,采购中心,St.d,"1.56"
重庆皓联实业（集团）有限公司,主焦煤|2级|国内,G3MMZJD,,松坎,"4","2026-07-31 07:24:41",,"5M",628730.0,采购中心,Vdaf,"21.16"
重庆皓联实业（集团）有限公司,主焦煤|2级|国内,G3MMZJD,,松坎,"4","2026-07-31 07:24:41",,"5M",628730.0,采购中心,水分,"15.4"
石嘴山市惠农区永鑫工贸有限公司,主焦煤|1级|国内,G3MMZJ1,,惠农,"4","2026-07-31 06:44:50",,"4M",703520.0,采购中心,Ad,"10.02"
石嘴山市惠农区永鑫工贸有限公司,主焦煤|1级|国内,G3MMZJ1,,惠农,"4","2026-07-31 06:44:50",,"4M",703520.0,采购中心,FCad,"65.50"
石嘴山市惠农区永鑫工贸有限公司,主焦煤|1级|国内,G3MMZJ1,,惠农,"4","2026-07-31 06:44:50",,"4M",703520.0,采购中心,Mad,"1.59"
石嘴山市惠农区永鑫工贸有限公司,主焦煤|1级|国内,G3MMZJ1,,惠农,"4","2026-07-31 06:44:50",,"4M",703520.0,采购中心,St.d,"0.62"
石嘴山市惠农区永鑫工贸有限公司,主焦煤|1级|国内,G3MMZJ1,,惠农,"4","2026-07-31 06:44:50",,"4M",703520.0,采购中心,Vdaf,"26.03"
石嘴山市惠农区永鑫工贸有限公司,主焦煤|1级|国内,G3MMZJ1,,惠农,"4","2026-07-31 06:44:50",,"4M",703520.0,采购中心,水分,"10.3"
石嘴山市惠农区永鑫工贸有限公司,主焦煤|1级|国内,G3MMZJ1,,惠农,"4","2026-07-31 05:33:53",,A2,409070.0,采购中心,Ad,"10.74"
石嘴山市惠农区永鑫工贸有限公司,主焦煤|1级|国内,G3MMZJ1,,惠农,"4","2026-07-31 05:33:53",,A2,409070.0,采购中心,FCad,"64.69"
石嘴山市惠农区永鑫工贸有限公司,主焦煤|1级|国内,G3MMZJ1,,惠农,"4","2026-07-31 05:33:53",,A2,409070.0,采购中心,Mad,"1.43"
石嘴山市惠农区永鑫工贸有限公司,主焦煤|1级|国内,G3MMZJ1,,惠农,"4","2026-07-31 05:33:53",,A2,409070.0,采购中心,St.d,"0.69"
石嘴山市惠农区永鑫工贸有限公司,主焦煤|1级|国内,G3MMZJ1,,惠农,"4","2026-07-31 05:33:53",,A2,409070.0,采购中心,Vdaf,"26.47"
石嘴山市惠农区永鑫工贸有限公司,主焦煤|1级|国内,G3MMZJ1,,惠农,"4","2026-07-31 05:33:53",,A2,409070.0,采购中心,水分,"9.0"
广西柳钢国际贸易有限公司,主焦煤|3级|进口|澳洲|Daunia,G3MMZJMH,流星,防城港,"4","2026-07-31 05:01:33",,,1610210.0,采购中心,水分,"12.5"
广西柳钢国际贸易有限公司,肥煤|国内,G3MMFF1,,宝丰,"4","2026-07-31 03:47:39",,A2,861410.0,采购中心,Ad,"10.14"
广西柳钢国际贸易有限公司,肥煤|国内,G3MMFF1,,宝丰,"4","2026-07-31 03:47:39",,A2,861410.0,采购中心,FCad,"64.66"
广西柳钢国际贸易有限公司,肥煤|国内,G3MMFF1,,宝丰,"4","2026-07-31 03:47:39",,A2,861410.0,采购中心,Mad,"0.91"
广西柳钢国际贸易有限公司,肥煤|国内,G3MMFF1,,宝丰,"4","2026-07-31 03:47:39",,A2,861410.0,采购中心,St.d,"2.45"
广西柳钢国际贸易有限公司,肥煤|国内,G3MMFF1,,宝丰,"4","2026-07-31 03:47:39",,A2,861410.0,采购中心,Vdaf,"27.38"
广西柳钢国际贸易有限公司,肥煤|国内,G3MMFF1,,宝丰,"4","2026-07-31 03:47:39",,A2,861410.0,采购中心,水分,"11.6"
重庆皓联实业（集团）有限公司,主焦煤|2级|国内,G3MMZJD,,松坎,"4","2026-07-31 03:13:34",,"5M",456850.0,采购中心,Ad,"11.56"
重庆皓联实业（集团）有限公司,主焦煤|2级|国内,G3MMZJD,,松坎,"4","2026-07-31 03:13:34",,"5M",456850.0,采购中心,FCad,"68.94"
重庆皓联实业（集团）有限公司,主焦煤|2级|国内,G3MMZJD,,松坎,"4","2026-07-31 03:13:34",,"5M",456850.0,采购中心,Mad,"0.79"
重庆皓联实业（集团）有限公司,主焦煤|2级|国内,G3MMZJD,,松坎,"4","2026-07-31 03:13:34",,"5M",456850.0,采购中心,St.d,"1.59"
重庆皓联实业（集团）有限公司,主焦煤|2级|国内,G3MMZJD,,松坎,"4","2026-07-31 03:13:34",,"5M",456850.0,采购中心,Vdaf,"21.43"
重庆皓联实业（集团）有限公司,主焦煤|2级|国内,G3MMZJD,,松坎,"4","2026-07-31 03:13:34",,"5M",456850.0,采购中心,水分,"15.7"
广西钢铁集团有限公司,主焦煤|1级|国内,G3MMZJ1,鑫泰达,铁山港,"4","2026-07-31 02:05:54",,,494740.0,采购中心,水分,"13.6"
山西潞安环保能源开发股份有限公司,贫瘦煤|国内,G3MMPS1,,长治北,"4","2026-07-31 01:12:07",,A7,3502190.0,采购中心,Ad,"10.43"
山西潞安环保能源开发股份有限公司,贫瘦煤|国内,G3MMPS1,,长治北,"4","2026-07-31 01:12:07",,A7,3502190.0,采购中心,FCad,"77.88"
山西潞安环保能源开发股份有限公司,贫瘦煤|国内,G3MMPS1,,长治北,"4","2026-07-31 01:12:07",,A7,3502190.0,采购中心,Mad,"1.10"
山西潞安环保能源开发股份有限公司,贫瘦煤|国内,G3MMPS1,,长治北,"4","2026-07-31 01:12:07",,A7,3502190.0,采购中心,St.d,"0.35"
山西潞安环保能源开发股份有限公司,贫瘦煤|国内,G3MMPS1,,长治北,"4","2026-07-31 01:12:07",,A7,3502190.0,采购中心,Vdaf,"12.08"
山西潞安环保能源开发股份有限公司,贫瘦煤|国内,G3MMPS1,,长治北,"4","2026-07-31 01:12:07",,A7,3502190.0,采购中心,水分,"9.9"
中国诚通国际贸易有限公司,烟煤|国内,G3MMYY1,,柳树泉,"4","2026-07-31 00:52:56",,料3,338410.0,采购中心,Ad,"7.07"
中国诚通国际贸易有限公司,烟煤|国内,G3MMYY1,,柳树泉,"4","2026-07-31 00:52:56",,料3,338410.0,采购中心,FCad,"62.19"
中国诚通国际贸易有限公司,烟煤|国内,G3MMYY1,,柳树泉,"4","2026-07-31 00:52:56",,料3,338410.0,采购中心,Mad,"5.81"
中国诚通国际贸易有限公司,烟煤|国内,G3MMYY1,,柳树泉,"4","2026-07-31 00:52:56",,料3,338410.0,采购中心,St.d,"0.20"
中国诚通国际贸易有限公司,烟煤|国内,G3MMYY1,,柳树泉,"4","2026-07-31 00:52:56",,料3,338410.0,采购中心,Vdaf,"28.95"
中国诚通国际贸易有限公司,烟煤|国内,G3MMYY1,,柳树泉,"4","2026-07-31 00:52:56",,料3,338410.0,采购中心,水分,"13.0"
江苏南钢鑫联鑫科技有限公司,主焦煤|2级|国内,G3MMZJD,,张礼,"4","2026-07-30 22:34:31",,,990170.0,采购中心,Ad,"10.34"
江苏南钢鑫联鑫科技有限公司,主焦煤|2级|国内,G3MMZJD,,张礼,"4","2026-07-30 22:34:31",,,990170.0,采购中心,FCad,"69.36"
江苏南钢鑫联鑫科技有限公司,主焦煤|2级|国内,G3MMZJD,,张礼,"4","2026-07-30 22:34:31",,,990170.0,采购中心,Mad,"1.39"
江苏南钢鑫联鑫科技有限公司,主焦煤|2级|国内,G3MMZJD,,张礼,"4","2026-07-30 22:34:31",,,990170.0,采购中心,St.d,"2.40"
江苏南钢鑫联鑫科技有限公司,主焦煤|2级|国内,G3MMZJD,,张礼,"4","2026-07-30 22:34:31",,,990170.0,采购中心,Vdaf,"21.54"
江苏南钢鑫联鑫科技有限公司,主焦煤|2级|国内,G3MMZJD,,张礼,"4","2026-07-30 22:34:31",,,990170.0,采购中心,水分,"10.6"
江苏南钢鑫联鑫科技有限公司,主焦煤|2级|国内,G3MMZJD,,张礼,"4","2026-07-30 21:54:51",,"5M",776520.0,采购中心,Ad,"10.39"
江苏南钢鑫联鑫科技有限公司,主焦煤|2级|国内,G3MMZJD,,张礼,"4","2026-07-30 21:54:51",,"5M",776520.0,采购中心,FCad,"68.70"
江苏南钢鑫联鑫科技有限公司,主焦煤|2级|国内,G3MMZJD,,张礼,"4","2026-07-30 21:54:51",,"5M",776520.0,采购中心,Mad,"1.36"
江苏南钢鑫联鑫科技有限公司,主焦煤|2级|国内,G3MMZJD,,张礼,"4","2026-07-30 21:54:51",,"5M",776520.0,采购中心,St.d,"2.36"
江苏南钢鑫联鑫科技有限公司,主焦煤|2级|国内,G3MMZJD,,张礼,"4","2026-07-30 21:54:51",,"5M",776520.0,采购中心,Vdaf,"22.28"
江苏南钢鑫联鑫科技有限公司,主焦煤|2级|国内,G3MMZJD,,张礼,"4","2026-07-30 21:54:51",,"5M",776520.0,采购中心,水分,"10.7"
湖南湘煤精煤有限公司,主焦煤|1级|国内,G3MMZJ1,,三都,"4","2026-07-30 21:39:00",,,966280.0,采购中心,Ad,"9.81"
湖南湘煤精煤有限公司,主焦煤|1级|国内,G3MMZJ1,,三都,"4","2026-07-30 21:39:00",,,966280.0,采购中心,FCad,"64.92"
湖南湘煤精煤有限公司,主焦煤|1级|国内,G3MMZJ1,,三都,"4","2026-07-30 21:39:00",,,966280.0,采购中心,Mad,"1.08"
湖南湘煤精煤有限公司,主焦煤|1级|国内,G3MMZJ1,,三都,"4","2026-07-30 21:39:00",,,966280.0,采购中心,St.d,"0.66"
湖南湘煤精煤有限公司,主焦煤|1级|国内,G3MMZJ1,,三都,"4","2026-07-30 21:39:00",,,966280.0,采购中心,Vdaf,"27.23"
湖南湘煤精煤有限公司,主焦煤|1级|国内,G3MMZJ1,,三都,"4","2026-07-30 21:39:00",,,966280.0,采购中心,水分,"13.3"
江苏南钢鑫联鑫科技有限公司,主焦煤|2级|国内,G3MMZJD,,张礼,"4","2026-07-30 20:29:52",,,654170.0,采购中心,Ad,"10.24"
江苏南钢鑫联鑫科技有限公司,主焦煤|2级|国内,G3MMZJD,,张礼,"4","2026-07-30 20:29:52",,,654170.0,采购中心,FCad,"69.56"
江苏南钢鑫联鑫科技有限公司,主焦煤|2级|国内,G3MMZJD,,张礼,"4","2026-07-30 20:29:52",,,654170.0,采购中心,Mad,"1.31"
江苏南钢鑫联鑫科技有限公司,主焦煤|2级|国内,G3MMZJD,,张礼,"4","2026-07-30 20:29:52",,,654170.0,采购中心,St.d,"2.40"
江苏南钢鑫联鑫科技有限公司,主焦煤|2级|国内,G3MMZJD,,张礼,"4","2026-07-30 20:29:52",,,654170.0,采购中心,Vdaf,"21.46"
江苏南钢鑫联鑫科技有限公司,主焦煤|2级|国内,G3MMZJD,,张礼,"4","2026-07-30 20:29:52",,,654170.0,采购中心,水分,"10.6"
山西焦煤集团有限责任公司,"1/3焦煤|3级|国内",G3MMSY5,,临县北,"4","2026-07-30 18:51:26",,,276500.0,采购中心,Ad,"10.32"
山西焦煤集团有限责任公司,"1/3焦煤|3级|国内",G3MMSY5,,临县北,"4","2026-07-30 18:51:26",,,276500.0,采购中心,FCad,"60.57"
山西焦煤集团有限责任公司,"1/3焦煤|3级|国内",G3MMSY5,,临县北,"4","2026-07-30 18:51:26",,,276500.0,采购中心,Mad,"1.67"
山西焦煤集团有限责任公司,"1/3焦煤|3级|国内",G3MMSY5,,临县北,"4","2026-07-30 18:51:26",,,276500.0,采购中心,St.d,"1.46"
山西焦煤集团有限责任公司,"1/3焦煤|3级|国内",G3MMSY5,,临县北,"4","2026-07-30 18:51:26",,,276500.0,采购中心,Vdaf,"31.31"
山西焦煤集团有限责任公司,"1/3焦煤|3级|国内",G3MMSY5,,临县北,"4","2026-07-30 18:51:26",,,276500.0,采购中心,水分,"10.2"
中国诚通国际贸易有限公司,烟煤|国内,G3MMYY1,,柳树泉,"4","2026-07-30 17:33:09",,料3,352660.0,采购中心,Ad,"6.84"
中国诚通国际贸易有限公司,烟煤|国内,G3MMYY1,,柳树泉,"4","2026-07-30 17:33:09",,料3,352660.0,采购中心,FCad,"62.71"
中国诚通国际贸易有限公司,烟煤|国内,G3MMYY1,,柳树泉,"4","2026-07-30 17:33:09",,料3,352660.0,采购中心,Mad,"5.73"
中国诚通国际贸易有限公司,烟煤|国内,G3MMYY1,,柳树泉,"4","2026-07-30 17:33:09",,料3,352660.0,采购中心,St.d,"0.20"
中国诚通国际贸易有限公司,烟煤|国内,G3MMYY1,,柳树泉,"4","2026-07-30 17:33:09",,料3,352660.0,采购中心,Vdaf,"28.59"
中国诚通国际贸易有限公司,烟煤|国内,G3MMYY1,,柳树泉,"4","2026-07-30 17:33:09",,料3,352660.0,采购中心,水分,"8.7"
焦化厂,炼焦配合煤,A2MMJPM,,,"4","2026-07-30 16:00:22",喷吹用煤（原料）,,,采购中心,Ad,"11.03"
焦化厂,炼焦配合煤,A2MMJPM,,,"4","2026-07-30 16:00:22",喷吹用煤（原料）,,,采购中心,FCad,"67.38"
焦化厂,炼焦配合煤,A2MMJPM,,,"4","2026-07-30 16:00:22",喷吹用煤（原料）,,,采购中心,Mad,"1.02"
焦化厂,炼焦配合煤,A2MMJPM,,,"4","2026-07-30 16:00:22",喷吹用煤（原料）,,,采购中心,St.d,"1.88"
焦化厂,炼焦配合煤,A2MMJPM,,,"4","2026-07-30 16:00:22",喷吹用煤（原料）,,,采购中心,Vdaf,"23.48"
焦化厂,炼焦配合煤,A2MMJPM,,,"4","2026-07-30 16:00:22",喷吹用煤（原料）,,,采购中心,水分,"12.1"
焦化厂,炼焦配合煤,A2MMJPM,,,"4","2026-07-30 16:00:21",喷吹用煤（原料）,,,采购中心,Ad,"10.89"
焦化厂,炼焦配合煤,A2MMJPM,,,"4","2026-07-30 16:00:21",喷吹用煤（原料）,,,采购中心,Ad,"11.06"
焦化厂,炼焦配合煤,A2MMJPM,,,"4","2026-07-30 16:00:21",喷吹用煤（原料）,,,采购中心,FCad,"66.82"
焦化厂,炼焦配合煤,A2MMJPM,,,"4","2026-07-30 16:00:21",喷吹用煤（原料）,,,采购中心,FCad,"56.71"
焦化厂,炼焦配合煤,A2MMJPM,,,"4","2026-07-30 16:00:21",喷吹用煤（原料）,,,采购中心,Mad,"1.66"
焦化厂,炼焦配合煤,A2MMJPM,,,"4","2026-07-30 16:00:21",喷吹用煤（原料）,,,采购中心,Mad,"1.49"
焦化厂,炼焦配合煤,A2MMJPM,,,"4","2026-07-30 16:00:21",喷吹用煤（原料）,,,采购中心,St.d,"0.60"
焦化厂,炼焦配合煤,A2MMJPM,,,"4","2026-07-30 16:00:21",喷吹用煤（原料）,,,采购中心,St.d,"0.30"
焦化厂,炼焦配合煤,A2MMJPM,,,"4","2026-07-30 16:00:21",喷吹用煤（原料）,,,采购中心,Vdaf,"23.88"
焦化厂,炼焦配合煤,A2MMJPM,,,"4","2026-07-30 16:00:21",喷吹用煤（原料）,,,采购中心,Vdaf,"35.15"
焦化厂,炼焦配合煤,A2MMJPM,,,"4","2026-07-30 16:00:21",喷吹用煤（原料）,,,采购中心,水分,"13.6"
焦化厂,炼焦配合煤,A2MMJPM,,,"4","2026-07-30 16:00:21",喷吹用煤（原料）,,,采购中心,水分,"8.9"
贵州盘江精煤股份有限公司,"1/3焦煤|1级|国内",G3MMSY1,,火铺,"4","2026-07-30 14:29:20",,"5M",471620.0,采购中心,Ad,"10.17"
贵州盘江精煤股份有限公司,"1/3焦煤|1级|国内",G3MMSY1,,火铺,"4","2026-07-30 14:29:20",,"5M",471620.0,采购中心,FCad,"61.82"
贵州盘江精煤股份有限公司,"1/3焦煤|1级|国内",G3MMSY1,,火铺,"4","2026-07-30 14:29:20",,"5M",471620.0,采购中心,Mad,"1.03"
贵州盘江精煤股份有限公司,"1/3焦煤|1级|国内",G3MMSY1,,火铺,"4","2026-07-30 14:29:20",,"5M",471620.0,采购中心,St.d,"0.46"
贵州盘江精煤股份有限公司,"1/3焦煤|1级|国内",G3MMSY1,,火铺,"4","2026-07-30 14:29:20",,"5M",471620.0,采购中心,Vdaf,"30.46"
贵州盘江精煤股份有限公司,"1/3焦煤|1级|国内",G3MMSY1,,火铺,"4","2026-07-30 14:29:20",,"5M",471620.0,采购中心,水分,"12.3"
贵州盘江精煤股份有限公司,"1/3焦煤|1级|国内",G3MMSY1,,火铺,"4","2026-07-30 14:26:14",,"5M",275300.0,采购中心,Ad,"10.38"
贵州盘江精煤股份有限公司,"1/3焦煤|1级|国内",G3MMSY1,,火铺,"4","2026-07-30 14:26:14",,"5M",275300.0,采购中心,FCad,"61.68"
贵州盘江精煤股份有限公司,"1/3焦煤|1级|国内",G3MMSY1,,火铺,"4","2026-07-30 14:26:14",,"5M",275300.0,采购中心,Mad,"1.00"
贵州盘江精煤股份有限公司,"1/3焦煤|1级|国内",G3MMSY1,,火铺,"4","2026-07-30 14:26:14",,"5M",275300.0,采购中心,St.d,"0.43"
贵州盘江精煤股份有限公司,"1/3焦煤|1级|国内",G3MMSY1,,火铺,"4","2026-07-30 14:26:14",,"5M",275300.0,采购中心,Vdaf,"30.48"
贵州盘江精煤股份有限公司,"1/3焦煤|1级|国内",G3MMSY1,,火铺,"4","2026-07-30 14:26:14",,"5M",275300.0,采购中心,水分,"14.5"
江苏南钢鑫联鑫科技有限公司,主焦煤|2级|国内,G3MMZJD,,张礼,"4","2026-07-30 13:50:23",,,910520.0,采购中心,Ad,"10.56"
江苏南钢鑫联鑫科技有限公司,主焦煤|2级|国内,G3MMZJD,,张礼,"4","2026-07-30 13:50:23",,,910520.0,采购中心,FCad,"68.82"
江苏南钢鑫联鑫科技有限公司,主焦煤|2级|国内,G3MMZJD,,张礼,"4","2026-07-30 13:50:23",,,910520.0,采购中心,Mad,"1.38"
江苏南钢鑫联鑫科技有限公司,主焦煤|2级|国内,G3MMZJD,,张礼,"4","2026-07-30 13:50:23",,,910520.0,采购中心,St.d,"2.34"
江苏南钢鑫联鑫科技有限公司,主焦煤|2级|国内,G3MMZJD,,张礼,"4","2026-07-30 13:50:23",,,910520.0,采购中心,Vdaf,"21.98"
江苏南钢鑫联鑫科技有限公司,主焦煤|2级|国内,G3MMZJD,,张礼,"4","2026-07-30 13:50:23",,,910520.0,采购中心,水分,"10.8"
中国诚通国际贸易有限公司,烟煤|国内,G3MMYY1,,柳树泉,"4","2026-07-30 12:05:16",,A2,1177770.0,采购中心,Ad,"7.07"
中国诚通国际贸易有限公司,烟煤|国内,G3MMYY1,,柳树泉,"4","2026-07-30 12:05:16",,A2,1177770.0,采购中心,FCad,"62.76"
中国诚通国际贸易有限公司,烟煤|国内,G3MMYY1,,柳树泉,"4","2026-07-30 12:05:16",,A2,1177770.0,采购中心,Mad,"5.58"
中国诚通国际贸易有限公司,烟煤|国内,G3MMYY1,,柳树泉,"4","2026-07-30 12:05:16",,A2,1177770.0,采购中心,St.d,"0.21"
中国诚通国际贸易有限公司,烟煤|国内,G3MMYY1,,柳树泉,"4","2026-07-30 12:05:16",,A2,1177770.0,采购中心,Vdaf,"28.47"
中国诚通国际贸易有限公司,烟煤|国内,G3MMYY1,,柳树泉,"4","2026-07-30 12:05:16",,A2,1177770.0,采购中心,水分,"10.7"
中国诚通国际贸易有限公司,烟煤|国内,G3MMYY1,,,"4","2026-07-30 11:59:23",,,,采购中心,Ad,"7.61"
中国诚通国际贸易有限公司,烟煤|国内,G3MMYY1,,,"4","2026-07-30 11:59:23",,,,采购中心,Cad,"73.16"
中国诚通国际贸易有限公司,烟煤|国内,G3MMYY1,,,"4","2026-07-30 11:59:23",,,,采购中心,FCad,"62.06"
中国诚通国际贸易有限公司,烟煤|国内,G3MMYY1,,,"4","2026-07-30 11:59:23",,,,采购中心,Had,"3.55"
中国诚通国际贸易有限公司,烟煤|国内,G3MMYY1,,,"4","2026-07-30 11:59:23",,,,采购中心,Mad,"5.69"
中国诚通国际贸易有限公司,烟煤|国内,G3MMYY1,,,"4","2026-07-30 11:59:23",,,,采购中心,St.d,"0.20"
中国诚通国际贸易有限公司,烟煤|国内,G3MMYY1,,,"4","2026-07-30 11:59:23",,,,采购中心,Vdaf,"28.77"
中国诚通国际贸易有限公司,烟煤|国内,G3MMYY1,,,"4","2026-07-30 11:59:23",,,,采购中心,水分,"11.7"
中国诚通国际贸易有限公司,烟煤|国内,G3MMYY1,,柳树泉,"4","2026-07-30 11:57:15",,料3,280050.0,采购中心,Ad,"6.60"
中国诚通国际贸易有限公司,烟煤|国内,G3MMYY1,,柳树泉,"4","2026-07-30 11:57:15",,料3,280050.0,采购中心,FCad,"63.10"
中国诚通国际贸易有限公司,烟煤|国内,G3MMYY1,,柳树泉,"4","2026-07-30 11:57:15",,料3,280050.0,采购中心,Mad,"5.50"
中国诚通国际贸易有限公司,烟煤|国内,G3MMYY1,,柳树泉,"4","2026-07-30 11:57:15",,料3,280050.0,采购中心,St.d,"0.21"
中国诚通国际贸易有限公司,烟煤|国内,G3MMYY1,,柳树泉,"4","2026-07-30 11:57:15",,料3,280050.0,采购中心,Vdaf,"28.51"
中国诚通国际贸易有限公司,烟煤|国内,G3MMYY1,,柳树泉,"4","2026-07-30 11:57:15",,料3,280050.0,采购中心,水分,"10.6"
中国诚通国际贸易有限公司,烟煤|国内,G3MMYY1,,柳树泉,"4","2026-07-30 10:35:03",,A2,545010.0,采购中心,Ad,"8.80"
中国诚通国际贸易有限公司,烟煤|国内,G3MMYY1,,柳树泉,"4","2026-07-30 10:35:03",,A2,545010.0,采购中心,FCad,"61.45"
中国诚通国际贸易有限公司,烟煤|国内,G3MMYY1,,柳树泉,"4","2026-07-30 10:35:03",,A2,545010.0,采购中心,Mad,"5.18"
中国诚通国际贸易有限公司,烟煤|国内,G3MMYY1,,柳树泉,"4","2026-07-30 10:35:03",,A2,545010.0,采购中心,St.d,"0.21"
中国诚通国际贸易有限公司,烟煤|国内,G3MMYY1,,柳树泉,"4","2026-07-30 10:35:03",,A2,545010.0,采购中心,Vdaf,"28.94"
中国诚通国际贸易有限公司,烟煤|国内,G3MMYY1,,柳树泉,"4","2026-07-30 10:35:03",,A2,545010.0,采购中心,水分,"10.3"
贵州盘江精煤股份有限公司,"1/3焦煤|1级|国内",G3MMSY1,,火铺,"4","2026-07-30 10:24:50",,,964000.0,采购中心,Ad,"10.61"
贵州盘江精煤股份有限公司,"1/3焦煤|1级|国内",G3MMSY1,,火铺,"4","2026-07-30 10:24:50",,,964000.0,采购中心,FCad,"61.62"
贵州盘江精煤股份有限公司,"1/3焦煤|1级|国内",G3MMSY1,,火铺,"4","2026-07-30 10:24:50",,,964000.0,采购中心,Mad,"1.15"
贵州盘江精煤股份有限公司,"1/3焦煤|1级|国内",G3MMSY1,,火铺,"4","2026-07-30 10:24:50",,,964000.0,采购中心,St.d,"0.47"
贵州盘江精煤股份有限公司,"1/3焦煤|1级|国内",G3MMSY1,,火铺,"4","2026-07-30 10:24:50",,,964000.0,采购中心,Vdaf,"30.26"
贵州盘江精煤股份有限公司,"1/3焦煤|1级|国内",G3MMSY1,,火铺,"4","2026-07-30 10:24:50",,,964000.0,采购中心,水分,"14.5"
广西柳钢国际贸易有限公司,国内烧结无烟煤,G3MMSWM,,嘉峰,"4","2026-07-30 10:11:46",,,138180.0,采购中心,Ad,"11.50"
广西柳钢国际贸易有限公司,国内烧结无烟煤,G3MMSWM,,嘉峰,"4","2026-07-30 10:11:46",,,138180.0,采购中心,FCad,"80.24"
广西柳钢国际贸易有限公司,国内烧结无烟煤,G3MMSWM,,嘉峰,"4","2026-07-30 10:11:46",,,138180.0,采购中心,Mad,"2.69"
广西柳钢国际贸易有限公司,国内烧结无烟煤,G3MMSWM,,嘉峰,"4","2026-07-30 10:11:46",,,138180.0,采购中心,St.d,"0.34"
广西柳钢国际贸易有限公司,国内烧结无烟煤,G3MMSWM,,嘉峰,"4","2026-07-30 10:11:46",,,138180.0,采购中心,Vdaf,"6.83"
广西柳钢国际贸易有限公司,国内烧结无烟煤,G3MMSWM,,嘉峰,"4","2026-07-30 10:11:46",,,138180.0,采购中心,水分,"7.6"
广西柳钢国际贸易有限公司,贫瘦煤|国内,G3MMPS1,德邻惠航,,"4","2026-07-30 09:37:35",,,990200.0,采购中心,Ad,"10.71"
广西柳钢国际贸易有限公司,贫瘦煤|国内,G3MMPS1,德邻惠航,,"4","2026-07-30 09:37:35",,,990200.0,采购中心,FCad,"71.76"
广西柳钢国际贸易有限公司,贫瘦煤|国内,G3MMPS1,德邻惠航,,"4","2026-07-30 09:37:35",,,990200.0,采购中心,Mad,"4.11"
广西柳钢国际贸易有限公司,贫瘦煤|国内,G3MMPS1,德邻惠航,,"4","2026-07-30 09:37:35",,,990200.0,采购中心,St.d,"0.56"
广西柳钢国际贸易有限公司,贫瘦煤|国内,G3MMPS1,德邻惠航,,"4","2026-07-30 09:37:35",,,990200.0,采购中心,Vdaf,"16.19"
广西柳钢国际贸易有限公司,贫瘦煤|国内,G3MMPS1,德邻惠航,,"4","2026-07-30 09:37:35",,,990200.0,采购中心,水分,"12.7"
中国诚通国际贸易有限公司,烟煤|国内,G3MMYY1,,柳树泉,"4","2026-07-30 09:17:55",,A2,628210.0,采购中心,Ad,"7.58"
中国诚通国际贸易有限公司,烟煤|国内,G3MMYY1,,柳树泉,"4","2026-07-30 09:17:55",,A2,628210.0,采购中心,FCad,"62.06"
中国诚通国际贸易有限公司,烟煤|国内,G3MMYY1,,柳树泉,"4","2026-07-30 09:17:55",,A2,628210.0,采购中心,Mad,"5.48"
中国诚通国际贸易有限公司,烟煤|国内,G3MMYY1,,柳树泉,"4","2026-07-30 09:17:55",,A2,628210.0,采购中心,St.d,"0.21"
中国诚通国际贸易有限公司,烟煤|国内,G3MMYY1,,柳树泉,"4","2026-07-30 09:17:55",,A2,628210.0,采购中心,Vdaf,"28.96"
中国诚通国际贸易有限公司,烟煤|国内,G3MMYY1,,柳树泉,"4","2026-07-30 09:17:55",,A2,628210.0,采购中心,水分,"11.0"
中国诚通国际贸易有限公司,烟煤|国内,G3MMYY1,,柳树泉,"4","2026-07-30 09:10:21",,A2,545010.0,采购中心,Ad,"7.76"
中国诚通国际贸易有限公司,烟煤|国内,G3MMYY1,,柳树泉,"4","2026-07-30 09:10:21",,A2,545010.0,采购中心,FCad,"61.76"
中国诚通国际贸易有限公司,烟煤|国内,G3MMYY1,,柳树泉,"4","2026-07-30 09:10:21",,A2,545010.0,采购中心,Mad,"5.38"
中国诚通国际贸易有限公司,烟煤|国内,G3MMYY1,,柳树泉,"4","2026-07-30 09:10:21",,A2,545010.0,采购中心,St.d,"0.21"
中国诚通国际贸易有限公司,烟煤|国内,G3MMYY1,,柳树泉,"4","2026-07-30 09:10:21",,A2,545010.0,采购中心,Vdaf,"29.24"
中国诚通国际贸易有限公司,烟煤|国内,G3MMYY1,,柳树泉,"4","2026-07-30 09:10:21",,A2,545010.0,采购中心,水分,"10.3"
广西柳钢国际贸易有限公司,国内烧结无烟煤,G3MMSWM,,嘉峰,"4","2026-07-30 03:36:52",,,138900.0,采购中心,Ad,"11.10"
广西柳钢国际贸易有限公司,国内烧结无烟煤,G3MMSWM,,嘉峰,"4","2026-07-30 03:36:52",,,138900.0,采购中心,FCad,"80.94"
广西柳钢国际贸易有限公司,国内烧结无烟煤,G3MMSWM,,嘉峰,"4","2026-07-30 03:36:52",,,138900.0,采购中心,Mad,"2.04"
广西柳钢国际贸易有限公司,国内烧结无烟煤,G3MMSWM,,嘉峰,"4","2026-07-30 03:36:52",,,138900.0,采购中心,St.d,"0.34"
广西柳钢国际贸易有限公司,国内烧结无烟煤,G3MMSWM,,嘉峰,"4","2026-07-30 03:36:52",,,138900.0,采购中心,Vdaf,"7.06"
广西柳钢国际贸易有限公司,国内烧结无烟煤,G3MMSWM,,嘉峰,"4","2026-07-30 03:36:52",,,138900.0,采购中心,水分,"6.9"
河南天元清洁能源有限公司,贫瘦煤|国内,G3MMPS1,,苏桥,"4","2026-07-30 03:09:51",,A7,919940.0,采购中心,Ad,"10.16"
河南天元清洁能源有限公司,贫瘦煤|国内,G3MMPS1,,苏桥,"4","2026-07-30 03:09:51",,A7,919940.0,采购中心,FCad,"77.60"
河南天元清洁能源有限公司,贫瘦煤|国内,G3MMPS1,,苏桥,"4","2026-07-30 03:09:51",,A7,919940.0,采购中心,Mad,"1.35"
河南天元清洁能源有限公司,贫瘦煤|国内,G3MMPS1,,苏桥,"4","2026-07-30 03:09:51",,A7,919940.0,采购中心,St.d,"0.35"
河南天元清洁能源有限公司,贫瘦煤|国内,G3MMPS1,,苏桥,"4","2026-07-30 03:09:51",,A7,919940.0,采购中心,Vdaf,"12.44"
河南天元清洁能源有限公司,贫瘦煤|国内,G3MMPS1,,苏桥,"4","2026-07-30 03:09:51",,A7,919940.0,采购中心,水分,"12.5"
河南天元清洁能源有限公司,贫瘦煤|国内,G3MMPS1,,苏桥,"4","2026-07-30 03:06:52",,A7,919940.0,采购中心,Ad,"10.43"
河南天元清洁能源有限公司,贫瘦煤|国内,G3MMPS1,,苏桥,"4","2026-07-30 03:06:52",,A7,919940.0,采购中心,FCad,"77.42"
河南天元清洁能源有限公司,贫瘦煤|国内,G3MMPS1,,苏桥,"4","2026-07-30 03:06:52",,A7,919940.0,采购中心,Mad,"1.10"
河南天元清洁能源有限公司,贫瘦煤|国内,G3MMPS1,,苏桥,"4","2026-07-30 03:06:52",,A7,919940.0,采购中心,St.d,"0.36"
河南天元清洁能源有限公司,贫瘦煤|国内,G3MMPS1,,苏桥,"4","2026-07-30 03:06:52",,A7,919940.0,采购中心,Vdaf,"12.59"
河南天元清洁能源有限公司,贫瘦煤|国内,G3MMPS1,,苏桥,"4","2026-07-30 03:06:52",,A7,919940.0,采购中心,水分,"12.4"
贵州盘江精煤股份有限公司,"1/3焦煤|1级|国内",G3MMSY1,,月亮田,"4","2026-07-30 02:51:05",,"5M",524640.0,采购中心,Ad,"11.32"
贵州盘江精煤股份有限公司,"1/3焦煤|1级|国内",G3MMSY1,,月亮田,"4","2026-07-30 02:51:05",,"5M",524640.0,采购中心,FCad,"56.89"
贵州盘江精煤股份有限公司,"1/3焦煤|1级|国内",G3MMSY1,,月亮田,"4","2026-07-30 02:51:05",,"5M",524640.0,采购中心,Mad,"1.21"
贵州盘江精煤股份有限公司,"1/3焦煤|1级|国内",G3MMSY1,,月亮田,"4","2026-07-30 02:51:05",,"5M",524640.0,采购中心,St.d,"0.73"
贵州盘江精煤股份有限公司,"1/3焦煤|1级|国内",G3MMSY1,,月亮田,"4","2026-07-30 02:51:05",,"5M",524640.0,采购中心,Vdaf,"35.06"
贵州盘江精煤股份有限公司,"1/3焦煤|1级|国内",G3MMSY1,,月亮田,"4","2026-07-30 02:51:05",,"5M",524640.0,采购中心,水分,"11.4"
石嘴山市惠农区永鑫工贸有限公司,主焦煤|1级|国内,G3MMZJ1,,惠农,"4","2026-07-30 02:34:47",,"4M",911300.0,采购中心,Ad,"10.42"
石嘴山市惠农区永鑫工贸有限公司,主焦煤|1级|国内,G3MMZJ1,,惠农,"4","2026-07-30 02:34:47",,"4M",911300.0,采购中心,FCad,"64.70"
石嘴山市惠农区永鑫工贸有限公司,主焦煤|1级|国内,G3MMZJ1,,惠农,"4","2026-07-30 02:34:47",,"4M",911300.0,采购中心,Mad,"1.38"
石嘴山市惠农区永鑫工贸有限公司,主焦煤|1级|国内,G3MMZJ1,,惠农,"4","2026-07-30 02:34:47",,"4M",911300.0,采购中心,St.d,"0.61"
石嘴山市惠农区永鑫工贸有限公司,主焦煤|1级|国内,G3MMZJ1,,惠农,"4","2026-07-30 02:34:47",,"4M",911300.0,采购中心,Vdaf,"26.76"
石嘴山市惠农区永鑫工贸有限公司,主焦煤|1级|国内,G3MMZJ1,,惠农,"4","2026-07-30 02:34:47",,"4M",911300.0,采购中心,水分,"10.2"
重庆皓联实业（集团）有限公司,主焦煤|2级|国内,G3MMZJD,,松坎,"4","2026-07-30 02:32:18",,"4M",204750.0,采购中心,Ad,"11.70"
重庆皓联实业（集团）有限公司,主焦煤|2级|国内,G3MMZJD,,松坎,"4","2026-07-30 02:32:18",,"4M",204750.0,采购中心,FCad,"69.16"
重庆皓联实业（集团）有限公司,主焦煤|2级|国内,G3MMZJD,,松坎,"4","2026-07-30 02:32:18",,"4M",204750.0,采购中心,Mad,"1.02"
重庆皓联实业（集团）有限公司,主焦煤|2级|国内,G3MMZJD,,松坎,"4","2026-07-30 02:32:18",,"4M",204750.0,采购中心,St.d,"1.55"
重庆皓联实业（集团）有限公司,主焦煤|2级|国内,G3MMZJD,,松坎,"4","2026-07-30 02:32:18",,"4M",204750.0,采购中心,Vdaf,"20.87"
重庆皓联实业（集团）有限公司,主焦煤|2级|国内,G3MMZJD,,松坎,"4","2026-07-30 02:32:18",,"4M",204750.0,采购中心,水分,"16.1"
石嘴山市惠农区永鑫工贸有限公司,主焦煤|1级|国内,G3MMZJ1,,惠农,"4","2026-07-30 00:43:17",,"1M",627130.0,采购中心,Ad,"10.07"
石嘴山市惠农区永鑫工贸有限公司,主焦煤|1级|国内,G3MMZJ1,,惠农,"4","2026-07-30 00:43:17",,"1M",627130.0,采购中心,FCad,"65.14"
石嘴山市惠农区永鑫工贸有限公司,主焦煤|1级|国内,G3MMZJ1,,惠农,"4","2026-07-30 00:43:17",,"1M",627130.0,采购中心,Mad,"1.45"
石嘴山市惠农区永鑫工贸有限公司,主焦煤|1级|国内,G3MMZJ1,,惠农,"4","2026-07-30 00:43:17",,"1M",627130.0,采购中心,St.d,"0.61"
石嘴山市惠农区永鑫工贸有限公司,主焦煤|1级|国内,G3MMZJ1,,惠农,"4","2026-07-30 00:43:17",,"1M",627130.0,采购中心,Vdaf,"26.50"
石嘴山市惠农区永鑫工贸有限公司,主焦煤|1级|国内,G3MMZJ1,,惠农,"4","2026-07-30 00:43:17",,"1M",627130.0,采购中心,水分,"9.4"
广西柳钢国际贸易有限公司,国内烧结无烟煤,G3MMSWM,,嘉峰,"4","2026-07-29 23:23:19",,,687770.0,采购中心,Ad,"10.76"
广西柳钢国际贸易有限公司,国内烧结无烟煤,G3MMSWM,,嘉峰,"4","2026-07-29 23:23:19",,,687770.0,采购中心,FCad,"81.43"
广西柳钢国际贸易有限公司,国内烧结无烟煤,G3MMSWM,,嘉峰,"4","2026-07-29 23:23:19",,,687770.0,采购中心,Mad,"2.24"
广西柳钢国际贸易有限公司,国内烧结无烟煤,G3MMSWM,,嘉峰,"4","2026-07-29 23:23:19",,,687770.0,采购中心,St.d,"0.34"
广西柳钢国际贸易有限公司,国内烧结无烟煤,G3MMSWM,,嘉峰,"4","2026-07-29 23:23:19",,,687770.0,采购中心,Vdaf,"6.66"
广西柳钢国际贸易有限公司,国内烧结无烟煤,G3MMSWM,,嘉峰,"4","2026-07-29 23:23:19",,,687770.0,采购中心,水分,"6.9"
广西柳钢国际贸易有限公司,主焦煤|3级|进口|蒙古5#,G3MMZJME,中达华星,贵港,"4","2026-07-29 22:20:23",,"4M",625310.0,采购中心,Ad,"11.40"
广西柳钢国际贸易有限公司,主焦煤|3级|进口|蒙古5#,G3MMZJME,中达华星,贵港,"4","2026-07-29 22:20:23",,"4M",625310.0,采购中心,FCad,"62.69"
广西柳钢国际贸易有限公司,主焦煤|3级|进口|蒙古5#,G3MMZJME,中达华星,贵港,"4","2026-07-29 22:20:23",,"4M",625310.0,采购中心,Mad,"1.79"
广西柳钢国际贸易有限公司,主焦煤|3级|进口|蒙古5#,G3MMZJME,中达华星,贵港,"4","2026-07-29 22:20:23",,"4M",625310.0,采购中心,St.d,"0.59"
广西柳钢国际贸易有限公司,主焦煤|3级|进口|蒙古5#,G3MMZJME,中达华星,贵港,"4","2026-07-29 22:20:23",,"4M",625310.0,采购中心,Vdaf,"27.95"
广西柳钢国际贸易有限公司,主焦煤|3级|进口|蒙古5#,G3MMZJME,中达华星,贵港,"4","2026-07-29 22:20:23",,"4M",625310.0,采购中心,水分,"11.2"
贵州盘江精煤股份有限公司,"1/3焦煤|1级|国内",G3MMSY1,,火铺,"4","2026-07-29 22:18:52",,"4M",204750.0,采购中心,Ad,"10.52"
贵州盘江精煤股份有限公司,"1/3焦煤|1级|国内",G3MMSY1,,火铺,"4","2026-07-29 22:18:52",,"4M",204750.0,采购中心,FCad,"61.26"
贵州盘江精煤股份有限公司,"1/3焦煤|1级|国内",G3MMSY1,,火铺,"4","2026-07-29 22:18:52",,"4M",204750.0,采购中心,Mad,"1.08"
贵州盘江精煤股份有限公司,"1/3焦煤|1级|国内",G3MMSY1,,火铺,"4","2026-07-29 22:18:52",,"4M",204750.0,采购中心,St.d,"0.42"
贵州盘江精煤股份有限公司,"1/3焦煤|1级|国内",G3MMSY1,,火铺,"4","2026-07-29 22:18:52",,"4M",204750.0,采购中心,Vdaf,"30.79"
贵州盘江精煤股份有限公司,"1/3焦煤|1级|国内",G3MMSY1,,火铺,"4","2026-07-29 22:18:52",,"4M",204750.0,采购中心,水分,"13.2"
石嘴山市惠农区永鑫工贸有限公司,主焦煤|1级|国内,G3MMZJ1,,惠农,"4","2026-07-29 20:41:42",,"1M",629640.0,采购中心,Ad,"10.31"
石嘴山市惠农区永鑫工贸有限公司,主焦煤|1级|国内,G3MMZJ1,,惠农,"4","2026-07-29 20:41:42",,"1M",629640.0,采购中心,FCad,"65.24"
石嘴山市惠农区永鑫工贸有限公司,主焦煤|1级|国内,G3MMZJ1,,惠农,"4","2026-07-29 20:41:42",,"1M",629640.0,采购中心,Mad,"1.46"
石嘴山市惠农区永鑫工贸有限公司,主焦煤|1级|国内,G3MMZJ1,,惠农,"4","2026-07-29 20:41:42",,"1M",629640.0,采购中心,St.d,"0.65"
石嘴山市惠农区永鑫工贸有限公司,主焦煤|1级|国内,G3MMZJ1,,惠农,"4","2026-07-29 20:41:42",,"1M",629640.0,采购中心,Vdaf,"26.18"
石嘴山市惠农区永鑫工贸有限公司,主焦煤|1级|国内,G3MMZJ1,,惠农,"4","2026-07-29 20:41:42",,"1M",629640.0,采购中心,水分,"9.5"
广西柳钢国际贸易有限公司,主焦煤|1级|进口|加拿大|瑞峰,G3MMZJC,清水河,防城港,"4","2026-07-29 17:49:09",,"5M",3291880.0,采购中心,Ad,"9.58"
广西柳钢国际贸易有限公司,主焦煤|1级|进口|加拿大|瑞峰,G3MMZJC,清水河,防城港,"4","2026-07-29 17:49:09",,"5M",3291880.0,采购中心,FCad,"65.19"
广西柳钢国际贸易有限公司,主焦煤|1级|进口|加拿大|瑞峰,G3MMZJC,清水河,防城港,"4","2026-07-29 17:49:09",,"5M",3291880.0,采购中心,Mad,"1.32"
广西柳钢国际贸易有限公司,主焦煤|1级|进口|加拿大|瑞峰,G3MMZJC,清水河,防城港,"4","2026-07-29 17:49:09",,"5M",3291880.0,采购中心,St.d,"0.46"
广西柳钢国际贸易有限公司,主焦煤|1级|进口|加拿大|瑞峰,G3MMZJC,清水河,防城港,"4","2026-07-29 17:49:09",,"5M",3291880.0,采购中心,Vdaf,"26.94"
广西柳钢国际贸易有限公司,主焦煤|1级|进口|加拿大|瑞峰,G3MMZJC,清水河,防城港,"4","2026-07-29 17:49:09",,"5M",3291880.0,采购中心,水分,"11.8"
宁夏众泰煤业有限公司,主焦煤|1级|国内,G3MMZJ1,,惠农,"4","2026-07-29 16:52:45",,"1M",706830.0,采购中心,Ad,"11.03"
宁夏众泰煤业有限公司,主焦煤|1级|国内,G3MMZJ1,,惠农,"4","2026-07-29 16:52:45",,"1M",706830.0,采购中心,FCad,"66.56"
宁夏众泰煤业有限公司,主焦煤|1级|国内,G3MMZJ1,,惠农,"4","2026-07-29 16:52:45",,"1M",706830.0,采购中心,Mad,"1.43"
宁夏众泰煤业有限公司,主焦煤|1级|国内,G3MMZJ1,,惠农,"4","2026-07-29 16:52:45",,"1M",706830.0,采购中心,St.d,"0.71"
宁夏众泰煤业有限公司,主焦煤|1级|国内,G3MMZJ1,,惠农,"4","2026-07-29 16:52:45",,"1M",706830.0,采购中心,Vdaf,"24.10"
宁夏众泰煤业有限公司,主焦煤|1级|国内,G3MMZJ1,,惠农,"4","2026-07-29 16:52:45",,"1M",706830.0,采购中心,水分,"10.7"
焦化厂,炼焦配合煤,A2MMJPM,,,"4","2026-07-29 16:42:11",喷吹用煤（原料）,,,采购中心,Ad,"10.41"
焦化厂,炼焦配合煤,A2MMJPM,,,"4","2026-07-29 16:42:11",喷吹用煤（原料）,,,采购中心,Ad,"10.34"
焦化厂,炼焦配合煤,A2MMJPM,,,"4","2026-07-29 16:42:11",喷吹用煤（原料）,,,采购中心,FCad,"61.13"
焦化厂,炼焦配合煤,A2MMJPM,,,"4","2026-07-29 16:42:11",喷吹用煤（原料）,,,采购中心,FCad,"57.97"
焦化厂,炼焦配合煤,A2MMJPM,,,"4","2026-07-29 16:42:11",喷吹用煤（原料）,,,采购中心,Mad,"2.15"
焦化厂,炼焦配合煤,A2MMJPM,,,"4","2026-07-29 16:42:11",喷吹用煤（原料）,,,采购中心,Mad,"0.96"
焦化厂,炼焦配合煤,A2MMJPM,,,"4","2026-07-29 16:42:11",喷吹用煤（原料）,,,采购中心,St.d,"0.85"
焦化厂,炼焦配合煤,A2MMJPM,,,"4","2026-07-29 16:42:11",喷吹用煤（原料）,,,采购中心,St.d,"0.41"
焦化厂,炼焦配合煤,A2MMJPM,,,"4","2026-07-29 16:42:11",喷吹用煤（原料）,,,采购中心,Vdaf,"31.16"
焦化厂,炼焦配合煤,A2MMJPM,,,"4","2026-07-29 16:42:11",喷吹用煤（原料）,,,采购中心,Vdaf,"33.87"
焦化厂,炼焦配合煤,A2MMJPM,,,"4","2026-07-29 16:42:11",喷吹用煤（原料）,,,采购中心,水分,"5.8"
焦化厂,炼焦配合煤,A2MMJPM,,,"4","2026-07-29 16:42:11",喷吹用煤（原料）,,,采购中心,水分,"11.0"
焦化厂,炼焦配合煤,A2MMJPM,,,"4","2026-07-29 16:42:10",喷吹用煤（原料）,,,采购中心,Ad,"10.56"
焦化厂,炼焦配合煤,A2MMJPM,,,"4","2026-07-29 16:42:10",喷吹用煤（原料）,,,采购中心,FCad,"57.73"
焦化厂,炼焦配合煤,A2MMJPM,,,"4","2026-07-29 16:42:10",喷吹用煤（原料）,,,采购中心,Mad,"2.17"
焦化厂,炼焦配合煤,A2MMJPM,,,"4","2026-07-29 16:42:10",喷吹用煤（原料）,,,采购中心,St.d,"0.86"
焦化厂,炼焦配合煤,A2MMJPM,,,"4","2026-07-29 16:42:10",喷吹用煤（原料）,,,采购中心,Vdaf,"34.02"
焦化厂,炼焦配合煤,A2MMJPM,,,"4","2026-07-29 16:42:10",喷吹用煤（原料）,,,采购中心,水分,"5.8"
广西柳钢国际贸易有限公司,国内烧结无烟煤,G3MMSWM,,嘉峰,"4","2026-07-29 15:26:31",,,703600.0,采购中心,Ad,"11.14"
广西柳钢国际贸易有限公司,国内烧结无烟煤,G3MMSWM,,嘉峰,"4","2026-07-29 15:26:31",,,703600.0,采购中心,FCad,"81.26"
广西柳钢国际贸易有限公司,国内烧结无烟煤,G3MMSWM,,嘉峰,"4","2026-07-29 15:26:31",,,703600.0,采购中心,Mad,"2.08"
广西柳钢国际贸易有限公司,国内烧结无烟煤,G3MMSWM,,嘉峰,"4","2026-07-29 15:26:31",,,703600.0,采购中心,St.d,"0.33"
广西柳钢国际贸易有限公司,国内烧结无烟煤,G3MMSWM,,嘉峰,"4","2026-07-29 15:26:31",,,703600.0,采购中心,Vdaf,"6.61"
广西柳钢国际贸易有限公司,国内烧结无烟煤,G3MMSWM,,嘉峰,"4","2026-07-29 15:26:31",,,703600.0,采购中心,水分,"7.6"
河南天元清洁能源有限公司,贫瘦煤|国内,G3MMPS1,,苏桥,"4","2026-07-29 15:10:19",,A7,621350.0,采购中心,Ad,"10.87"
河南天元清洁能源有限公司,贫瘦煤|国内,G3MMPS1,,苏桥,"4","2026-07-29 15:10:19",,A7,621350.0,采购中心,FCad,"76.29"
河南天元清洁能源有限公司,贫瘦煤|国内,G3MMPS1,,苏桥,"4","2026-07-29 15:10:19",,A7,621350.0,采购中心,Mad,"1.49"
河南天元清洁能源有限公司,贫瘦煤|国内,G3MMPS1,,苏桥,"4","2026-07-29 15:10:19",,A7,621350.0,采购中心,St.d,"0.35"
河南天元清洁能源有限公司,贫瘦煤|国内,G3MMPS1,,苏桥,"4","2026-07-29 15:10:19",,A7,621350.0,采购中心,Vdaf,"13.11"
河南天元清洁能源有限公司,贫瘦煤|国内,G3MMPS1,,苏桥,"4","2026-07-29 15:10:19",,A7,621350.0,采购中心,水分,"12.5"
贵州盘江精煤股份有限公司,"1/3焦煤|1级|国内",G3MMSY1,,火铺,"4","2026-07-29 14:23:35",,"5M",736070.0,采购中心,Ad,"10.41"
贵州盘江精煤股份有限公司,"1/3焦煤|1级|国内",G3MMSY1,,火铺,"4","2026-07-29 14:23:35",,"5M",736070.0,采购中心,FCad,"61.69"
贵州盘江精煤股份有限公司,"1/3焦煤|1级|国内",G3MMSY1,,火铺,"4","2026-07-29 14:23:35",,"5M",736070.0,采购中心,Mad,"1.12"
贵州盘江精煤股份有限公司,"1/3焦煤|1级|国内",G3MMSY1,,火铺,"4","2026-07-29 14:23:35",,"5M",736070.0,采购中心,St.d,"0.46"
贵州盘江精煤股份有限公司,"1/3焦煤|1级|国内",G3MMSY1,,火铺,"4","2026-07-29 14:23:35",,"5M",736070.0,采购中心,Vdaf,"30.36"
贵州盘江精煤股份有限公司,"1/3焦煤|1级|国内",G3MMSY1,,火铺,"4","2026-07-29 14:23:35",,"5M",736070.0,采购中心,水分,"13.0"
广西柳钢国际贸易有限公司,贫瘦煤|国内,G3MMPS1,德邻惠航,,"4","2026-07-29 13:26:55",,,633350.0,采购中心,Ad,"10.58"
广西柳钢国际贸易有限公司,贫瘦煤|国内,G3MMPS1,德邻惠航,,"4","2026-07-29 13:26:55",,,633350.0,采购中心,FCad,"71.14"
广西柳钢国际贸易有限公司,贫瘦煤|国内,G3MMPS1,德邻惠航,,"4","2026-07-29 13:26:55",,,633350.0,采购中心,Mad,"4.34"
广西柳钢国际贸易有限公司,贫瘦煤|国内,G3MMPS1,德邻惠航,,"4","2026-07-29 13:26:55",,,633350.0,采购中心,St.d,"0.55"
广西柳钢国际贸易有限公司,贫瘦煤|国内,G3MMPS1,德邻惠航,,"4","2026-07-29 13:26:55",,,633350.0,采购中心,Vdaf,"16.83"
广西柳钢国际贸易有限公司,贫瘦煤|国内,G3MMPS1,德邻惠航,,"4","2026-07-29 13:26:55",,,633350.0,采购中心,水分,"12.7"
宁夏众泰煤业有限公司,主焦煤|1级|国内,G3MMZJ1,,惠农,"4","2026-07-29 12:19:20",,"1M",606470.0,采购中心,Ad,"11.06"
宁夏众泰煤业有限公司,主焦煤|1级|国内,G3MMZJ1,,惠农,"4","2026-07-29 12:19:20",,"1M",606470.0,采购中心,FCad,"66.51"
宁夏众泰煤业有限公司,主焦煤|1级|国内,G3MMZJ1,,惠农,"4","2026-07-29 12:19:20",,"1M",606470.0,采购中心,Mad,"1.49"
宁夏众泰煤业有限公司,主焦煤|1级|国内,G3MMZJ1,,惠农,"4","2026-07-29 12:19:20",,"1M",606470.0,采购中心,St.d,"0.69"
宁夏众泰煤业有限公司,主焦煤|1级|国内,G3MMZJ1,,惠农,"4","2026-07-29 12:19:20",,"1M",606470.0,采购中心,Vdaf,"24.08"
宁夏众泰煤业有限公司,主焦煤|1级|国内,G3MMZJ1,,惠农,"4","2026-07-29 12:19:20",,"1M",606470.0,采购中心,水分,"10.6"
广西柳钢国际贸易有限公司,气煤|进口|E|AEJ,G3MMQQD,金牛,防城港,"4","2026-07-29 11:43:21",,"4M",3471090.0,采购中心,Ad,"11.35"
广西柳钢国际贸易有限公司,气煤|进口|E|AEJ,G3MMQQD,金牛,防城港,"4","2026-07-29 11:43:21",,"4M",3471090.0,采购中心,FCad,"56.00"
广西柳钢国际贸易有限公司,气煤|进口|E|AEJ,G3MMQQD,金牛,防城港,"4","2026-07-29 11:43:21",,"4M",3471090.0,采购中心,Mad,"1.57"
广西柳钢国际贸易有限公司,气煤|进口|E|AEJ,G3MMQQD,金牛,防城港,"4","2026-07-29 11:43:21",,"4M",3471090.0,采购中心,St.d,"0.27"
广西柳钢国际贸易有限公司,气煤|进口|E|AEJ,G3MMQQD,金牛,防城港,"4","2026-07-29 11:43:21",,"4M",3471090.0,采购中心,Vdaf,"35.82"
广西柳钢国际贸易有限公司,气煤|进口|E|AEJ,G3MMQQD,金牛,防城港,"4","2026-07-29 11:43:21",,"4M",3471090.0,采购中心,水分,"11.7"
山西潞安环保能源开发股份有限公司,贫瘦煤|国内,G3MMPS1,,长治北,"4","2026-07-29 11:13:22",,A2,3506640.0,采购中心,Ad,"10.49"
山西潞安环保能源开发股份有限公司,贫瘦煤|国内,G3MMPS1,,长治北,"4","2026-07-29 11:13:22",,A2,3506640.0,采购中心,FCad,"77.18"
山西潞安环保能源开发股份有限公司,贫瘦煤|国内,G3MMPS1,,长治北,"4","2026-07-29 11:13:22",,A2,3506640.0,采购中心,Mad,"1.09"
山西潞安环保能源开发股份有限公司,贫瘦煤|国内,G3MMPS1,,长治北,"4","2026-07-29 11:13:22",,A2,3506640.0,采购中心,St.d,"0.34"
山西潞安环保能源开发股份有限公司,贫瘦煤|国内,G3MMPS1,,长治北,"4","2026-07-29 11:13:22",,A2,3506640.0,采购中心,Vdaf,"12.82"
山西潞安环保能源开发股份有限公司,贫瘦煤|国内,G3MMPS1,,长治北,"4","2026-07-29 11:13:22",,A2,3506640.0,采购中心,水分,"10.1"
贵州盘江精煤股份有限公司,"1/3焦煤|1级|国内",G3MMSY1,,火铺,"4","2026-07-29 10:19:24",,"5M",931260.0,采购中心,Ad,"10.34"
贵州盘江精煤股份有限公司,"1/3焦煤|1级|国内",G3MMSY1,,火铺,"4","2026-07-29 10:19:24",,"5M",931260.0,采购中心,FCad,"61.65"
贵州盘江精煤股份有限公司,"1/3焦煤|1级|国内",G3MMSY1,,火铺,"4","2026-07-29 10:19:24",,"5M",931260.0,采购中心,Mad,"1.04"
贵州盘江精煤股份有限公司,"1/3焦煤|1级|国内",G3MMSY1,,火铺,"4","2026-07-29 10:19:24",,"5M",931260.0,采购中心,St.d,"0.45"
贵州盘江精煤股份有限公司,"1/3焦煤|1级|国内",G3MMSY1,,火铺,"4","2026-07-29 10:19:24",,"5M",931260.0,采购中心,Vdaf,"30.52"
贵州盘江精煤股份有限公司,"1/3焦煤|1级|国内",G3MMSY1,,火铺,"4","2026-07-29 10:19:24",,"5M",931260.0,采购中心,水分,"12.8"
广西柳钢国际贸易有限公司,贫瘦煤|国内,G3MMPS1,德邻惠航,,"4","2026-07-29 09:38:37",,,590500.0,采购中心,Ad,"10.76"
广西柳钢国际贸易有限公司,贫瘦煤|国内,G3MMPS1,德邻惠航,,"4","2026-07-29 09:38:37",,,590500.0,采购中心,FCad,"72.17"
广西柳钢国际贸易有限公司,贫瘦煤|国内,G3MMPS1,德邻惠航,,"4","2026-07-29 09:38:37",,,590500.0,采购中心,Mad,"3.39"
广西柳钢国际贸易有限公司,贫瘦煤|国内,G3MMPS1,德邻惠航,,"4","2026-07-29 09:38:37",,,590500.0,采购中心,St.d,"0.56"
广西柳钢国际贸易有限公司,贫瘦煤|国内,G3MMPS1,德邻惠航,,"4","2026-07-29 09:38:37",,,590500.0,采购中心,Vdaf,"16.29"
广西柳钢国际贸易有限公司,贫瘦煤|国内,G3MMPS1,德邻惠航,,"4","2026-07-29 09:38:37",,,590500.0,采购中心,水分,"11.6"
石嘴山市惠农区永鑫工贸有限公司,主焦煤|1级|国内,G3MMZJ1,,惠农,"4","2026-07-29 08:38:55",,"1M",418920.0,采购中心,Ad,"10.49"
石嘴山市惠农区永鑫工贸有限公司,主焦煤|1级|国内,G3MMZJ1,,惠农,"4","2026-07-29 08:38:55",,"1M",418920.0,采购中心,FCad,"64.76"
石嘴山市惠农区永鑫工贸有限公司,主焦煤|1级|国内,G3MMZJ1,,惠农,"4","2026-07-29 08:38:55",,"1M",418920.0,采购中心,Mad,"1.36"
石嘴山市惠农区永鑫工贸有限公司,主焦煤|1级|国内,G3MMZJ1,,惠农,"4","2026-07-29 08:38:55",,"1M",418920.0,采购中心,St.d,"0.67"
石嘴山市惠农区永鑫工贸有限公司,主焦煤|1级|国内,G3MMZJ1,,惠农,"4","2026-07-29 08:38:55",,"1M",418920.0,采购中心,Vdaf,"26.65"
石嘴山市惠农区永鑫工贸有限公司,主焦煤|1级|国内,G3MMZJ1,,惠农,"4","2026-07-29 08:38:55",,"1M",418920.0,采购中心,水分,"9.5"
河南天元清洁能源有限公司,贫瘦煤|国内,G3MMPS1,,苏桥,"4","2026-07-29 07:12:40",,A7,566700.0,采购中心,Ad,"10.10"
河南天元清洁能源有限公司,贫瘦煤|国内,G3MMPS1,,苏桥,"4","2026-07-29 07:12:40",,A7,566700.0,采购中心,FCad,"77.79"
河南天元清洁能源有限公司,贫瘦煤|国内,G3MMPS1,,苏桥,"4","2026-07-29 07:12:40",,A7,566700.0,采购中心,Mad,"1.29"
河南天元清洁能源有限公司,贫瘦煤|国内,G3MMPS1,,苏桥,"4","2026-07-29 07:12:40",,A7,566700.0,采购中心,St.d,"0.36"
河南天元清洁能源有限公司,贫瘦煤|国内,G3MMPS1,,苏桥,"4","2026-07-29 07:12:40",,A7,566700.0,采购中心,Vdaf,"12.34"
河南天元清洁能源有限公司,贫瘦煤|国内,G3MMPS1,,苏桥,"4","2026-07-29 07:12:40",,A7,566700.0,采购中心,水分,"13.1"
西部红果煤炭交易有限公司,主焦煤|3级|国内,G3MMZJF,,大湾,"4","2026-07-29 06:22:17",,A2,679830.0,采购中心,Ad,"12.09"
西部红果煤炭交易有限公司,主焦煤|3级|国内,G3MMZJF,,大湾,"4","2026-07-29 06:22:17",,A2,679830.0,采购中心,FCad,"64.41"
西部红果煤炭交易有限公司,主焦煤|3级|国内,G3MMZJF,,大湾,"4","2026-07-29 06:22:17",,A2,679830.0,采购中心,Mad,"0.82"
西部红果煤炭交易有限公司,主焦煤|3级|国内,G3MMZJF,,大湾,"4","2026-07-29 06:22:17",,A2,679830.0,采购中心,St.d,"1.22"
西部红果煤炭交易有限公司,主焦煤|3级|国内,G3MMZJF,,大湾,"4","2026-07-29 06:22:17",,A2,679830.0,采购中心,Vdaf,"26.13"
西部红果煤炭交易有限公司,主焦煤|3级|国内,G3MMZJF,,大湾,"4","2026-07-29 06:22:17",,A2,679830.0,采购中心,水分,"12.9"
西部红果煤炭交易有限公司,主焦煤|3级|国内,G3MMZJF,,大湾,"4","2026-07-29 05:46:23",,A2,676930.0,采购中心,Ad,"12.35"
西部红果煤炭交易有限公司,主焦煤|3级|国内,G3MMZJF,,大湾,"4","2026-07-29 05:46:23",,A2,676930.0,采购中心,FCad,"63.99"
西部红果煤炭交易有限公司,主焦煤|3级|国内,G3MMZJF,,大湾,"4","2026-07-29 05:46:23",,A2,676930.0,采购中心,Mad,"0.88"
西部红果煤炭交易有限公司,主焦煤|3级|国内,G3MMZJF,,大湾,"4","2026-07-29 05:46:23",,A2,676930.0,采购中心,St.d,"1.19"
西部红果煤炭交易有限公司,主焦煤|3级|国内,G3MMZJF,,大湾,"4","2026-07-29 05:46:23",,A2,676930.0,采购中心,Vdaf,"26.35"
西部红果煤炭交易有限公司,主焦煤|3级|国内,G3MMZJF,,大湾,"4","2026-07-29 05:46:23",,A2,676930.0,采购中心,水分,"13.3"
广西柳钢国际贸易有限公司,国内烧结无烟煤,G3MMSWM,,嘉峰,"4","2026-07-29 04:54:50",,,139960.0,采购中心,Ad,"11.17"
广西柳钢国际贸易有限公司,国内烧结无烟煤,G3MMSWM,,嘉峰,"4","2026-07-29 04:54:50",,,139960.0,采购中心,FCad,"81.39"
广西柳钢国际贸易有限公司,国内烧结无烟煤,G3MMSWM,,嘉峰,"4","2026-07-29 04:54:50",,,139960.0,采购中心,Mad,"1.91"
广西柳钢国际贸易有限公司,国内烧结无烟煤,G3MMSWM,,嘉峰,"4","2026-07-29 04:54:50",,,139960.0,采购中心,St.d,"0.36"
广西柳钢国际贸易有限公司,国内烧结无烟煤,G3MMSWM,,嘉峰,"4","2026-07-29 04:54:50",,,139960.0,采购中心,Vdaf,"6.59"
广西柳钢国际贸易有限公司,国内烧结无烟煤,G3MMSWM,,嘉峰,"4","2026-07-29 04:54:50",,,139960.0,采购中心,水分,"7.3"
广西钢铁集团有限公司,主焦煤|2级|国内,G3MMZJD,振洋运,贵港,"4","2026-07-29 04:09:30",,,519590.0,采购中心,水分,"9.7"
湖南湘煤精煤有限公司,主焦煤|1级|国内,G3MMZJ1,,三都,"4","2026-07-29 03:42:51",,"1M",529330.0,采购中心,Ad,"9.51"
湖南湘煤精煤有限公司,主焦煤|1级|国内,G3MMZJ1,,三都,"4","2026-07-29 03:42:51",,"1M",529330.0,采购中心,FCad,"66.56"
湖南湘煤精煤有限公司,主焦煤|1级|国内,G3MMZJ1,,三都,"4","2026-07-29 03:42:51",,"1M",529330.0,采购中心,Mad,"0.90"
湖南湘煤精煤有限公司,主焦煤|1级|国内,G3MMZJ1,,三都,"4","2026-07-29 03:42:51",,"1M",529330.0,采购中心,St.d,"0.61"
湖南湘煤精煤有限公司,主焦煤|1级|国内,G3MMZJ1,,三都,"4","2026-07-29 03:42:51",,"1M",529330.0,采购中心,Vdaf,"25.78"
湖南湘煤精煤有限公司,主焦煤|1级|国内,G3MMZJ1,,三都,"4","2026-07-29 03:42:51",,"1M",529330.0,采购中心,水分,"12.0"
湖南湘煤精煤有限公司,主焦煤|1级|国内,G3MMZJ1,,三都,"4","2026-07-28 23:21:48",,"1M",514780.0,采购中心,Ad,"9.75"
湖南湘煤精煤有限公司,主焦煤|1级|国内,G3MMZJ1,,三都,"4","2026-07-28 23:21:48",,"1M",514780.0,采购中心,FCad,"65.77"
湖南湘煤精煤有限公司,主焦煤|1级|国内,G3MMZJ1,,三都,"4","2026-07-28 23:21:48",,"1M",514780.0,采购中心,Mad,"0.97"
湖南湘煤精煤有限公司,主焦煤|1级|国内,G3MMZJ1,,三都,"4","2026-07-28 23:21:48",,"1M",514780.0,采购中心,St.d,"0.65"
湖南湘煤精煤有限公司,主焦煤|1级|国内,G3MMZJ1,,三都,"4","2026-07-28 23:21:48",,"1M",514780.0,采购中心,Vdaf,"26.41"
湖南湘煤精煤有限公司,主焦煤|1级|国内,G3MMZJ1,,三都,"4","2026-07-28 23:21:48",,"1M",514780.0,采购中心,水分,"12.5"
重庆百丰实业有限公司,主焦煤|2级|国内,G3MMZJD,,松坎,"4","2026-07-28 23:09:14",,"4M",545840.0,采购中心,Ad,"11.87"
重庆百丰实业有限公司,主焦煤|2级|国内,G3MMZJD,,松坎,"4","2026-07-28 23:09:14",,"4M",545840.0,采购中心,FCad,"68.66"
重庆百丰实业有限公司,主焦煤|2级|国内,G3MMZJD,,松坎,"4","2026-07-28 23:09:14",,"4M",545840.0,采购中心,Mad,"0.98"
重庆百丰实业有限公司,主焦煤|2级|国内,G3MMZJD,,松坎,"4","2026-07-28 23:09:14",,"4M",545840.0,采购中心,St.d,"1.59"
重庆百丰实业有限公司,主焦煤|2级|国内,G3MMZJD,,松坎,"4","2026-07-28 23:09:14",,"4M",545840.0,采购中心,Vdaf,"21.32"
重庆百丰实业有限公司,主焦煤|2级|国内,G3MMZJD,,松坎,"4","2026-07-28 23:09:14",,"4M",545840.0,采购中心,水分,"13.9"
广西柳钢国际贸易有限公司,国内烧结无烟煤,G3MMSWM,,嘉峰,"4","2026-07-28 21:24:54",,,966990.0,采购中心,Ad,"11.37"
广西柳钢国际贸易有限公司,国内烧结无烟煤,G3MMSWM,,嘉峰,"4","2026-07-28 21:24:54",,,966990.0,采购中心,FCad,"81.04"
广西柳钢国际贸易有限公司,国内烧结无烟煤,G3MMSWM,,嘉峰,"4","2026-07-28 21:24:54",,,966990.0,采购中心,Mad,"1.94"
广西柳钢国际贸易有限公司,国内烧结无烟煤,G3MMSWM,,嘉峰,"4","2026-07-28 21:24:54",,,966990.0,采购中心,St.d,"0.36"
广西柳钢国际贸易有限公司,国内烧结无烟煤,G3MMSWM,,嘉峰,"4","2026-07-28 21:24:54",,,966990.0,采购中心,Vdaf,"6.75"
广西柳钢国际贸易有限公司,国内烧结无烟煤,G3MMSWM,,嘉峰,"4","2026-07-28 21:24:54",,,966990.0,采购中心,水分,"6.1"
国家能源投资集团有限责任公司煤炭经营分公司,烟煤|国内,G3MMYY1,,大保当,"4","2026-07-28 21:22:02",,,203350.0,采购中心,Ad,"8.10"
国家能源投资集团有限责任公司煤炭经营分公司,烟煤|国内,G3MMYY1,,大保当,"4","2026-07-28 21:22:02",,,203350.0,采购中心,FCad,"53.74"
国家能源投资集团有限责任公司煤炭经营分公司,烟煤|国内,G3MMYY1,,大保当,"4","2026-07-28 21:22:02",,,203350.0,采购中心,Mad,"4.43"
国家能源投资集团有限责任公司煤炭经营分公司,烟煤|国内,G3MMYY1,,大保当,"4","2026-07-28 21:22:02",,,203350.0,采购中心,St.d,"0.57"
国家能源投资集团有限责任公司煤炭经营分公司,烟煤|国内,G3MMYY1,,大保当,"4","2026-07-28 21:22:02",,,203350.0,采购中心,Vdaf,"38.81"
国家能源投资集团有限责任公司煤炭经营分公司,烟煤|国内,G3MMYY1,,大保当,"4","2026-07-28 21:22:02",,,203350.0,采购中心,水分,"9.1"
西部红果煤炭交易有限公司,主焦煤|3级|国内,G3MMZJF,,大湾,"4","2026-07-28 21:20:27",,"4M",315550.0,采购中心,Ad,"11.07"
西部红果煤炭交易有限公司,主焦煤|3级|国内,G3MMZJF,,大湾,"4","2026-07-28 21:20:27",,"4M",315550.0,采购中心,FCad,"65.30"
西部红果煤炭交易有限公司,主焦煤|3级|国内,G3MMZJF,,大湾,"4","2026-07-28 21:20:27",,"4M",315550.0,采购中心,Mad,"0.77"
西部红果煤炭交易有限公司,主焦煤|3级|国内,G3MMZJF,,大湾,"4","2026-07-28 21:20:27",,"4M",315550.0,采购中心,St.d,"1.18"
西部红果煤炭交易有限公司,主焦煤|3级|国内,G3MMZJF,,大湾,"4","2026-07-28 21:20:27",,"4M",315550.0,采购中心,Vdaf,"26.01"
西部红果煤炭交易有限公司,主焦煤|3级|国内,G3MMZJF,,大湾,"4","2026-07-28 21:20:27",,"4M",315550.0,采购中心,水分,"12.3"
河南天元清洁能源有限公司,贫瘦煤|国内,G3MMPS1,,苏桥,"4","2026-07-28 21:19:46",,A7,588830.0,采购中心,Ad,"10.15"
河南天元清洁能源有限公司,贫瘦煤|国内,G3MMPS1,,苏桥,"4","2026-07-28 21:19:46",,A7,588830.0,采购中心,FCad,"77.87"
河南天元清洁能源有限公司,贫瘦煤|国内,G3MMPS1,,苏桥,"4","2026-07-28 21:19:46",,A7,588830.0,采购中心,Mad,"1.22"
河南天元清洁能源有限公司,贫瘦煤|国内,G3MMPS1,,苏桥,"4","2026-07-28 21:19:46",,A7,588830.0,采购中心,St.d,"0.37"
河南天元清洁能源有限公司,贫瘦煤|国内,G3MMPS1,,苏桥,"4","2026-07-28 21:19:46",,A7,588830.0,采购中心,Vdaf,"12.26"
河南天元清洁能源有限公司,贫瘦煤|国内,G3MMPS1,,苏桥,"4","2026-07-28 21:19:46",,A7,588830.0,采购中心,水分,"13.3"
广西柳钢国际贸易有限公司,主焦煤|3级|进口|澳洲|Daunia,G3MMZJMH,流星,防城港,"4","2026-07-28 19:26:49",,"5M",3105820.0,采购中心,Ad,"8.24"
广西柳钢国际贸易有限公司,主焦煤|3级|进口|澳洲|Daunia,G3MMZJMH,流星,防城港,"4","2026-07-28 19:26:49",,"5M",3105820.0,采购中心,FCad,"69.91"
广西柳钢国际贸易有限公司,主焦煤|3级|进口|澳洲|Daunia,G3MMZJMH,流星,防城港,"4","2026-07-28 19:26:49",,"5M",3105820.0,采购中心,Mad,"1.18"
广西柳钢国际贸易有限公司,主焦煤|3级|进口|澳洲|Daunia,G3MMZJMH,流星,防城港,"4","2026-07-28 19:26:49",,"5M",3105820.0,采购中心,St.d,"0.41"
广西柳钢国际贸易有限公司,主焦煤|3级|进口|澳洲|Daunia,G3MMZJMH,流星,防城港,"4","2026-07-28 19:26:49",,"5M",3105820.0,采购中心,Vdaf,"22.90"
广西柳钢国际贸易有限公司,主焦煤|3级|进口|澳洲|Daunia,G3MMZJMH,流星,防城港,"4","2026-07-28 19:26:49",,"5M",3105820.0,采购中心,水分,"12.0"
炼铁总厂,国内烧结无烟煤,G3MMSWM,,,"4","2026-07-28 17:28:07",烧结用煤,,,采购中心,Ad,"12.42"
炼铁总厂,国内烧结无烟煤,G3MMSWM,,,"4","2026-07-28 17:28:07",烧结用煤,,,采购中心,Ad,"11.76"
炼铁总厂,国内烧结无烟煤,G3MMSWM,,,"4","2026-07-28 17:28:07",烧结用煤,,,采购中心,Cad,"80.88"
炼铁总厂,国内烧结无烟煤,G3MMSWM,,,"4","2026-07-28 17:28:07",烧结用煤,,,采购中心,Cad,"81.25"
炼铁总厂,国内烧结无烟煤,G3MMSWM,,,"4","2026-07-28 17:28:07",烧结用煤,,,采购中心,FCad,"81.24"
炼铁总厂,国内烧结无烟煤,G3MMSWM,,,"4","2026-07-28 17:28:07",烧结用煤,,,采购中心,FCad,"80.93"
炼铁总厂,国内烧结无烟煤,G3MMSWM,,,"4","2026-07-28 17:28:07",烧结用煤,,,采购中心,Had,"1.96"
炼铁总厂,国内烧结无烟煤,G3MMSWM,,,"4","2026-07-28 17:28:07",烧结用煤,,,采购中心,Had,"2.58"
炼铁总厂,国内烧结无烟煤,G3MMSWM,,,"4","2026-07-28 17:28:07",烧结用煤,,,采购中心,Mad,"1.92"
炼铁总厂,国内烧结无烟煤,G3MMSWM,,,"4","2026-07-28 17:28:07",烧结用煤,,,采购中心,Mad,"1.91"
炼铁总厂,国内烧结无烟煤,G3MMSWM,,,"4","2026-07-28 17:28:07",烧结用煤,,,采购中心,St.d,"0.46"
炼铁总厂,国内烧结无烟煤,G3MMSWM,,,"4","2026-07-28 17:28:07",烧结用煤,,,采购中心,St.d,"0.36"
炼铁总厂,国内烧结无烟煤,G3MMSWM,,,"4","2026-07-28 17:28:07",烧结用煤,,,采购中心,Vdaf,"5.44"
炼铁总厂,国内烧结无烟煤,G3MMSWM,,,"4","2026-07-28 17:28:07",烧结用煤,,,采购中心,Vdaf,"6.49"
炼铁总厂,国内烧结无烟煤,G3MMSWM,,,"4","2026-07-28 17:28:07",烧结用煤,,,采购中心,水分,"7.5"
炼铁总厂,国内烧结无烟煤,G3MMSWM,,,"4","2026-07-28 17:28:07",烧结用煤,,,采购中心,水分,"8.5"
贵州盘江精煤股份有限公司,"1/3焦煤|1级|国内",G3MMSY1,,火铺,"4","2026-07-28 16:53:17",,"5M",141490.0,采购中心,Ad,"10.35"
贵州盘江精煤股份有限公司,"1/3焦煤|1级|国内",G3MMSY1,,火铺,"4","2026-07-28 16:53:17",,"5M",141490.0,采购中心,FCad,"61.83"
贵州盘江精煤股份有限公司,"1/3焦煤|1级|国内",G3MMSY1,,火铺,"4","2026-07-28 16:53:17",,"5M",141490.0,采购中心,Mad,"1.02"
贵州盘江精煤股份有限公司,"1/3焦煤|1级|国内",G3MMSY1,,火铺,"4","2026-07-28 16:53:17",,"5M",141490.0,采购中心,St.d,"0.45"
贵州盘江精煤股份有限公司,"1/3焦煤|1级|国内",G3MMSY1,,火铺,"4","2026-07-28 16:53:17",,"5M",141490.0,采购中心,Vdaf,"30.32"
贵州盘江精煤股份有限公司,"1/3焦煤|1级|国内",G3MMSY1,,火铺,"4","2026-07-28 16:53:17",,"5M",141490.0,采购中心,水分,"12.0"
焦化厂,炼焦配合煤,A2MMJPM,,,"4","2026-07-28 16:51:01",喷吹用煤（原料）,,,采购中心,Ad,"10.09"
焦化厂,炼焦配合煤,A2MMJPM,,,"4","2026-07-28 16:51:01",喷吹用煤（原料）,,,采购中心,Ad,"9.89"
焦化厂,炼焦配合煤,A2MMJPM,,,"4","2026-07-28 16:51:01",喷吹用煤（原料）,,,采购中心,Cad,"78.69"
焦化厂,炼焦配合煤,A2MMJPM,,,"4","2026-07-28 16:51:01",喷吹用煤（原料）,,,采购中心,Cad,"78.83"
焦化厂,炼焦配合煤,A2MMJPM,,,"4","2026-07-28 16:51:01",喷吹用煤（原料）,,,采购中心,FCad,"67.37"
焦化厂,炼焦配合煤,A2MMJPM,,,"4","2026-07-28 16:51:01",喷吹用煤（原料）,,,采购中心,FCad,"65.78"
焦化厂,炼焦配合煤,A2MMJPM,,,"4","2026-07-28 16:51:01",喷吹用煤（原料）,,,采购中心,Had,"4.39"
焦化厂,炼焦配合煤,A2MMJPM,,,"4","2026-07-28 16:51:01",喷吹用煤（原料）,,,采购中心,Had,"4.36"
焦化厂,炼焦配合煤,A2MMJPM,,,"4","2026-07-28 16:51:01",喷吹用煤（原料）,,,采购中心,Mad,"1.19"
焦化厂,炼焦配合煤,A2MMJPM,,,"4","2026-07-28 16:51:01",喷吹用煤（原料）,,,采购中心,Mad,"1.10"
焦化厂,炼焦配合煤,A2MMJPM,,,"4","2026-07-28 16:51:01",喷吹用煤（原料）,,,采购中心,St.d,"0.93"
焦化厂,炼焦配合煤,A2MMJPM,,,"4","2026-07-28 16:51:01",喷吹用煤（原料）,,,采购中心,St.d,"0.81"
焦化厂,炼焦配合煤,A2MMJPM,,,"4","2026-07-28 16:51:01",喷吹用煤（原料）,,,采购中心,Vdaf,"26.02"
焦化厂,炼焦配合煤,A2MMJPM,,,"4","2026-07-28 16:51:01",喷吹用煤（原料）,,,采购中心,Vdaf,"24.34"
焦化厂,炼焦配合煤,A2MMJPM,,,"4","2026-07-28 16:51:01",喷吹用煤（原料）,,,采购中心,水分,"12.0"
焦化厂,炼焦配合煤,A2MMJPM,,,"4","2026-07-28 16:51:01",喷吹用煤（原料）,,,采购中心,水分,"10.1"
贵州盘江精煤股份有限公司,"1/3焦煤|1级|国内",G3MMSY1,,柏果,"4","2026-07-28 16:49:44",,"5M",278240.0,采购中心,Ad,"10.00"
贵州盘江精煤股份有限公司,"1/3焦煤|1级|国内",G3MMSY1,,柏果,"4","2026-07-28 16:49:44",,"5M",278240.0,采购中心,FCad,"62.71"
贵州盘江精煤股份有限公司,"1/3焦煤|1级|国内",G3MMSY1,,柏果,"4","2026-07-28 16:49:44",,"5M",278240.0,采购中心,Mad,"0.99"
贵州盘江精煤股份有限公司,"1/3焦煤|1级|国内",G3MMSY1,,柏果,"4","2026-07-28 16:49:44",,"5M",278240.0,采购中心,St.d,"0.24"
贵州盘江精煤股份有限公司,"1/3焦煤|1级|国内",G3MMSY1,,柏果,"4","2026-07-28 16:49:44",,"5M",278240.0,采购中心,Vdaf,"29.63"
贵州盘江精煤股份有限公司,"1/3焦煤|1级|国内",G3MMSY1,,柏果,"4","2026-07-28 16:49:44",,"5M",278240.0,采购中心,水分,"11.3"
焦化厂,炼焦配合煤,A2MMJPM,,,"4","2026-07-28 16:45:15",喷吹用煤（原料）,,,采购中心,Ad,"11.50"
焦化厂,炼焦配合煤,A2MMJPM,,,"4","2026-07-28 16:45:15",喷吹用煤（原料）,,,采购中心,Ad,"11.56"
焦化厂,炼焦配合煤,A2MMJPM,,,"4","2026-07-28 16:45:15",喷吹用煤（原料）,,,采购中心,Ad,"10.70"
焦化厂,炼焦配合煤,A2MMJPM,,,"4","2026-07-28 16:45:15",喷吹用煤（原料）,,,采购中心,FCad,"56.06"
焦化厂,炼焦配合煤,A2MMJPM,,,"4","2026-07-28 16:45:15",喷吹用煤（原料）,,,采购中心,FCad,"60.90"
焦化厂,炼焦配合煤,A2MMJPM,,,"4","2026-07-28 16:45:15",喷吹用煤（原料）,,,采购中心,FCad,"68.94"
焦化厂,炼焦配合煤,A2MMJPM,,,"4","2026-07-28 16:45:15",喷吹用煤（原料）,,,采购中心,Mad,"1.05"
焦化厂,炼焦配合煤,A2MMJPM,,,"4","2026-07-28 16:45:15",喷吹用煤（原料）,,,采购中心,Mad,"1.09"
焦化厂,炼焦配合煤,A2MMJPM,,,"4","2026-07-28 16:45:15",喷吹用煤（原料）,,,采购中心,Mad,"1.56"
焦化厂,炼焦配合煤,A2MMJPM,,,"4","2026-07-28 16:45:15",喷吹用煤（原料）,,,采购中心,St.d,"1.50"
焦化厂,炼焦配合煤,A2MMJPM,,,"4","2026-07-28 16:45:15",喷吹用煤（原料）,,,采购中心,St.d,"1.89"
焦化厂,炼焦配合煤,A2MMJPM,,,"4","2026-07-28 16:45:15",喷吹用煤（原料）,,,采购中心,St.d,"0.28"
焦化厂,炼焦配合煤,A2MMJPM,,,"4","2026-07-28 16:45:15",喷吹用煤（原料）,,,采购中心,Vdaf,"31.06"
焦化厂,炼焦配合煤,A2MMJPM,,,"4","2026-07-28 16:45:15",喷吹用煤（原料）,,,采购中心,Vdaf,"35.65"
焦化厂,炼焦配合煤,A2MMJPM,,,"4","2026-07-28 16:45:15",喷吹用煤（原料）,,,采购中心,Vdaf,"21.22"
焦化厂,炼焦配合煤,A2MMJPM,,,"4","2026-07-28 16:45:15",喷吹用煤（原料）,,,采购中心,水分,"12.0"
焦化厂,炼焦配合煤,A2MMJPM,,,"4","2026-07-28 16:45:15",喷吹用煤（原料）,,,采购中心,水分,"14.7"
焦化厂,炼焦配合煤,A2MMJPM,,,"4","2026-07-28 16:45:15",喷吹用煤（原料）,,,采购中心,水分,"10.3"
广西柳钢国际贸易有限公司,贫瘦煤|国内,G3MMPS1,德邻惠航,,"4","2026-07-28 14:58:34",,,527050.0,采购中心,Ad,"10.81"
广西柳钢国际贸易有限公司,贫瘦煤|国内,G3MMPS1,德邻惠航,,"4","2026-07-28 14:58:34",,,527050.0,采购中心,FCad,"72.68"
广西柳钢国际贸易有限公司,贫瘦煤|国内,G3MMPS1,德邻惠航,,"4","2026-07-28 14:58:34",,,527050.0,采购中心,Mad,"2.96"
广西柳钢国际贸易有限公司,贫瘦煤|国内,G3MMPS1,德邻惠航,,"4","2026-07-28 14:58:34",,,527050.0,采购中心,St.d,"0.58"
广西柳钢国际贸易有限公司,贫瘦煤|国内,G3MMPS1,德邻惠航,,"4","2026-07-28 14:58:34",,,527050.0,采购中心,Vdaf,"16.02"
广西柳钢国际贸易有限公司,贫瘦煤|国内,G3MMPS1,德邻惠航,,"4","2026-07-28 14:58:34",,,527050.0,采购中心,水分,"11.1"
重庆百丰实业有限公司,主焦煤|2级|国内,G3MMZJD,,松坎,"4","2026-07-28 14:04:11",,"4M",552400.0,采购中心,Ad,"11.71"
重庆百丰实业有限公司,主焦煤|2级|国内,G3MMZJD,,松坎,"4","2026-07-28 14:04:11",,"4M",552400.0,采购中心,FCad,"68.85"
重庆百丰实业有限公司,主焦煤|2级|国内,G3MMZJD,,松坎,"4","2026-07-28 14:04:11",,"4M",552400.0,采购中心,Mad,"0.97"
重庆百丰实业有限公司,主焦煤|2级|国内,G3MMZJD,,松坎,"4","2026-07-28 14:04:11",,"4M",552400.0,采购中心,St.d,"1.59"
重庆百丰实业有限公司,主焦煤|2级|国内,G3MMZJD,,松坎,"4","2026-07-28 14:04:11",,"4M",552400.0,采购中心,Vdaf,"21.25"
重庆百丰实业有限公司,主焦煤|2级|国内,G3MMZJD,,松坎,"4","2026-07-28 14:04:11",,"4M",552400.0,采购中心,水分,"14.9"
贵州盘江精煤股份有限公司,"1/3焦煤|1级|国内",G3MMSY1,,柏果,"4","2026-07-28 12:43:42",,"5M",829150.0,采购中心,Ad,"10.09"
贵州盘江精煤股份有限公司,"1/3焦煤|1级|国内",G3MMSY1,,柏果,"4","2026-07-28 12:43:42",,"5M",829150.0,采购中心,FCad,"61.99"
贵州盘江精煤股份有限公司,"1/3焦煤|1级|国内",G3MMSY1,,柏果,"4","2026-07-28 12:43:42",,"5M",829150.0,采购中心,Mad,"0.99"
贵州盘江精煤股份有限公司,"1/3焦煤|1级|国内",G3MMSY1,,柏果,"4","2026-07-28 12:43:42",,"5M",829150.0,采购中心,St.d,"0.24"
贵州盘江精煤股份有限公司,"1/3焦煤|1级|国内",G3MMSY1,,柏果,"4","2026-07-28 12:43:42",,"5M",829150.0,采购中心,Vdaf,"30.36"
贵州盘江精煤股份有限公司,"1/3焦煤|1级|国内",G3MMSY1,,柏果,"4","2026-07-28 12:43:42",,"5M",829150.0,采购中心,水分,"11.4"
宁夏众泰煤业有限公司,主焦煤|1级|国内,G3MMZJ1,,惠农,"4","2026-07-28 12:08:08",,A2,764330.0,采购中心,Ad,"11.01"
宁夏众泰煤业有限公司,主焦煤|1级|国内,G3MMZJ1,,惠农,"4","2026-07-28 12:08:08",,A2,764330.0,采购中心,FCad,"66.12"
宁夏众泰煤业有限公司,主焦煤|1级|国内,G3MMZJ1,,惠农,"4","2026-07-28 12:08:08",,A2,764330.0,采购中心,Mad,"1.22"
宁夏众泰煤业有限公司,主焦煤|1级|国内,G3MMZJ1,,惠农,"4","2026-07-28 12:08:08",,A2,764330.0,采购中心,St.d,"0.67"
宁夏众泰煤业有限公司,主焦煤|1级|国内,G3MMZJ1,,惠农,"4","2026-07-28 12:08:08",,A2,764330.0,采购中心,Vdaf,"24.78"
宁夏众泰煤业有限公司,主焦煤|1级|国内,G3MMZJ1,,惠农,"4","2026-07-28 12:08:08",,A2,764330.0,采购中心,水分,"10.8"
宁夏众泰煤业有限公司,主焦煤|1级|国内,G3MMZJ1,,惠农,"4","2026-07-28 11:46:50",,A2,965480.0,采购中心,Ad,"10.95"
宁夏众泰煤业有限公司,主焦煤|1级|国内,G3MMZJ1,,惠农,"4","2026-07-28 11:46:50",,A2,965480.0,采购中心,FCad,"66.18"
宁夏众泰煤业有限公司,主焦煤|1级|国内,G3MMZJ1,,惠农,"4","2026-07-28 11:46:50",,A2,965480.0,采购中心,Mad,"1.24"
宁夏众泰煤业有限公司,主焦煤|1级|国内,G3MMZJ1,,惠农,"4","2026-07-28 11:46:50",,A2,965480.0,采购中心,St.d,"0.67"
宁夏众泰煤业有限公司,主焦煤|1级|国内,G3MMZJ1,,惠农,"4","2026-07-28 11:46:50",,A2,965480.0,采购中心,Vdaf,"24.75"
宁夏众泰煤业有限公司,主焦煤|1级|国内,G3MMZJ1,,惠农,"4","2026-07-28 11:46:50",,A2,965480.0,采购中心,水分,"11.1"
贵州盘江精煤股份有限公司,"1/3焦煤|1级|国内",G3MMSY1,,火铺,"4","2026-07-28 09:16:30",,"1M",646450.0,采购中心,Ad,"10.49"
贵州盘江精煤股份有限公司,"1/3焦煤|1级|国内",G3MMSY1,,火铺,"4","2026-07-28 09:16:30",,"1M",646450.0,采购中心,FCad,"61.61"
贵州盘江精煤股份有限公司,"1/3焦煤|1级|国内",G3MMSY1,,火铺,"4","2026-07-28 09:16:30",,"1M",646450.0,采购中心,Mad,"0.96"
贵州盘江精煤股份有限公司,"1/3焦煤|1级|国内",G3MMSY1,,火铺,"4","2026-07-28 09:16:30",,"1M",646450.0,采购中心,St.d,"0.47"
贵州盘江精煤股份有限公司,"1/3焦煤|1级|国内",G3MMSY1,,火铺,"4","2026-07-28 09:16:30",,"1M",646450.0,采购中心,Vdaf,"30.50"
贵州盘江精煤股份有限公司,"1/3焦煤|1级|国内",G3MMSY1,,火铺,"4","2026-07-28 09:16:30",,"1M",646450.0,采购中心,水分,"12.7"
广西柳钢国际贸易有限公司,贫瘦煤|国内,G3MMPS1,德邻惠航,,"4","2026-07-28 08:51:32",,,674950.0,采购中心,Ad,"10.81"
广西柳钢国际贸易有限公司,贫瘦煤|国内,G3MMPS1,德邻惠航,,"4","2026-07-28 08:51:32",,,674950.0,采购中心,FCad,"72.19"
广西柳钢国际贸易有限公司,贫瘦煤|国内,G3MMPS1,德邻惠航,,"4","2026-07-28 08:51:32",,,674950.0,采购中心,Mad,"3.15"
广西柳钢国际贸易有限公司,贫瘦煤|国内,G3MMPS1,德邻惠航,,"4","2026-07-28 08:51:32",,,674950.0,采购中心,St.d,"0.59"
广西柳钢国际贸易有限公司,贫瘦煤|国内,G3MMPS1,德邻惠航,,"4","2026-07-28 08:51:32",,,674950.0,采购中心,Vdaf,"16.43"
广西柳钢国际贸易有限公司,贫瘦煤|国内,G3MMPS1,德邻惠航,,"4","2026-07-28 08:51:32",,,674950.0,采购中心,水分,"12.0"
贵州盘江精煤股份有限公司,"1/3焦煤|1级|国内",G3MMSY1,,火铺,"4","2026-07-28 08:30:26",,"5M",684310.0,采购中心,Ad,"10.35"
贵州盘江精煤股份有限公司,"1/3焦煤|1级|国内",G3MMSY1,,火铺,"4","2026-07-28 08:30:26",,"5M",684310.0,采购中心,FCad,"61.73"
贵州盘江精煤股份有限公司,"1/3焦煤|1级|国内",G3MMSY1,,火铺,"4","2026-07-28 08:30:26",,"5M",684310.0,采购中心,Mad,"1.01"
贵州盘江精煤股份有限公司,"1/3焦煤|1级|国内",G3MMSY1,,火铺,"4","2026-07-28 08:30:26",,"5M",684310.0,采购中心,St.d,"0.47"
贵州盘江精煤股份有限公司,"1/3焦煤|1级|国内",G3MMSY1,,火铺,"4","2026-07-28 08:30:26",,"5M",684310.0,采购中心,Vdaf,"30.44"
贵州盘江精煤股份有限公司,"1/3焦煤|1级|国内",G3MMSY1,,火铺,"4","2026-07-28 08:30:26",,"5M",684310.0,采购中心,水分,"12.9"
贵州盘江精煤股份有限公司,"1/3焦煤|1级|国内",G3MMSY1,,月亮田,"4","2026-07-28 06:59:59",,"4M",274650.0,采购中心,Ad,"10.17"
贵州盘江精煤股份有限公司,"1/3焦煤|1级|国内",G3MMSY1,,月亮田,"4","2026-07-28 06:59:59",,"4M",274650.0,采购中心,FCad,"57.89"
贵州盘江精煤股份有限公司,"1/3焦煤|1级|国内",G3MMSY1,,月亮田,"4","2026-07-28 06:59:59",,"4M",274650.0,采购中心,Mad,"1.10"
贵州盘江精煤股份有限公司,"1/3焦煤|1级|国内",G3MMSY1,,月亮田,"4","2026-07-28 06:59:59",,"4M",274650.0,采购中心,St.d,"0.71"
贵州盘江精煤股份有限公司,"1/3焦煤|1级|国内",G3MMSY1,,月亮田,"4","2026-07-28 06:59:59",,"4M",274650.0,采购中心,Vdaf,"34.84"
贵州盘江精煤股份有限公司,"1/3焦煤|1级|国内",G3MMSY1,,月亮田,"4","2026-07-28 06:59:59",,"4M",274650.0,采购中心,水分,"9.4"
广西钢铁集团有限公司,主焦煤|2级|国内,G3MMZJD,振洋运,贵港,"4","2026-07-28 06:25:14",,,385760.0,采购中心,水分,"9.0"
贵州盘江精煤股份有限公司,"1/3焦煤|1级|国内",G3MMSY1,,火铺,"4","2026-07-28 05:34:14",,"1M",627430.0,采购中心,Ad,"10.55"
贵州盘江精煤股份有限公司,"1/3焦煤|1级|国内",G3MMSY1,,火铺,"4","2026-07-28 05:34:14",,"1M",627430.0,采购中心,FCad,"61.48"
贵州盘江精煤股份有限公司,"1/3焦煤|1级|国内",G3MMSY1,,火铺,"4","2026-07-28 05:34:14",,"1M",627430.0,采购中心,Mad,"0.86"
贵州盘江精煤股份有限公司,"1/3焦煤|1级|国内",G3MMSY1,,火铺,"4","2026-07-28 05:34:14",,"1M",627430.0,采购中心,St.d,"0.49"
贵州盘江精煤股份有限公司,"1/3焦煤|1级|国内",G3MMSY1,,火铺,"4","2026-07-28 05:34:14",,"1M",627430.0,采购中心,Vdaf,"30.67"
贵州盘江精煤股份有限公司,"1/3焦煤|1级|国内",G3MMSY1,,火铺,"4","2026-07-28 05:34:14",,"1M",627430.0,采购中心,水分,"13.7"
贵州盘江精煤股份有限公司,"1/3焦煤|1级|国内",G3MMSY1,,柏果,"4","2026-07-28 05:10:45",,A2,140170.0,采购中心,Ad,"10.03"
贵州盘江精煤股份有限公司,"1/3焦煤|1级|国内",G3MMSY1,,柏果,"4","2026-07-28 05:10:45",,A2,140170.0,采购中心,FCad,"63.29"
贵州盘江精煤股份有限公司,"1/3焦煤|1级|国内",G3MMSY1,,柏果,"4","2026-07-28 05:10:45",,A2,140170.0,采购中心,Mad,"0.98"
贵州盘江精煤股份有限公司,"1/3焦煤|1级|国内",G3MMSY1,,柏果,"4","2026-07-28 05:10:45",,A2,140170.0,采购中心,St.d,"0.24"
贵州盘江精煤股份有限公司,"1/3焦煤|1级|国内",G3MMSY1,,柏果,"4","2026-07-28 05:10:45",,A2,140170.0,采购中心,Vdaf,"28.96"
贵州盘江精煤股份有限公司,"1/3焦煤|1级|国内",G3MMSY1,,柏果,"4","2026-07-28 05:10:45",,A2,140170.0,采购中心,水分,"12.2"
贵州盘江精煤股份有限公司,"1/3焦煤|1级|国内",G3MMSY1,,火铺,"4","2026-07-28 05:01:45",,"4M",132390.0,采购中心,Ad,"10.06"
贵州盘江精煤股份有限公司,"1/3焦煤|1级|国内",G3MMSY1,,柏果,"4","2026-07-28 05:01:45",,"4M",413280.0,采购中心,Ad,"10.31"
贵州盘江精煤股份有限公司,"1/3焦煤|1级|国内",G3MMSY1,,火铺,"4","2026-07-28 05:01:45",,"4M",132390.0,采购中心,FCad,"61.44"
贵州盘江精煤股份有限公司,"1/3焦煤|1级|国内",G3MMSY1,,柏果,"4","2026-07-28 05:01:45",,"4M",413280.0,采购中心,FCad,"63.03"
贵州盘江精煤股份有限公司,"1/3焦煤|1级|国内",G3MMSY1,,火铺,"4","2026-07-28 05:01:45",,"4M",132390.0,采购中心,Mad,"0.85"
贵州盘江精煤股份有限公司,"1/3焦煤|1级|国内",G3MMSY1,,柏果,"4","2026-07-28 05:01:45",,"4M",413280.0,采购中心,Mad,"0.91"
贵州盘江精煤股份有限公司,"1/3焦煤|1级|国内",G3MMSY1,,柏果,"4","2026-07-28 05:01:45",,"4M",413280.0,采购中心,St.d,"0.23"
贵州盘江精煤股份有限公司,"1/3焦煤|1级|国内",G3MMSY1,,火铺,"4","2026-07-28 05:01:45",,"4M",132390.0,采购中心,St.d,"0.48"
贵州盘江精煤股份有限公司,"1/3焦煤|1级|国内",G3MMSY1,,柏果,"4","2026-07-28 05:01:45",,"4M",413280.0,采购中心,Vdaf,"29.08"
贵州盘江精煤股份有限公司,"1/3焦煤|1级|国内",G3MMSY1,,火铺,"4","2026-07-28 05:01:45",,"4M",132390.0,采购中心,Vdaf,"31.10"
贵州盘江精煤股份有限公司,"1/3焦煤|1级|国内",G3MMSY1,,火铺,"4","2026-07-28 05:01:45",,"4M",132390.0,采购中心,水分,"12.3"
贵州盘江精煤股份有限公司,"1/3焦煤|1级|国内",G3MMSY1,,柏果,"4","2026-07-28 05:01:45",,"4M",413280.0,采购中心,水分,"12.2"
重庆百丰实业有限公司,主焦煤|2级|国内,G3MMZJD,,松坎,"4","2026-07-28 04:06:10",,A2,487550.0,采购中心,Ad,"11.96"
重庆百丰实业有限公司,主焦煤|2级|国内,G3MMZJD,,松坎,"4","2026-07-28 04:06:10",,A2,487550.0,采购中心,FCad,"68.76"
重庆百丰实业有限公司,主焦煤|2级|国内,G3MMZJD,,松坎,"4","2026-07-28 04:06:10",,A2,487550.0,采购中心,Mad,"0.94"
重庆百丰实业有限公司,主焦煤|2级|国内,G3MMZJD,,松坎,"4","2026-07-28 04:06:10",,A2,487550.0,采购中心,St.d,"1.64"
重庆百丰实业有限公司,主焦煤|2级|国内,G3MMZJD,,松坎,"4","2026-07-28 04:06:10",,A2,487550.0,采购中心,Vdaf,"21.16"
重庆百丰实业有限公司,主焦煤|2级|国内,G3MMZJD,,松坎,"4","2026-07-28 04:06:10",,A2,487550.0,采购中心,水分,"13.9"
贵州盘江精煤股份有限公司,"1/3焦煤|1级|国内",G3MMSY1,,火铺,"4","2026-07-28 04:03:35",,"5M",445280.0,采购中心,Ad,"10.55"
贵州盘江精煤股份有限公司,"1/3焦煤|1级|国内",G3MMSY1,,火铺,"4","2026-07-28 04:03:35",,"5M",445280.0,采购中心,FCad,"61.27"
贵州盘江精煤股份有限公司,"1/3焦煤|1级|国内",G3MMSY1,,火铺,"4","2026-07-28 04:03:35",,"5M",445280.0,采购中心,Mad,"0.92"
贵州盘江精煤股份有限公司,"1/3焦煤|1级|国内",G3MMSY1,,火铺,"4","2026-07-28 04:03:35",,"5M",445280.0,采购中心,St.d,"0.47"
贵州盘江精煤股份有限公司,"1/3焦煤|1级|国内",G3MMSY1,,火铺,"4","2026-07-28 04:03:35",,"5M",445280.0,采购中心,Vdaf,"30.87"
贵州盘江精煤股份有限公司,"1/3焦煤|1级|国内",G3MMSY1,,火铺,"4","2026-07-28 04:03:35",,"5M",445280.0,采购中心,水分,"13.8"
西部红果煤炭交易有限公司,主焦煤|3级|国内,G3MMZJF,,大湾,"4","2026-07-28 04:02:42",,A2,665280.0,采购中心,Ad,"11.53"
西部红果煤炭交易有限公司,主焦煤|3级|国内,G3MMZJF,,大湾,"4","2026-07-28 04:02:42",,A2,665280.0,采购中心,FCad,"64.64"
西部红果煤炭交易有限公司,主焦煤|3级|国内,G3MMZJF,,大湾,"4","2026-07-28 04:02:42",,A2,665280.0,采购中心,Mad,"0.77"
西部红果煤炭交易有限公司,主焦煤|3级|国内,G3MMZJF,,大湾,"4","2026-07-28 04:02:42",,A2,665280.0,采购中心,St.d,"1.18"
西部红果煤炭交易有限公司,主焦煤|3级|国内,G3MMZJF,,大湾,"4","2026-07-28 04:02:42",,A2,665280.0,采购中心,Vdaf,"26.37"
西部红果煤炭交易有限公司,主焦煤|3级|国内,G3MMZJF,,大湾,"4","2026-07-28 04:02:42",,A2,665280.0,采购中心,水分,"13.2"
贵州盘江精煤股份有限公司,"1/3焦煤|1级|国内",G3MMSY1,,月亮田,"4","2026-07-28 03:59:23",,"5M",481350.0,采购中心,Ad,"10.31"
贵州盘江精煤股份有限公司,"1/3焦煤|1级|国内",G3MMSY1,,月亮田,"4","2026-07-28 03:59:23",,"5M",481350.0,采购中心,FCad,"58.19"
贵州盘江精煤股份有限公司,"1/3焦煤|1级|国内",G3MMSY1,,月亮田,"4","2026-07-28 03:59:23",,"5M",481350.0,采购中心,Mad,"1.23"
贵州盘江精煤股份有限公司,"1/3焦煤|1级|国内",G3MMSY1,,月亮田,"4","2026-07-28 03:59:23",,"5M",481350.0,采购中心,St.d,"0.71"
贵州盘江精煤股份有限公司,"1/3焦煤|1级|国内",G3MMSY1,,月亮田,"4","2026-07-28 03:59:23",,"5M",481350.0,采购中心,Vdaf,"34.32"
贵州盘江精煤股份有限公司,"1/3焦煤|1级|国内",G3MMSY1,,月亮田,"4","2026-07-28 03:59:23",,"5M",481350.0,采购中心,水分,"11.2"
西部红果煤炭交易有限公司,主焦煤|3级|国内,G3MMZJF,,大湾,"4","2026-07-28 01:27:43",,A2,689760.0,采购中心,Ad,"11.54"
西部红果煤炭交易有限公司,主焦煤|3级|国内,G3MMZJF,,大湾,"4","2026-07-28 01:27:43",,A2,689760.0,采购中心,FCad,"65.52"
西部红果煤炭交易有限公司,主焦煤|3级|国内,G3MMZJF,,大湾,"4","2026-07-28 01:27:43",,A2,689760.0,采购中心,Mad,"0.86"
西部红果煤炭交易有限公司,主焦煤|3级|国内,G3MMZJF,,大湾,"4","2026-07-28 01:27:43",,A2,689760.0,采购中心,St.d,"1.29"
西部红果煤炭交易有限公司,主焦煤|3级|国内,G3MMZJF,,大湾,"4","2026-07-28 01:27:43",,A2,689760.0,采购中心,Vdaf,"25.29"
西部红果煤炭交易有限公司,主焦煤|3级|国内,G3MMZJF,,大湾,"4","2026-07-28 01:27:43",,A2,689760.0,采购中心,水分,"14.6"
广西柳钢国际贸易有限公司,肥煤|国内,G3MMFF1,,宝丰,"4","2026-07-28 00:33:28",,"1M",413310.0,采购中心,Ad,"10.61"
广西柳钢国际贸易有限公司,肥煤|国内,G3MMFF1,,宝丰,"4","2026-07-28 00:33:28",,"1M",413310.0,采购中心,FCad,"61.52"
广西柳钢国际贸易有限公司,肥煤|国内,G3MMFF1,,宝丰,"4","2026-07-28 00:33:28",,"1M",413310.0,采购中心,Mad,"0.95"
广西柳钢国际贸易有限公司,肥煤|国内,G3MMFF1,,宝丰,"4","2026-07-28 00:33:28",,"1M",413310.0,采购中心,St.d,"2.08"
广西柳钢国际贸易有限公司,肥煤|国内,G3MMFF1,,宝丰,"4","2026-07-28 00:33:28",,"1M",413310.0,采购中心,Vdaf,"30.52"
广西柳钢国际贸易有限公司,肥煤|国内,G3MMFF1,,宝丰,"4","2026-07-28 00:33:28",,"1M",413310.0,采购中心,水分,"10.4"
河南天元清洁能源有限公司,贫瘦煤|国内,G3MMPS1,,苏桥,"4","2026-07-28 00:12:31",,,395940.0,采购中心,Ad,"10.30"
河南天元清洁能源有限公司,贫瘦煤|国内,G3MMPS1,,苏桥,"4","2026-07-28 00:12:31",,,395940.0,采购中心,FCad,"77.79"
河南天元清洁能源有限公司,贫瘦煤|国内,G3MMPS1,,苏桥,"4","2026-07-28 00:12:31",,,395940.0,采购中心,Mad,"0.98"
河南天元清洁能源有限公司,贫瘦煤|国内,G3MMPS1,,苏桥,"4","2026-07-28 00:12:31",,,395940.0,采购中心,St.d,"0.37"
河南天元清洁能源有限公司,贫瘦煤|国内,G3MMPS1,,苏桥,"4","2026-07-28 00:12:31",,,395940.0,采购中心,Vdaf,"12.42"
河南天元清洁能源有限公司,贫瘦煤|国内,G3MMPS1,,苏桥,"4","2026-07-28 00:12:31",,,395940.0,采购中心,水分,"12.9"
贵州盘江精煤股份有限公司,"1/3焦煤|1级|国内",G3MMSY1,,火铺,"4","2026-07-27 21:24:35",,"5M",137880.0,采购中心,Ad,"10.43"
贵州盘江精煤股份有限公司,"1/3焦煤|1级|国内",G3MMSY1,,火铺,"4","2026-07-27 21:24:35",,"5M",137880.0,采购中心,FCad,"61.39"
贵州盘江精煤股份有限公司,"1/3焦煤|1级|国内",G3MMSY1,,火铺,"4","2026-07-27 21:24:35",,"5M",137880.0,采购中心,Mad,"0.88"
贵州盘江精煤股份有限公司,"1/3焦煤|1级|国内",G3MMSY1,,火铺,"4","2026-07-27 21:24:35",,"5M",137880.0,采购中心,St.d,"0.45"
贵州盘江精煤股份有限公司,"1/3焦煤|1级|国内",G3MMSY1,,火铺,"4","2026-07-27 21:24:35",,"5M",137880.0,采购中心,Vdaf,"30.85"
贵州盘江精煤股份有限公司,"1/3焦煤|1级|国内",G3MMSY1,,火铺,"4","2026-07-27 21:24:35",,"5M",137880.0,采购中心,水分,"12.5"
淮南矿业（集团）有限责任公司,"1/3焦煤|1级|国内",G3MMSY1,,潘集西,"4","2026-07-27 20:52:04",,"4M",3172110.0,采购中心,Ad,"8.58"
淮南矿业（集团）有限责任公司,"1/3焦煤|1级|国内",G3MMSY1,,潘集西,"4","2026-07-27 20:52:04",,"4M",3172110.0,采购中心,FCad,"59.31"
淮南矿业（集团）有限责任公司,"1/3焦煤|1级|国内",G3MMSY1,,潘集西,"4","2026-07-27 20:52:04",,"4M",3172110.0,采购中心,Mad,"1.30"
淮南矿业（集团）有限责任公司,"1/3焦煤|1级|国内",G3MMSY1,,潘集西,"4","2026-07-27 20:52:04",,"4M",3172110.0,采购中心,St.d,"0.61"
淮南矿业（集团）有限责任公司,"1/3焦煤|1级|国内",G3MMSY1,,潘集西,"4","2026-07-27 20:52:04",,"4M",3172110.0,采购中心,Vdaf,"34.27"
淮南矿业（集团）有限责任公司,"1/3焦煤|1级|国内",G3MMSY1,,潘集西,"4","2026-07-27 20:52:04",,"4M",3172110.0,采购中心,水分,"10.5"
国家能源投资集团有限责任公司煤炭经营分公司,烟煤|国内,G3MMYY1,,大保当,"4","2026-07-27 19:25:23",,料3,686650.0,采购中心,Ad,"7.62"
国家能源投资集团有限责任公司煤炭经营分公司,烟煤|国内,G3MMYY1,,大保当,"4","2026-07-27 19:25:23",,料3,686650.0,采购中心,FCad,"54.67"
国家能源投资集团有限责任公司煤炭经营分公司,烟煤|国内,G3MMYY1,,大保当,"4","2026-07-27 19:25:23",,料3,686650.0,采购中心,Mad,"3.93"
国家能源投资集团有限责任公司煤炭经营分公司,烟煤|国内,G3MMYY1,,大保当,"4","2026-07-27 19:25:23",,料3,686650.0,采购中心,St.d,"0.57"
国家能源投资集团有限责任公司煤炭经营分公司,烟煤|国内,G3MMYY1,,大保当,"4","2026-07-27 19:25:23",,料3,686650.0,采购中心,Vdaf,"38.40"
国家能源投资集团有限责任公司煤炭经营分公司,烟煤|国内,G3MMYY1,,大保当,"4","2026-07-27 19:25:23",,料3,686650.0,采购中心,水分,"12.0"
广西柳钢国际贸易有限公司,"1/3焦煤|3级|进口|E|GJ",G3MMSYO,金色东方,防城港,"4","2026-07-27 18:32:33",,"5M",909850.0,采购中心,Ad,"8.2"
广西柳钢国际贸易有限公司,"1/3焦煤|3级|进口|E|GJ",G3MMSYO,金色东方,防城港,"4","2026-07-27 18:32:33",,"5M",909850.0,采购中心,FCad,"55.34"
广西柳钢国际贸易有限公司,"1/3焦煤|3级|进口|E|GJ",G3MMSYO,金色东方,防城港,"4","2026-07-27 18:32:33",,"5M",909850.0,采购中心,Mad,"2.37"
广西柳钢国际贸易有限公司,"1/3焦煤|3级|进口|E|GJ",G3MMSYO,金色东方,防城港,"4","2026-07-27 18:32:33",,"5M",909850.0,采购中心,St.d,"0.50"
广西柳钢国际贸易有限公司,"1/3焦煤|3级|进口|E|GJ",G3MMSYO,金色东方,防城港,"4","2026-07-27 18:32:33",,"5M",909850.0,采购中心,Vdaf,"38.23"
广西柳钢国际贸易有限公司,"1/3焦煤|3级|进口|E|GJ",G3MMSYO,金色东方,防城港,"4","2026-07-27 18:32:33",,"5M",909850.0,采购中心,水分,"13.3"
湖南湘煤精煤有限公司,主焦煤|1级|国内,G3MMZJ1,,三都,"4","2026-07-27 16:48:56",,"1M",519600.0,采购中心,Ad,"9.59"
湖南湘煤精煤有限公司,主焦煤|1级|国内,G3MMZJ1,,三都,"4","2026-07-27 16:48:56",,"1M",519600.0,采购中心,FCad,"66.42"
湖南湘煤精煤有限公司,主焦煤|1级|国内,G3MMZJ1,,三都,"4","2026-07-27 16:48:56",,"1M",519600.0,采购中心,Mad,"0.91"
湖南湘煤精煤有限公司,主焦煤|1级|国内,G3MMZJ1,,三都,"4","2026-07-27 16:48:56",,"1M",519600.0,采购中心,St.d,"0.68"
湖南湘煤精煤有限公司,主焦煤|1级|国内,G3MMZJ1,,三都,"4","2026-07-27 16:48:56",,"1M",519600.0,采购中心,Vdaf,"25.86"
湖南湘煤精煤有限公司,主焦煤|1级|国内,G3MMZJ1,,三都,"4","2026-07-27 16:48:56",,"1M",519600.0,采购中心,水分,"14.3"
焦化厂,炼焦配合煤,A2MMJPM,,,"4","2026-07-27 16:14:08",喷吹用煤（原料）,,,采购中心,Ad,"10.17"
焦化厂,炼焦配合煤,A2MMJPM,,,"4","2026-07-27 16:14:08",喷吹用煤（原料）,,,采购中心,Ad,"9.28"
焦化厂,炼焦配合煤,A2MMJPM,,,"4","2026-07-27 16:14:08",喷吹用煤（原料）,,,采购中心,Ad,"10.72"
焦化厂,炼焦配合煤,A2MMJPM,,,"4","2026-07-27 16:14:08",喷吹用煤（原料）,,,采购中心,FCad,"68.31"
焦化厂,炼焦配合煤,A2MMJPM,,,"4","2026-07-27 16:14:08",喷吹用煤（原料）,,,采购中心,FCad,"60.56"
焦化厂,炼焦配合煤,A2MMJPM,,,"4","2026-07-27 16:14:08",喷吹用煤（原料）,,,采购中心,FCad,"62.51"
焦化厂,炼焦配合煤,A2MMJPM,,,"4","2026-07-27 16:14:08",喷吹用煤（原料）,,,采购中心,Mad,"0.92"
焦化厂,炼焦配合煤,A2MMJPM,,,"4","2026-07-27 16:14:08",喷吹用煤（原料）,,,采购中心,Mad,"0.98"
焦化厂,炼焦配合煤,A2MMJPM,,,"4","2026-07-27 16:14:08",喷吹用煤（原料）,,,采购中心,Mad,"1.06"
焦化厂,炼焦配合煤,A2MMJPM,,,"4","2026-07-27 16:14:08",喷吹用煤（原料）,,,采购中心,St.d,"0.42"
焦化厂,炼焦配合煤,A2MMJPM,,,"4","2026-07-27 16:14:08",喷吹用煤（原料）,,,采购中心,St.d,"0.67"
焦化厂,炼焦配合煤,A2MMJPM,,,"4","2026-07-27 16:14:08",喷吹用煤（原料）,,,采购中心,St.d,"0.29"
焦化厂,炼焦配合煤,A2MMJPM,,,"4","2026-07-27 16:14:08",喷吹用煤（原料）,,,采购中心,Vdaf,"23.90"
焦化厂,炼焦配合煤,A2MMJPM,,,"4","2026-07-27 16:14:08",喷吹用煤（原料）,,,采购中心,Vdaf,"29.77"
焦化厂,炼焦配合煤,A2MMJPM,,,"4","2026-07-27 16:14:08",喷吹用煤（原料）,,,采购中心,Vdaf,"31.50"
焦化厂,炼焦配合煤,A2MMJPM,,,"4","2026-07-27 16:14:08",喷吹用煤（原料）,,,采购中心,水分,"9.4"
焦化厂,炼焦配合煤,A2MMJPM,,,"4","2026-07-27 16:14:08",喷吹用煤（原料）,,,采购中心,水分,"10.8"
焦化厂,炼焦配合煤,A2MMJPM,,,"4","2026-07-27 16:14:08",喷吹用煤（原料）,,,采购中心,水分,"12.0"
广西柳钢国际贸易有限公司,肥煤|国内,G3MMFF1,,宝丰,"4","2026-07-27 11:52:56",,"1M",611350.0,采购中心,Ad,"10.58"
广西柳钢国际贸易有限公司,肥煤|国内,G3MMFF1,,宝丰,"4","2026-07-27 11:52:56",,"1M",611350.0,采购中心,FCad,"61.87"
广西柳钢国际贸易有限公司,肥煤|国内,G3MMFF1,,宝丰,"4","2026-07-27 11:52:56",,"1M",611350.0,采购中心,Mad,"1.12"
广西柳钢国际贸易有限公司,肥煤|国内,G3MMFF1,,宝丰,"4","2026-07-27 11:52:56",,"1M",611350.0,采购中心,St.d,"2.12"
广西柳钢国际贸易有限公司,肥煤|国内,G3MMFF1,,宝丰,"4","2026-07-27 11:52:56",,"1M",611350.0,采购中心,Vdaf,"30.03"
广西柳钢国际贸易有限公司,肥煤|国内,G3MMFF1,,宝丰,"4","2026-07-27 11:52:56",,"1M",611350.0,采购中心,水分,"11.5"
石嘴山市惠农区永鑫工贸有限公司,肥煤|国内,G3MMFF1,,惠农,"4","2026-07-27 10:03:07",,"4M",276840.0,采购中心,Ad,"10.14"
石嘴山市惠农区永鑫工贸有限公司,肥煤|国内,G3MMFF1,,惠农,"4","2026-07-27 10:03:07",,"4M",276840.0,采购中心,FCad,"61.56"
石嘴山市惠农区永鑫工贸有限公司,肥煤|国内,G3MMFF1,,惠农,"4","2026-07-27 10:03:07",,"4M",276840.0,采购中心,Mad,"1.19"
石嘴山市惠农区永鑫工贸有限公司,肥煤|国内,G3MMFF1,,惠农,"4","2026-07-27 10:03:07",,"4M",276840.0,采购中心,St.d,"1.95"
石嘴山市惠农区永鑫工贸有限公司,肥煤|国内,G3MMFF1,,惠农,"4","2026-07-27 10:03:07",,"4M",276840.0,采购中心,Vdaf,"30.67"
石嘴山市惠农区永鑫工贸有限公司,肥煤|国内,G3MMFF1,,惠农,"4","2026-07-27 10:03:07",,"4M",276840.0,采购中心,水分,"9.1"
石嘴山市惠农区永鑫工贸有限公司,主焦煤|1级|国内,G3MMZJ1,,惠农,"4","2026-07-27 08:56:59",,"4M",1106590.0,采购中心,水分,"9.9"
广西柳钢国际贸易有限公司,贫瘦煤|国内,G3MMPS1,德邻惠航,,"4","2026-07-27 08:56:26",,,948050.0,采购中心,Ad,"10.57"
广西柳钢国际贸易有限公司,贫瘦煤|国内,G3MMPS1,德邻惠航,,"4","2026-07-27 08:56:26",,,948050.0,采购中心,FCad,"71.58"
广西柳钢国际贸易有限公司,贫瘦煤|国内,G3MMPS1,德邻惠航,,"4","2026-07-27 08:56:26",,,948050.0,采购中心,Mad,"3.35"
广西柳钢国际贸易有限公司,贫瘦煤|国内,G3MMPS1,德邻惠航,,"4","2026-07-27 08:56:26",,,948050.0,采购中心,St.d,"0.56"
广西柳钢国际贸易有限公司,贫瘦煤|国内,G3MMPS1,德邻惠航,,"4","2026-07-27 08:56:26",,,948050.0,采购中心,Vdaf,"17.18"
广西柳钢国际贸易有限公司,贫瘦煤|国内,G3MMPS1,德邻惠航,,"4","2026-07-27 08:56:26",,,948050.0,采购中心,水分,"12.1"
广西柳钢国际贸易有限公司,主焦煤|3级|进口|澳洲|Daunia,G3MMZJMH,流星,防城港,"4","2026-07-27 08:56:03",,,1184960.0,采购中心,水分,"11.6"
湖南湘煤精煤有限公司,主焦煤|1级|国内,G3MMZJ1,,三都,"4","2026-07-27 08:55:14",,"1M",559220.0,采购中心,水分,"13.5"
西部红果煤炭交易有限公司,主焦煤|1级|国内,G3MMZJ1,,柏果,"4","2026-07-27 08:54:16",,,1101100.0,采购中心,水分,"14.5"
广西柳钢国际贸易有限公司,主焦煤|1级|进口|蒙古5#,G3MMZJR,明友,防城港,"4","2026-07-27 08:52:41",,,2247320.0,采购中心,水分,"11.3"
贵州久泰邦达能源开发有限公司,"1/3焦煤|1级|国内",G3MMSY1,,花家庄,"4","2026-07-27 08:51:33",,"5M",936780.0,采购中心,水分,"8.8"
贵州松河煤业发展有限责任公司,主焦煤|1级|国内,G3MMZJ1,,松河,"4","2026-07-27 08:50:48",,"4M",341690.0,采购中心,水分,"12.7"
贵州盘江精煤股份有限公司,"1/3焦煤|1级|国内",G3MMSY1,,柏果,"4","2026-07-27 08:49:32",,"4M",978670.0,采购中心,水分,"11.2"
贵州盘江精煤股份有限公司,"1/3焦煤|1级|国内",G3MMSY1,,火铺,"4","2026-07-27 08:48:39",,"5M",689100.0,采购中心,水分,"13.4"
重庆皓联实业（集团）有限公司,主焦煤|2级|国内,G3MMZJD,,松坎,"4","2026-07-27 08:47:22",,"4M",425710.0,采购中心,水分,"13.8"
贵州盘江精煤股份有限公司,"1/3焦煤|1级|国内",G3MMSY1,,柏果,"4","2026-07-27 08:15:52",,A2,470730.0,采购中心,Ad,"10.98"
贵州盘江精煤股份有限公司,"1/3焦煤|1级|国内",G3MMSY1,,柏果,"4","2026-07-27 08:15:52",,A2,470730.0,采购中心,FCad,"61.93"
贵州盘江精煤股份有限公司,"1/3焦煤|1级|国内",G3MMSY1,,柏果,"4","2026-07-27 08:15:52",,A2,470730.0,采购中心,Mad,"0.90"
贵州盘江精煤股份有限公司,"1/3焦煤|1级|国内",G3MMSY1,,柏果,"4","2026-07-27 08:15:52",,A2,470730.0,采购中心,St.d,"0.24"
贵州盘江精煤股份有限公司,"1/3焦煤|1级|国内",G3MMSY1,,柏果,"4","2026-07-27 08:15:52",,A2,470730.0,采购中心,Vdaf,"29.80"
贵州盘江精煤股份有限公司,"1/3焦煤|1级|国内",G3MMSY1,,柏果,"4","2026-07-27 08:15:52",,A2,470730.0,采购中心,水分,"11.8"
国家能源投资集团有限责任公司煤炭经营分公司,烟煤|国内,G3MMYY1,,大保当,"4","2026-07-27 06:45:16",,A7,624030.0,采购中心,Ad,"6.92"
国家能源投资集团有限责任公司煤炭经营分公司,烟煤|国内,G3MMYY1,,大保当,"4","2026-07-27 06:45:16",,A7,624030.0,采购中心,FCad,"54.70"
国家能源投资集团有限责任公司煤炭经营分公司,烟煤|国内,G3MMYY1,,大保当,"4","2026-07-27 06:45:16",,A7,624030.0,采购中心,Mad,"3.79"
国家能源投资集团有限责任公司煤炭经营分公司,烟煤|国内,G3MMYY1,,大保当,"4","2026-07-27 06:45:16",,A7,624030.0,采购中心,St.d,"0.56"
国家能源投资集团有限责任公司煤炭经营分公司,烟煤|国内,G3MMYY1,,大保当,"4","2026-07-27 06:45:16",,A7,624030.0,采购中心,Vdaf,"38.91"
国家能源投资集团有限责任公司煤炭经营分公司,烟煤|国内,G3MMYY1,,大保当,"4","2026-07-27 06:45:16",,A7,624030.0,采购中心,水分,"10.6"
广西柳钢国际贸易有限公司,肥煤|国内,G3MMFF1,,宝丰,"4","2026-07-27 06:43:09",,"1M",415520.0,采购中心,Ad,"10.71"
广西柳钢国际贸易有限公司,肥煤|国内,G3MMFF1,,宝丰,"4","2026-07-27 06:43:09",,"1M",415520.0,采购中心,FCad,"62.08"
广西柳钢国际贸易有限公司,肥煤|国内,G3MMFF1,,宝丰,"4","2026-07-27 06:43:09",,"1M",415520.0,采购中心,Mad,"1.04"
广西柳钢国际贸易有限公司,肥煤|国内,G3MMFF1,,宝丰,"4","2026-07-27 06:43:09",,"1M",415520.0,采购中心,St.d,"2.32"
广西柳钢国际贸易有限公司,肥煤|国内,G3MMFF1,,宝丰,"4","2026-07-27 06:43:09",,"1M",415520.0,采购中心,Vdaf,"29.74"
广西柳钢国际贸易有限公司,肥煤|国内,G3MMFF1,,宝丰,"4","2026-07-27 06:43:09",,"1M",415520.0,采购中心,水分,"11.1"
湖南湘煤精煤有限公司,主焦煤|1级|国内,G3MMZJ1,,三都,"4","2026-07-27 06:41:16",,"1M",263160.0,采购中心,Ad,"10.14"
湖南湘煤精煤有限公司,主焦煤|1级|国内,G3MMZJ1,,三都,"4","2026-07-27 06:41:16",,"1M",263160.0,采购中心,FCad,"65.05"
湖南湘煤精煤有限公司,主焦煤|1级|国内,G3MMZJ1,,三都,"4","2026-07-27 06:41:16",,"1M",263160.0,采购中心,Mad,"0.99"
湖南湘煤精煤有限公司,主焦煤|1级|国内,G3MMZJ1,,三都,"4","2026-07-27 06:41:16",,"1M",263160.0,采购中心,St.d,"0.68"
湖南湘煤精煤有限公司,主焦煤|1级|国内,G3MMZJ1,,三都,"4","2026-07-27 06:41:16",,"1M",263160.0,采购中心,Vdaf,"26.89"
湖南湘煤精煤有限公司,主焦煤|1级|国内,G3MMZJ1,,三都,"4","2026-07-27 06:41:16",,"1M",263160.0,采购中心,水分,"12.2"
湖南湘煤精煤有限公司,主焦煤|1级|国内,G3MMZJ1,,三都,"4","2026-07-27 03:45:17",,"1M",262800.0,采购中心,Ad,"9.90"
湖南湘煤精煤有限公司,主焦煤|1级|国内,G3MMZJ1,,三都,"4","2026-07-27 03:45:17",,"1M",262800.0,采购中心,FCad,"65.15"
湖南湘煤精煤有限公司,主焦煤|1级|国内,G3MMZJ1,,三都,"4","2026-07-27 03:45:17",,"1M",262800.0,采购中心,Mad,"1.05"
湖南湘煤精煤有限公司,主焦煤|1级|国内,G3MMZJ1,,三都,"4","2026-07-27 03:45:17",,"1M",262800.0,采购中心,St.d,"0.66"
湖南湘煤精煤有限公司,主焦煤|1级|国内,G3MMZJ1,,三都,"4","2026-07-27 03:45:17",,"1M",262800.0,采购中心,Vdaf,"26.92"
湖南湘煤精煤有限公司,主焦煤|1级|国内,G3MMZJ1,,三都,"4","2026-07-27 03:45:17",,"1M",262800.0,采购中心,水分,"12.7"
国家能源投资集团有限责任公司煤炭经营分公司,烟煤|国内,G3MMYY1,,大保当,"4","2026-07-27 01:37:35",,A2,813560.0,采购中心,Ad,"7.47"
国家能源投资集团有限责任公司煤炭经营分公司,烟煤|国内,G3MMYY1,,大保当,"4","2026-07-27 01:37:35",,A2,813560.0,采购中心,FCad,"54.56"
国家能源投资集团有限责任公司煤炭经营分公司,烟煤|国内,G3MMYY1,,大保当,"4","2026-07-27 01:37:35",,A2,813560.0,采购中心,Mad,"3.69"
国家能源投资集团有限责任公司煤炭经营分公司,烟煤|国内,G3MMYY1,,大保当,"4","2026-07-27 01:37:35",,A2,813560.0,采购中心,St.d,"0.55"
国家能源投资集团有限责任公司煤炭经营分公司,烟煤|国内,G3MMYY1,,大保当,"4","2026-07-27 01:37:35",,A2,813560.0,采购中心,Vdaf,"38.78"
国家能源投资集团有限责任公司煤炭经营分公司,烟煤|国内,G3MMYY1,,大保当,"4","2026-07-27 01:37:35",,A2,813560.0,采购中心,水分,"11.2"
贵州盘江精煤股份有限公司,"1/3焦煤|1级|国内",G3MMSY1,,火铺,"4","2026-07-27 01:19:25",,"5M",69100.0,采购中心,Ad,"10.64"
贵州盘江精煤股份有限公司,"1/3焦煤|1级|国内",G3MMSY1,,火铺,"4","2026-07-27 01:19:25",,"5M",69100.0,采购中心,FCad,"61.65"
贵州盘江精煤股份有限公司,"1/3焦煤|1级|国内",G3MMSY1,,火铺,"4","2026-07-27 01:19:25",,"5M",69100.0,采购中心,Mad,"0.92"
贵州盘江精煤股份有限公司,"1/3焦煤|1级|国内",G3MMSY1,,火铺,"4","2026-07-27 01:19:25",,"5M",69100.0,采购中心,St.d,"0.47"
贵州盘江精煤股份有限公司,"1/3焦煤|1级|国内",G3MMSY1,,火铺,"4","2026-07-27 01:19:25",,"5M",69100.0,采购中心,Vdaf,"30.37"
贵州盘江精煤股份有限公司,"1/3焦煤|1级|国内",G3MMSY1,,火铺,"4","2026-07-27 01:19:25",,"5M",69100.0,采购中心,水分,"12.5"
国家能源投资集团有限责任公司煤炭经营分公司,烟煤|国内,G3MMYY1,,大保当,"4","2026-07-27 00:04:30",,A2,813560.0,采购中心,Ad,"7.98"
国家能源投资集团有限责任公司煤炭经营分公司,烟煤|国内,G3MMYY1,,大保当,"4","2026-07-27 00:04:30",,A2,813560.0,采购中心,FCad,"54.28"
国家能源投资集团有限责任公司煤炭经营分公司,烟煤|国内,G3MMYY1,,大保当,"4","2026-07-27 00:04:30",,A2,813560.0,采购中心,Mad,"3.75"
国家能源投资集团有限责任公司煤炭经营分公司,烟煤|国内,G3MMYY1,,大保当,"4","2026-07-27 00:04:30",,A2,813560.0,采购中心,St.d,"0.59"
国家能源投资集团有限责任公司煤炭经营分公司,烟煤|国内,G3MMYY1,,大保当,"4","2026-07-27 00:04:30",,A2,813560.0,采购中心,Vdaf,"38.72"
国家能源投资集团有限责任公司煤炭经营分公司,烟煤|国内,G3MMYY1,,大保当,"4","2026-07-27 00:04:30",,A2,813560.0,采购中心,水分,"11.3"
广西柳钢国际贸易有限公司,主焦煤|3级|进口|澳洲|Daunia,G3MMZJMH,流星,防城港,"4","2026-07-26 23:16:15",,,3566810.0,采购中心,水分,"10.3"
国家能源投资集团有限责任公司煤炭经营分公司,烟煤|国内,G3MMYY1,,大保当,"4","2026-07-26 21:54:25",,A7,611340.0,采购中心,Ad,"6.33"
国家能源投资集团有限责任公司煤炭经营分公司,烟煤|国内,G3MMYY1,,大保当,"4","2026-07-26 21:54:25",,A7,611340.0,采购中心,FCad,"54.89"
国家能源投资集团有限责任公司煤炭经营分公司,烟煤|国内,G3MMYY1,,大保当,"4","2026-07-26 21:54:25",,A7,611340.0,采购中心,Mad,"3.86"
国家能源投资集团有限责任公司煤炭经营分公司,烟煤|国内,G3MMYY1,,大保当,"4","2026-07-26 21:54:25",,A7,611340.0,采购中心,St.d,"0.47"
国家能源投资集团有限责任公司煤炭经营分公司,烟煤|国内,G3MMYY1,,大保当,"4","2026-07-26 21:54:25",,A7,611340.0,采购中心,Vdaf,"39.04"
国家能源投资集团有限责任公司煤炭经营分公司,烟煤|国内,G3MMYY1,,大保当,"4","2026-07-26 21:54:25",,A7,611340.0,采购中心,水分,"11.5"
国家能源投资集团有限责任公司煤炭经营分公司,烟煤|国内,G3MMYY1,,大保当,"4","2026-07-26 21:33:21",,料3,338220.0,采购中心,Ad,"7.90"
国家能源投资集团有限责任公司煤炭经营分公司,烟煤|国内,G3MMYY1,,大保当,"4","2026-07-26 21:33:21",,料3,338220.0,采购中心,FCad,"54.45"
国家能源投资集团有限责任公司煤炭经营分公司,烟煤|国内,G3MMYY1,,大保当,"4","2026-07-26 21:33:21",,料3,338220.0,采购中心,Mad,"3.61"
国家能源投资集团有限责任公司煤炭经营分公司,烟煤|国内,G3MMYY1,,大保当,"4","2026-07-26 21:33:21",,料3,338220.0,采购中心,St.d,"0.57"
国家能源投资集团有限责任公司煤炭经营分公司,烟煤|国内,G3MMYY1,,大保当,"4","2026-07-26 21:33:21",,料3,338220.0,采购中心,Vdaf,"38.67"
国家能源投资集团有限责任公司煤炭经营分公司,烟煤|国内,G3MMYY1,,大保当,"4","2026-07-26 21:33:21",,料3,338220.0,采购中心,水分,"11.6"
湖南湘煤精煤有限公司,主焦煤|1级|国内,G3MMZJ1,,三都,"4","2026-07-26 20:28:36",,"4M",1110390.0,采购中心,Ad,"9.82"
湖南湘煤精煤有限公司,主焦煤|1级|国内,G3MMZJ1,,三都,"4","2026-07-26 20:28:36",,"4M",1110390.0,采购中心,FCad,"65.21"
湖南湘煤精煤有限公司,主焦煤|1级|国内,G3MMZJ1,,三都,"4","2026-07-26 20:28:36",,"4M",1110390.0,采购中心,Mad,"0.95"
湖南湘煤精煤有限公司,主焦煤|1级|国内,G3MMZJ1,,三都,"4","2026-07-26 20:28:36",,"4M",1110390.0,采购中心,St.d,"0.65"
湖南湘煤精煤有限公司,主焦煤|1级|国内,G3MMZJ1,,三都,"4","2026-07-26 20:28:36",,"4M",1110390.0,采购中心,Vdaf,"26.99"
湖南湘煤精煤有限公司,主焦煤|1级|国内,G3MMZJ1,,三都,"4","2026-07-26 20:28:36",,"4M",1110390.0,采购中心,水分,"12.5"
广西柳钢国际贸易有限公司,"1/3焦煤|2级|进口|印尼",G3MMSYN,明联,防城港,"4","2026-07-26 18:35:40",,,4482610.0,采购中心,水分,"11.7"
广西钢铁集团有限公司,主焦煤|2级|国内,G3MMZJD,振洋运,贵港,"4","2026-07-26 18:35:40",,,2033450.0,采购中心,水分,"10.1"
焦化厂,炼焦配合煤,A2MMJPM,,,"4","2026-07-26 16:01:10",喷吹用煤（原料）,,,采购中心,Ad,"8.59"
焦化厂,炼焦配合煤,A2MMJPM,,,"4","2026-07-26 16:01:10",喷吹用煤（原料）,,,采购中心,Ad,"10.54"
焦化厂,炼焦配合煤,A2MMJPM,,,"4","2026-07-26 16:01:10",喷吹用煤（原料）,,,采购中心,Ad,"11.32"
焦化厂,炼焦配合煤,A2MMJPM,,,"4","2026-07-26 16:01:10",喷吹用煤（原料）,,,采购中心,FCad,"69.40"
焦化厂,炼焦配合煤,A2MMJPM,,,"4","2026-07-26 16:01:10",喷吹用煤（原料）,,,采购中心,FCad,"63.29"
焦化厂,炼焦配合煤,A2MMJPM,,,"4","2026-07-26 16:01:10",喷吹用煤（原料）,,,采购中心,FCad,"68.19"
焦化厂,炼焦配合煤,A2MMJPM,,,"4","2026-07-26 16:01:10",喷吹用煤（原料）,,,采购中心,Mad,"0.98"
焦化厂,炼焦配合煤,A2MMJPM,,,"4","2026-07-26 16:01:10",喷吹用煤（原料）,,,采购中心,Mad,"0.88"
焦化厂,炼焦配合煤,A2MMJPM,,,"4","2026-07-26 16:01:10",喷吹用煤（原料）,,,采购中心,Mad,"1.11"
焦化厂,炼焦配合煤,A2MMJPM,,,"4","2026-07-26 16:01:10",喷吹用煤（原料）,,,采购中心,St.d,"0.24"
焦化厂,炼焦配合煤,A2MMJPM,,,"4","2026-07-26 16:01:10",喷吹用煤（原料）,,,采购中心,St.d,"1.55"
焦化厂,炼焦配合煤,A2MMJPM,,,"4","2026-07-26 16:01:10",喷吹用煤（原料）,,,采购中心,St.d,"0.42"
焦化厂,炼焦配合煤,A2MMJPM,,,"4","2026-07-26 16:01:10",喷吹用煤（原料）,,,采购中心,Vdaf,"22.42"
焦化厂,炼焦配合煤,A2MMJPM,,,"4","2026-07-26 16:01:10",喷吹用煤（原料）,,,采购中心,Vdaf,"23.23"
焦化厂,炼焦配合煤,A2MMJPM,,,"4","2026-07-26 16:01:10",喷吹用煤（原料）,,,采购中心,Vdaf,"28.55"
焦化厂,炼焦配合煤,A2MMJPM,,,"4","2026-07-26 16:01:10",喷吹用煤（原料）,,,采购中心,水分,"11.2"
焦化厂,炼焦配合煤,A2MMJPM,,,"4","2026-07-26 16:01:10",喷吹用煤（原料）,,,采购中心,水分,"13.9"
焦化厂,炼焦配合煤,A2MMJPM,,,"4","2026-07-26 16:01:10",喷吹用煤（原料）,,,采购中心,水分,"14.8"
广西柳钢国际贸易有限公司,贫瘦煤|国内,G3MMPS1,德邻惠航,,"4","2026-07-26 15:18:20",,,235200.0,采购中心,Ad,"10.31"
广西柳钢国际贸易有限公司,贫瘦煤|国内,G3MMPS1,德邻惠航,,"4","2026-07-26 15:18:20",,,235200.0,采购中心,FCad,"72.00"
广西柳钢国际贸易有限公司,贫瘦煤|国内,G3MMPS1,德邻惠航,,"4","2026-07-26 15:18:20",,,235200.0,采购中心,Mad,"2.81"
广西柳钢国际贸易有限公司,贫瘦煤|国内,G3MMPS1,德邻惠航,,"4","2026-07-26 15:18:20",,,235200.0,采购中心,St.d,"0.54"
广西柳钢国际贸易有限公司,贫瘦煤|国内,G3MMPS1,德邻惠航,,"4","2026-07-26 15:18:20",,,235200.0,采购中心,Vdaf,"17.40"
广西柳钢国际贸易有限公司,贫瘦煤|国内,G3MMPS1,德邻惠航,,"4","2026-07-26 15:18:20",,,235200.0,采购中心,水分,"12.2"
山西焦煤集团有限责任公司,"1/3焦煤|3级|国内",G3MMSY5,,临县北,"4","2026-07-26 14:19:38",,"5M",3703940.0,采购中心,Ad,"10.06"
山西焦煤集团有限责任公司,"1/3焦煤|3级|国内",G3MMSY5,,临县北,"4","2026-07-26 14:19:38",,"5M",3703940.0,采购中心,FCad,"60.58"
山西焦煤集团有限责任公司,"1/3焦煤|3级|国内",G3MMSY5,,临县北,"4","2026-07-26 14:19:38",,"5M",3703940.0,采购中心,Mad,"1.44"
山西焦煤集团有限责任公司,"1/3焦煤|3级|国内",G3MMSY5,,临县北,"4","2026-07-26 14:19:38",,"5M",3703940.0,采购中心,St.d,"1.46"
山西焦煤集团有限责任公司,"1/3焦煤|3级|国内",G3MMSY5,,临县北,"4","2026-07-26 14:19:38",,"5M",3703940.0,采购中心,Vdaf,"31.66"
山西焦煤集团有限责任公司,"1/3焦煤|3级|国内",G3MMSY5,,临县北,"4","2026-07-26 14:19:38",,"5M",3703940.0,采购中心,水分,"8.9"
贵州盘江精煤股份有限公司,"1/3焦煤|1级|国内",G3MMSY1,,月亮田,"4","2026-07-26 12:17:03",,"1M",211080.0,采购中心,Ad,"10.64"
贵州盘江精煤股份有限公司,"1/3焦煤|1级|国内",G3MMSY1,,月亮田,"4","2026-07-26 12:17:03",,"1M",211080.0,采购中心,FCad,"57.67"
贵州盘江精煤股份有限公司,"1/3焦煤|1级|国内",G3MMSY1,,月亮田,"4","2026-07-26 12:17:03",,"1M",211080.0,采购中心,Mad,"1.06"
贵州盘江精煤股份有限公司,"1/3焦煤|1级|国内",G3MMSY1,,月亮田,"4","2026-07-26 12:17:03",,"1M",211080.0,采购中心,St.d,"0.67"
贵州盘江精煤股份有限公司,"1/3焦煤|1级|国内",G3MMSY1,,月亮田,"4","2026-07-26 12:17:03",,"1M",211080.0,采购中心,Vdaf,"34.77"
贵州盘江精煤股份有限公司,"1/3焦煤|1级|国内",G3MMSY1,,月亮田,"4","2026-07-26 12:17:03",,"1M",211080.0,采购中心,水分,"10.2"
湖南湘煤精煤有限公司,主焦煤|1级|国内,G3MMZJ1,,三都,"4","2026-07-26 12:17:03",,"1M",261110.0,采购中心,Ad,"9.92"
湖南湘煤精煤有限公司,主焦煤|1级|国内,G3MMZJ1,,三都,"4","2026-07-26 12:17:03",,"1M",261110.0,采购中心,FCad,"64.80"
湖南湘煤精煤有限公司,主焦煤|1级|国内,G3MMZJ1,,三都,"4","2026-07-26 12:17:03",,"1M",261110.0,采购中心,Mad,"1.01"
湖南湘煤精煤有限公司,主焦煤|1级|国内,G3MMZJ1,,三都,"4","2026-07-26 12:17:03",,"1M",261110.0,采购中心,St.d,"0.65"
湖南湘煤精煤有限公司,主焦煤|1级|国内,G3MMZJ1,,三都,"4","2026-07-26 12:17:03",,"1M",261110.0,采购中心,Vdaf,"27.33"
湖南湘煤精煤有限公司,主焦煤|1级|国内,G3MMZJ1,,三都,"4","2026-07-26 12:17:03",,"1M",261110.0,采购中心,水分,"14.2"
湖南湘煤精煤有限公司,主焦煤|1级|国内,G3MMZJ1,,三都,"4","2026-07-26 10:55:25",,"1M",607710.0,采购中心,Ad,"10.23"
湖南湘煤精煤有限公司,主焦煤|1级|国内,G3MMZJ1,,三都,"4","2026-07-26 10:55:25",,"1M",607710.0,采购中心,FCad,"65.08"
湖南湘煤精煤有限公司,主焦煤|1级|国内,G3MMZJ1,,三都,"4","2026-07-26 10:55:25",,"1M",607710.0,采购中心,Mad,"0.93"
湖南湘煤精煤有限公司,主焦煤|1级|国内,G3MMZJ1,,三都,"4","2026-07-26 10:55:25",,"1M",607710.0,采购中心,St.d,"0.70"
湖南湘煤精煤有限公司,主焦煤|1级|国内,G3MMZJ1,,三都,"4","2026-07-26 10:55:25",,"1M",607710.0,采购中心,Vdaf,"26.83"
湖南湘煤精煤有限公司,主焦煤|1级|国内,G3MMZJ1,,三都,"4","2026-07-26 10:55:25",,"1M",607710.0,采购中心,水分,"13.2"
石嘴山市惠农区永鑫工贸有限公司,肥煤|国内,G3MMFF1,,惠农,"4","2026-07-26 09:58:20",,"4M",1080040.0,采购中心,Ad,"10.09"
石嘴山市惠农区永鑫工贸有限公司,肥煤|国内,G3MMFF1,,惠农,"4","2026-07-26 09:58:20",,"4M",1080040.0,采购中心,FCad,"61.18"
石嘴山市惠农区永鑫工贸有限公司,肥煤|国内,G3MMFF1,,惠农,"4","2026-07-26 09:58:20",,"4M",1080040.0,采购中心,Mad,"1.10"
石嘴山市惠农区永鑫工贸有限公司,肥煤|国内,G3MMFF1,,惠农,"4","2026-07-26 09:58:20",,"4M",1080040.0,采购中心,St.d,"1.91"
石嘴山市惠农区永鑫工贸有限公司,肥煤|国内,G3MMFF1,,惠农,"4","2026-07-26 09:58:20",,"4M",1080040.0,采购中心,Vdaf,"31.20"
石嘴山市惠农区永鑫工贸有限公司,肥煤|国内,G3MMFF1,,惠农,"4","2026-07-26 09:58:20",,"4M",1080040.0,采购中心,水分,"8.9"
广西柳钢国际贸易有限公司,贫瘦煤|国内,G3MMPS1,德邻惠航,,"4","2026-07-26 09:09:39",,,969950.0,采购中心,Ad,"10.19"
广西柳钢国际贸易有限公司,贫瘦煤|国内,G3MMPS1,德邻惠航,,"4","2026-07-26 09:09:39",,,969950.0,采购中心,FCad,"72.59"
广西柳钢国际贸易有限公司,贫瘦煤|国内,G3MMPS1,德邻惠航,,"4","2026-07-26 09:09:39",,,969950.0,采购中心,Mad,"2.79"
广西柳钢国际贸易有限公司,贫瘦煤|国内,G3MMPS1,德邻惠航,,"4","2026-07-26 09:09:39",,,969950.0,采购中心,St.d,"0.56"
广西柳钢国际贸易有限公司,贫瘦煤|国内,G3MMPS1,德邻惠航,,"4","2026-07-26 09:09:39",,,969950.0,采购中心,Vdaf,"16.85"
广西柳钢国际贸易有限公司,贫瘦煤|国内,G3MMPS1,德邻惠航,,"4","2026-07-26 09:09:39",,,969950.0,采购中心,水分,"12.9"
广西柳钢国际贸易有限公司,主焦煤|1级|进口|加拿大|瑞峰,G3MMZJC,清水河,防城港,"4","2026-07-26 08:50:24",,"5M",3389890.0,采购中心,Ad,"9.47"
广西柳钢国际贸易有限公司,主焦煤|1级|进口|加拿大|瑞峰,G3MMZJC,清水河,防城港,"4","2026-07-26 08:50:24",,"5M",3389890.0,采购中心,FCad,"64.63"
广西柳钢国际贸易有限公司,主焦煤|1级|进口|加拿大|瑞峰,G3MMZJC,清水河,防城港,"4","2026-07-26 08:50:24",,"5M",3389890.0,采购中心,Mad,"1.15"
广西柳钢国际贸易有限公司,主焦煤|1级|进口|加拿大|瑞峰,G3MMZJC,清水河,防城港,"4","2026-07-26 08:50:24",,"5M",3389890.0,采购中心,St.d,"0.50"
广西柳钢国际贸易有限公司,主焦煤|1级|进口|加拿大|瑞峰,G3MMZJC,清水河,防城港,"4","2026-07-26 08:50:24",,"5M",3389890.0,采购中心,Vdaf,"27.78"
广西柳钢国际贸易有限公司,主焦煤|1级|进口|加拿大|瑞峰,G3MMZJC,清水河,防城港,"4","2026-07-26 08:50:24",,"5M",3389890.0,采购中心,水分,"12.2"
石嘴山市惠农区永鑫工贸有限公司,主焦煤|1级|国内,G3MMZJ1,,惠农,"4","2026-07-26 04:03:33",,"4M",676200.0,采购中心,Ad,"10.34"
石嘴山市惠农区永鑫工贸有限公司,主焦煤|1级|国内,G3MMZJ1,,惠农,"4","2026-07-26 04:03:33",,"4M",676200.0,采购中心,FCad,"64.89"
石嘴山市惠农区永鑫工贸有限公司,主焦煤|1级|国内,G3MMZJ1,,惠农,"4","2026-07-26 04:03:33",,"4M",676200.0,采购中心,Mad,"1.00"
石嘴山市惠农区永鑫工贸有限公司,主焦煤|1级|国内,G3MMZJ1,,惠农,"4","2026-07-26 04:03:33",,"4M",676200.0,采购中心,St.d,"0.68"
石嘴山市惠农区永鑫工贸有限公司,主焦煤|1级|国内,G3MMZJ1,,惠农,"4","2026-07-26 04:03:33",,"4M",676200.0,采购中心,Vdaf,"26.89"
石嘴山市惠农区永鑫工贸有限公司,主焦煤|1级|国内,G3MMZJ1,,惠农,"4","2026-07-26 04:03:33",,"4M",676200.0,采购中心,水分,"8.9"
贵州盘江精煤股份有限公司,"1/3焦煤|1级|国内",G3MMSY1,,火铺,"4","2026-07-26 02:05:40",,"5M",689100.0,采购中心,Ad,"10.41"
贵州盘江精煤股份有限公司,"1/3焦煤|1级|国内",G3MMSY1,,火铺,"4","2026-07-26 02:05:40",,"5M",689100.0,采购中心,FCad,"61.47"
贵州盘江精煤股份有限公司,"1/3焦煤|1级|国内",G3MMSY1,,火铺,"4","2026-07-26 02:05:40",,"5M",689100.0,采购中心,Mad,"0.75"
贵州盘江精煤股份有限公司,"1/3焦煤|1级|国内",G3MMSY1,,火铺,"4","2026-07-26 02:05:40",,"5M",689100.0,采购中心,St.d,"0.45"
贵州盘江精煤股份有限公司,"1/3焦煤|1级|国内",G3MMSY1,,火铺,"4","2026-07-26 02:05:40",,"5M",689100.0,采购中心,Vdaf,"30.87"
贵州盘江精煤股份有限公司,"1/3焦煤|1级|国内",G3MMSY1,,火铺,"4","2026-07-26 02:05:40",,"5M",689100.0,采购中心,水分,"13.3"
重庆皓联实业（集团）有限公司,主焦煤|2级|国内,G3MMZJD,,松坎,"4","2026-07-25 22:43:02",,"4M",425710.0,采购中心,Ad,"11.71"
重庆皓联实业（集团）有限公司,主焦煤|2级|国内,G3MMZJD,,松坎,"4","2026-07-25 22:43:02",,"4M",425710.0,采购中心,FCad,"68.34"
重庆皓联实业（集团）有限公司,主焦煤|2级|国内,G3MMZJD,,松坎,"4","2026-07-25 22:43:02",,"4M",425710.0,采购中心,Mad,"0.92"
重庆皓联实业（集团）有限公司,主焦煤|2级|国内,G3MMZJD,,松坎,"4","2026-07-25 22:43:02",,"4M",425710.0,采购中心,St.d,"1.64"
重庆皓联实业（集团）有限公司,主焦煤|2级|国内,G3MMZJD,,松坎,"4","2026-07-25 22:43:02",,"4M",425710.0,采购中心,Vdaf,"21.88"
重庆皓联实业（集团）有限公司,主焦煤|2级|国内,G3MMZJD,,松坎,"4","2026-07-25 22:43:02",,"4M",425710.0,采购中心,水分,"13.9"
广西柳钢国际贸易有限公司,肥煤|国内,G3MMFF1,,宝丰,"4","2026-07-25 22:20:27",,"1M",766410.0,采购中心,Ad,"10.07"
广西柳钢国际贸易有限公司,肥煤|国内,G3MMFF1,,宝丰,"4","2026-07-25 22:20:27",,"1M",766410.0,采购中心,FCad,"62.54"
广西柳钢国际贸易有限公司,肥煤|国内,G3MMFF1,,宝丰,"4","2026-07-25 22:20:27",,"1M",766410.0,采购中心,Mad,"1.12"
广西柳钢国际贸易有限公司,肥煤|国内,G3MMFF1,,宝丰,"4","2026-07-25 22:20:27",,"1M",766410.0,采购中心,St.d,"2.33"
广西柳钢国际贸易有限公司,肥煤|国内,G3MMFF1,,宝丰,"4","2026-07-25 22:20:27",,"1M",766410.0,采购中心,Vdaf,"29.67"
广西柳钢国际贸易有限公司,肥煤|国内,G3MMFF1,,宝丰,"4","2026-07-25 22:20:27",,"1M",766410.0,采购中心,水分,"10.9"
贵州盘江精煤股份有限公司,"1/3焦煤|1级|国内",G3MMSY1,,火铺,"4","2026-07-25 21:57:27",,"5M",980620.0,采购中心,Ad,"10.61"
贵州盘江精煤股份有限公司,"1/3焦煤|1级|国内",G3MMSY1,,火铺,"4","2026-07-25 21:57:27",,"5M",980620.0,采购中心,FCad,"61.30"
贵州盘江精煤股份有限公司,"1/3焦煤|1级|国内",G3MMSY1,,火铺,"4","2026-07-25 21:57:27",,"5M",980620.0,采购中心,Mad,"1.04"
贵州盘江精煤股份有限公司,"1/3焦煤|1级|国内",G3MMSY1,,火铺,"4","2026-07-25 21:57:27",,"5M",980620.0,采购中心,St.d,"0.46"
贵州盘江精煤股份有限公司,"1/3焦煤|1级|国内",G3MMSY1,,火铺,"4","2026-07-25 21:57:27",,"5M",980620.0,采购中心,Vdaf,"30.70"
贵州盘江精煤股份有限公司,"1/3焦煤|1级|国内",G3MMSY1,,火铺,"4","2026-07-25 21:57:27",,"5M",980620.0,采购中心,水分,"13.2"
江西奕源矿业有限公司,气煤|1级|国内,G3MMQQA,,邹城,"4","2026-07-25 19:10:57",,"1M",208210.0,采购中心,Ad,"8.41"
江西奕源矿业有限公司,气煤|1级|国内,G3MMQQA,,邹城,"4","2026-07-25 19:10:57",,"1M",208210.0,采购中心,FCad,"55.63"
江西奕源矿业有限公司,气煤|1级|国内,G3MMQQA,,邹城,"4","2026-07-25 19:10:57",,"1M",208210.0,采购中心,Mad,"1.93"
江西奕源矿业有限公司,气煤|1级|国内,G3MMQQA,,邹城,"4","2026-07-25 19:10:57",,"1M",208210.0,采购中心,St.d,"0.61"
江西奕源矿业有限公司,气煤|1级|国内,G3MMQQA,,邹城,"4","2026-07-25 19:10:57",,"1M",208210.0,采购中心,Vdaf,"38.06"
江西奕源矿业有限公司,气煤|1级|国内,G3MMQQA,,邹城,"4","2026-07-25 19:10:57",,"1M",208210.0,采购中心,水分,"5.6"
广西海亿贸易有限公司,肥煤|国内,G3MMFF1,,龙马,"4","2026-07-25 17:44:26",,"4M",278160.0,采购中心,Ad,"10.33"
广西海亿贸易有限公司,肥煤|国内,G3MMFF1,,龙马,"4","2026-07-25 17:44:26",,"4M",278160.0,采购中心,FCad,"63.24"
广西海亿贸易有限公司,肥煤|国内,G3MMFF1,,龙马,"4","2026-07-25 17:44:26",,"4M",278160.0,采购中心,Mad,"0.93"
广西海亿贸易有限公司,肥煤|国内,G3MMFF1,,龙马,"4","2026-07-25 17:44:26",,"4M",278160.0,采购中心,St.d,"1.85"
广西海亿贸易有限公司,肥煤|国内,G3MMFF1,,龙马,"4","2026-07-25 17:44:26",,"4M",278160.0,采购中心,Vdaf,"28.82"
广西海亿贸易有限公司,肥煤|国内,G3MMFF1,,龙马,"4","2026-07-25 17:44:26",,"4M",278160.0,采购中心,水分,"12.0"
贵州久泰邦达能源开发有限公司,"1/3焦煤|1级|国内",G3MMSY1,,花家庄,"4","2026-07-25 17:11:27",,"5M",941370.0,采购中心,Ad,"10.13"
贵州久泰邦达能源开发有限公司,"1/3焦煤|1级|国内",G3MMSY1,,花家庄,"4","2026-07-25 17:11:27",,"5M",941370.0,采购中心,FCad,"60.25"
贵州久泰邦达能源开发有限公司,"1/3焦煤|1级|国内",G3MMSY1,,花家庄,"4","2026-07-25 17:11:27",,"5M",941370.0,采购中心,Mad,"0.99"
贵州久泰邦达能源开发有限公司,"1/3焦煤|1级|国内",G3MMSY1,,花家庄,"4","2026-07-25 17:11:27",,"5M",941370.0,采购中心,St.d,"0.40"
贵州久泰邦达能源开发有限公司,"1/3焦煤|1级|国内",G3MMSY1,,花家庄,"4","2026-07-25 17:11:27",,"5M",941370.0,采购中心,Vdaf,"32.29"
贵州久泰邦达能源开发有限公司,"1/3焦煤|1级|国内",G3MMSY1,,花家庄,"4","2026-07-25 17:11:27",,"5M",941370.0,采购中心,水分,"8.6"
焦化厂,炼焦配合煤,A2MMJPM,,,"4","2026-07-25 16:03:19",喷吹用煤（原料）,,,采购中心,Ad,"11.53"
焦化厂,炼焦配合煤,A2MMJPM,,,"4","2026-07-25 16:03:19",喷吹用煤（原料）,,,采购中心,Ad,"10.96"
焦化厂,炼焦配合煤,A2MMJPM,,,"4","2026-07-25 16:03:19",喷吹用煤（原料）,,,采购中心,Ad,"10.76"
焦化厂,炼焦配合煤,A2MMJPM,,,"4","2026-07-25 16:03:19",喷吹用煤（原料）,,,采购中心,FCad,"59.47"
焦化厂,炼焦配合煤,A2MMJPM,,,"4","2026-07-25 16:03:19",喷吹用煤（原料）,,,采购中心,FCad,"66.56"
焦化厂,炼焦配合煤,A2MMJPM,,,"4","2026-07-25 16:03:19",喷吹用煤（原料）,,,采购中心,FCad,"61.71"
焦化厂,炼焦配合煤,A2MMJPM,,,"4","2026-07-25 16:03:19",喷吹用煤（原料）,,,采购中心,Mad,"0.90"
焦化厂,炼焦配合煤,A2MMJPM,,,"4","2026-07-25 16:03:19",喷吹用煤（原料）,,,采购中心,Mad,"0.86"
焦化厂,炼焦配合煤,A2MMJPM,,,"4","2026-07-25 16:03:19",喷吹用煤（原料）,,,采购中心,Mad,"0.90"
焦化厂,炼焦配合煤,A2MMJPM,,,"4","2026-07-25 16:03:19",喷吹用煤（原料）,,,采购中心,St.d,"0.58"
焦化厂,炼焦配合煤,A2MMJPM,,,"4","2026-07-25 16:03:19",喷吹用煤（原料）,,,采购中心,St.d,"2.07"
焦化厂,炼焦配合煤,A2MMJPM,,,"4","2026-07-25 16:03:19",喷吹用煤（原料）,,,采购中心,St.d,"0.60"
焦化厂,炼焦配合煤,A2MMJPM,,,"4","2026-07-25 16:03:19",喷吹用煤（原料）,,,采购中心,Vdaf,"30.25"
焦化厂,炼焦配合煤,A2MMJPM,,,"4","2026-07-25 16:03:19",喷吹用煤（原料）,,,采购中心,Vdaf,"32.17"
焦化厂,炼焦配合煤,A2MMJPM,,,"4","2026-07-25 16:03:19",喷吹用煤（原料）,,,采购中心,Vdaf,"24.57"
焦化厂,炼焦配合煤,A2MMJPM,,,"4","2026-07-25 16:03:19",喷吹用煤（原料）,,,采购中心,水分,"10.5"
焦化厂,炼焦配合煤,A2MMJPM,,,"4","2026-07-25 16:03:19",喷吹用煤（原料）,,,采购中心,水分,"8.1"
焦化厂,炼焦配合煤,A2MMJPM,,,"4","2026-07-25 16:03:19",喷吹用煤（原料）,,,采购中心,水分,"11.7"
广西钢铁集团有限公司,主焦煤|2级|国内,G3MMZJD,振洋运,,"4","2026-07-25 15:25:44",,,,采购中心,水分,"10.2"
湖南湘煤精煤有限公司,主焦煤|1级|国内,G3MMZJ1,,三都,"4","2026-07-25 14:48:32",,A2,1027810.0,采购中心,Ad,"11.01"
湖南湘煤精煤有限公司,主焦煤|1级|国内,G3MMZJ1,,三都,"4","2026-07-25 14:48:32",,A2,1027810.0,采购中心,FCad,"64.66"
湖南湘煤精煤有限公司,主焦煤|1级|国内,G3MMZJ1,,三都,"4","2026-07-25 14:48:32",,A2,1027810.0,采购中心,Mad,"0.79"
湖南湘煤精煤有限公司,主焦煤|1级|国内,G3MMZJ1,,三都,"4","2026-07-25 14:48:32",,A2,1027810.0,采购中心,St.d,"0.72"
湖南湘煤精煤有限公司,主焦煤|1级|国内,G3MMZJ1,,三都,"4","2026-07-25 14:48:32",,A2,1027810.0,采购中心,Vdaf,"26.76"
湖南湘煤精煤有限公司,主焦煤|1级|国内,G3MMZJ1,,三都,"4","2026-07-25 14:48:32",,A2,1027810.0,采购中心,水分,"16.1"
贵州久泰邦达能源开发有限公司,"1/3焦煤|1级|国内",G3MMSY1,,花家庄,"4","2026-07-25 13:08:37",,"5M",936780.0,采购中心,Ad,"9.85"
贵州久泰邦达能源开发有限公司,"1/3焦煤|1级|国内",G3MMSY1,,花家庄,"4","2026-07-25 13:08:37",,"5M",936780.0,采购中心,FCad,"60.16"
贵州久泰邦达能源开发有限公司,"1/3焦煤|1级|国内",G3MMSY1,,花家庄,"4","2026-07-25 13:08:37",,"5M",936780.0,采购中心,Mad,"1.22"
贵州久泰邦达能源开发有限公司,"1/3焦煤|1级|国内",G3MMSY1,,花家庄,"4","2026-07-25 13:08:37",,"5M",936780.0,采购中心,St.d,"0.41"
贵州久泰邦达能源开发有限公司,"1/3焦煤|1级|国内",G3MMSY1,,花家庄,"4","2026-07-25 13:08:37",,"5M",936780.0,采购中心,Vdaf,"32.44"
贵州久泰邦达能源开发有限公司,"1/3焦煤|1级|国内",G3MMSY1,,花家庄,"4","2026-07-25 13:08:37",,"5M",936780.0,采购中心,水分,"8.5"
石嘴山市惠农区永鑫工贸有限公司,主焦煤|1级|国内,G3MMZJ1,,惠农,"4","2026-07-25 12:32:10",,"4M",786410.0,采购中心,Ad,"10.04"
石嘴山市惠农区永鑫工贸有限公司,主焦煤|1级|国内,G3MMZJ1,,惠农,"4","2026-07-25 12:32:10",,"4M",786410.0,采购中心,FCad,"65.45"
石嘴山市惠农区永鑫工贸有限公司,主焦煤|1级|国内,G3MMZJ1,,惠农,"4","2026-07-25 12:32:10",,"4M",786410.0,采购中心,Mad,"1.30"
石嘴山市惠农区永鑫工贸有限公司,主焦煤|1级|国内,G3MMZJ1,,惠农,"4","2026-07-25 12:32:10",,"4M",786410.0,采购中心,St.d,"0.69"
石嘴山市惠农区永鑫工贸有限公司,主焦煤|1级|国内,G3MMZJ1,,惠农,"4","2026-07-25 12:32:10",,"4M",786410.0,采购中心,Vdaf,"26.29"
石嘴山市惠农区永鑫工贸有限公司,主焦煤|1级|国内,G3MMZJ1,,惠农,"4","2026-07-25 12:32:10",,"4M",786410.0,采购中心,水分,"9.5"
山西潞安环保能源开发股份有限公司,贫瘦煤|国内,G3MMPS1,,,"4","2026-07-25 11:33:45",,,,采购中心,Ad,"10.25"
山西潞安环保能源开发股份有限公司,贫瘦煤|国内,G3MMPS1,,,"4","2026-07-25 11:33:45",,,,采购中心,Cad,"81.28"
山西潞安环保能源开发股份有限公司,贫瘦煤|国内,G3MMPS1,,,"4","2026-07-25 11:33:45",,,,采购中心,FCad,"77.59"
山西潞安环保能源开发股份有限公司,贫瘦煤|国内,G3MMPS1,,,"4","2026-07-25 11:33:45",,,,采购中心,Had,"3.76"
山西潞安环保能源开发股份有限公司,贫瘦煤|国内,G3MMPS1,,,"4","2026-07-25 11:33:45",,,,采购中心,Mad,"1.07"
山西潞安环保能源开发股份有限公司,贫瘦煤|国内,G3MMPS1,,,"4","2026-07-25 11:33:45",,,,采购中心,St.d,"0.39"
山西潞安环保能源开发股份有限公司,贫瘦煤|国内,G3MMPS1,,,"4","2026-07-25 11:33:45",,,,采购中心,Vdaf,"12.61"
山西潞安环保能源开发股份有限公司,贫瘦煤|国内,G3MMPS1,,,"4","2026-07-25 11:33:45",,,,采购中心,水分,"9.3"
山西潞安环保能源开发股份有限公司,贫瘦煤|国内,G3MMPS1,,长治北,"4","2026-07-25 11:31:49",,,3374240.0,采购中心,Ad,"10.32"
山西潞安环保能源开发股份有限公司,贫瘦煤|国内,G3MMPS1,,长治北,"4","2026-07-25 11:31:49",,,3374240.0,采购中心,FCad,"77.68"
山西潞安环保能源开发股份有限公司,贫瘦煤|国内,G3MMPS1,,长治北,"4","2026-07-25 11:31:49",,,3374240.0,采购中心,Mad,"1.02"
山西潞安环保能源开发股份有限公司,贫瘦煤|国内,G3MMPS1,,长治北,"4","2026-07-25 11:31:49",,,3374240.0,采购中心,St.d,"0.37"
山西潞安环保能源开发股份有限公司,贫瘦煤|国内,G3MMPS1,,长治北,"4","2026-07-25 11:31:49",,,3374240.0,采购中心,Vdaf,"12.49"
山西潞安环保能源开发股份有限公司,贫瘦煤|国内,G3MMPS1,,长治北,"4","2026-07-25 11:31:49",,,3374240.0,采购中心,水分,"9.2"
广西柳钢国际贸易有限公司,肥煤|国内,G3MMFF1,,宝丰,"4","2026-07-25 09:53:57",,A2,470720.0,采购中心,Ad,"10.83"
广西柳钢国际贸易有限公司,肥煤|国内,G3MMFF1,,宝丰,"4","2026-07-25 09:53:57",,A2,470720.0,采购中心,FCad,"62.28"
广西柳钢国际贸易有限公司,肥煤|国内,G3MMFF1,,宝丰,"4","2026-07-25 09:53:57",,A2,470720.0,采购中心,Mad,"1.04"
广西柳钢国际贸易有限公司,肥煤|国内,G3MMFF1,,宝丰,"4","2026-07-25 09:53:57",,A2,470720.0,采购中心,St.d,"2.28"
广西柳钢国际贸易有限公司,肥煤|国内,G3MMFF1,,宝丰,"4","2026-07-25 09:53:57",,A2,470720.0,采购中心,Vdaf,"29.42"
广西柳钢国际贸易有限公司,肥煤|国内,G3MMFF1,,宝丰,"4","2026-07-25 09:53:57",,A2,470720.0,采购中心,水分,"10.7"
广西柳钢国际贸易有限公司,气煤|进口|E|AEJ,G3MMQQD,金牛,防城港,"4","2026-07-25 09:52:07",,"1M",3489540.0,采购中心,Ad,"11.04"
广西柳钢国际贸易有限公司,气煤|进口|E|AEJ,G3MMQQD,金牛,防城港,"4","2026-07-25 09:52:07",,"1M",3489540.0,采购中心,FCad,"56.08"
广西柳钢国际贸易有限公司,气煤|进口|E|AEJ,G3MMQQD,金牛,防城港,"4","2026-07-25 09:52:07",,"1M",3489540.0,采购中心,Mad,"1.58"
广西柳钢国际贸易有限公司,气煤|进口|E|AEJ,G3MMQQD,金牛,防城港,"4","2026-07-25 09:52:07",,"1M",3489540.0,采购中心,St.d,"0.30"
广西柳钢国际贸易有限公司,气煤|进口|E|AEJ,G3MMQQD,金牛,防城港,"4","2026-07-25 09:52:07",,"1M",3489540.0,采购中心,Vdaf,"35.95"
广西柳钢国际贸易有限公司,气煤|进口|E|AEJ,G3MMQQD,金牛,防城港,"4","2026-07-25 09:52:07",,"1M",3489540.0,采购中心,水分,"14.1"
广西柳钢国际贸易有限公司,贫瘦煤|国内,G3MMPS1,德邻惠航,,"4","2026-07-25 09:23:00",,,966700.0,采购中心,Ad,"10.28"
广西柳钢国际贸易有限公司,贫瘦煤|国内,G3MMPS1,德邻惠航,,"4","2026-07-25 09:23:00",,,966700.0,采购中心,FCad,"72.45"
广西柳钢国际贸易有限公司,贫瘦煤|国内,G3MMPS1,德邻惠航,,"4","2026-07-25 09:23:00",,,966700.0,采购中心,Mad,"2.42"
广西柳钢国际贸易有限公司,贫瘦煤|国内,G3MMPS1,德邻惠航,,"4","2026-07-25 09:23:00",,,966700.0,采购中心,St.d,"0.55"
广西柳钢国际贸易有限公司,贫瘦煤|国内,G3MMPS1,德邻惠航,,"4","2026-07-25 09:23:00",,,966700.0,采购中心,Vdaf,"17.25"
广西柳钢国际贸易有限公司,贫瘦煤|国内,G3MMPS1,德邻惠航,,"4","2026-07-25 09:23:00",,,966700.0,采购中心,水分,"13.0"
贵州盘江精煤股份有限公司,"1/3焦煤|1级|国内",G3MMSY1,,火铺,"4","2026-07-25 09:08:53",,A2,823290.0,采购中心,Ad,"10.25"
贵州盘江精煤股份有限公司,"1/3焦煤|1级|国内",G3MMSY1,,火铺,"4","2026-07-25 09:08:53",,A2,823290.0,采购中心,FCad,"61.84"
贵州盘江精煤股份有限公司,"1/3焦煤|1级|国内",G3MMSY1,,火铺,"4","2026-07-25 09:08:53",,A2,823290.0,采购中心,Mad,"1.05"
贵州盘江精煤股份有限公司,"1/3焦煤|1级|国内",G3MMSY1,,火铺,"4","2026-07-25 09:08:53",,A2,823290.0,采购中心,St.d,"0.46"
贵州盘江精煤股份有限公司,"1/3焦煤|1级|国内",G3MMSY1,,火铺,"4","2026-07-25 09:08:53",,A2,823290.0,采购中心,Vdaf,"30.37"
贵州盘江精煤股份有限公司,"1/3焦煤|1级|国内",G3MMSY1,,火铺,"4","2026-07-25 09:08:53",,A2,823290.0,采购中心,水分,"12.5"
贵州久泰邦达能源开发有限公司,"1/3焦煤|1级|国内",G3MMSY1,,花家庄,"4","2026-07-25 08:45:32",,"1M",789050.0,采购中心,Ad,"9.93"
贵州久泰邦达能源开发有限公司,"1/3焦煤|1级|国内",G3MMSY1,,花家庄,"4","2026-07-25 08:45:32",,"1M",789050.0,采购中心,FCad,"59.86"
贵州久泰邦达能源开发有限公司,"1/3焦煤|1级|国内",G3MMSY1,,花家庄,"4","2026-07-25 08:45:32",,"1M",789050.0,采购中心,Mad,"1.26"
贵州久泰邦达能源开发有限公司,"1/3焦煤|1级|国内",G3MMSY1,,花家庄,"4","2026-07-25 08:45:32",,"1M",789050.0,采购中心,St.d,"0.41"
贵州久泰邦达能源开发有限公司,"1/3焦煤|1级|国内",G3MMSY1,,花家庄,"4","2026-07-25 08:45:32",,"1M",789050.0,采购中心,Vdaf,"32.70"
贵州久泰邦达能源开发有限公司,"1/3焦煤|1级|国内",G3MMSY1,,花家庄,"4","2026-07-25 08:45:32",,"1M",789050.0,采购中心,水分,"9.6"
广西柳钢国际贸易有限公司,肥煤|国内,G3MMFF1,,宝丰,"4","2026-07-25 07:07:45",,"1M",618830.0,采购中心,Ad,"9.98"
广西柳钢国际贸易有限公司,肥煤|国内,G3MMFF1,,宝丰,"4","2026-07-25 07:07:45",,"1M",618830.0,采购中心,FCad,"62.65"
广西柳钢国际贸易有限公司,肥煤|国内,G3MMFF1,,宝丰,"4","2026-07-25 07:07:45",,"1M",618830.0,采购中心,Mad,"1.11"
广西柳钢国际贸易有限公司,肥煤|国内,G3MMFF1,,宝丰,"4","2026-07-25 07:07:45",,"1M",618830.0,采购中心,St.d,"2.37"
广西柳钢国际贸易有限公司,肥煤|国内,G3MMFF1,,宝丰,"4","2026-07-25 07:07:45",,"1M",618830.0,采购中心,Vdaf,"29.62"
广西柳钢国际贸易有限公司,肥煤|国内,G3MMFF1,,宝丰,"4","2026-07-25 07:07:45",,"1M",618830.0,采购中心,水分,"10.9"
广西柳钢国际贸易有限公司,肥煤|国内,G3MMFF1,,宝丰,"4","2026-07-25 04:31:49",,"1M",598530.0,采购中心,Ad,"10.66"
广西柳钢国际贸易有限公司,肥煤|国内,G3MMFF1,,宝丰,"4","2026-07-25 04:31:49",,"1M",598530.0,采购中心,FCad,"61.63"
广西柳钢国际贸易有限公司,肥煤|国内,G3MMFF1,,宝丰,"4","2026-07-25 04:31:49",,"1M",598530.0,采购中心,Mad,"1.04"
广西柳钢国际贸易有限公司,肥煤|国内,G3MMFF1,,宝丰,"4","2026-07-25 04:31:49",,"1M",598530.0,采购中心,St.d,"2.15"
广西柳钢国际贸易有限公司,肥煤|国内,G3MMFF1,,宝丰,"4","2026-07-25 04:31:49",,"1M",598530.0,采购中心,Vdaf,"30.29"
广西柳钢国际贸易有限公司,肥煤|国内,G3MMFF1,,宝丰,"4","2026-07-25 04:31:49",,"1M",598530.0,采购中心,水分,"11.3"
贵州久泰邦达能源开发有限公司,"1/3焦煤|1级|国内",G3MMSY1,,花家庄,"4","2026-07-25 04:12:48",,"5M",337940.0,采购中心,Ad,"9.83"
贵州久泰邦达能源开发有限公司,"1/3焦煤|1级|国内",G3MMSY1,,花家庄,"4","2026-07-25 04:12:48",,"5M",337940.0,采购中心,FCad,"60.21"
贵州久泰邦达能源开发有限公司,"1/3焦煤|1级|国内",G3MMSY1,,花家庄,"4","2026-07-25 04:12:48",,"5M",337940.0,采购中心,Mad,"1.32"
贵州久泰邦达能源开发有限公司,"1/3焦煤|1级|国内",G3MMSY1,,花家庄,"4","2026-07-25 04:12:48",,"5M",337940.0,采购中心,St.d,"0.37"
贵州久泰邦达能源开发有限公司,"1/3焦煤|1级|国内",G3MMSY1,,花家庄,"4","2026-07-25 04:12:48",,"5M",337940.0,采购中心,Vdaf,"32.33"
贵州久泰邦达能源开发有限公司,"1/3焦煤|1级|国内",G3MMSY1,,花家庄,"4","2026-07-25 04:12:48",,"5M",337940.0,采购中心,水分,"9.7"
贵州盘江精煤股份有限公司,"1/3焦煤|1级|国内",G3MMSY1,,火铺,"4","2026-07-25 04:11:29",,"5M",128360.0,采购中心,Ad,"10.69"
贵州盘江精煤股份有限公司,"1/3焦煤|1级|国内",G3MMSY1,,火铺,"4","2026-07-25 04:11:29",,"5M",128360.0,采购中心,FCad,"61.29"
贵州盘江精煤股份有限公司,"1/3焦煤|1级|国内",G3MMSY1,,火铺,"4","2026-07-25 04:11:29",,"5M",128360.0,采购中心,Mad,"0.99"
贵州盘江精煤股份有限公司,"1/3焦煤|1级|国内",G3MMSY1,,火铺,"4","2026-07-25 04:11:29",,"5M",128360.0,采购中心,St.d,"0.42"
贵州盘江精煤股份有限公司,"1/3焦煤|1级|国内",G3MMSY1,,火铺,"4","2026-07-25 04:11:29",,"5M",128360.0,采购中心,Vdaf,"30.69"
贵州盘江精煤股份有限公司,"1/3焦煤|1级|国内",G3MMSY1,,火铺,"4","2026-07-25 04:11:29",,"5M",128360.0,采购中心,水分,"14.0"
广西柳钢国际贸易有限公司,肥煤|国内,G3MMFF1,,宝丰,"4","2026-07-25 03:20:08",,"4M",1014130.0,采购中心,Ad,"10.69"
广西柳钢国际贸易有限公司,肥煤|国内,G3MMFF1,,宝丰,"4","2026-07-25 03:20:08",,"4M",1014130.0,采购中心,FCad,"61.74"
广西柳钢国际贸易有限公司,肥煤|国内,G3MMFF1,,宝丰,"4","2026-07-25 03:20:08",,"4M",1014130.0,采购中心,Mad,"1.13"
广西柳钢国际贸易有限公司,肥煤|国内,G3MMFF1,,宝丰,"4","2026-07-25 03:20:08",,"4M",1014130.0,采购中心,St.d,"2.06"
广西柳钢国际贸易有限公司,肥煤|国内,G3MMFF1,,宝丰,"4","2026-07-25 03:20:08",,"4M",1014130.0,采购中心,Vdaf,"30.08"
广西柳钢国际贸易有限公司,肥煤|国内,G3MMFF1,,宝丰,"4","2026-07-25 03:20:08",,"4M",1014130.0,采购中心,水分,"11.3"
广西柳钢国际贸易有限公司,肥煤|国内,G3MMFF1,,宝丰,"4","2026-07-25 02:00:41",,"1M",605150.0,采购中心,Ad,"10.68"
广西柳钢国际贸易有限公司,肥煤|国内,G3MMFF1,,宝丰,"4","2026-07-25 02:00:41",,"1M",605150.0,采购中心,FCad,"61.94"
广西柳钢国际贸易有限公司,肥煤|国内,G3MMFF1,,宝丰,"4","2026-07-25 02:00:41",,"1M",605150.0,采购中心,Mad,"1.06"
广西柳钢国际贸易有限公司,肥煤|国内,G3MMFF1,,宝丰,"4","2026-07-25 02:00:41",,"1M",605150.0,采购中心,St.d,"2.10"
广西柳钢国际贸易有限公司,肥煤|国内,G3MMFF1,,宝丰,"4","2026-07-25 02:00:41",,"1M",605150.0,采购中心,Vdaf,"29.91"
广西柳钢国际贸易有限公司,肥煤|国内,G3MMFF1,,宝丰,"4","2026-07-25 02:00:41",,"1M",605150.0,采购中心,水分,"11.5"
江西奕源矿业有限公司,气煤|1级|国内,G3MMQQA,,邹城,"4","2026-07-24 19:48:15",,"1M",453110.0,采购中心,Ad,"8.31"
江西奕源矿业有限公司,气煤|1级|国内,G3MMQQA,,邹城,"4","2026-07-24 19:48:15",,"1M",453110.0,采购中心,FCad,"55.61"
江西奕源矿业有限公司,气煤|1级|国内,G3MMQQA,,邹城,"4","2026-07-24 19:48:15",,"1M",453110.0,采购中心,Mad,"2.53"
江西奕源矿业有限公司,气煤|1级|国内,G3MMQQA,,邹城,"4","2026-07-24 19:48:15",,"1M",453110.0,采购中心,St.d,"0.57"
江西奕源矿业有限公司,气煤|1级|国内,G3MMQQA,,邹城,"4","2026-07-24 19:48:15",,"1M",453110.0,采购中心,Vdaf,"37.78"
江西奕源矿业有限公司,气煤|1级|国内,G3MMQQA,,邹城,"4","2026-07-24 19:48:15",,"1M",453110.0,采购中心,水分,"5.9"
广西柳钢国际贸易有限公司,主焦煤|3级|进口|蒙古5#,G3MMZJME,中达华星,贵港,"4","2026-07-24 18:11:28",,"5M",1247730.0,采购中心,Ad,"10.91"
广西柳钢国际贸易有限公司,主焦煤|3级|进口|蒙古5#,G3MMZJME,中达华星,贵港,"4","2026-07-24 18:11:28",,"5M",1247730.0,采购中心,FCad,"63.21"
广西柳钢国际贸易有限公司,主焦煤|3级|进口|蒙古5#,G3MMZJME,中达华星,贵港,"4","2026-07-24 18:11:28",,"5M",1247730.0,采购中心,Mad,"1.55"
广西柳钢国际贸易有限公司,主焦煤|3级|进口|蒙古5#,G3MMZJME,中达华星,贵港,"4","2026-07-24 18:11:28",,"5M",1247730.0,采购中心,St.d,"0.61"
广西柳钢国际贸易有限公司,主焦煤|3级|进口|蒙古5#,G3MMZJME,中达华星,贵港,"4","2026-07-24 18:11:28",,"5M",1247730.0,采购中心,Vdaf,"27.93"
广西柳钢国际贸易有限公司,主焦煤|3级|进口|蒙古5#,G3MMZJME,中达华星,贵港,"4","2026-07-24 18:11:28",,"5M",1247730.0,采购中心,水分,"11.7"
广西柳钢国际贸易有限公司,贫瘦煤|进口|俄罗斯,G3MMPS8,同德56,防城港,"4","2026-07-24 17:47:20",,,139040.0,采购中心,Ad,"9.84"
广西柳钢国际贸易有限公司,贫瘦煤|进口|俄罗斯,G3MMPS8,同德56,防城港,"4","2026-07-24 17:47:20",,,139040.0,采购中心,FCad,"71.39"
广西柳钢国际贸易有限公司,贫瘦煤|进口|俄罗斯,G3MMPS8,同德56,防城港,"4","2026-07-24 17:47:20",,,139040.0,采购中心,Mad,"1.68"
广西柳钢国际贸易有限公司,贫瘦煤|进口|俄罗斯,G3MMPS8,同德56,防城港,"4","2026-07-24 17:47:20",,,139040.0,采购中心,St.d,"0.40"
广西柳钢国际贸易有限公司,贫瘦煤|进口|俄罗斯,G3MMPS8,同德56,防城港,"4","2026-07-24 17:47:20",,,139040.0,采购中心,Vdaf,"19.47"
广西柳钢国际贸易有限公司,贫瘦煤|进口|俄罗斯,G3MMPS8,同德56,防城港,"4","2026-07-24 17:47:20",,,139040.0,采购中心,水分,"11.2"
焦化厂,炼焦配合煤,A2MMJPM,,,"4","2026-07-24 16:55:29",喷吹用煤（原料）,,,采购中心,Ad,"10.62"
焦化厂,炼焦配合煤,A2MMJPM,,,"4","2026-07-24 16:55:29",喷吹用煤（原料）,,,采购中心,Ad,"10.26"
焦化厂,炼焦配合煤,A2MMJPM,,,"4","2026-07-24 16:55:29",喷吹用煤（原料）,,,采购中心,Cad,"77.89"
焦化厂,炼焦配合煤,A2MMJPM,,,"4","2026-07-24 16:55:29",喷吹用煤（原料）,,,采购中心,Cad,"78.15"
焦化厂,炼焦配合煤,A2MMJPM,,,"4","2026-07-24 16:55:29",喷吹用煤（原料）,,,采购中心,FCad,"66.64"
焦化厂,炼焦配合煤,A2MMJPM,,,"4","2026-07-24 16:55:29",喷吹用煤（原料）,,,采购中心,FCad,"65.83"
焦化厂,炼焦配合煤,A2MMJPM,,,"4","2026-07-24 16:55:29",喷吹用煤（原料）,,,采购中心,Had,"4.25"
焦化厂,炼焦配合煤,A2MMJPM,,,"4","2026-07-24 16:55:29",喷吹用煤（原料）,,,采购中心,Had,"4.2"
焦化厂,炼焦配合煤,A2MMJPM,,,"4","2026-07-24 16:55:29",喷吹用煤（原料）,,,采购中心,Mad,"1.14"
焦化厂,炼焦配合煤,A2MMJPM,,,"4","2026-07-24 16:55:29",喷吹用煤（原料）,,,采购中心,Mad,"1.16"
焦化厂,炼焦配合煤,A2MMJPM,,,"4","2026-07-24 16:55:29",喷吹用煤（原料）,,,采购中心,St.d,"0.86"
焦化厂,炼焦配合煤,A2MMJPM,,,"4","2026-07-24 16:55:29",喷吹用煤（原料）,,,采购中心,St.d,"0.83"
焦化厂,炼焦配合煤,A2MMJPM,,,"4","2026-07-24 16:55:29",喷吹用煤（原料）,,,采购中心,Vdaf,"25.80"
焦化厂,炼焦配合煤,A2MMJPM,,,"4","2026-07-24 16:55:29",喷吹用煤（原料）,,,采购中心,Vdaf,"24.56"
焦化厂,炼焦配合煤,A2MMJPM,,,"4","2026-07-24 16:55:29",喷吹用煤（原料）,,,采购中心,水分,"11.5"
焦化厂,炼焦配合煤,A2MMJPM,,,"4","2026-07-24 16:55:29",喷吹用煤（原料）,,,采购中心,水分,"11.9"
焦化厂,炼焦配合煤,A2MMJPM,,,"4","2026-07-24 16:47:38",喷吹用煤（原料）,,,采购中心,Ad,"10.48"
焦化厂,炼焦配合煤,A2MMJPM,,,"4","2026-07-24 16:47:38",喷吹用煤（原料）,,,采购中心,Ad,"10.14"
焦化厂,炼焦配合煤,A2MMJPM,,,"4","2026-07-24 16:47:38",喷吹用煤（原料）,,,采购中心,FCad,"62.45"
焦化厂,炼焦配合煤,A2MMJPM,,,"4","2026-07-24 16:47:38",喷吹用煤（原料）,,,采购中心,FCad,"61.45"
焦化厂,炼焦配合煤,A2MMJPM,,,"4","2026-07-24 16:47:38",喷吹用煤（原料）,,,采购中心,Mad,"1.00"
焦化厂,炼焦配合煤,A2MMJPM,,,"4","2026-07-24 16:47:38",喷吹用煤（原料）,,,采购中心,Mad,"1.00"
焦化厂,炼焦配合煤,A2MMJPM,,,"4","2026-07-24 16:47:38",喷吹用煤（原料）,,,采购中心,St.d,"0.40"
焦化厂,炼焦配合煤,A2MMJPM,,,"4","2026-07-24 16:47:38",喷吹用煤（原料）,,,采购中心,St.d,"0.44"
焦化厂,炼焦配合煤,A2MMJPM,,,"4","2026-07-24 16:47:38",喷吹用煤（原料）,,,采购中心,Vdaf,"29.80"
焦化厂,炼焦配合煤,A2MMJPM,,,"4","2026-07-24 16:47:38",喷吹用煤（原料）,,,采购中心,Vdaf,"30.66"
焦化厂,炼焦配合煤,A2MMJPM,,,"4","2026-07-24 16:47:38",喷吹用煤（原料）,,,采购中心,水分,"12.7"
焦化厂,炼焦配合煤,A2MMJPM,,,"4","2026-07-24 16:47:38",喷吹用煤（原料）,,,采购中心,水分,"13.3"
焦化厂,炼焦配合煤,A2MMJPM,,,"4","2026-07-24 16:38:27",喷吹用煤（原料）,,,采购中心,Ad,"11.69"
焦化厂,炼焦配合煤,A2MMJPM,,,"4","2026-07-24 16:38:27",喷吹用煤（原料）,,,采购中心,FCad,"72.87"
焦化厂,炼焦配合煤,A2MMJPM,,,"4","2026-07-24 16:38:27",喷吹用煤（原料）,,,采购中心,Mad,"0.87"
焦化厂,炼焦配合煤,A2MMJPM,,,"4","2026-07-24 16:38:27",喷吹用煤（原料）,,,采购中心,St.d,"1.31"
焦化厂,炼焦配合煤,A2MMJPM,,,"4","2026-07-24 16:38:27",喷吹用煤（原料）,,,采购中心,Vdaf,"16.76"
焦化厂,炼焦配合煤,A2MMJPM,,,"4","2026-07-24 16:38:27",喷吹用煤（原料）,,,采购中心,水分,"10.1"
广西钢铁集团有限公司,主焦煤|2级|国内,G3MMZJD,振洋运,贵港,"4","2026-07-24 16:03:17",,,3393400.0,采购中心,水分,"12.5"
贵州盘江精煤股份有限公司,"1/3焦煤|1级|国内",G3MMSY1,,柏果,"4","2026-07-24 13:50:27",,"1M",419900.0,采购中心,Ad,"10.78"
贵州盘江精煤股份有限公司,"1/3焦煤|1级|国内",G3MMSY1,,柏果,"4","2026-07-24 13:50:27",,"1M",419900.0,采购中心,FCad,"63.10"
贵州盘江精煤股份有限公司,"1/3焦煤|1级|国内",G3MMSY1,,柏果,"4","2026-07-24 13:50:27",,"1M",419900.0,采购中心,Mad,"0.97"
贵州盘江精煤股份有限公司,"1/3焦煤|1级|国内",G3MMSY1,,柏果,"4","2026-07-24 13:50:27",,"1M",419900.0,采购中心,St.d,"0.23"
贵州盘江精煤股份有限公司,"1/3焦煤|1级|国内",G3MMSY1,,柏果,"4","2026-07-24 13:50:27",,"1M",419900.0,采购中心,Vdaf,"28.58"
贵州盘江精煤股份有限公司,"1/3焦煤|1级|国内",G3MMSY1,,柏果,"4","2026-07-24 13:50:27",,"1M",419900.0,采购中心,水分,"13.8"
广西钢铁集团有限公司,主焦煤|2级|国内,G3MMZJD,振洋运,贵港,"4","2026-07-24 12:12:20",,,2700130.0,采购中心,水分,"11.5"
石嘴山市惠农区永鑫工贸有限公司,主焦煤|1级|国内,G3MMZJ1,,惠农,"4","2026-07-24 09:54:20",,"1M",68720.0,采购中心,Ad,"10.11"
石嘴山市惠农区永鑫工贸有限公司,主焦煤|1级|国内,G3MMZJ1,,惠农,"4","2026-07-24 09:54:20",,"1M",68720.0,采购中心,FCad,"65.50"
石嘴山市惠农区永鑫工贸有限公司,主焦煤|1级|国内,G3MMZJ1,,惠农,"4","2026-07-24 09:54:20",,"1M",68720.0,采购中心,Mad,"1.52"
石嘴山市惠农区永鑫工贸有限公司,主焦煤|1级|国内,G3MMZJ1,,惠农,"4","2026-07-24 09:54:20",,"1M",68720.0,采购中心,St.d,"0.65"
石嘴山市惠农区永鑫工贸有限公司,主焦煤|1级|国内,G3MMZJ1,,惠农,"4","2026-07-24 09:54:20",,"1M",68720.0,采购中心,Vdaf,"26.01"
石嘴山市惠农区永鑫工贸有限公司,主焦煤|1级|国内,G3MMZJ1,,惠农,"4","2026-07-24 09:54:20",,"1M",68720.0,采购中心,水分,"9.2"
贵州盘南煤炭开发有限责任公司,瘦焦煤|1级|国内,G3MMSJ1,,小雨谷,"4","2026-07-24 09:51:03",,"1M",182380.0,采购中心,Ad,"12.26"
贵州盘南煤炭开发有限责任公司,瘦焦煤|1级|国内,G3MMSJ1,,小雨谷,"4","2026-07-24 09:51:03",,"1M",182380.0,采购中心,FCad,"71.77"
贵州盘南煤炭开发有限责任公司,瘦焦煤|1级|国内,G3MMSJ1,,小雨谷,"4","2026-07-24 09:51:03",,"1M",182380.0,采购中心,Mad,"0.96"
贵州盘南煤炭开发有限责任公司,瘦焦煤|1级|国内,G3MMSJ1,,小雨谷,"4","2026-07-24 09:51:03",,"1M",182380.0,采购中心,St.d,"0.80"
贵州盘南煤炭开发有限责任公司,瘦焦煤|1级|国内,G3MMSJ1,,小雨谷,"4","2026-07-24 09:51:03",,"1M",182380.0,采购中心,Vdaf,"17.41"
贵州盘南煤炭开发有限责任公司,瘦焦煤|1级|国内,G3MMSJ1,,小雨谷,"4","2026-07-24 09:51:03",,"1M",182380.0,采购中心,水分,"15.0"
国家能源投资集团有限责任公司煤炭经营分公司,烟煤|国内,G3MMYY1,,大保当,"4","2026-07-24 09:36:55",,A2,650330.0,采购中心,Ad,"7.89"
国家能源投资集团有限责任公司煤炭经营分公司,烟煤|国内,G3MMYY1,,大保当,"4","2026-07-24 09:36:55",,A2,650330.0,采购中心,FCad,"54.50"
国家能源投资集团有限责任公司煤炭经营分公司,烟煤|国内,G3MMYY1,,大保当,"4","2026-07-24 09:36:55",,A2,650330.0,采购中心,Mad,"3.67"
国家能源投资集团有限责任公司煤炭经营分公司,烟煤|国内,G3MMYY1,,大保当,"4","2026-07-24 09:36:55",,A2,650330.0,采购中心,St.d,"0.61"
国家能源投资集团有限责任公司煤炭经营分公司,烟煤|国内,G3MMYY1,,大保当,"4","2026-07-24 09:36:55",,A2,650330.0,采购中心,Vdaf,"38.58"
国家能源投资集团有限责任公司煤炭经营分公司,烟煤|国内,G3MMYY1,,大保当,"4","2026-07-24 09:36:55",,A2,650330.0,采购中心,水分,"11.6"
广西柳钢国际贸易有限公司,贫瘦煤|国内,G3MMPS1,德邻惠航,,"4","2026-07-24 09:18:09",,,940900.0,采购中心,Ad,"10.25"
广西柳钢国际贸易有限公司,贫瘦煤|国内,G3MMPS1,德邻惠航,,"4","2026-07-24 09:18:09",,,940900.0,采购中心,FCad,"72.08"
广西柳钢国际贸易有限公司,贫瘦煤|国内,G3MMPS1,德邻惠航,,"4","2026-07-24 09:18:09",,,940900.0,采购中心,Mad,"3.30"
广西柳钢国际贸易有限公司,贫瘦煤|国内,G3MMPS1,德邻惠航,,"4","2026-07-24 09:18:09",,,940900.0,采购中心,St.d,"0.54"
广西柳钢国际贸易有限公司,贫瘦煤|国内,G3MMPS1,德邻惠航,,"4","2026-07-24 09:18:09",,,940900.0,采购中心,Vdaf,"16.95"
广西柳钢国际贸易有限公司,贫瘦煤|国内,G3MMPS1,德邻惠航,,"4","2026-07-24 09:18:09",,,940900.0,采购中心,水分,"11.7"
广西海亿贸易有限公司,肥煤|国内,G3MMFF1,,龙马,"4","2026-07-24 06:27:04",,"4M",706200.0,采购中心,Ad,"10.28"
广西海亿贸易有限公司,肥煤|国内,G3MMFF1,,龙马,"4","2026-07-24 06:27:04",,"4M",706200.0,采购中心,FCad,"63.66"
广西海亿贸易有限公司,肥煤|国内,G3MMFF1,,龙马,"4","2026-07-24 06:27:04",,"4M",706200.0,采购中心,Mad,"1.03"
广西海亿贸易有限公司,肥煤|国内,G3MMFF1,,龙马,"4","2026-07-24 06:27:04",,"4M",706200.0,采购中心,St.d,"1.88"
广西海亿贸易有限公司,肥煤|国内,G3MMFF1,,龙马,"4","2026-07-24 06:27:04",,"4M",706200.0,采购中心,Vdaf,"28.31"
广西海亿贸易有限公司,肥煤|国内,G3MMFF1,,龙马,"4","2026-07-24 06:27:04",,"4M",706200.0,采购中心,水分,"13.0"
广西柳钢国际贸易有限公司,主焦煤|1级|进口|蒙古5#,G3MMZJR,明友,防城港,"4","2026-07-24 06:17:59",,,3558580.0,采购中心,水分,"10.3"
贵州盘江精煤股份有限公司,"1/3焦煤|1级|国内",G3MMSY1,,火铺,"4","2026-07-24 05:45:03",,"5M",820550.0,采购中心,Ad,"10.49"
贵州盘江精煤股份有限公司,"1/3焦煤|1级|国内",G3MMSY1,,火铺,"4","2026-07-24 05:45:03",,"5M",820550.0,采购中心,FCad,"61.51"
贵州盘江精煤股份有限公司,"1/3焦煤|1级|国内",G3MMSY1,,火铺,"4","2026-07-24 05:45:03",,"5M",820550.0,采购中心,Mad,"1.10"
贵州盘江精煤股份有限公司,"1/3焦煤|1级|国内",G3MMSY1,,火铺,"4","2026-07-24 05:45:03",,"5M",820550.0,采购中心,St.d,"0.41"
贵州盘江精煤股份有限公司,"1/3焦煤|1级|国内",G3MMSY1,,火铺,"4","2026-07-24 05:45:03",,"5M",820550.0,采购中心,Vdaf,"30.52"
贵州盘江精煤股份有限公司,"1/3焦煤|1级|国内",G3MMSY1,,火铺,"4","2026-07-24 05:45:03",,"5M",820550.0,采购中心,水分,"13.1"
国家能源投资集团有限责任公司煤炭经营分公司,烟煤|国内,G3MMYY1,,大保当,"4","2026-07-24 05:03:06",,A7,590320.0,采购中心,Ad,"8.36"
国家能源投资集团有限责任公司煤炭经营分公司,烟煤|国内,G3MMYY1,,大保当,"4","2026-07-24 05:03:06",,A7,590320.0,采购中心,FCad,"54.10"
国家能源投资集团有限责任公司煤炭经营分公司,烟煤|国内,G3MMYY1,,大保当,"4","2026-07-24 05:03:06",,A7,590320.0,采购中心,Mad,"4.46"
国家能源投资集团有限责任公司煤炭经营分公司,烟煤|国内,G3MMYY1,,大保当,"4","2026-07-24 05:03:06",,A7,590320.0,采购中心,St.d,"0.54"
国家能源投资集团有限责任公司煤炭经营分公司,烟煤|国内,G3MMYY1,,大保当,"4","2026-07-24 05:03:06",,A7,590320.0,采购中心,Vdaf,"38.21"
国家能源投资集团有限责任公司煤炭经营分公司,烟煤|国内,G3MMYY1,,大保当,"4","2026-07-24 05:03:06",,A7,590320.0,采购中心,水分,"11.9"
贵州盘南煤炭开发有限责任公司,瘦焦煤|1级|国内,G3MMSJ1,,小雨谷,"4","2026-07-24 04:14:32",,"1M",609530.0,采购中心,Ad,"11.75"
贵州盘南煤炭开发有限责任公司,瘦焦煤|1级|国内,G3MMSJ1,,小雨谷,"4","2026-07-24 04:14:32",,"1M",609530.0,采购中心,FCad,"72.31"
贵州盘南煤炭开发有限责任公司,瘦焦煤|1级|国内,G3MMSJ1,,小雨谷,"4","2026-07-24 04:14:32",,"1M",609530.0,采购中心,Mad,"1.02"
贵州盘南煤炭开发有限责任公司,瘦焦煤|1级|国内,G3MMSJ1,,小雨谷,"4","2026-07-24 04:14:32",,"1M",609530.0,采购中心,St.d,"0.83"
贵州盘南煤炭开发有限责任公司,瘦焦煤|1级|国内,G3MMSJ1,,小雨谷,"4","2026-07-24 04:14:32",,"1M",609530.0,采购中心,Vdaf,"17.22"
贵州盘南煤炭开发有限责任公司,瘦焦煤|1级|国内,G3MMSJ1,,小雨谷,"4","2026-07-24 04:14:32",,"1M",609530.0,采购中心,水分,"13.9"
广西海亿贸易有限公司,肥煤|国内,G3MMFF1,,龙马,"4","2026-07-24 03:52:23",,"4M",426390.0,采购中心,Ad,"10.34"
广西海亿贸易有限公司,肥煤|国内,G3MMFF1,,龙马,"4","2026-07-24 03:52:23",,"4M",426390.0,采购中心,FCad,"63.09"
广西海亿贸易有限公司,肥煤|国内,G3MMFF1,,龙马,"4","2026-07-24 03:52:23",,"4M",426390.0,采购中心,Mad,"1.08"
广西海亿贸易有限公司,肥煤|国内,G3MMFF1,,龙马,"4","2026-07-24 03:52:23",,"4M",426390.0,采购中心,St.d,"1.93"
广西海亿贸易有限公司,肥煤|国内,G3MMFF1,,龙马,"4","2026-07-24 03:52:23",,"4M",426390.0,采购中心,Vdaf,"28.86"
广西海亿贸易有限公司,肥煤|国内,G3MMFF1,,龙马,"4","2026-07-24 03:52:23",,"4M",426390.0,采购中心,水分,"12.9"
国家能源投资集团有限责任公司煤炭经营分公司,烟煤|国内,G3MMYY1,,大保当,"4","2026-07-24 03:31:45",,A2,1357400.0,采购中心,Ad,"6.31"
国家能源投资集团有限责任公司煤炭经营分公司,烟煤|国内,G3MMYY1,,大保当,"4","2026-07-24 03:31:45",,A2,1357400.0,采购中心,FCad,"55.07"
国家能源投资集团有限责任公司煤炭经营分公司,烟煤|国内,G3MMYY1,,大保当,"4","2026-07-24 03:31:45",,A2,1357400.0,采购中心,Mad,"4.64"
国家能源投资集团有限责任公司煤炭经营分公司,烟煤|国内,G3MMYY1,,大保当,"4","2026-07-24 03:31:45",,A2,1357400.0,采购中心,St.d,"0.50"
国家能源投资集团有限责任公司煤炭经营分公司,烟煤|国内,G3MMYY1,,大保当,"4","2026-07-24 03:31:45",,A2,1357400.0,采购中心,Vdaf,"38.36"
国家能源投资集团有限责任公司煤炭经营分公司,烟煤|国内,G3MMYY1,,大保当,"4","2026-07-24 03:31:45",,A2,1357400.0,采购中心,水分,"11.5"
国家能源投资集团有限责任公司煤炭经营分公司,烟煤|国内,G3MMYY1,,大保当,"4","2026-07-24 02:43:15",,A2,1357400.0,采购中心,Ad,"7.11"
国家能源投资集团有限责任公司煤炭经营分公司,烟煤|国内,G3MMYY1,,大保当,"4","2026-07-24 02:43:15",,A2,1357400.0,采购中心,FCad,"54.57"
国家能源投资集团有限责任公司煤炭经营分公司,烟煤|国内,G3MMYY1,,大保当,"4","2026-07-24 02:43:15",,A2,1357400.0,采购中心,Mad,"4.49"
国家能源投资集团有限责任公司煤炭经营分公司,烟煤|国内,G3MMYY1,,大保当,"4","2026-07-24 02:43:15",,A2,1357400.0,采购中心,St.d,"0.51"
国家能源投资集团有限责任公司煤炭经营分公司,烟煤|国内,G3MMYY1,,大保当,"4","2026-07-24 02:43:15",,A2,1357400.0,采购中心,Vdaf,"38.49"
国家能源投资集团有限责任公司煤炭经营分公司,烟煤|国内,G3MMYY1,,大保当,"4","2026-07-24 02:43:15",,A2,1357400.0,采购中心,水分,"11.7"
贵州盘江精煤股份有限公司,"1/3焦煤|1级|国内",G3MMSY1,,火铺,"4","2026-07-24 01:51:10",,"5M",980310.0,采购中心,Ad,"10.20"
贵州盘江精煤股份有限公司,"1/3焦煤|1级|国内",G3MMSY1,,火铺,"4","2026-07-24 01:51:10",,"5M",980310.0,采购中心,FCad,"61.70"
贵州盘江精煤股份有限公司,"1/3焦煤|1级|国内",G3MMSY1,,火铺,"4","2026-07-24 01:51:10",,"5M",980310.0,采购中心,Mad,"1.06"
贵州盘江精煤股份有限公司,"1/3焦煤|1级|国内",G3MMSY1,,火铺,"4","2026-07-24 01:51:10",,"5M",980310.0,采购中心,St.d,"0.47"
贵州盘江精煤股份有限公司,"1/3焦煤|1级|国内",G3MMSY1,,火铺,"4","2026-07-24 01:51:10",,"5M",980310.0,采购中心,Vdaf,"30.56"
贵州盘江精煤股份有限公司,"1/3焦煤|1级|国内",G3MMSY1,,火铺,"4","2026-07-24 01:51:10",,"5M",980310.0,采购中心,水分,"12.8"
贵州盘南煤炭开发有限责任公司,瘦焦煤|1级|国内,G3MMSJ1,,小雨谷,"4","2026-07-24 01:08:21",,"1M",626880.0,采购中心,Ad,"11.60"
贵州盘南煤炭开发有限责任公司,瘦焦煤|1级|国内,G3MMSJ1,,小雨谷,"4","2026-07-24 01:08:21",,"1M",626880.0,采购中心,FCad,"72.34"
贵州盘南煤炭开发有限责任公司,瘦焦煤|1级|国内,G3MMSJ1,,小雨谷,"4","2026-07-24 01:08:21",,"1M",626880.0,采购中心,Mad,"1.04"
贵州盘南煤炭开发有限责任公司,瘦焦煤|1级|国内,G3MMSJ1,,小雨谷,"4","2026-07-24 01:08:21",,"1M",626880.0,采购中心,St.d,"0.75"
贵州盘南煤炭开发有限责任公司,瘦焦煤|1级|国内,G3MMSJ1,,小雨谷,"4","2026-07-24 01:08:21",,"1M",626880.0,采购中心,Vdaf,"17.30"
贵州盘南煤炭开发有限责任公司,瘦焦煤|1级|国内,G3MMSJ1,,小雨谷,"4","2026-07-24 01:08:21",,"1M",626880.0,采购中心,水分,"14.7"
国家能源投资集团有限责任公司煤炭经营分公司,烟煤|国内,G3MMYY1,,大保当,"4","2026-07-24 00:49:46",,料3,677470.0,采购中心,Ad,"7.62"
国家能源投资集团有限责任公司煤炭经营分公司,烟煤|国内,G3MMYY1,,大保当,"4","2026-07-24 00:49:46",,料3,677470.0,采购中心,FCad,"54.12"
国家能源投资集团有限责任公司煤炭经营分公司,烟煤|国内,G3MMYY1,,大保当,"4","2026-07-24 00:49:46",,料3,677470.0,采购中心,Mad,"4.42"
国家能源投资集团有限责任公司煤炭经营分公司,烟煤|国内,G3MMYY1,,大保当,"4","2026-07-24 00:49:46",,料3,677470.0,采购中心,St.d,"0.59"
国家能源投资集团有限责任公司煤炭经营分公司,烟煤|国内,G3MMYY1,,大保当,"4","2026-07-24 00:49:46",,料3,677470.0,采购中心,Vdaf,"38.71"
国家能源投资集团有限责任公司煤炭经营分公司,烟煤|国内,G3MMYY1,,大保当,"4","2026-07-24 00:49:46",,料3,677470.0,采购中心,水分,"11.8"
贵州盘江精煤股份有限公司,"1/3焦煤|1级|国内",G3MMSY1,,柏果,"4","2026-07-23 20:58:30",,"5M",789550.0,采购中心,Ad,"10.24"
贵州盘江精煤股份有限公司,"1/3焦煤|1级|国内",G3MMSY1,,柏果,"4","2026-07-23 20:58:30",,"5M",789550.0,采购中心,FCad,"62.96"
贵州盘江精煤股份有限公司,"1/3焦煤|1级|国内",G3MMSY1,,柏果,"4","2026-07-23 20:58:30",,"5M",789550.0,采购中心,Mad,"1.08"
贵州盘江精煤股份有限公司,"1/3焦煤|1级|国内",G3MMSY1,,柏果,"4","2026-07-23 20:58:30",,"5M",789550.0,采购中心,St.d,"0.23"
贵州盘江精煤股份有限公司,"1/3焦煤|1级|国内",G3MMSY1,,柏果,"4","2026-07-23 20:58:30",,"5M",789550.0,采购中心,Vdaf,"29.09"
贵州盘江精煤股份有限公司,"1/3焦煤|1级|国内",G3MMSY1,,柏果,"4","2026-07-23 20:58:30",,"5M",789550.0,采购中心,水分,"13.1"
贵州盘江精煤股份有限公司,"1/3焦煤|1级|国内",G3MMSY1,,火铺,"4","2026-07-23 20:52:59",,A2,1445760.0,采购中心,Ad,"10.23"
贵州盘江精煤股份有限公司,"1/3焦煤|1级|国内",G3MMSY1,,火铺,"4","2026-07-23 20:52:59",,A2,1445760.0,采购中心,FCad,"61.61"
贵州盘江精煤股份有限公司,"1/3焦煤|1级|国内",G3MMSY1,,火铺,"4","2026-07-23 20:52:59",,A2,1445760.0,采购中心,Mad,"1.06"
贵州盘江精煤股份有限公司,"1/3焦煤|1级|国内",G3MMSY1,,火铺,"4","2026-07-23 20:52:59",,A2,1445760.0,采购中心,St.d,"0.48"
贵州盘江精煤股份有限公司,"1/3焦煤|1级|国内",G3MMSY1,,火铺,"4","2026-07-23 20:52:59",,A2,1445760.0,采购中心,Vdaf,"30.64"
贵州盘江精煤股份有限公司,"1/3焦煤|1级|国内",G3MMSY1,,火铺,"4","2026-07-23 20:52:59",,A2,1445760.0,采购中心,水分,"12.5"
贵州盘江精煤股份有限公司,"1/3焦煤|1级|国内",G3MMSY1,,柏果,"4","2026-07-23 20:49:32",,"4M",214250.0,采购中心,Ad,"10.64"
贵州盘江精煤股份有限公司,"1/3焦煤|1级|国内",G3MMSY1,,柏果,"4","2026-07-23 20:49:32",,"4M",214250.0,采购中心,FCad,"63.29"
贵州盘江精煤股份有限公司,"1/3焦煤|1级|国内",G3MMSY1,,柏果,"4","2026-07-23 20:49:32",,"4M",214250.0,采购中心,Mad,"1.11"
贵州盘江精煤股份有限公司,"1/3焦煤|1级|国内",G3MMSY1,,柏果,"4","2026-07-23 20:49:32",,"4M",214250.0,采购中心,St.d,"0.28"
贵州盘江精煤股份有限公司,"1/3焦煤|1级|国内",G3MMSY1,,柏果,"4","2026-07-23 20:49:32",,"4M",214250.0,采购中心,Vdaf,"28.38"
贵州盘江精煤股份有限公司,"1/3焦煤|1级|国内",G3MMSY1,,柏果,"4","2026-07-23 20:49:32",,"4M",214250.0,采购中心,水分,"13.7"
重庆皓联实业（集团）有限公司,主焦煤|2级|国内,G3MMZJD,,松坎,"4","2026-07-23 19:08:26",,"4M",265670.0,采购中心,Ad,"11.57"
重庆皓联实业（集团）有限公司,主焦煤|2级|国内,G3MMZJD,,松坎,"4","2026-07-23 19:08:26",,"4M",265670.0,采购中心,FCad,"68.74"
重庆皓联实业（集团）有限公司,主焦煤|2级|国内,G3MMZJD,,松坎,"4","2026-07-23 19:08:26",,"4M",265670.0,采购中心,Mad,"1.02"
重庆皓联实业（集团）有限公司,主焦煤|2级|国内,G3MMZJD,,松坎,"4","2026-07-23 19:08:26",,"4M",265670.0,采购中心,St.d,"1.63"
重庆皓联实业（集团）有限公司,主焦煤|2级|国内,G3MMZJD,,松坎,"4","2026-07-23 19:08:26",,"4M",265670.0,采购中心,Vdaf,"21.47"
重庆皓联实业（集团）有限公司,主焦煤|2级|国内,G3MMZJD,,松坎,"4","2026-07-23 19:08:26",,"4M",265670.0,采购中心,水分,"16.2"
贵州盘江精煤股份有限公司,"1/3焦煤|1级|国内",G3MMSY1,,柏果,"4","2026-07-23 18:46:01",,"5M",322620.0,采购中心,Ad,"10.56"
贵州盘江精煤股份有限公司,"1/3焦煤|1级|国内",G3MMSY1,,柏果,"4","2026-07-23 18:46:01",,"5M",322620.0,采购中心,FCad,"62.75"
贵州盘江精煤股份有限公司,"1/3焦煤|1级|国内",G3MMSY1,,柏果,"4","2026-07-23 18:46:01",,"5M",322620.0,采购中心,Mad,"1.06"
贵州盘江精煤股份有限公司,"1/3焦煤|1级|国内",G3MMSY1,,柏果,"4","2026-07-23 18:46:01",,"5M",322620.0,采购中心,St.d,"0.24"
贵州盘江精煤股份有限公司,"1/3焦煤|1级|国内",G3MMSY1,,柏果,"4","2026-07-23 18:46:01",,"5M",322620.0,采购中心,Vdaf,"29.09"
贵州盘江精煤股份有限公司,"1/3焦煤|1级|国内",G3MMSY1,,柏果,"4","2026-07-23 18:46:01",,"5M",322620.0,采购中心,水分,"12.5"
广西柳钢国际贸易有限公司,贫瘦煤|国内,G3MMPS1,德邻惠航,,"4","2026-07-23 18:21:24",,,89750.0,采购中心,Ad,"10.72"
广西柳钢国际贸易有限公司,贫瘦煤|国内,G3MMPS1,德邻惠航,,"4","2026-07-23 18:21:24",,,89750.0,采购中心,FCad,"71.79"
广西柳钢国际贸易有限公司,贫瘦煤|国内,G3MMPS1,德邻惠航,,"4","2026-07-23 18:21:24",,,89750.0,采购中心,Mad,"3.89"
广西柳钢国际贸易有限公司,贫瘦煤|国内,G3MMPS1,德邻惠航,,"4","2026-07-23 18:21:24",,,89750.0,采购中心,St.d,"0.57"
广西柳钢国际贸易有限公司,贫瘦煤|国内,G3MMPS1,德邻惠航,,"4","2026-07-23 18:21:24",,,89750.0,采购中心,Vdaf,"16.34"
广西柳钢国际贸易有限公司,贫瘦煤|国内,G3MMPS1,德邻惠航,,"4","2026-07-23 18:21:24",,,89750.0,采购中心,水分,"12.8"
贵州盘江精煤股份有限公司,"1/3焦煤|1级|国内",G3MMSY1,,柏果,"4","2026-07-23 18:19:47",,"1M",486600.0,采购中心,Ad,"10.63"
贵州盘江精煤股份有限公司,"1/3焦煤|1级|国内",G3MMSY1,,柏果,"4","2026-07-23 18:19:47",,"1M",486600.0,采购中心,FCad,"62.28"
贵州盘江精煤股份有限公司,"1/3焦煤|1级|国内",G3MMSY1,,柏果,"4","2026-07-23 18:19:47",,"1M",486600.0,采购中心,Mad,"1.08"
贵州盘江精煤股份有限公司,"1/3焦煤|1级|国内",G3MMSY1,,柏果,"4","2026-07-23 18:19:47",,"1M",486600.0,采购中心,St.d,"0.25"
贵州盘江精煤股份有限公司,"1/3焦煤|1级|国内",G3MMSY1,,柏果,"4","2026-07-23 18:19:47",,"1M",486600.0,采购中心,Vdaf,"29.55"
贵州盘江精煤股份有限公司,"1/3焦煤|1级|国内",G3MMSY1,,柏果,"4","2026-07-23 18:19:47",,"1M",486600.0,采购中心,水分,"14.3"
焦化厂,炼焦配合煤,A2MMJPM,,,"4","2026-07-23 15:53:25",喷吹用煤（原料）,,,采购中心,Ad,"11.51"
焦化厂,炼焦配合煤,A2MMJPM,,,"4","2026-07-23 15:53:25",喷吹用煤（原料）,,,采购中心,Ad,"11.38"
焦化厂,炼焦配合煤,A2MMJPM,,,"4","2026-07-23 15:53:25",喷吹用煤（原料）,,,采购中心,Ad,"8.61"
焦化厂,炼焦配合煤,A2MMJPM,,,"4","2026-07-23 15:53:25",喷吹用煤（原料）,,,采购中心,FCad,"69.57"
焦化厂,炼焦配合煤,A2MMJPM,,,"4","2026-07-23 15:53:25",喷吹用煤（原料）,,,采购中心,FCad,"72.14"
焦化厂,炼焦配合煤,A2MMJPM,,,"4","2026-07-23 15:53:25",喷吹用煤（原料）,,,采购中心,FCad,"69.52"
焦化厂,炼焦配合煤,A2MMJPM,,,"4","2026-07-23 15:53:25",喷吹用煤（原料）,,,采购中心,Mad,"1.46"
焦化厂,炼焦配合煤,A2MMJPM,,,"4","2026-07-23 15:53:25",喷吹用煤（原料）,,,采购中心,Mad,"1.09"
焦化厂,炼焦配合煤,A2MMJPM,,,"4","2026-07-23 15:53:25",喷吹用煤（原料）,,,采购中心,Mad,"1.14"
焦化厂,炼焦配合煤,A2MMJPM,,,"4","2026-07-23 15:53:25",喷吹用煤（原料）,,,采购中心,St.d,"1.53"
焦化厂,炼焦配合煤,A2MMJPM,,,"4","2026-07-23 15:53:25",喷吹用煤（原料）,,,采购中心,St.d,"0.42"
焦化厂,炼焦配合煤,A2MMJPM,,,"4","2026-07-23 15:53:25",喷吹用煤（原料）,,,采购中心,St.d,"0.83"
焦化厂,炼焦配合煤,A2MMJPM,,,"4","2026-07-23 15:53:25",喷吹用煤（原料）,,,采购中心,Vdaf,"20.65"
焦化厂,炼焦配合煤,A2MMJPM,,,"4","2026-07-23 15:53:25",喷吹用煤（原料）,,,采购中心,Vdaf,"22.75"
焦化厂,炼焦配合煤,A2MMJPM,,,"4","2026-07-23 15:53:25",喷吹用煤（原料）,,,采购中心,Vdaf,"17.57"
焦化厂,炼焦配合煤,A2MMJPM,,,"4","2026-07-23 15:53:25",喷吹用煤（原料）,,,采购中心,水分,"14.5"
焦化厂,炼焦配合煤,A2MMJPM,,,"4","2026-07-23 15:53:25",喷吹用煤（原料）,,,采购中心,水分,"12.1"
焦化厂,炼焦配合煤,A2MMJPM,,,"4","2026-07-23 15:53:25",喷吹用煤（原料）,,,采购中心,水分,"17.1"
重庆皓联实业（集团）有限公司,主焦煤|2级|国内,G3MMZJD,,松坎,"4","2026-07-23 15:28:52",,"4M",255930.0,采购中心,Ad,"11.68"
重庆皓联实业（集团）有限公司,主焦煤|2级|国内,G3MMZJD,,松坎,"4","2026-07-23 15:28:52",,"4M",255930.0,采购中心,FCad,"68.82"
重庆皓联实业（集团）有限公司,主焦煤|2级|国内,G3MMZJD,,松坎,"4","2026-07-23 15:28:52",,"4M",255930.0,采购中心,Mad,"1.01"
重庆皓联实业（集团）有限公司,主焦煤|2级|国内,G3MMZJD,,松坎,"4","2026-07-23 15:28:52",,"4M",255930.0,采购中心,St.d,"1.60"
重庆皓联实业（集团）有限公司,主焦煤|2级|国内,G3MMZJD,,松坎,"4","2026-07-23 15:28:52",,"4M",255930.0,采购中心,Vdaf,"21.29"
重庆皓联实业（集团）有限公司,主焦煤|2级|国内,G3MMZJD,,松坎,"4","2026-07-23 15:28:52",,"4M",255930.0,采购中心,水分,"15.3"
贵州盘江精煤股份有限公司,"1/3焦煤|1级|国内",G3MMSY1,,柏果,"4","2026-07-23 10:10:47",,"1M",275450.0,采购中心,Ad,"10.44"
贵州盘江精煤股份有限公司,"1/3焦煤|1级|国内",G3MMSY1,,柏果,"4","2026-07-23 10:10:47",,"1M",275450.0,采购中心,FCad,"62.65"
贵州盘江精煤股份有限公司,"1/3焦煤|1级|国内",G3MMSY1,,柏果,"4","2026-07-23 10:10:47",,"1M",275450.0,采购中心,Mad,"1.10"
贵州盘江精煤股份有限公司,"1/3焦煤|1级|国内",G3MMSY1,,柏果,"4","2026-07-23 10:10:47",,"1M",275450.0,采购中心,St.d,"0.25"
贵州盘江精煤股份有限公司,"1/3焦煤|1级|国内",G3MMSY1,,柏果,"4","2026-07-23 10:10:47",,"1M",275450.0,采购中心,Vdaf,"29.26"
贵州盘江精煤股份有限公司,"1/3焦煤|1级|国内",G3MMSY1,,柏果,"4","2026-07-23 10:10:47",,"1M",275450.0,采购中心,水分,"14.2"
湖南湘煤精煤有限公司,主焦煤|1级|国内,G3MMZJ1,,三都,"4","2026-07-23 10:07:37",,"1M",139920.0,采购中心,Ad,"10.61"
湖南湘煤精煤有限公司,主焦煤|1级|国内,G3MMZJ1,,三都,"4","2026-07-23 10:07:37",,"1M",139920.0,采购中心,FCad,"65.23"
湖南湘煤精煤有限公司,主焦煤|1级|国内,G3MMZJ1,,三都,"4","2026-07-23 10:07:37",,"1M",139920.0,采购中心,Mad,"1.04"
湖南湘煤精煤有限公司,主焦煤|1级|国内,G3MMZJ1,,三都,"4","2026-07-23 10:07:37",,"1M",139920.0,采购中心,St.d,"0.73"
湖南湘煤精煤有限公司,主焦煤|1级|国内,G3MMZJ1,,三都,"4","2026-07-23 10:07:37",,"1M",139920.0,采购中心,Vdaf,"26.26"
湖南湘煤精煤有限公司,主焦煤|1级|国内,G3MMZJ1,,三都,"4","2026-07-23 10:07:37",,"1M",139920.0,采购中心,水分,"14.2"
贵州盘南煤炭开发有限责任公司,瘦焦煤|1级|国内,G3MMSJ1,,小雨谷,"4","2026-07-23 10:05:42",,"1M",209270.0,采购中心,Ad,"11.94"
贵州盘南煤炭开发有限责任公司,瘦焦煤|1级|国内,G3MMSJ1,,小雨谷,"4","2026-07-23 10:05:42",,"1M",209270.0,采购中心,FCad,"71.74"
贵州盘南煤炭开发有限责任公司,瘦焦煤|1级|国内,G3MMSJ1,,小雨谷,"4","2026-07-23 10:05:42",,"1M",209270.0,采购中心,Mad,"0.95"
贵州盘南煤炭开发有限责任公司,瘦焦煤|1级|国内,G3MMSJ1,,小雨谷,"4","2026-07-23 10:05:42",,"1M",209270.0,采购中心,St.d,"0.86"
贵州盘南煤炭开发有限责任公司,瘦焦煤|1级|国内,G3MMSJ1,,小雨谷,"4","2026-07-23 10:05:42",,"1M",209270.0,采购中心,Vdaf,"17.75"
贵州盘南煤炭开发有限责任公司,瘦焦煤|1级|国内,G3MMSJ1,,小雨谷,"4","2026-07-23 10:05:42",,"1M",209270.0,采购中心,水分,"15.3"
广西柳钢国际贸易有限公司,"1/3焦煤|2级|进口|印尼",G3MMSYN,明联,防城港,"4","2026-07-23 09:37:19",,,3513000.0,采购中心,Ad,"9.18"
广西柳钢国际贸易有限公司,"1/3焦煤|2级|进口|印尼",G3MMSYN,明联,防城港,"4","2026-07-23 09:37:19",,,3513000.0,采购中心,FCad,"60.02"
广西柳钢国际贸易有限公司,"1/3焦煤|2级|进口|印尼",G3MMSYN,明联,防城港,"4","2026-07-23 09:37:19",,,3513000.0,采购中心,Mad,"1.31"
广西柳钢国际贸易有限公司,"1/3焦煤|2级|进口|印尼",G3MMSYN,明联,防城港,"4","2026-07-23 09:37:19",,,3513000.0,采购中心,St.d,"0.98"
广西柳钢国际贸易有限公司,"1/3焦煤|2级|进口|印尼",G3MMSYN,明联,防城港,"4","2026-07-23 09:37:19",,,3513000.0,采购中心,Vdaf,"33.04"
广西柳钢国际贸易有限公司,"1/3焦煤|2级|进口|印尼",G3MMSYN,明联,防城港,"4","2026-07-23 09:37:19",,,3513000.0,采购中心,水分,"11.2"
广西柳钢国际贸易有限公司,贫瘦煤|国内,G3MMPS1,德邻惠航,,"4","2026-07-23 08:55:50",,,996350.0,采购中心,Ad,"10.94"
广西柳钢国际贸易有限公司,贫瘦煤|国内,G3MMPS1,德邻惠航,,"4","2026-07-23 08:55:50",,,996350.0,采购中心,FCad,"71.65"
广西柳钢国际贸易有限公司,贫瘦煤|国内,G3MMPS1,德邻惠航,,"4","2026-07-23 08:55:50",,,996350.0,采购中心,Mad,"3.88"
广西柳钢国际贸易有限公司,贫瘦煤|国内,G3MMPS1,德邻惠航,,"4","2026-07-23 08:55:50",,,996350.0,采购中心,St.d,"0.59"
广西柳钢国际贸易有限公司,贫瘦煤|国内,G3MMPS1,德邻惠航,,"4","2026-07-23 08:55:50",,,996350.0,采购中心,Vdaf,"16.30"
广西柳钢国际贸易有限公司,贫瘦煤|国内,G3MMPS1,德邻惠航,,"4","2026-07-23 08:55:50",,,996350.0,采购中心,水分,"11.9"
湖南湘煤精煤有限公司,主焦煤|1级|国内,G3MMZJ1,,三都,"4","2026-07-23 06:51:28",,"4M",789820.0,采购中心,Ad,"10.16"
湖南湘煤精煤有限公司,主焦煤|1级|国内,G3MMZJ1,,三都,"4","2026-07-23 06:51:28",,"4M",789820.0,采购中心,FCad,"65.09"
湖南湘煤精煤有限公司,主焦煤|1级|国内,G3MMZJ1,,三都,"4","2026-07-23 06:51:28",,"4M",789820.0,采购中心,Mad,"1.09"
湖南湘煤精煤有限公司,主焦煤|1级|国内,G3MMZJ1,,三都,"4","2026-07-23 06:51:28",,"4M",789820.0,采购中心,St.d,"0.70"
湖南湘煤精煤有限公司,主焦煤|1级|国内,G3MMZJ1,,三都,"4","2026-07-23 06:51:28",,"4M",789820.0,采购中心,Vdaf,"26.75"
湖南湘煤精煤有限公司,主焦煤|1级|国内,G3MMZJ1,,三都,"4","2026-07-23 06:51:28",,"4M",789820.0,采购中心,水分,"13.8"
广西柳钢国际贸易有限公司,主焦煤|3级|进口|澳洲|Daunia,G3MMZJMH,流星,防城港,"4","2026-07-23 01:37:44",,"5M",3171040.0,采购中心,Ad,"8.12"
广西柳钢国际贸易有限公司,主焦煤|3级|进口|澳洲|Daunia,G3MMZJMH,流星,防城港,"4","2026-07-23 01:37:44",,"5M",3171040.0,采购中心,FCad,"69.79"
广西柳钢国际贸易有限公司,主焦煤|3级|进口|澳洲|Daunia,G3MMZJMH,流星,防城港,"4","2026-07-23 01:37:44",,"5M",3171040.0,采购中心,Mad,"1.16"
广西柳钢国际贸易有限公司,主焦煤|3级|进口|澳洲|Daunia,G3MMZJMH,流星,防城港,"4","2026-07-23 01:37:44",,"5M",3171040.0,采购中心,St.d,"0.41"
广西柳钢国际贸易有限公司,主焦煤|3级|进口|澳洲|Daunia,G3MMZJMH,流星,防城港,"4","2026-07-23 01:37:44",,"5M",3171040.0,采购中心,Vdaf,"23.15"
广西柳钢国际贸易有限公司,主焦煤|3级|进口|澳洲|Daunia,G3MMZJMH,流星,防城港,"4","2026-07-23 01:37:44",,"5M",3171040.0,采购中心,水分,"13.3"
石嘴山市惠农区永鑫工贸有限公司,主焦煤|1级|国内,G3MMZJ1,,惠农,"4","2026-07-23 01:05:22",,"4M",708150.0,采购中心,Ad,"10.17"
石嘴山市惠农区永鑫工贸有限公司,主焦煤|1级|国内,G3MMZJ1,,惠农,"4","2026-07-23 01:05:22",,"4M",708150.0,采购中心,FCad,"65.11"
石嘴山市惠农区永鑫工贸有限公司,主焦煤|1级|国内,G3MMZJ1,,惠农,"4","2026-07-23 01:05:22",,"4M",708150.0,采购中心,Mad,"1.20"
石嘴山市惠农区永鑫工贸有限公司,主焦煤|1级|国内,G3MMZJ1,,惠农,"4","2026-07-23 01:05:22",,"4M",708150.0,采购中心,St.d,"0.66"
石嘴山市惠农区永鑫工贸有限公司,主焦煤|1级|国内,G3MMZJ1,,惠农,"4","2026-07-23 01:05:22",,"4M",708150.0,采购中心,Vdaf,"26.64"
石嘴山市惠农区永鑫工贸有限公司,主焦煤|1级|国内,G3MMZJ1,,惠农,"4","2026-07-23 01:05:22",,"4M",708150.0,采购中心,水分,"11.0"
湖南湘煤精煤有限公司,主焦煤|1级|国内,G3MMZJ1,,三都,"4","2026-07-23 00:39:30",,"1M",455400.0,采购中心,Ad,"10.70"
湖南湘煤精煤有限公司,主焦煤|1级|国内,G3MMZJ1,,三都,"4","2026-07-23 00:39:30",,"1M",455400.0,采购中心,FCad,"65.18"
湖南湘煤精煤有限公司,主焦煤|1级|国内,G3MMZJ1,,三都,"4","2026-07-23 00:39:30",,"1M",455400.0,采购中心,Mad,"0.93"
湖南湘煤精煤有限公司,主焦煤|1级|国内,G3MMZJ1,,三都,"4","2026-07-23 00:39:30",,"1M",455400.0,采购中心,St.d,"0.72"
湖南湘煤精煤有限公司,主焦煤|1级|国内,G3MMZJ1,,三都,"4","2026-07-23 00:39:30",,"1M",455400.0,采购中心,Vdaf,"26.32"
湖南湘煤精煤有限公司,主焦煤|1级|国内,G3MMZJ1,,三都,"4","2026-07-23 00:39:30",,"1M",455400.0,采购中心,水分,"14.4"
湖南湘煤精煤有限公司,主焦煤|1级|国内,G3MMZJ1,,三都,"4","2026-07-22 21:29:29",,"4M",415160.0,采购中心,Ad,"9.99"
湖南湘煤精煤有限公司,主焦煤|1级|国内,G3MMZJ1,,三都,"4","2026-07-22 21:29:29",,"4M",415160.0,采购中心,FCad,"65.24"
湖南湘煤精煤有限公司,主焦煤|1级|国内,G3MMZJ1,,三都,"4","2026-07-22 21:29:29",,"4M",415160.0,采购中心,Mad,"0.91"
湖南湘煤精煤有限公司,主焦煤|1级|国内,G3MMZJ1,,三都,"4","2026-07-22 21:29:29",,"4M",415160.0,采购中心,St.d,"0.72"
湖南湘煤精煤有限公司,主焦煤|1级|国内,G3MMZJ1,,三都,"4","2026-07-22 21:29:29",,"4M",415160.0,采购中心,Vdaf,"26.85"
湖南湘煤精煤有限公司,主焦煤|1级|国内,G3MMZJ1,,三都,"4","2026-07-22 21:29:29",,"4M",415160.0,采购中心,水分,"15.1"
石嘴山市惠农区永鑫工贸有限公司,主焦煤|1级|国内,G3MMZJ1,,惠农,"4","2026-07-22 20:29:10",,,762020.0,采购中心,Ad,"10.01"
石嘴山市惠农区永鑫工贸有限公司,主焦煤|1级|国内,G3MMZJ1,,惠农,"4","2026-07-22 20:29:10",,,762020.0,采购中心,FCad,"65.13"
石嘴山市惠农区永鑫工贸有限公司,主焦煤|1级|国内,G3MMZJ1,,惠农,"4","2026-07-22 20:29:10",,,762020.0,采购中心,Mad,"1.22"
石嘴山市惠农区永鑫工贸有限公司,主焦煤|1级|国内,G3MMZJ1,,惠农,"4","2026-07-22 20:29:10",,,762020.0,采购中心,St.d,"0.66"
石嘴山市惠农区永鑫工贸有限公司,主焦煤|1级|国内,G3MMZJ1,,惠农,"4","2026-07-22 20:29:10",,,762020.0,采购中心,Vdaf,"26.73"
石嘴山市惠农区永鑫工贸有限公司,主焦煤|1级|国内,G3MMZJ1,,惠农,"4","2026-07-22 20:29:10",,,762020.0,采购中心,水分,"10.7"
广西钢铁集团有限公司,主焦煤|1级|国内,G3MMZJ1,鑫泰达,铁山港,"4","2026-07-22 18:44:03",,,3424610.0,采购中心,水分,"14.9"
焦化厂,炼焦配合煤,A2MMJPM,,,"4","2026-07-22 17:23:58",喷吹用煤（原料）,,,采购中心,Ad,"8.27"
焦化厂,炼焦配合煤,A2MMJPM,,,"4","2026-07-22 17:23:58",喷吹用煤（原料）,,,采购中心,Ad,"10.98"
焦化厂,炼焦配合煤,A2MMJPM,,,"4","2026-07-22 17:23:58",喷吹用煤（原料）,,,采购中心,FCad,"55.68"
焦化厂,炼焦配合煤,A2MMJPM,,,"4","2026-07-22 17:23:58",喷吹用煤（原料）,,,采购中心,FCad,"59.46"
焦化厂,炼焦配合煤,A2MMJPM,,,"4","2026-07-22 17:23:58",喷吹用煤（原料）,,,采购中心,Mad,"1.02"
焦化厂,炼焦配合煤,A2MMJPM,,,"4","2026-07-22 17:23:58",喷吹用煤（原料）,,,采购中心,Mad,"2.09"
焦化厂,炼焦配合煤,A2MMJPM,,,"4","2026-07-22 17:23:58",喷吹用煤（原料）,,,采购中心,St.d,"0.57"
焦化厂,炼焦配合煤,A2MMJPM,,,"4","2026-07-22 17:23:58",喷吹用煤（原料）,,,采购中心,St.d,"0.56"
焦化厂,炼焦配合煤,A2MMJPM,,,"4","2026-07-22 17:23:58",喷吹用煤（原料）,,,采购中心,Vdaf,"38.00"
焦化厂,炼焦配合煤,A2MMJPM,,,"4","2026-07-22 17:23:58",喷吹用煤（原料）,,,采购中心,Vdaf,"32.52"
焦化厂,炼焦配合煤,A2MMJPM,,,"4","2026-07-22 17:23:58",喷吹用煤（原料）,,,采购中心,水分,"7.0"
焦化厂,炼焦配合煤,A2MMJPM,,,"4","2026-07-22 17:23:58",喷吹用煤（原料）,,,采购中心,水分,"9.3"
焦化厂,炼焦配合煤,A2MMJPM,,,"4","2026-07-22 17:23:57",喷吹用煤（原料）,,,采购中心,Ad,"11.45"
焦化厂,炼焦配合煤,A2MMJPM,,,"4","2026-07-22 17:23:57",喷吹用煤（原料）,,,采购中心,FCad,"69.05"
焦化厂,炼焦配合煤,A2MMJPM,,,"4","2026-07-22 17:23:57",喷吹用煤（原料）,,,采购中心,Mad,"0.92"
焦化厂,炼焦配合煤,A2MMJPM,,,"4","2026-07-22 17:23:57",喷吹用煤（原料）,,,采购中心,St.d,"1.51"
焦化厂,炼焦配合煤,A2MMJPM,,,"4","2026-07-22 17:23:57",喷吹用煤（原料）,,,采购中心,Vdaf,"21.30"
焦化厂,炼焦配合煤,A2MMJPM,,,"4","2026-07-22 17:23:57",喷吹用煤（原料）,,,采购中心,水分,"17.6"
江西奕源矿业有限公司,气煤|1级|国内,G3MMQQA,,邹城,"4","2026-07-22 14:31:12",,"1M",409270.0,采购中心,Ad,"8.15"
江西奕源矿业有限公司,气煤|1级|国内,G3MMQQA,,邹城,"4","2026-07-22 14:31:12",,"1M",409270.0,采购中心,FCad,"56.00"
江西奕源矿业有限公司,气煤|1级|国内,G3MMQQA,,邹城,"4","2026-07-22 14:31:12",,"1M",409270.0,采购中心,Mad,"2.52"
江西奕源矿业有限公司,气煤|1级|国内,G3MMQQA,,邹城,"4","2026-07-22 14:31:12",,"1M",409270.0,采购中心,St.d,"0.59"
江西奕源矿业有限公司,气煤|1级|国内,G3MMQQA,,邹城,"4","2026-07-22 14:31:12",,"1M",409270.0,采购中心,Vdaf,"37.46"
江西奕源矿业有限公司,气煤|1级|国内,G3MMQQA,,邹城,"4","2026-07-22 14:31:12",,"1M",409270.0,采购中心,水分,"7.0"
广西柳钢国际贸易有限公司,肥煤|国内,G3MMFF1,,宝丰,"4","2026-07-22 14:28:47",,"1M",208280.0,采购中心,Ad,"10.78"
广西柳钢国际贸易有限公司,肥煤|国内,G3MMFF1,,宝丰,"4","2026-07-22 14:28:47",,"1M",208280.0,采购中心,FCad,"61.76"
广西柳钢国际贸易有限公司,肥煤|国内,G3MMFF1,,宝丰,"4","2026-07-22 14:28:47",,"1M",208280.0,采购中心,Mad,"0.94"
广西柳钢国际贸易有限公司,肥煤|国内,G3MMFF1,,宝丰,"4","2026-07-22 14:28:47",,"1M",208280.0,采购中心,St.d,"2.19"
广西柳钢国际贸易有限公司,肥煤|国内,G3MMFF1,,宝丰,"4","2026-07-22 14:28:47",,"1M",208280.0,采购中心,Vdaf,"30.12"
广西柳钢国际贸易有限公司,肥煤|国内,G3MMFF1,,宝丰,"4","2026-07-22 14:28:47",,"1M",208280.0,采购中心,水分,"11.1"
广西钢铁集团有限公司,主焦煤|2级|国内,G3MMZJD,振洋运,贵港,"4","2026-07-22 13:35:05",,"5M",5254290.0,采购中心,Ad,"9.87"
广西钢铁集团有限公司,主焦煤|2级|国内,G3MMZJD,振洋运,贵港,"4","2026-07-22 13:35:05",,"5M",5254290.0,采购中心,FCad,"68.08"
广西钢铁集团有限公司,主焦煤|2级|国内,G3MMZJD,振洋运,贵港,"4","2026-07-22 13:35:05",,"5M",5254290.0,采购中心,Mad,"0.95"
广西钢铁集团有限公司,主焦煤|2级|国内,G3MMZJD,振洋运,贵港,"4","2026-07-22 13:35:05",,"5M",5254290.0,采购中心,St.d,"2.03"
广西钢铁集团有限公司,主焦煤|2级|国内,G3MMZJD,振洋运,贵港,"4","2026-07-22 13:35:05",,"5M",5254290.0,采购中心,Vdaf,"23.74"
广西钢铁集团有限公司,主焦煤|2级|国内,G3MMZJD,振洋运,贵港,"4","2026-07-22 13:35:05",,"5M",5254290.0,采购中心,水分,"14.8"
贵州盘江精煤股份有限公司,"1/3焦煤|1级|国内",G3MMSY1,,月亮田,"4","2026-07-22 11:28:52",,A2,545890.0,采购中心,Ad,"10.39"
贵州盘江精煤股份有限公司,"1/3焦煤|1级|国内",G3MMSY1,,月亮田,"4","2026-07-22 11:28:52",,A2,545890.0,采购中心,FCad,"57.77"
贵州盘江精煤股份有限公司,"1/3焦煤|1级|国内",G3MMSY1,,月亮田,"4","2026-07-22 11:28:52",,A2,545890.0,采购中心,Mad,"0.98"
贵州盘江精煤股份有限公司,"1/3焦煤|1级|国内",G3MMSY1,,月亮田,"4","2026-07-22 11:28:52",,A2,545890.0,采购中心,St.d,"0.67"
贵州盘江精煤股份有限公司,"1/3焦煤|1级|国内",G3MMSY1,,月亮田,"4","2026-07-22 11:28:52",,A2,545890.0,采购中心,Vdaf,"34.89"
贵州盘江精煤股份有限公司,"1/3焦煤|1级|国内",G3MMSY1,,月亮田,"4","2026-07-22 11:28:52",,A2,545890.0,采购中心,水分,"10.3"
湖南湘煤精煤有限公司,主焦煤|1级|国内,G3MMZJ1,,三都,"4","2026-07-22 10:12:35",,A2,136020.0,采购中心,Ad,"9.97"
湖南湘煤精煤有限公司,主焦煤|1级|国内,G3MMZJ1,,三都,"4","2026-07-22 10:12:35",,A2,136020.0,采购中心,FCad,"64.88"
湖南湘煤精煤有限公司,主焦煤|1级|国内,G3MMZJ1,,三都,"4","2026-07-22 10:12:35",,A2,136020.0,采购中心,Mad,"1.03"
湖南湘煤精煤有限公司,主焦煤|1级|国内,G3MMZJ1,,三都,"4","2026-07-22 10:12:35",,A2,136020.0,采购中心,St.d,"0.73"
湖南湘煤精煤有限公司,主焦煤|1级|国内,G3MMZJ1,,三都,"4","2026-07-22 10:12:35",,A2,136020.0,采购中心,Vdaf,"27.18"
湖南湘煤精煤有限公司,主焦煤|1级|国内,G3MMZJ1,,三都,"4","2026-07-22 10:12:35",,A2,136020.0,采购中心,水分,"16.9"
广西柳钢国际贸易有限公司,肥煤|国内,G3MMFF1,,宝丰,"4","2026-07-22 10:10:49",,"1M",752290.0,采购中心,Ad,"10.40"
广西柳钢国际贸易有限公司,肥煤|国内,G3MMFF1,,宝丰,"4","2026-07-22 10:10:49",,"1M",752290.0,采购中心,FCad,"62.39"
广西柳钢国际贸易有限公司,肥煤|国内,G3MMFF1,,宝丰,"4","2026-07-22 10:10:49",,"1M",752290.0,采购中心,Mad,"1.11"
广西柳钢国际贸易有限公司,肥煤|国内,G3MMFF1,,宝丰,"4","2026-07-22 10:10:49",,"1M",752290.0,采购中心,St.d,"2.31"
广西柳钢国际贸易有限公司,肥煤|国内,G3MMFF1,,宝丰,"4","2026-07-22 10:10:49",,"1M",752290.0,采购中心,Vdaf,"29.59"
广西柳钢国际贸易有限公司,肥煤|国内,G3MMFF1,,宝丰,"4","2026-07-22 10:10:49",,"1M",752290.0,采购中心,水分,"11.3"
广西柳钢国际贸易有限公司,贫瘦煤|国内,G3MMPS1,德邻惠航,,"4","2026-07-22 09:19:23",,,977650.0,采购中心,Ad,"10.76"
广西柳钢国际贸易有限公司,贫瘦煤|国内,G3MMPS1,德邻惠航,,"4","2026-07-22 09:19:23",,,977650.0,采购中心,FCad,"72.05"
广西柳钢国际贸易有限公司,贫瘦煤|国内,G3MMPS1,德邻惠航,,"4","2026-07-22 09:19:23",,,977650.0,采购中心,Mad,"3.34"
广西柳钢国际贸易有限公司,贫瘦煤|国内,G3MMPS1,德邻惠航,,"4","2026-07-22 09:19:23",,,977650.0,采购中心,St.d,"0.53"
广西柳钢国际贸易有限公司,贫瘦煤|国内,G3MMPS1,德邻惠航,,"4","2026-07-22 09:19:23",,,977650.0,采购中心,Vdaf,"16.47"
广西柳钢国际贸易有限公司,贫瘦煤|国内,G3MMPS1,德邻惠航,,"4","2026-07-22 09:19:23",,,977650.0,采购中心,水分,"12.3"
广西海亿贸易有限公司,肥煤|国内,G3MMFF1,,龙马,"4","2026-07-22 08:57:50",,"4M",1117230.0,采购中心,Ad,"10.15"
广西海亿贸易有限公司,肥煤|国内,G3MMFF1,,龙马,"4","2026-07-22 08:57:50",,"4M",1117230.0,采购中心,FCad,"63.39"
广西海亿贸易有限公司,肥煤|国内,G3MMFF1,,龙马,"4","2026-07-22 08:57:50",,"4M",1117230.0,采购中心,Mad,"1.03"
广西海亿贸易有限公司,肥煤|国内,G3MMFF1,,龙马,"4","2026-07-22 08:57:50",,"4M",1117230.0,采购中心,St.d,"1.89"
广西海亿贸易有限公司,肥煤|国内,G3MMFF1,,龙马,"4","2026-07-22 08:57:50",,"4M",1117230.0,采购中心,Vdaf,"28.71"
广西海亿贸易有限公司,肥煤|国内,G3MMFF1,,龙马,"4","2026-07-22 08:57:50",,"4M",1117230.0,采购中心,水分,"13.1"
江西奕源矿业有限公司,气煤|1级|国内,G3MMQQA,,邹城,"4","2026-07-22 08:22:17",,A2,745020.0,采购中心,Ad,"8.33"
江西奕源矿业有限公司,气煤|1级|国内,G3MMQQA,,邹城,"4","2026-07-22 08:22:17",,A2,745020.0,采购中心,FCad,"55.49"
江西奕源矿业有限公司,气煤|1级|国内,G3MMQQA,,邹城,"4","2026-07-22 08:22:17",,A2,745020.0,采购中心,Mad,"2.04"
江西奕源矿业有限公司,气煤|1级|国内,G3MMQQA,,邹城,"4","2026-07-22 08:22:17",,A2,745020.0,采购中心,St.d,"0.56"
江西奕源矿业有限公司,气煤|1级|国内,G3MMQQA,,邹城,"4","2026-07-22 08:22:17",,A2,745020.0,采购中心,Vdaf,"38.21"
江西奕源矿业有限公司,气煤|1级|国内,G3MMQQA,,邹城,"4","2026-07-22 08:22:17",,A2,745020.0,采购中心,水分,"6.7"
四川省煤炭产业集团有限责任公司营销分公司,瘦焦煤|1级|国内,G3MMSJ1,,格里坪,"4","2026-07-22 04:55:37",,"1M",379240.0,采购中心,Ad,"9.53"
四川省煤炭产业集团有限责任公司营销分公司,瘦焦煤|1级|国内,G3MMSJ1,,格里坪,"4","2026-07-22 04:55:37",,"1M",379240.0,采购中心,FCad,"72.70"
四川省煤炭产业集团有限责任公司营销分公司,瘦焦煤|1级|国内,G3MMSJ1,,格里坪,"4","2026-07-22 04:55:37",,"1M",379240.0,采购中心,Mad,"1.15"
四川省煤炭产业集团有限责任公司营销分公司,瘦焦煤|1级|国内,G3MMSJ1,,格里坪,"4","2026-07-22 04:55:37",,"1M",379240.0,采购中心,St.d,"0.60"
四川省煤炭产业集团有限责任公司营销分公司,瘦焦煤|1级|国内,G3MMSJ1,,格里坪,"4","2026-07-22 04:55:37",,"1M",379240.0,采购中心,Vdaf,"18.71"
四川省煤炭产业集团有限责任公司营销分公司,瘦焦煤|1级|国内,G3MMSJ1,,格里坪,"4","2026-07-22 04:55:37",,"1M",379240.0,采购中心,水分,"17.7"
四川省煤炭产业集团有限责任公司营销分公司,瘦焦煤|1级|国内,G3MMSJ1,,格里坪,"4","2026-07-22 04:53:33",,"1M",271720.0,采购中心,Ad,"9.14"
四川省煤炭产业集团有限责任公司营销分公司,瘦焦煤|1级|国内,G3MMSJ1,,格里坪,"4","2026-07-22 04:53:33",,"1M",271720.0,采购中心,FCad,"73.54"
四川省煤炭产业集团有限责任公司营销分公司,瘦焦煤|1级|国内,G3MMSJ1,,格里坪,"4","2026-07-22 04:53:33",,"1M",271720.0,采购中心,Mad,"0.98"
四川省煤炭产业集团有限责任公司营销分公司,瘦焦煤|1级|国内,G3MMSJ1,,格里坪,"4","2026-07-22 04:53:33",,"1M",271720.0,采购中心,St.d,"0.54"
四川省煤炭产业集团有限责任公司营销分公司,瘦焦煤|1级|国内,G3MMSJ1,,格里坪,"4","2026-07-22 04:53:33",,"1M",271720.0,采购中心,Vdaf,"18.26"
四川省煤炭产业集团有限责任公司营销分公司,瘦焦煤|1级|国内,G3MMSJ1,,格里坪,"4","2026-07-22 04:53:33",,"1M",271720.0,采购中心,水分,"10.8"
四川省煤炭产业集团有限责任公司营销分公司,瘦焦煤|1级|国内,G3MMSJ1,,格里坪,"4","2026-07-22 01:00:27",,"1M",655150.0,采购中心,Ad,"10.69"
四川省煤炭产业集团有限责任公司营销分公司,瘦焦煤|1级|国内,G3MMSJ1,,格里坪,"4","2026-07-22 01:00:27",,"1M",655150.0,采购中心,FCad,"72.15"
四川省煤炭产业集团有限责任公司营销分公司,瘦焦煤|1级|国内,G3MMSJ1,,格里坪,"4","2026-07-22 01:00:27",,"1M",655150.0,采购中心,Mad,"0.98"
四川省煤炭产业集团有限责任公司营销分公司,瘦焦煤|1级|国内,G3MMSJ1,,格里坪,"4","2026-07-22 01:00:27",,"1M",655150.0,采购中心,St.d,"0.58"
四川省煤炭产业集团有限责任公司营销分公司,瘦焦煤|1级|国内,G3MMSJ1,,格里坪,"4","2026-07-22 01:00:27",,"1M",655150.0,采购中心,Vdaf,"18.41"
四川省煤炭产业集团有限责任公司营销分公司,瘦焦煤|1级|国内,G3MMSJ1,,格里坪,"4","2026-07-22 01:00:27",,"1M",655150.0,采购中心,水分,"13.1"
贵州盘江精煤股份有限公司,"1/3焦煤|1级|国内",G3MMSY1,,柏果,"4","2026-07-21 22:23:46",,"5M",214900.0,采购中心,Ad,"10.36"
贵州盘江精煤股份有限公司,"1/3焦煤|1级|国内",G3MMSY1,,柏果,"4","2026-07-21 22:23:46",,"5M",214900.0,采购中心,FCad,"64.19"
贵州盘江精煤股份有限公司,"1/3焦煤|1级|国内",G3MMSY1,,柏果,"4","2026-07-21 22:23:46",,"5M",214900.0,采购中心,Mad,"1.09"
贵州盘江精煤股份有限公司,"1/3焦煤|1级|国内",G3MMSY1,,柏果,"4","2026-07-21 22:23:46",,"5M",214900.0,采购中心,St.d,"0.28"
贵州盘江精煤股份有限公司,"1/3焦煤|1级|国内",G3MMSY1,,柏果,"4","2026-07-21 22:23:46",,"5M",214900.0,采购中心,Vdaf,"27.60"
贵州盘江精煤股份有限公司,"1/3焦煤|1级|国内",G3MMSY1,,柏果,"4","2026-07-21 22:23:46",,"5M",214900.0,采购中心,水分,"13.8"
四川省煤炭产业集团有限责任公司营销分公司,瘦焦煤|1级|国内,G3MMSJ1,,格里坪,"4","2026-07-21 22:21:46",,"5M",208110.0,采购中心,Ad,"9.96"
四川省煤炭产业集团有限责任公司营销分公司,瘦焦煤|1级|国内,G3MMSJ1,,格里坪,"4","2026-07-21 22:21:46",,"5M",208110.0,采购中心,FCad,"72.17"
四川省煤炭产业集团有限责任公司营销分公司,瘦焦煤|1级|国内,G3MMSJ1,,格里坪,"4","2026-07-21 22:21:46",,"5M",208110.0,采购中心,Mad,"0.91"
四川省煤炭产业集团有限责任公司营销分公司,瘦焦煤|1级|国内,G3MMSJ1,,格里坪,"4","2026-07-21 22:21:46",,"5M",208110.0,采购中心,St.d,"0.56"
四川省煤炭产业集团有限责任公司营销分公司,瘦焦煤|1级|国内,G3MMSJ1,,格里坪,"4","2026-07-21 22:21:46",,"5M",208110.0,采购中心,Vdaf,"19.11"
四川省煤炭产业集团有限责任公司营销分公司,瘦焦煤|1级|国内,G3MMSJ1,,格里坪,"4","2026-07-21 22:21:46",,"5M",208110.0,采购中心,水分,"12.9"
重庆皓联实业（集团）有限公司,主焦煤|2级|国内,G3MMZJD,,松坎,"4","2026-07-21 22:18:41",,"5M",443550.0,采购中心,Ad,"11.59"
重庆皓联实业（集团）有限公司,主焦煤|2级|国内,G3MMZJD,,松坎,"4","2026-07-21 22:18:41",,"5M",443550.0,采购中心,FCad,"68.33"
重庆皓联实业（集团）有限公司,主焦煤|2级|国内,G3MMZJD,,松坎,"4","2026-07-21 22:18:41",,"5M",443550.0,采购中心,Mad,"1.18"
重庆皓联实业（集团）有限公司,主焦煤|2级|国内,G3MMZJD,,松坎,"4","2026-07-21 22:18:41",,"5M",443550.0,采购中心,St.d,"1.58"
重庆皓联实业（集团）有限公司,主焦煤|2级|国内,G3MMZJD,,松坎,"4","2026-07-21 22:18:41",,"5M",443550.0,采购中心,Vdaf,"21.79"
重庆皓联实业（集团）有限公司,主焦煤|2级|国内,G3MMZJD,,松坎,"4","2026-07-21 22:18:41",,"5M",443550.0,采购中心,水分,"16.5"
贵州盘南煤炭开发有限责任公司,瘦焦煤|1级|国内,G3MMSJ1,,小雨谷,"4","2026-07-21 22:00:06",,,205420.0,采购中心,Ad,"11.83"
贵州盘南煤炭开发有限责任公司,瘦焦煤|1级|国内,G3MMSJ1,,小雨谷,"4","2026-07-21 22:00:06",,,205420.0,采购中心,FCad,"72.04"
贵州盘南煤炭开发有限责任公司,瘦焦煤|1级|国内,G3MMSJ1,,小雨谷,"4","2026-07-21 22:00:06",,,205420.0,采购中心,Mad,"1.25"
贵州盘南煤炭开发有限责任公司,瘦焦煤|1级|国内,G3MMSJ1,,小雨谷,"4","2026-07-21 22:00:06",,,205420.0,采购中心,St.d,"0.81"
贵州盘南煤炭开发有限责任公司,瘦焦煤|1级|国内,G3MMSJ1,,小雨谷,"4","2026-07-21 22:00:06",,,205420.0,采购中心,Vdaf,"17.26"
贵州盘南煤炭开发有限责任公司,瘦焦煤|1级|国内,G3MMSJ1,,小雨谷,"4","2026-07-21 22:00:06",,,205420.0,采购中心,水分,"16.6"
广西海亿贸易有限公司,肥煤|国内,G3MMFF1,,龙马,"4","2026-07-21 20:42:40",,"4M",1131870.0,采购中心,Ad,"10.47"
广西海亿贸易有限公司,肥煤|国内,G3MMFF1,,龙马,"4","2026-07-21 20:42:40",,"4M",1131870.0,采购中心,FCad,"63.04"
广西海亿贸易有限公司,肥煤|国内,G3MMFF1,,龙马,"4","2026-07-21 20:42:40",,"4M",1131870.0,采购中心,Mad,"1.14"
广西海亿贸易有限公司,肥煤|国内,G3MMFF1,,龙马,"4","2026-07-21 20:42:40",,"4M",1131870.0,采购中心,St.d,"1.82"
广西海亿贸易有限公司,肥煤|国内,G3MMFF1,,龙马,"4","2026-07-21 20:42:40",,"4M",1131870.0,采购中心,Vdaf,"28.78"
广西海亿贸易有限公司,肥煤|国内,G3MMFF1,,龙马,"4","2026-07-21 20:42:40",,"4M",1131870.0,采购中心,水分,"12.7"
江西奕源矿业有限公司,气煤|1级|国内,G3MMQQA,,邹城,"4","2026-07-21 20:19:38",,A2,943650.0,采购中心,Ad,"8.30"
江西奕源矿业有限公司,气煤|1级|国内,G3MMQQA,,邹城,"4","2026-07-21 20:19:38",,A2,943650.0,采购中心,FCad,"56.04"
江西奕源矿业有限公司,气煤|1级|国内,G3MMQQA,,邹城,"4","2026-07-21 20:19:38",,A2,943650.0,采购中心,Mad,"2.64"
江西奕源矿业有限公司,气煤|1级|国内,G3MMQQA,,邹城,"4","2026-07-21 20:19:38",,A2,943650.0,采购中心,St.d,"0.54"
江西奕源矿业有限公司,气煤|1级|国内,G3MMQQA,,邹城,"4","2026-07-21 20:19:38",,A2,943650.0,采购中心,Vdaf,"37.23"
江西奕源矿业有限公司,气煤|1级|国内,G3MMQQA,,邹城,"4","2026-07-21 20:19:38",,A2,943650.0,采购中心,水分,"6.5"
广西钢铁集团有限公司,主焦煤|1级|国内,G3MMZJ1,鑫泰达,铁山港,"4","2026-07-21 18:52:06",,,3677940.0,采购中心,水分,"14.0"
贵州盘南煤炭开发有限责任公司,瘦焦煤|1级|国内,G3MMSJ1,,小雨谷,"4","2026-07-21 18:25:38",,"1M",613350.0,采购中心,Ad,"11.86"
贵州盘南煤炭开发有限责任公司,瘦焦煤|1级|国内,G3MMSJ1,,小雨谷,"4","2026-07-21 18:25:38",,"1M",613350.0,采购中心,FCad,"71.64"
贵州盘南煤炭开发有限责任公司,瘦焦煤|1级|国内,G3MMSJ1,,小雨谷,"4","2026-07-21 18:25:38",,"1M",613350.0,采购中心,Mad,"1.05"
贵州盘南煤炭开发有限责任公司,瘦焦煤|1级|国内,G3MMSJ1,,小雨谷,"4","2026-07-21 18:25:38",,"1M",613350.0,采购中心,St.d,"0.77"
贵州盘南煤炭开发有限责任公司,瘦焦煤|1级|国内,G3MMSJ1,,小雨谷,"4","2026-07-21 18:25:38",,"1M",613350.0,采购中心,Vdaf,"17.85"
贵州盘南煤炭开发有限责任公司,瘦焦煤|1级|国内,G3MMSJ1,,小雨谷,"4","2026-07-21 18:25:38",,"1M",613350.0,采购中心,水分,"16.9"
江西奕源矿业有限公司,气煤|1级|国内,G3MMQQA,,邹城,"4","2026-07-21 17:53:44",,A2,1163180.0,采购中心,Ad,"8.61"
江西奕源矿业有限公司,气煤|1级|国内,G3MMQQA,,邹城,"4","2026-07-21 17:53:44",,A2,1163180.0,采购中心,FCad,"55.73"
江西奕源矿业有限公司,气煤|1级|国内,G3MMQQA,,邹城,"4","2026-07-21 17:53:44",,A2,1163180.0,采购中心,Mad,"2.56"
江西奕源矿业有限公司,气煤|1级|国内,G3MMQQA,,邹城,"4","2026-07-21 17:53:44",,A2,1163180.0,采购中心,St.d,"0.63"
江西奕源矿业有限公司,气煤|1级|国内,G3MMQQA,,邹城,"4","2026-07-21 17:53:44",,A2,1163180.0,采购中心,Vdaf,"37.42"
江西奕源矿业有限公司,气煤|1级|国内,G3MMQQA,,邹城,"4","2026-07-21 17:53:44",,A2,1163180.0,采购中心,水分,"7.2"
焦化厂,炼焦配合煤,A2MMJPM,,,"4","2026-07-21 17:46:47",喷吹用煤（原料）,,,采购中心,Ad,"10.30"
焦化厂,炼焦配合煤,A2MMJPM,,,"4","2026-07-21 17:46:47",喷吹用煤（原料）,,,采购中心,Cad,"78.06"
焦化厂,炼焦配合煤,A2MMJPM,,,"4","2026-07-21 17:46:47",喷吹用煤（原料）,,,采购中心,FCad,"65.64"
焦化厂,炼焦配合煤,A2MMJPM,,,"4","2026-07-21 17:46:47",喷吹用煤（原料）,,,采购中心,Had,"4.47"
焦化厂,炼焦配合煤,A2MMJPM,,,"4","2026-07-21 17:46:47",喷吹用煤（原料）,,,采购中心,Mad,"1.46"
焦化厂,炼焦配合煤,A2MMJPM,,,"4","2026-07-21 17:46:47",喷吹用煤（原料）,,,采购中心,St.d,"0.70"
焦化厂,炼焦配合煤,A2MMJPM,,,"4","2026-07-21 17:46:47",喷吹用煤（原料）,,,采购中心,Vdaf,"25.74"
焦化厂,炼焦配合煤,A2MMJPM,,,"4","2026-07-21 17:46:47",喷吹用煤（原料）,,,采购中心,水分,"12.2"
焦化厂,炼焦配合煤,A2MMJPM,,,"4","2026-07-21 17:46:46",喷吹用煤（原料）,,,采购中心,Ad,"10.57"
焦化厂,炼焦配合煤,A2MMJPM,,,"4","2026-07-21 17:46:46",喷吹用煤（原料）,,,采购中心,Cad,"77.46"
焦化厂,炼焦配合煤,A2MMJPM,,,"4","2026-07-21 17:46:46",喷吹用煤（原料）,,,采购中心,FCad,"65.20"
焦化厂,炼焦配合煤,A2MMJPM,,,"4","2026-07-21 17:46:46",喷吹用煤（原料）,,,采购中心,Had,"4.46"
焦化厂,炼焦配合煤,A2MMJPM,,,"4","2026-07-21 17:46:46",喷吹用煤（原料）,,,采购中心,Mad,"1.57"
焦化厂,炼焦配合煤,A2MMJPM,,,"4","2026-07-21 17:46:46",喷吹用煤（原料）,,,采购中心,St.d,"0.85"
焦化厂,炼焦配合煤,A2MMJPM,,,"4","2026-07-21 17:46:46",喷吹用煤（原料）,,,采购中心,Vdaf,"25.92"
焦化厂,炼焦配合煤,A2MMJPM,,,"4","2026-07-21 17:46:46",喷吹用煤（原料）,,,采购中心,水分,"11.2"
重庆皓联实业（集团）有限公司,主焦煤|2级|国内,G3MMZJD,,松坎,"4","2026-07-21 17:44:25",,"5M",147850.0,采购中心,Ad,"11.60"
重庆皓联实业（集团）有限公司,主焦煤|2级|国内,G3MMZJD,,松坎,"4","2026-07-21 17:44:25",,"5M",147850.0,采购中心,FCad,"68.78"
重庆皓联实业（集团）有限公司,主焦煤|2级|国内,G3MMZJD,,松坎,"4","2026-07-21 17:44:25",,"5M",147850.0,采购中心,Mad,"1.15"
重庆皓联实业（集团）有限公司,主焦煤|2级|国内,G3MMZJD,,松坎,"4","2026-07-21 17:44:25",,"5M",147850.0,采购中心,St.d,"1.58"
重庆皓联实业（集团）有限公司,主焦煤|2级|国内,G3MMZJD,,松坎,"4","2026-07-21 17:44:25",,"5M",147850.0,采购中心,Vdaf,"21.28"
重庆皓联实业（集团）有限公司,主焦煤|2级|国内,G3MMZJD,,松坎,"4","2026-07-21 17:44:25",,"5M",147850.0,采购中心,水分,"17.3"
贵州盘江精煤股份有限公司,"1/3焦煤|1级|国内",G3MMSY1,,柏果,"4","2026-07-21 17:42:36",,"5M",274960.0,采购中心,Ad,"10.68"
贵州盘江精煤股份有限公司,"1/3焦煤|1级|国内",G3MMSY1,,柏果,"4","2026-07-21 17:42:36",,"5M",274960.0,采购中心,FCad,"63.83"
贵州盘江精煤股份有限公司,"1/3焦煤|1级|国内",G3MMSY1,,柏果,"4","2026-07-21 17:42:36",,"5M",274960.0,采购中心,Mad,"1.10"
贵州盘江精煤股份有限公司,"1/3焦煤|1级|国内",G3MMSY1,,柏果,"4","2026-07-21 17:42:36",,"5M",274960.0,采购中心,St.d,"0.28"
贵州盘江精煤股份有限公司,"1/3焦煤|1级|国内",G3MMSY1,,柏果,"4","2026-07-21 17:42:36",,"5M",274960.0,采购中心,Vdaf,"27.75"
贵州盘江精煤股份有限公司,"1/3焦煤|1级|国内",G3MMSY1,,柏果,"4","2026-07-21 17:42:36",,"5M",274960.0,采购中心,水分,"13.4"
重庆皓联实业（集团）有限公司,主焦煤|2级|国内,G3MMZJD,,松坎,"4","2026-07-21 17:41:20",,"5M",551590.0,采购中心,Ad,"11.69"
重庆皓联实业（集团）有限公司,主焦煤|2级|国内,G3MMZJD,,松坎,"4","2026-07-21 17:41:20",,"5M",551590.0,采购中心,FCad,"67.76"
重庆皓联实业（集团）有限公司,主焦煤|2级|国内,G3MMZJD,,松坎,"4","2026-07-21 17:41:20",,"5M",551590.0,采购中心,Mad,"1.12"
重庆皓联实业（集团）有限公司,主焦煤|2级|国内,G3MMZJD,,松坎,"4","2026-07-21 17:41:20",,"5M",551590.0,采购中心,St.d,"1.59"
重庆皓联实业（集团）有限公司,主焦煤|2级|国内,G3MMZJD,,松坎,"4","2026-07-21 17:41:20",,"5M",551590.0,采购中心,Vdaf,"22.39"
重庆皓联实业（集团）有限公司,主焦煤|2级|国内,G3MMZJD,,松坎,"4","2026-07-21 17:41:20",,"5M",551590.0,采购中心,水分,"15.8"
炼铁总厂,国内烧结无烟煤,G3MMSWM,,,"4","2026-07-21 17:40:23",烧结用煤,,,采购中心,Ad,"11.33"
炼铁总厂,国内烧结无烟煤,G3MMSWM,,,"4","2026-07-21 17:40:23",烧结用煤,,,采购中心,Cad,"80.46"
炼铁总厂,国内烧结无烟煤,G3MMSWM,,,"4","2026-07-21 17:40:23",烧结用煤,,,采购中心,FCad,"79.76"
炼铁总厂,国内烧结无烟煤,G3MMSWM,,,"4","2026-07-21 17:40:23",烧结用煤,,,采购中心,Had,"2.69"
炼铁总厂,国内烧结无烟煤,G3MMSWM,,,"4","2026-07-21 17:40:23",烧结用煤,,,采购中心,Mad,"3.05"
炼铁总厂,国内烧结无烟煤,G3MMSWM,,,"4","2026-07-21 17:40:23",烧结用煤,,,采购中心,St.d,"0.40"
炼铁总厂,国内烧结无烟煤,G3MMSWM,,,"4","2026-07-21 17:40:23",烧结用煤,,,采购中心,Vdaf,"7.22"
炼铁总厂,国内烧结无烟煤,G3MMSWM,,,"4","2026-07-21 17:40:23",烧结用煤,,,采购中心,水分,"7.8"
炼铁总厂,国内烧结无烟煤,G3MMSWM,,,"4","2026-07-21 17:40:22",烧结用煤,,,采购中心,Ad,"12.72"
炼铁总厂,国内烧结无烟煤,G3MMSWM,,,"4","2026-07-21 17:40:22",烧结用煤,,,采购中心,Cad,"79.16"
炼铁总厂,国内烧结无烟煤,G3MMSWM,,,"4","2026-07-21 17:40:22",烧结用煤,,,采购中心,FCad,"78.49"
炼铁总厂,国内烧结无烟煤,G3MMSWM,,,"4","2026-07-21 17:40:22",烧结用煤,,,采购中心,Had,"2.49"
炼铁总厂,国内烧结无烟煤,G3MMSWM,,,"4","2026-07-21 17:40:22",烧结用煤,,,采购中心,Mad,"3.26"
炼铁总厂,国内烧结无烟煤,G3MMSWM,,,"4","2026-07-21 17:40:22",烧结用煤,,,采购中心,St.d,"0.44"
炼铁总厂,国内烧结无烟煤,G3MMSWM,,,"4","2026-07-21 17:40:22",烧结用煤,,,采购中心,Vdaf,"7.04"
炼铁总厂,国内烧结无烟煤,G3MMSWM,,,"4","2026-07-21 17:40:22",烧结用煤,,,采购中心,水分,"8.1"
焦化厂,炼焦配合煤,A2MMJPM,,,"4","2026-07-21 17:14:22",喷吹用煤（原料）,,,采购中心,Ad,"9.70"
焦化厂,炼焦配合煤,A2MMJPM,,,"4","2026-07-21 17:14:22",喷吹用煤（原料）,,,采购中心,FCad,"59.16"
焦化厂,炼焦配合煤,A2MMJPM,,,"4","2026-07-21 17:14:22",喷吹用煤（原料）,,,采购中心,Mad,"1.85"
焦化厂,炼焦配合煤,A2MMJPM,,,"4","2026-07-21 17:14:22",喷吹用煤（原料）,,,采购中心,St.d,"0.57"
焦化厂,炼焦配合煤,A2MMJPM,,,"4","2026-07-21 17:14:22",喷吹用煤（原料）,,,采购中心,Vdaf,"33.25"
焦化厂,炼焦配合煤,A2MMJPM,,,"4","2026-07-21 17:14:22",喷吹用煤（原料）,,,采购中心,水分,"11.4"
焦化厂,炼焦配合煤,A2MMJPM,,,"4","2026-07-21 17:14:21",喷吹用煤（原料）,,,采购中心,Ad,"11.23"
焦化厂,炼焦配合煤,A2MMJPM,,,"4","2026-07-21 17:14:21",喷吹用煤（原料）,,,采购中心,FCad,"69.37"
焦化厂,炼焦配合煤,A2MMJPM,,,"4","2026-07-21 17:14:21",喷吹用煤（原料）,,,采购中心,Mad,"1.66"
焦化厂,炼焦配合煤,A2MMJPM,,,"4","2026-07-21 17:14:21",喷吹用煤（原料）,,,采购中心,St.d,"1.18"
焦化厂,炼焦配合煤,A2MMJPM,,,"4","2026-07-21 17:14:21",喷吹用煤（原料）,,,采购中心,Vdaf,"20.54"
焦化厂,炼焦配合煤,A2MMJPM,,,"4","2026-07-21 17:14:21",喷吹用煤（原料）,,,采购中心,水分,"14.6"
焦化厂,炼焦配合煤,A2MMJPM,,,"4","2026-07-21 17:14:20",喷吹用煤（原料）,,,采购中心,Ad,"10.04"
焦化厂,炼焦配合煤,A2MMJPM,,,"4","2026-07-21 17:14:20",喷吹用煤（原料）,,,采购中心,FCad,"68.44"
焦化厂,炼焦配合煤,A2MMJPM,,,"4","2026-07-21 17:14:20",喷吹用煤（原料）,,,采购中心,Mad,"1.46"
焦化厂,炼焦配合煤,A2MMJPM,,,"4","2026-07-21 17:14:20",喷吹用煤（原料）,,,采购中心,St.d,"0.38"
焦化厂,炼焦配合煤,A2MMJPM,,,"4","2026-07-21 17:14:20",喷吹用煤（原料）,,,采购中心,Vdaf,"22.80"
焦化厂,炼焦配合煤,A2MMJPM,,,"4","2026-07-21 17:14:20",喷吹用煤（原料）,,,采购中心,水分,"10.4"
贵州盘江精煤股份有限公司,"1/3焦煤|1级|国内",G3MMSY1,,柏果,"4","2026-07-21 15:25:28",,"4M",978670.0,采购中心,水分,"11.4"
贵州松河煤业发展有限责任公司,主焦煤|1级|国内,G3MMZJ1,,松河,"4","2026-07-21 15:24:27",,A2,595600.0,采购中心,水分,"12.5"
贵州盘江精煤股份有限公司,"1/3焦煤|1级|国内",G3MMSY1,,柏果,"4","2026-07-21 15:23:19",,"5M",640270.0,采购中心,水分,"11.1"
贵州盘江精煤股份有限公司,"1/3焦煤|1级|国内",G3MMSY1,,柏果,"4","2026-07-21 15:22:16",,"5M",396170.0,采购中心,水分,"11.0"
贵州盘江精煤股份有限公司,"1/3焦煤|1级|国内",G3MMSY1,,柏果,"4","2026-07-21 15:21:11",,"4M",804040.0,采购中心,水分,"11.5"
贵州松河煤业发展有限责任公司,主焦煤|1级|国内,G3MMZJ1,,松河,"4","2026-07-21 15:19:51",,"4M",341690.0,采购中心,水分,"13.1"
贵州松河煤业发展有限责任公司,主焦煤|1级|国内,G3MMZJ1,,松河,"4","2026-07-21 15:05:00",,"4M",341690.0,采购中心,Ad,"10.56"
贵州松河煤业发展有限责任公司,主焦煤|1级|国内,G3MMZJ1,,松河,"4","2026-07-21 15:05:00",,"4M",341690.0,采购中心,St.d,"0.31"
湖南湘煤精煤有限公司,主焦煤|1级|国内,G3MMZJ1,,三都,"4","2026-07-21 15:03:42",,A2,533800.0,采购中心,Ad,"10.14"
湖南湘煤精煤有限公司,主焦煤|1级|国内,G3MMZJ1,,三都,"4","2026-07-21 15:03:42",,A2,533800.0,采购中心,St.d,"0.60"
贵州盘江精煤股份有限公司,"1/3焦煤|1级|国内",G3MMSY1,,火铺,"4","2026-07-21 15:02:17",,"5M",637200.0,采购中心,Ad,"10.43"
贵州盘江精煤股份有限公司,"1/3焦煤|1级|国内",G3MMSY1,,火铺,"4","2026-07-21 15:02:17",,"5M",637200.0,采购中心,St.d,"0.48"
贵州盘江精煤股份有限公司,"1/3焦煤|1级|国内",G3MMSY1,,柏果,"4","2026-07-21 15:00:15",,"1M",546260.0,采购中心,Ad,"10.24"
贵州盘江精煤股份有限公司,"1/3焦煤|1级|国内",G3MMSY1,,柏果,"4","2026-07-21 15:00:15",,"1M",546260.0,采购中心,St.d,"0.26"
贵州盘江精煤股份有限公司,"1/3焦煤|1级|国内",G3MMSY1,,火铺,"4","2026-07-21 14:57:59",,"4M",602050.0,采购中心,Ad,"10.71"
贵州盘江精煤股份有限公司,"1/3焦煤|1级|国内",G3MMSY1,,火铺,"4","2026-07-21 14:57:59",,"4M",602050.0,采购中心,St.d,"0.49"
贵州盘江精煤股份有限公司,"1/3焦煤|1级|国内",G3MMSY1,,火铺,"4","2026-07-21 14:56:05",,"5M",250440.0,采购中心,Ad,"10.16"
贵州盘江精煤股份有限公司,"1/3焦煤|1级|国内",G3MMSY1,,火铺,"4","2026-07-21 14:56:05",,"5M",250440.0,采购中心,St.d,"0.43"
贵州盘江精煤股份有限公司,"1/3焦煤|1级|国内",G3MMSY1,,柏果,"4","2026-07-21 12:34:50",,,794300.0,采购中心,Ad,"10.09"
贵州盘江精煤股份有限公司,"1/3焦煤|1级|国内",G3MMSY1,,柏果,"4","2026-07-21 12:34:50",,,794300.0,采购中心,FCad,"62.70"
贵州盘江精煤股份有限公司,"1/3焦煤|1级|国内",G3MMSY1,,柏果,"4","2026-07-21 12:34:50",,,794300.0,采购中心,Mad,"1.26"
贵州盘江精煤股份有限公司,"1/3焦煤|1级|国内",G3MMSY1,,柏果,"4","2026-07-21 12:34:50",,,794300.0,采购中心,St.d,"0.26"
贵州盘江精煤股份有限公司,"1/3焦煤|1级|国内",G3MMSY1,,柏果,"4","2026-07-21 12:34:50",,,794300.0,采购中心,Vdaf,"29.38"
贵州盘江精煤股份有限公司,"1/3焦煤|1级|国内",G3MMSY1,,柏果,"4","2026-07-21 12:34:50",,,794300.0,采购中心,水分,"15.5"
广西柳钢国际贸易有限公司,贫瘦煤|进口|俄罗斯,G3MMPS8,阿米,防城港,"4","2026-07-21 11:39:18",,,431270.0,采购中心,水分,"12.1"
制样站水分等预警程序开发测试用样,贫瘦煤|国内,G3MMPS1,,,"4","2026-07-21 10:49:16",喷吹用煤（原料）,,,采购中心,,
贵州盘江精煤股份有限公司,"1/3焦煤|1级|国内",G3MMSY1,,月亮田,"4","2026-07-21 10:46:50",,,1007760.0,采购中心,Ad,"10.46"
贵州盘江精煤股份有限公司,"1/3焦煤|1级|国内",G3MMSY1,,月亮田,"4","2026-07-21 10:46:50",,,1007760.0,采购中心,FCad,"58.14"
贵州盘江精煤股份有限公司,"1/3焦煤|1级|国内",G3MMSY1,,月亮田,"4","2026-07-21 10:46:50",,,1007760.0,采购中心,Mad,"1.41"
贵州盘江精煤股份有限公司,"1/3焦煤|1级|国内",G3MMSY1,,月亮田,"4","2026-07-21 10:46:50",,,1007760.0,采购中心,St.d,"0.70"
贵州盘江精煤股份有限公司,"1/3焦煤|1级|国内",G3MMSY1,,月亮田,"4","2026-07-21 10:46:50",,,1007760.0,采购中心,Vdaf,"34.14"
贵州盘江精煤股份有限公司,"1/3焦煤|1级|国内",G3MMSY1,,月亮田,"4","2026-07-21 10:46:50",,,1007760.0,采购中心,水分,"13.9"
广西柳钢国际贸易有限公司,贫瘦煤|国内,G3MMPS1,德邻惠航,,"4","2026-07-21 10:25:43",,,964600.0,采购中心,Ad,"10.92"
广西柳钢国际贸易有限公司,贫瘦煤|国内,G3MMPS1,德邻惠航,,"4","2026-07-21 10:25:43",,,964600.0,采购中心,FCad,"70.77"
广西柳钢国际贸易有限公司,贫瘦煤|国内,G3MMPS1,德邻惠航,,"4","2026-07-21 10:25:43",,,964600.0,采购中心,Mad,"3.96"
广西柳钢国际贸易有限公司,贫瘦煤|国内,G3MMPS1,德邻惠航,,"4","2026-07-21 10:25:43",,,964600.0,采购中心,St.d,"0.59"
广西柳钢国际贸易有限公司,贫瘦煤|国内,G3MMPS1,德邻惠航,,"4","2026-07-21 10:25:43",,,964600.0,采购中心,Vdaf,"17.28"
广西柳钢国际贸易有限公司,贫瘦煤|国内,G3MMPS1,德邻惠航,,"4","2026-07-21 10:25:43",,,964600.0,采购中心,水分,"12.5"
石嘴山市惠农区永鑫工贸有限公司,主焦煤|1级|国内,G3MMZJ1,,惠农,"4","2026-07-21 10:12:37",,"1M",562450.0,采购中心,Ad,"10.26"
石嘴山市惠农区永鑫工贸有限公司,主焦煤|1级|国内,G3MMZJ1,,惠农,"4","2026-07-21 10:12:37",,"1M",562450.0,采购中心,FCad,"64.68"
石嘴山市惠农区永鑫工贸有限公司,主焦煤|1级|国内,G3MMZJ1,,惠农,"4","2026-07-21 10:12:37",,"1M",562450.0,采购中心,Mad,"1.39"
石嘴山市惠农区永鑫工贸有限公司,主焦煤|1级|国内,G3MMZJ1,,惠农,"4","2026-07-21 10:12:37",,"1M",562450.0,采购中心,St.d,"0.64"
石嘴山市惠农区永鑫工贸有限公司,主焦煤|1级|国内,G3MMZJ1,,惠农,"4","2026-07-21 10:12:37",,"1M",562450.0,采购中心,Vdaf,"26.91"
石嘴山市惠农区永鑫工贸有限公司,主焦煤|1级|国内,G3MMZJ1,,惠农,"4","2026-07-21 10:12:37",,"1M",562450.0,采购中心,水分,"10.9"
湖南湘煤精煤有限公司,主焦煤|1级|国内,G3MMZJ1,,三都,"4","2026-07-21 10:11:29",,"1M",70730.0,采购中心,Ad,"10.62"
湖南湘煤精煤有限公司,主焦煤|1级|国内,G3MMZJ1,,三都,"4","2026-07-21 10:11:29",,"1M",70730.0,采购中心,FCad,"64.39"
湖南湘煤精煤有限公司,主焦煤|1级|国内,G3MMZJ1,,三都,"4","2026-07-21 10:11:29",,"1M",70730.0,采购中心,Mad,"1.06"
湖南湘煤精煤有限公司,主焦煤|1级|国内,G3MMZJ1,,三都,"4","2026-07-21 10:11:29",,"1M",70730.0,采购中心,St.d,"0.66"
湖南湘煤精煤有限公司,主焦煤|1级|国内,G3MMZJ1,,三都,"4","2026-07-21 10:11:29",,"1M",70730.0,采购中心,Vdaf,"27.19"
湖南湘煤精煤有限公司,主焦煤|1级|国内,G3MMZJ1,,三都,"4","2026-07-21 10:11:29",,"1M",70730.0,采购中心,水分,"15.5"
贵州盘江精煤股份有限公司,"1/3焦煤|1级|国内",G3MMSY1,,柏果,"4","2026-07-21 08:57:42",,"5M",877710.0,采购中心,Ad,"10.44"
贵州盘江精煤股份有限公司,"1/3焦煤|1级|国内",G3MMSY1,,柏果,"4","2026-07-21 08:57:42",,"5M",877710.0,采购中心,FCad,"63.18"
贵州盘江精煤股份有限公司,"1/3焦煤|1级|国内",G3MMSY1,,柏果,"4","2026-07-21 08:57:42",,"5M",877710.0,采购中心,Mad,"1.19"
贵州盘江精煤股份有限公司,"1/3焦煤|1级|国内",G3MMSY1,,柏果,"4","2026-07-21 08:57:42",,"5M",877710.0,采购中心,St.d,"0.25"
贵州盘江精煤股份有限公司,"1/3焦煤|1级|国内",G3MMSY1,,柏果,"4","2026-07-21 08:57:42",,"5M",877710.0,采购中心,Vdaf,"28.60"
贵州盘江精煤股份有限公司,"1/3焦煤|1级|国内",G3MMSY1,,柏果,"4","2026-07-21 08:57:42",,"5M",877710.0,采购中心,水分,"17.3"
广西柳钢国际贸易有限公司,主焦煤|1级|进口|蒙古5#,G3MMZJR,明友,防城港,"4","2026-07-21 05:45:53",,,71500.0,采购中心,Ad,"10.98"
广西柳钢国际贸易有限公司,主焦煤|1级|进口|蒙古5#,G3MMZJR,明友,防城港,"4","2026-07-21 05:45:53",,,71500.0,采购中心,FCad,"65.84"
广西柳钢国际贸易有限公司,主焦煤|1级|进口|蒙古5#,G3MMZJR,明友,防城港,"4","2026-07-21 05:45:53",,,71500.0,采购中心,Mad,"1.65"
广西柳钢国际贸易有限公司,主焦煤|1级|进口|蒙古5#,G3MMZJR,明友,防城港,"4","2026-07-21 05:45:53",,,71500.0,采购中心,St.d,"0.57"
广西柳钢国际贸易有限公司,主焦煤|1级|进口|蒙古5#,G3MMZJR,明友,防城港,"4","2026-07-21 05:45:53",,,71500.0,采购中心,Vdaf,"24.80"
广西柳钢国际贸易有限公司,主焦煤|1级|进口|蒙古5#,G3MMZJR,明友,防城港,"4","2026-07-21 05:45:53",,,71500.0,采购中心,水分,"12.4"
贵州盘南煤炭开发有限责任公司,瘦焦煤|1级|国内,G3MMSJ1,,小雨谷,"4","2026-07-21 04:10:44",,A2,839350.0,采购中心,Ad,"11.51"
贵州盘南煤炭开发有限责任公司,瘦焦煤|1级|国内,G3MMSJ1,,小雨谷,"4","2026-07-21 04:10:44",,A2,839350.0,采购中心,FCad,"72.09"
贵州盘南煤炭开发有限责任公司,瘦焦煤|1级|国内,G3MMSJ1,,小雨谷,"4","2026-07-21 04:10:44",,A2,839350.0,采购中心,Mad,"1.11"
贵州盘南煤炭开发有限责任公司,瘦焦煤|1级|国内,G3MMSJ1,,小雨谷,"4","2026-07-21 04:10:44",,A2,839350.0,采购中心,St.d,"0.72"
贵州盘南煤炭开发有限责任公司,瘦焦煤|1级|国内,G3MMSJ1,,小雨谷,"4","2026-07-21 04:10:44",,A2,839350.0,采购中心,Vdaf,"17.62"
贵州盘南煤炭开发有限责任公司,瘦焦煤|1级|国内,G3MMSJ1,,小雨谷,"4","2026-07-21 04:10:44",,A2,839350.0,采购中心,水分,"17.1"
湖南湘煤精煤有限公司,主焦煤|1级|国内,G3MMZJ1,,三都,"4","2026-07-21 03:50:24",,"1M",559220.0,采购中心,Ad,"10.58"
湖南湘煤精煤有限公司,主焦煤|1级|国内,G3MMZJ1,,三都,"4","2026-07-21 03:50:24",,"1M",559220.0,采购中心,FCad,"65.08"
湖南湘煤精煤有限公司,主焦煤|1级|国内,G3MMZJ1,,三都,"4","2026-07-21 03:50:24",,"1M",559220.0,采购中心,Mad,"1.22"
湖南湘煤精煤有限公司,主焦煤|1级|国内,G3MMZJ1,,三都,"4","2026-07-21 03:50:24",,"1M",559220.0,采购中心,St.d,"0.73"
湖南湘煤精煤有限公司,主焦煤|1级|国内,G3MMZJ1,,三都,"4","2026-07-21 03:50:24",,"1M",559220.0,采购中心,Vdaf,"26.31"
湖南湘煤精煤有限公司,主焦煤|1级|国内,G3MMZJ1,,三都,"4","2026-07-21 03:50:24",,"1M",559220.0,采购中心,水分,"13.9"
石嘴山市惠农区永鑫工贸有限公司,主焦煤|1级|国内,G3MMZJ1,,惠农,"4","2026-07-21 01:39:16",,"4M",1106590.0,采购中心,Ad,"10.40"
石嘴山市惠农区永鑫工贸有限公司,主焦煤|1级|国内,G3MMZJ1,,惠农,"4","2026-07-21 01:39:16",,"4M",1106590.0,采购中心,FCad,"64.51"
石嘴山市惠农区永鑫工贸有限公司,主焦煤|1级|国内,G3MMZJ1,,惠农,"4","2026-07-21 01:39:16",,"4M",1106590.0,采购中心,Mad,"1.56"
石嘴山市惠农区永鑫工贸有限公司,主焦煤|1级|国内,G3MMZJ1,,惠农,"4","2026-07-21 01:39:16",,"4M",1106590.0,采购中心,St.d,"0.66"
石嘴山市惠农区永鑫工贸有限公司,主焦煤|1级|国内,G3MMZJ1,,惠农,"4","2026-07-21 01:39:16",,"4M",1106590.0,采购中心,Vdaf,"26.86"
石嘴山市惠农区永鑫工贸有限公司,主焦煤|1级|国内,G3MMZJ1,,惠农,"4","2026-07-21 01:39:16",,"4M",1106590.0,采购中心,水分,"10.6"
焦化厂,炼焦配合煤,A2MMJPM,,,"4","2026-07-20 23:19:23",喷吹用煤（原料）,,,采购中心,Ad,"10.68"
焦化厂,炼焦配合煤,A2MMJPM,,,"4","2026-07-20 23:19:23",喷吹用煤（原料）,,,采购中心,Ad,"10.60"
焦化厂,炼焦配合煤,A2MMJPM,,,"4","2026-07-20 23:19:23",喷吹用煤（原料）,,,采购中心,Ad,"10.55"
焦化厂,炼焦配合煤,A2MMJPM,,,"4","2026-07-20 23:19:23",喷吹用煤（原料）,,,采购中心,FCad,"57.88"
焦化厂,炼焦配合煤,A2MMJPM,,,"4","2026-07-20 23:19:23",喷吹用煤（原料）,,,采购中心,FCad,"75.22"
焦化厂,炼焦配合煤,A2MMJPM,,,"4","2026-07-20 23:19:23",喷吹用煤（原料）,,,采购中心,FCad,"62.23"
焦化厂,炼焦配合煤,A2MMJPM,,,"4","2026-07-20 23:19:23",喷吹用煤（原料）,,,采购中心,Mad,"1.36"
焦化厂,炼焦配合煤,A2MMJPM,,,"4","2026-07-20 23:19:23",喷吹用煤（原料）,,,采购中心,Mad,"1.19"
焦化厂,炼焦配合煤,A2MMJPM,,,"4","2026-07-20 23:19:23",喷吹用煤（原料）,,,采购中心,Mad,"1.76"
焦化厂,炼焦配合煤,A2MMJPM,,,"4","2026-07-20 23:19:23",喷吹用煤（原料）,,,采购中心,St.d,"2.34"
焦化厂,炼焦配合煤,A2MMJPM,,,"4","2026-07-20 23:19:23",喷吹用煤（原料）,,,采购中心,St.d,"0.60"
焦化厂,炼焦配合煤,A2MMJPM,,,"4","2026-07-20 23:19:23",喷吹用煤（原料）,,,采购中心,St.d,"0.72"
焦化厂,炼焦配合煤,A2MMJPM,,,"4","2026-07-20 23:19:23",喷吹用煤（原料）,,,采购中心,Vdaf,"34.10"
焦化厂,炼焦配合煤,A2MMJPM,,,"4","2026-07-20 23:19:23",喷吹用煤（原料）,,,采购中心,Vdaf,"14.74"
焦化厂,炼焦配合煤,A2MMJPM,,,"4","2026-07-20 23:19:23",喷吹用煤（原料）,,,采购中心,Vdaf,"29.49"
焦化厂,炼焦配合煤,A2MMJPM,,,"4","2026-07-20 23:19:23",喷吹用煤（原料）,,,采购中心,水分,"12.9"
焦化厂,炼焦配合煤,A2MMJPM,,,"4","2026-07-20 23:19:23",喷吹用煤（原料）,,,采购中心,水分,"14.7"
焦化厂,炼焦配合煤,A2MMJPM,,,"4","2026-07-20 23:19:23",喷吹用煤（原料）,,,采购中心,水分,"10.3"
四川省煤炭产业集团有限责任公司营销分公司,瘦焦煤|1级|国内,G3MMSJ1,,格里坪,"4","2026-07-20 14:16:52",,,191710.0,采购中心,Ad,"9.44"
四川省煤炭产业集团有限责任公司营销分公司,瘦焦煤|1级|国内,G3MMSJ1,,格里坪,"4","2026-07-20 14:16:52",,,191710.0,采购中心,FCad,"72.67"
四川省煤炭产业集团有限责任公司营销分公司,瘦焦煤|1级|国内,G3MMSJ1,,格里坪,"4","2026-07-20 14:16:52",,,191710.0,采购中心,Mad,"0.94"
四川省煤炭产业集团有限责任公司营销分公司,瘦焦煤|1级|国内,G3MMSJ1,,格里坪,"4","2026-07-20 14:16:52",,,191710.0,采购中心,St.d,"0.59"
四川省煤炭产业集团有限责任公司营销分公司,瘦焦煤|1级|国内,G3MMSJ1,,格里坪,"4","2026-07-20 14:16:52",,,191710.0,采购中心,Vdaf,"19.00"
四川省煤炭产业集团有限责任公司营销分公司,瘦焦煤|1级|国内,G3MMSJ1,,格里坪,"4","2026-07-20 14:16:52",,,191710.0,采购中心,水分,"11.0"
广西柳钢国际贸易有限公司,肥煤|国内,G3MMFF1,,宝丰,"4","2026-07-20 14:16:52",,,426580.0,采购中心,Ad,"10.36"
广西柳钢国际贸易有限公司,肥煤|国内,G3MMFF1,,宝丰,"4","2026-07-20 14:16:52",,,426580.0,采购中心,FCad,"62.29"
广西柳钢国际贸易有限公司,肥煤|国内,G3MMFF1,,宝丰,"4","2026-07-20 14:16:52",,,426580.0,采购中心,Mad,"1.16"
广西柳钢国际贸易有限公司,肥煤|国内,G3MMFF1,,宝丰,"4","2026-07-20 14:16:52",,,426580.0,采购中心,St.d,"2.18"
广西柳钢国际贸易有限公司,肥煤|国内,G3MMFF1,,宝丰,"4","2026-07-20 14:16:52",,,426580.0,采购中心,Vdaf,"29.70"
广西柳钢国际贸易有限公司,肥煤|国内,G3MMFF1,,宝丰,"4","2026-07-20 14:16:52",,,426580.0,采购中心,水分,"12.5"
广西柳钢国际贸易有限公司,肥煤|国内,G3MMFF1,,宝丰,"4","2026-07-20 10:55:28",,,700230.0,采购中心,Ad,"10.31"
广西柳钢国际贸易有限公司,肥煤|国内,G3MMFF1,,宝丰,"4","2026-07-20 10:55:28",,,700230.0,采购中心,FCad,"62.13"
广西柳钢国际贸易有限公司,肥煤|国内,G3MMFF1,,宝丰,"4","2026-07-20 10:55:28",,,700230.0,采购中心,Mad,"1.17"
广西柳钢国际贸易有限公司,肥煤|国内,G3MMFF1,,宝丰,"4","2026-07-20 10:55:28",,,700230.0,采购中心,St.d,"2.30"
广西柳钢国际贸易有限公司,肥煤|国内,G3MMFF1,,宝丰,"4","2026-07-20 10:55:28",,,700230.0,采购中心,Vdaf,"29.91"
广西柳钢国际贸易有限公司,肥煤|国内,G3MMFF1,,宝丰,"4","2026-07-20 10:55:28",,,700230.0,采购中心,水分,"12.4"
广西柳钢国际贸易有限公司,主焦煤|1级|进口|蒙古5#,G3MMZJR,明友,,"4","2026-07-20 10:21:51",,,,采购中心,水分,"12.2"
广西柳钢国际贸易有限公司,主焦煤|1级|进口|蒙古5#,G3MMZJR,明友,防城港,"4","2026-07-20 10:13:45",,,2247320.0,采购中心,水分,"11.5"
广西柳钢国际贸易有限公司,主焦煤|3级|进口|澳洲|Daunia,G3MMZJMH,流星,防城港,"4","2026-07-20 10:12:14",,,1184960.0,采购中心,水分,"11.7"
西部红果煤炭交易有限公司,主焦煤|1级|国内,G3MMZJ1,,柏果,"4","2026-07-20 10:09:38",,,1101100.0,采购中心,Ad,"10.46"
西部红果煤炭交易有限公司,主焦煤|1级|国内,G3MMZJ1,,柏果,"4","2026-07-20 10:09:38",,,1101100.0,采购中心,FCad,"69.92"
西部红果煤炭交易有限公司,主焦煤|1级|国内,G3MMZJ1,,柏果,"4","2026-07-20 10:09:38",,,1101100.0,采购中心,Mad,"1.88"
西部红果煤炭交易有限公司,主焦煤|1级|国内,G3MMZJ1,,柏果,"4","2026-07-20 10:09:38",,,1101100.0,采购中心,St.d,"0.50"
西部红果煤炭交易有限公司,主焦煤|1级|国内,G3MMZJ1,,柏果,"4","2026-07-20 10:09:38",,,1101100.0,采购中心,Vdaf,"20.41"
西部红果煤炭交易有限公司,主焦煤|1级|国内,G3MMZJ1,,柏果,"4","2026-07-20 10:09:38",,,1101100.0,采购中心,水分,"14.9"
贵州盘江精煤股份有限公司,"1/3焦煤|1级|国内",G3MMSY1,,月亮田,"4","2026-07-20 05:27:01",,"5M",785170.0,采购中心,Ad,"10.53"
贵州盘江精煤股份有限公司,"1/3焦煤|1级|国内",G3MMSY1,,月亮田,"4","2026-07-20 05:27:01",,"5M",785170.0,采购中心,FCad,"57.44"
贵州盘江精煤股份有限公司,"1/3焦煤|1级|国内",G3MMSY1,,月亮田,"4","2026-07-20 05:27:01",,"5M",785170.0,采购中心,Mad,"1.28"
贵州盘江精煤股份有限公司,"1/3焦煤|1级|国内",G3MMSY1,,月亮田,"4","2026-07-20 05:27:01",,"5M",785170.0,采购中心,St.d,"0.70"
贵州盘江精煤股份有限公司,"1/3焦煤|1级|国内",G3MMSY1,,月亮田,"4","2026-07-20 05:27:01",,"5M",785170.0,采购中心,Vdaf,"34.96"
贵州盘江精煤股份有限公司,"1/3焦煤|1级|国内",G3MMSY1,,月亮田,"4","2026-07-20 05:27:01",,"5M",785170.0,采购中心,水分,"10.0"
广西柳钢国际贸易有限公司,肥煤|国内,G3MMFF1,,宝丰,"4","2026-07-20 02:56:03",,"1M",643300.0,采购中心,Ad,"10.17"
广西柳钢国际贸易有限公司,肥煤|国内,G3MMFF1,,宝丰,"4","2026-07-20 02:56:03",,"1M",643300.0,采购中心,FCad,"62.56"
广西柳钢国际贸易有限公司,肥煤|国内,G3MMFF1,,宝丰,"4","2026-07-20 02:56:03",,"1M",643300.0,采购中心,Mad,"1.48"
广西柳钢国际贸易有限公司,肥煤|国内,G3MMFF1,,宝丰,"4","2026-07-20 02:56:03",,"1M",643300.0,采购中心,St.d,"2.68"
广西柳钢国际贸易有限公司,肥煤|国内,G3MMFF1,,宝丰,"4","2026-07-20 02:56:03",,"1M",643300.0,采购中心,Vdaf,"29.30"
广西柳钢国际贸易有限公司,肥煤|国内,G3MMFF1,,宝丰,"4","2026-07-20 02:56:03",,"1M",643300.0,采购中心,水分,"14.1"
贵州盘江精煤股份有限公司,"1/3焦煤|1级|国内",G3MMSY1,,月亮田,"4","2026-07-20 02:03:15",,"5M",452840.0,采购中心,Ad,"10.34"
贵州盘江精煤股份有限公司,"1/3焦煤|1级|国内",G3MMSY1,,月亮田,"4","2026-07-20 02:03:15",,"5M",452840.0,采购中心,FCad,"57.18"
贵州盘江精煤股份有限公司,"1/3焦煤|1级|国内",G3MMSY1,,月亮田,"4","2026-07-20 02:03:15",,"5M",452840.0,采购中心,Mad,"1.49"
贵州盘江精煤股份有限公司,"1/3焦煤|1级|国内",G3MMSY1,,月亮田,"4","2026-07-20 02:03:15",,"5M",452840.0,采购中心,St.d,"0.67"
贵州盘江精煤股份有限公司,"1/3焦煤|1级|国内",G3MMSY1,,月亮田,"4","2026-07-20 02:03:15",,"5M",452840.0,采购中心,Vdaf,"35.25"
贵州盘江精煤股份有限公司,"1/3焦煤|1级|国内",G3MMSY1,,月亮田,"4","2026-07-20 02:03:15",,"5M",452840.0,采购中心,水分,"9.8"
贵州盘江精煤股份有限公司,"1/3焦煤|1级|国内",G3MMSY1,,柏果,"4","2026-07-20 02:01:50",,"5M",471440.0,采购中心,Ad,"10.85"
贵州盘江精煤股份有限公司,"1/3焦煤|1级|国内",G3MMSY1,,柏果,"4","2026-07-20 02:01:50",,"5M",471440.0,采购中心,FCad,"63.15"
贵州盘江精煤股份有限公司,"1/3焦煤|1级|国内",G3MMSY1,,柏果,"4","2026-07-20 02:01:50",,"5M",471440.0,采购中心,Mad,"1.53"
贵州盘江精煤股份有限公司,"1/3焦煤|1级|国内",G3MMSY1,,柏果,"4","2026-07-20 02:01:50",,"5M",471440.0,采购中心,St.d,"0.23"
贵州盘江精煤股份有限公司,"1/3焦煤|1级|国内",G3MMSY1,,柏果,"4","2026-07-20 02:01:50",,"5M",471440.0,采购中心,Vdaf,"28.06"
贵州盘江精煤股份有限公司,"1/3焦煤|1级|国内",G3MMSY1,,柏果,"4","2026-07-20 02:01:50",,"5M",471440.0,采购中心,水分,"12.5"
广西柳钢国际贸易有限公司,肥煤|国内,G3MMFF1,,宝丰,"4","2026-07-20 01:17:35",,"1M",639540.0,采购中心,Ad,"10.55"
广西柳钢国际贸易有限公司,肥煤|国内,G3MMFF1,,宝丰,"4","2026-07-20 01:17:35",,"1M",639540.0,采购中心,FCad,"62.32"
广西柳钢国际贸易有限公司,肥煤|国内,G3MMFF1,,宝丰,"4","2026-07-20 01:17:35",,"1M",639540.0,采购中心,Mad,"1.45"
广西柳钢国际贸易有限公司,肥煤|国内,G3MMFF1,,宝丰,"4","2026-07-20 01:17:35",,"1M",639540.0,采购中心,St.d,"2.34"
广西柳钢国际贸易有限公司,肥煤|国内,G3MMFF1,,宝丰,"4","2026-07-20 01:17:35",,"1M",639540.0,采购中心,Vdaf,"29.30"
广西柳钢国际贸易有限公司,肥煤|国内,G3MMFF1,,宝丰,"4","2026-07-20 01:17:35",,"1M",639540.0,采购中心,水分,"12.5"
广西钢铁集团有限公司,主焦煤|1级|国内,G3MMZJ1,鑫泰达,铁山港,"4","2026-07-19 23:19:40",,,3608990.0,采购中心,Ad,"11.12"
广西钢铁集团有限公司,主焦煤|1级|国内,G3MMZJ1,鑫泰达,铁山港,"4","2026-07-19 23:19:40",,,3608990.0,采购中心,FCad,"68.70"
广西钢铁集团有限公司,主焦煤|1级|国内,G3MMZJ1,鑫泰达,铁山港,"4","2026-07-19 23:19:40",,,3608990.0,采购中心,Mad,"1.58"
广西钢铁集团有限公司,主焦煤|1级|国内,G3MMZJ1,鑫泰达,铁山港,"4","2026-07-19 23:19:40",,,3608990.0,采购中心,St.d,"0.95"
广西钢铁集团有限公司,主焦煤|1级|国内,G3MMZJ1,鑫泰达,铁山港,"4","2026-07-19 23:19:40",,,3608990.0,采购中心,Vdaf,"21.47"
广西钢铁集团有限公司,主焦煤|1级|国内,G3MMZJ1,鑫泰达,铁山港,"4","2026-07-19 23:19:40",,,3608990.0,采购中心,水分,"14.7"
贵州盘江精煤股份有限公司,"1/3焦煤|1级|国内",G3MMSY1,,柏果,"4","2026-07-19 22:38:42",,A2,68830.0,采购中心,Ad,"10.86"
贵州盘江精煤股份有限公司,"1/3焦煤|1级|国内",G3MMSY1,,柏果,"4","2026-07-19 22:38:42",,A2,68830.0,采购中心,FCad,"62.37"
贵州盘江精煤股份有限公司,"1/3焦煤|1级|国内",G3MMSY1,,柏果,"4","2026-07-19 22:38:42",,A2,68830.0,采购中心,Mad,"1.62"
贵州盘江精煤股份有限公司,"1/3焦煤|1级|国内",G3MMSY1,,柏果,"4","2026-07-19 22:38:42",,A2,68830.0,采购中心,St.d,"0.24"
贵州盘江精煤股份有限公司,"1/3焦煤|1级|国内",G3MMSY1,,柏果,"4","2026-07-19 22:38:42",,A2,68830.0,采购中心,Vdaf,"28.88"
贵州盘江精煤股份有限公司,"1/3焦煤|1级|国内",G3MMSY1,,柏果,"4","2026-07-19 22:38:42",,A2,68830.0,采购中心,水分,"12.6"
贵州盘南煤炭开发有限责任公司,瘦焦煤|1级|国内,G3MMSJ1,,小雨谷,"4","2026-07-19 22:02:09",,A2,729140.0,采购中心,Ad,"11.37"
贵州盘南煤炭开发有限责任公司,瘦焦煤|1级|国内,G3MMSJ1,,小雨谷,"4","2026-07-19 22:02:09",,A2,729140.0,采购中心,FCad,"72.30"
贵州盘南煤炭开发有限责任公司,瘦焦煤|1级|国内,G3MMSJ1,,小雨谷,"4","2026-07-19 22:02:09",,A2,729140.0,采购中心,Mad,"1.17"
贵州盘南煤炭开发有限责任公司,瘦焦煤|1级|国内,G3MMSJ1,,小雨谷,"4","2026-07-19 22:02:09",,A2,729140.0,采购中心,St.d,"0.85"
贵州盘南煤炭开发有限责任公司,瘦焦煤|1级|国内,G3MMSJ1,,小雨谷,"4","2026-07-19 22:02:09",,A2,729140.0,采购中心,Vdaf,"17.46"
贵州盘南煤炭开发有限责任公司,瘦焦煤|1级|国内,G3MMSJ1,,小雨谷,"4","2026-07-19 22:02:09",,A2,729140.0,采购中心,水分,"15.3"
湖南湘煤精煤有限公司,主焦煤|1级|国内,G3MMZJ1,,三都,"4","2026-07-19 19:44:24",,"1M",302530.0,采购中心,Ad,"10.86"
湖南湘煤精煤有限公司,主焦煤|1级|国内,G3MMZJ1,,三都,"4","2026-07-19 19:44:24",,"1M",302530.0,采购中心,FCad,"64.42"
湖南湘煤精煤有限公司,主焦煤|1级|国内,G3MMZJ1,,三都,"4","2026-07-19 19:44:24",,"1M",302530.0,采购中心,Mad,"1.43"
湖南湘煤精煤有限公司,主焦煤|1级|国内,G3MMZJ1,,三都,"4","2026-07-19 19:44:24",,"1M",302530.0,采购中心,St.d,"0.75"
湖南湘煤精煤有限公司,主焦煤|1级|国内,G3MMZJ1,,三都,"4","2026-07-19 19:44:24",,"1M",302530.0,采购中心,Vdaf,"26.68"
湖南湘煤精煤有限公司,主焦煤|1级|国内,G3MMZJ1,,三都,"4","2026-07-19 19:44:24",,"1M",302530.0,采购中心,水分,"14.0"
山西焦煤能源集团股份有限公司,气煤|2级|国内,G3MMQQB,,瓦塘,"4","2026-07-19 19:44:24",,"1M",344480.0,采购中心,Ad,"10.26"
山西焦煤能源集团股份有限公司,气煤|2级|国内,G3MMQQB,,瓦塘,"4","2026-07-19 19:44:24",,"1M",344480.0,采购中心,FCad,"56.67"
山西焦煤能源集团股份有限公司,气煤|2级|国内,G3MMQQB,,瓦塘,"4","2026-07-19 19:44:24",,"1M",344480.0,采购中心,Mad,"2.76"
山西焦煤能源集团股份有限公司,气煤|2级|国内,G3MMQQB,,瓦塘,"4","2026-07-19 19:44:24",,"1M",344480.0,采购中心,St.d,"0.86"
山西焦煤能源集团股份有限公司,气煤|2级|国内,G3MMQQB,,瓦塘,"4","2026-07-19 19:44:24",,"1M",344480.0,采购中心,Vdaf,"35.06"
山西焦煤能源集团股份有限公司,气煤|2级|国内,G3MMQQB,,瓦塘,"4","2026-07-19 19:44:24",,"1M",344480.0,采购中心,水分,"7.4"
河南天元清洁能源有限公司,贫瘦煤|国内,G3MMPS1,,苏桥,"4","2026-07-19 18:57:59",,A7,822490.0,采购中心,Ad,"10.15"
河南天元清洁能源有限公司,贫瘦煤|国内,G3MMPS1,,苏桥,"4","2026-07-19 18:57:59",,A7,822490.0,采购中心,FCad,"77.01"
河南天元清洁能源有限公司,贫瘦煤|国内,G3MMPS1,,苏桥,"4","2026-07-19 18:57:59",,A7,822490.0,采购中心,Mad,"1.77"
河南天元清洁能源有限公司,贫瘦煤|国内,G3MMPS1,,苏桥,"4","2026-07-19 18:57:59",,A7,822490.0,采购中心,St.d,"0.35"
河南天元清洁能源有限公司,贫瘦煤|国内,G3MMPS1,,苏桥,"4","2026-07-19 18:57:59",,A7,822490.0,采购中心,Vdaf,"12.75"
河南天元清洁能源有限公司,贫瘦煤|国内,G3MMPS1,,苏桥,"4","2026-07-19 18:57:59",,A7,822490.0,采购中心,水分,"18.2"
贵州盘江精煤股份有限公司,炼焦贫瘦煤|国内,G3MMJPS1,,红果,"4","2026-07-19 18:53:33",,"4M",142310.0,采购中心,Ad,"11.33"
贵州盘江精煤股份有限公司,炼焦贫瘦煤|国内,G3MMJPS1,,红果,"4","2026-07-19 18:53:33",,"4M",142310.0,采购中心,FCad,"75.70"
贵州盘江精煤股份有限公司,炼焦贫瘦煤|国内,G3MMJPS1,,红果,"4","2026-07-19 18:53:33",,"4M",142310.0,采购中心,Mad,"1.76"
贵州盘江精煤股份有限公司,炼焦贫瘦煤|国内,G3MMJPS1,,红果,"4","2026-07-19 18:53:33",,"4M",142310.0,采购中心,St.d,"0.81"
贵州盘江精煤股份有限公司,炼焦贫瘦煤|国内,G3MMJPS1,,红果,"4","2026-07-19 18:53:33",,"4M",142310.0,采购中心,Vdaf,"13.10"
贵州盘江精煤股份有限公司,炼焦贫瘦煤|国内,G3MMJPS1,,红果,"4","2026-07-19 18:53:33",,"4M",142310.0,采购中心,水分,"13.5"
贵州盘南煤炭开发有限责任公司,瘦焦煤|1级|国内,G3MMSJ1,,小雨谷,"4","2026-07-19 18:53:33",,"4M",410230.0,采购中心,Ad,"11.61"
贵州盘南煤炭开发有限责任公司,瘦焦煤|1级|国内,G3MMSJ1,,小雨谷,"4","2026-07-19 18:53:33",,"4M",410230.0,采购中心,FCad,"71.98"
贵州盘南煤炭开发有限责任公司,瘦焦煤|1级|国内,G3MMSJ1,,小雨谷,"4","2026-07-19 18:53:33",,"4M",410230.0,采购中心,Mad,"1.47"
贵州盘南煤炭开发有限责任公司,瘦焦煤|1级|国内,G3MMSJ1,,小雨谷,"4","2026-07-19 18:53:33",,"4M",410230.0,采购中心,St.d,"0.85"
贵州盘南煤炭开发有限责任公司,瘦焦煤|1级|国内,G3MMSJ1,,小雨谷,"4","2026-07-19 18:53:33",,"4M",410230.0,采购中心,Vdaf,"17.35"
贵州盘南煤炭开发有限责任公司,瘦焦煤|1级|国内,G3MMSJ1,,小雨谷,"4","2026-07-19 18:53:33",,"4M",410230.0,采购中心,水分,"15.4"
贵州盘江精煤股份有限公司,"1/3焦煤|1级|国内",G3MMSY1,,柏果,"4","2026-07-19 18:23:04",,"5M",834490.0,采购中心,Ad,"11.07"
贵州盘江精煤股份有限公司,"1/3焦煤|1级|国内",G3MMSY1,,柏果,"4","2026-07-19 18:23:04",,"5M",834490.0,采购中心,FCad,"63.26"
贵州盘江精煤股份有限公司,"1/3焦煤|1级|国内",G3MMSY1,,柏果,"4","2026-07-19 18:23:04",,"5M",834490.0,采购中心,Mad,"1.61"
贵州盘江精煤股份有限公司,"1/3焦煤|1级|国内",G3MMSY1,,柏果,"4","2026-07-19 18:23:04",,"5M",834490.0,采购中心,St.d,"0.25"
贵州盘江精煤股份有限公司,"1/3焦煤|1级|国内",G3MMSY1,,柏果,"4","2026-07-19 18:23:04",,"5M",834490.0,采购中心,Vdaf,"27.70"
贵州盘江精煤股份有限公司,"1/3焦煤|1级|国内",G3MMSY1,,柏果,"4","2026-07-19 18:23:04",,"5M",834490.0,采购中心,水分,"13.8"
重庆皓联实业（集团）有限公司,主焦煤|2级|国内,G3MMZJD,,松坎,"4","2026-07-19 17:11:48",,"4M",551460.0,采购中心,Ad,"11.66"
重庆皓联实业（集团）有限公司,主焦煤|2级|国内,G3MMZJD,,松坎,"4","2026-07-19 17:11:48",,"4M",551460.0,采购中心,FCad,"68.53"
重庆皓联实业（集团）有限公司,主焦煤|2级|国内,G3MMZJD,,松坎,"4","2026-07-19 17:11:48",,"4M",551460.0,采购中心,Mad,"1.29"
重庆皓联实业（集团）有限公司,主焦煤|2级|国内,G3MMZJD,,松坎,"4","2026-07-19 17:11:48",,"4M",551460.0,采购中心,St.d,"1.52"
重庆皓联实业（集团）有限公司,主焦煤|2级|国内,G3MMZJD,,松坎,"4","2026-07-19 17:11:48",,"4M",551460.0,采购中心,Vdaf,"21.41"
重庆皓联实业（集团）有限公司,主焦煤|2级|国内,G3MMZJD,,松坎,"4","2026-07-19 17:11:48",,"4M",551460.0,采购中心,水分,"13.5"
广西柳钢国际贸易有限公司,肥煤|国内,G3MMFF1,,宝丰,"4","2026-07-19 16:35:37",,"1M",413100.0,采购中心,Ad,"10.27"
广西柳钢国际贸易有限公司,肥煤|国内,G3MMFF1,,宝丰,"4","2026-07-19 16:35:37",,"1M",413100.0,采购中心,FCad,"62.63"
广西柳钢国际贸易有限公司,肥煤|国内,G3MMFF1,,宝丰,"4","2026-07-19 16:35:37",,"1M",413100.0,采购中心,Mad,"1.54"
广西柳钢国际贸易有限公司,肥煤|国内,G3MMFF1,,宝丰,"4","2026-07-19 16:35:37",,"1M",413100.0,采购中心,St.d,"2.05"
广西柳钢国际贸易有限公司,肥煤|国内,G3MMFF1,,宝丰,"4","2026-07-19 16:35:37",,"1M",413100.0,采购中心,Vdaf,"29.11"
广西柳钢国际贸易有限公司,肥煤|国内,G3MMFF1,,宝丰,"4","2026-07-19 16:35:37",,"1M",413100.0,采购中心,水分,"10.5"
焦化厂,炼焦配合煤,A2MMJPM,,,"4","2026-07-19 16:21:24",喷吹用煤（原料）,,,采购中心,Ad,"10.43"
焦化厂,炼焦配合煤,A2MMJPM,,,"4","2026-07-19 16:21:24",喷吹用煤（原料）,,,采购中心,Ad,"10.46"
焦化厂,炼焦配合煤,A2MMJPM,,,"4","2026-07-19 16:21:24",喷吹用煤（原料）,,,采购中心,FCad,"61.60"
焦化厂,炼焦配合煤,A2MMJPM,,,"4","2026-07-19 16:21:24",喷吹用煤（原料）,,,采购中心,FCad,"75.20"
焦化厂,炼焦配合煤,A2MMJPM,,,"4","2026-07-19 16:21:24",喷吹用煤（原料）,,,采购中心,Mad,"1.50"
焦化厂,炼焦配合煤,A2MMJPM,,,"4","2026-07-19 16:21:24",喷吹用煤（原料）,,,采购中心,Mad,"1.46"
焦化厂,炼焦配合煤,A2MMJPM,,,"4","2026-07-19 16:21:24",喷吹用煤（原料）,,,采购中心,St.d,"0.35"
焦化厂,炼焦配合煤,A2MMJPM,,,"4","2026-07-19 16:21:24",喷吹用煤（原料）,,,采购中心,St.d,"0.74"
焦化厂,炼焦配合煤,A2MMJPM,,,"4","2026-07-19 16:21:24",喷吹用煤（原料）,,,采购中心,Vdaf,"14.74"
焦化厂,炼焦配合煤,A2MMJPM,,,"4","2026-07-19 16:21:24",喷吹用煤（原料）,,,采购中心,Vdaf,"30.20"
焦化厂,炼焦配合煤,A2MMJPM,,,"4","2026-07-19 16:21:24",喷吹用煤（原料）,,,采购中心,水分,"11.2"
焦化厂,炼焦配合煤,A2MMJPM,,,"4","2026-07-19 16:21:24",喷吹用煤（原料）,,,采购中心,水分,"13.3"
焦化厂,炼焦配合煤,A2MMJPM,,,"4","2026-07-19 16:17:27",喷吹用煤（原料）,,,采购中心,Ad,"9.66"
焦化厂,炼焦配合煤,A2MMJPM,,,"4","2026-07-19 16:17:27",喷吹用煤（原料）,,,采购中心,FCad,"60.71"
焦化厂,炼焦配合煤,A2MMJPM,,,"4","2026-07-19 16:17:27",喷吹用煤（原料）,,,采购中心,Mad,"2.02"
焦化厂,炼焦配合煤,A2MMJPM,,,"4","2026-07-19 16:17:27",喷吹用煤（原料）,,,采购中心,St.d,"0.65"
焦化厂,炼焦配合煤,A2MMJPM,,,"4","2026-07-19 16:17:27",喷吹用煤（原料）,,,采购中心,Vdaf,"31.42"
焦化厂,炼焦配合煤,A2MMJPM,,,"4","2026-07-19 16:17:27",喷吹用煤（原料）,,,采购中心,水分,"13.0"
贵州盘南煤炭开发有限责任公司,瘦焦煤|1级|国内,G3MMSJ1,,小雨谷,"4","2026-07-19 14:53:09",,A2,471990.0,采购中心,Ad,"11.63"
贵州盘南煤炭开发有限责任公司,瘦焦煤|1级|国内,G3MMSJ1,,小雨谷,"4","2026-07-19 14:53:09",,A2,471990.0,采购中心,FCad,"71.82"
贵州盘南煤炭开发有限责任公司,瘦焦煤|1级|国内,G3MMSJ1,,小雨谷,"4","2026-07-19 14:53:09",,A2,471990.0,采购中心,Mad,"1.44"
贵州盘南煤炭开发有限责任公司,瘦焦煤|1级|国内,G3MMSJ1,,小雨谷,"4","2026-07-19 14:53:09",,A2,471990.0,采购中心,St.d,"0.87"
贵州盘南煤炭开发有限责任公司,瘦焦煤|1级|国内,G3MMSJ1,,小雨谷,"4","2026-07-19 14:53:09",,A2,471990.0,采购中心,Vdaf,"17.53"
贵州盘南煤炭开发有限责任公司,瘦焦煤|1级|国内,G3MMSJ1,,小雨谷,"4","2026-07-19 14:53:09",,A2,471990.0,采购中心,水分,"15.7"
四川省煤炭产业集团有限责任公司营销分公司,瘦焦煤|1级|国内,G3MMSJ1,,格里坪,"4","2026-07-19 14:49:57",,A2,247590.0,采购中心,Ad,"9.26"
四川省煤炭产业集团有限责任公司营销分公司,瘦焦煤|1级|国内,G3MMSJ1,,格里坪,"4","2026-07-19 14:49:57",,A2,247590.0,采购中心,FCad,"72.75"
四川省煤炭产业集团有限责任公司营销分公司,瘦焦煤|1级|国内,G3MMSJ1,,格里坪,"4","2026-07-19 14:49:57",,A2,247590.0,采购中心,Mad,"1.15"
四川省煤炭产业集团有限责任公司营销分公司,瘦焦煤|1级|国内,G3MMSJ1,,格里坪,"4","2026-07-19 14:49:57",,A2,247590.0,采购中心,St.d,"0.53"
四川省煤炭产业集团有限责任公司营销分公司,瘦焦煤|1级|国内,G3MMSJ1,,格里坪,"4","2026-07-19 14:49:57",,A2,247590.0,采购中心,Vdaf,"18.90"
四川省煤炭产业集团有限责任公司营销分公司,瘦焦煤|1级|国内,G3MMSJ1,,格里坪,"4","2026-07-19 14:49:57",,A2,247590.0,采购中心,水分,"11.9"
广西柳钢国际贸易有限公司,肥煤|国内,G3MMFF1,,宝丰,"4","2026-07-19 13:10:58",,"1M",619220.0,采购中心,Ad,"10.60"
广西柳钢国际贸易有限公司,肥煤|国内,G3MMFF1,,宝丰,"4","2026-07-19 13:10:58",,"1M",619220.0,采购中心,FCad,"62.50"
广西柳钢国际贸易有限公司,肥煤|国内,G3MMFF1,,宝丰,"4","2026-07-19 13:10:58",,"1M",619220.0,采购中心,Mad,"1.41"
广西柳钢国际贸易有限公司,肥煤|国内,G3MMFF1,,宝丰,"4","2026-07-19 13:10:58",,"1M",619220.0,采购中心,St.d,"1.92"
广西柳钢国际贸易有限公司,肥煤|国内,G3MMFF1,,宝丰,"4","2026-07-19 13:10:58",,"1M",619220.0,采购中心,Vdaf,"29.09"
广西柳钢国际贸易有限公司,肥煤|国内,G3MMFF1,,宝丰,"4","2026-07-19 13:10:58",,"1M",619220.0,采购中心,水分,"11.1"
国家能源投资集团有限责任公司煤炭经营分公司,烟煤|国内,G3MMYY1,,大保当,"4","2026-07-19 12:08:23",,料3,,采购中心,Ad,"6.45"
国家能源投资集团有限责任公司煤炭经营分公司,烟煤|国内,G3MMYY1,,大保当,"4","2026-07-19 12:08:23",,料3,,采购中心,Cad,"73.32"
国家能源投资集团有限责任公司煤炭经营分公司,烟煤|国内,G3MMYY1,,大保当,"4","2026-07-19 12:08:23",,料3,,采购中心,FCad,"54.31"
国家能源投资集团有限责任公司煤炭经营分公司,烟煤|国内,G3MMYY1,,大保当,"4","2026-07-19 12:08:23",,料3,,采购中心,Had,"4.55"
国家能源投资集团有限责任公司煤炭经营分公司,烟煤|国内,G3MMYY1,,大保当,"4","2026-07-19 12:08:23",,料3,,采购中心,Mad,"5.54"
国家能源投资集团有限责任公司煤炭经营分公司,烟煤|国内,G3MMYY1,,大保当,"4","2026-07-19 12:08:23",,料3,,采购中心,St.d,"0.51"
国家能源投资集团有限责任公司煤炭经营分公司,烟煤|国内,G3MMYY1,,大保当,"4","2026-07-19 12:08:23",,料3,,采购中心,Vdaf,"38.54"
国家能源投资集团有限责任公司煤炭经营分公司,烟煤|国内,G3MMYY1,,大保当,"4","2026-07-19 12:08:23",,料3,,采购中心,水分,"13.7"
国家能源投资集团有限责任公司煤炭经营分公司,烟煤|国内,G3MMYY1,,大保当,"4","2026-07-19 12:05:53",,料3,597190.0,采购中心,Ad,"6.84"
国家能源投资集团有限责任公司煤炭经营分公司,烟煤|国内,G3MMYY1,,大保当,"4","2026-07-19 12:05:53",,料3,597190.0,采购中心,FCad,"53.97"
国家能源投资集团有限责任公司煤炭经营分公司,烟煤|国内,G3MMYY1,,大保当,"4","2026-07-19 12:05:53",,料3,597190.0,采购中心,Mad,"5.45"
国家能源投资集团有限责任公司煤炭经营分公司,烟煤|国内,G3MMYY1,,大保当,"4","2026-07-19 12:05:53",,料3,597190.0,采购中心,St.d,"0.49"
国家能源投资集团有限责任公司煤炭经营分公司,烟煤|国内,G3MMYY1,,大保当,"4","2026-07-19 12:05:53",,料3,597190.0,采购中心,Vdaf,"38.73"
国家能源投资集团有限责任公司煤炭经营分公司,烟煤|国内,G3MMYY1,,大保当,"4","2026-07-19 12:05:53",,料3,597190.0,采购中心,水分,"13.8"
贵州盘江精煤股份有限公司,"1/3焦煤|1级|国内",G3MMSY1,,柏果,"4","2026-07-19 10:14:34",,"5M",210750.0,采购中心,Ad,"10.72"
贵州盘江精煤股份有限公司,"1/3焦煤|1级|国内",G3MMSY1,,柏果,"4","2026-07-19 10:14:34",,"5M",210750.0,采购中心,FCad,"63.77"
贵州盘江精煤股份有限公司,"1/3焦煤|1级|国内",G3MMSY1,,柏果,"4","2026-07-19 10:14:34",,"5M",210750.0,采购中心,Mad,"1.64"
贵州盘江精煤股份有限公司,"1/3焦煤|1级|国内",G3MMSY1,,柏果,"4","2026-07-19 10:14:34",,"5M",210750.0,采购中心,St.d,"0.23"
贵州盘江精煤股份有限公司,"1/3焦煤|1级|国内",G3MMSY1,,柏果,"4","2026-07-19 10:14:34",,"5M",210750.0,采购中心,Vdaf,"27.38"
贵州盘江精煤股份有限公司,"1/3焦煤|1级|国内",G3MMSY1,,柏果,"4","2026-07-19 10:14:34",,"5M",210750.0,采购中心,水分,"13.2"
贵州盘江精煤股份有限公司,"1/3焦煤|1级|国内",G3MMSY1,,柏果,"4","2026-07-19 10:11:39",,"5M",487870.0,采购中心,Ad,"10.76"
贵州盘江精煤股份有限公司,"1/3焦煤|1级|国内",G3MMSY1,,柏果,"4","2026-07-19 10:11:39",,"5M",487870.0,采购中心,FCad,"62.18"
贵州盘江精煤股份有限公司,"1/3焦煤|1级|国内",G3MMSY1,,柏果,"4","2026-07-19 10:11:39",,"5M",487870.0,采购中心,Mad,"1.52"
贵州盘江精煤股份有限公司,"1/3焦煤|1级|国内",G3MMSY1,,柏果,"4","2026-07-19 10:11:39",,"5M",487870.0,采购中心,St.d,"0.24"
贵州盘江精煤股份有限公司,"1/3焦煤|1级|国内",G3MMSY1,,柏果,"4","2026-07-19 10:11:39",,"5M",487870.0,采购中心,Vdaf,"29.23"
贵州盘江精煤股份有限公司,"1/3焦煤|1级|国内",G3MMSY1,,柏果,"4","2026-07-19 10:11:39",,"5M",487870.0,采购中心,水分,"12.7"
国家能源投资集团有限责任公司煤炭经营分公司,烟煤|国内,G3MMYY1,,大保当,"4","2026-07-19 10:03:00",,A2,993380.0,采购中心,Ad,"6.79"
国家能源投资集团有限责任公司煤炭经营分公司,烟煤|国内,G3MMYY1,,大保当,"4","2026-07-19 10:03:00",,A2,993380.0,采购中心,FCad,"53.47"
国家能源投资集团有限责任公司煤炭经营分公司,烟煤|国内,G3MMYY1,,大保当,"4","2026-07-19 10:03:00",,A2,993380.0,采购中心,Mad,"5.66"
国家能源投资集团有限责任公司煤炭经营分公司,烟煤|国内,G3MMYY1,,大保当,"4","2026-07-19 10:03:00",,A2,993380.0,采购中心,St.d,"0.51"
国家能源投资集团有限责任公司煤炭经营分公司,烟煤|国内,G3MMYY1,,大保当,"4","2026-07-19 10:03:00",,A2,993380.0,采购中心,Vdaf,"39.19"
国家能源投资集团有限责任公司煤炭经营分公司,烟煤|国内,G3MMYY1,,大保当,"4","2026-07-19 10:03:00",,A2,993380.0,采购中心,水分,"13.3"
西部红果煤炭交易有限公司,主焦煤|1级|国内,G3MMZJ1,,柏果,"4","2026-07-19 07:00:07",,"4M",680210.0,采购中心,Ad,"10.35"
西部红果煤炭交易有限公司,主焦煤|1级|国内,G3MMZJ1,,柏果,"4","2026-07-19 07:00:07",,"4M",680210.0,采购中心,FCad,"69.72"
西部红果煤炭交易有限公司,主焦煤|1级|国内,G3MMZJ1,,柏果,"4","2026-07-19 07:00:07",,"4M",680210.0,采购中心,Mad,"2.32"
西部红果煤炭交易有限公司,主焦煤|1级|国内,G3MMZJ1,,柏果,"4","2026-07-19 07:00:07",,"4M",680210.0,采购中心,St.d,"0.41"
西部红果煤炭交易有限公司,主焦煤|1级|国内,G3MMZJ1,,柏果,"4","2026-07-19 07:00:07",,"4M",680210.0,采购中心,Vdaf,"20.38"
西部红果煤炭交易有限公司,主焦煤|1级|国内,G3MMZJ1,,柏果,"4","2026-07-19 07:00:07",,"4M",680210.0,采购中心,水分,"15.8"
广西钢铁集团有限公司,主焦煤|1级|进口|加拿大|瑞峰,G3MMZJC,清水河,云约,"4","2026-07-19 06:19:31",,,977390.0,采购中心,水分,"10.1"
广西钢铁集团有限公司,主焦煤|2级|进口|澳洲|GLV Prime,G3MMZJ8,瑞海,云约,"4","2026-07-19 06:19:31",,,69190.0,采购中心,水分,"9.1"
河南天元清洁能源有限公司,贫瘦煤|国内,G3MMPS1,,苏桥,"4","2026-07-19 06:01:44",,A7,705120.0,采购中心,Ad,"9.79"
河南天元清洁能源有限公司,贫瘦煤|国内,G3MMPS1,,苏桥,"4","2026-07-19 06:01:44",,A7,705120.0,采购中心,FCad,"77.46"
河南天元清洁能源有限公司,贫瘦煤|国内,G3MMPS1,,苏桥,"4","2026-07-19 06:01:44",,A7,705120.0,采购中心,Mad,"2.08"
河南天元清洁能源有限公司,贫瘦煤|国内,G3MMPS1,,苏桥,"4","2026-07-19 06:01:44",,A7,705120.0,采购中心,St.d,"0.35"
河南天元清洁能源有限公司,贫瘦煤|国内,G3MMPS1,,苏桥,"4","2026-07-19 06:01:44",,A7,705120.0,采购中心,Vdaf,"12.31"
河南天元清洁能源有限公司,贫瘦煤|国内,G3MMPS1,,苏桥,"4","2026-07-19 06:01:44",,A7,705120.0,采购中心,水分,"16.4"
河南天元清洁能源有限公司,贫瘦煤|国内,G3MMPS1,,苏桥,"4","2026-07-19 05:45:48",,A7,705120.0,采购中心,Ad,"10.20"
河南天元清洁能源有限公司,贫瘦煤|国内,G3MMPS1,,苏桥,"4","2026-07-19 05:45:48",,A7,705120.0,采购中心,FCad,"77.08"
河南天元清洁能源有限公司,贫瘦煤|国内,G3MMPS1,,苏桥,"4","2026-07-19 05:45:48",,A7,705120.0,采购中心,Mad,"1.82"
河南天元清洁能源有限公司,贫瘦煤|国内,G3MMPS1,,苏桥,"4","2026-07-19 05:45:48",,A7,705120.0,采购中心,St.d,"0.36"
河南天元清洁能源有限公司,贫瘦煤|国内,G3MMPS1,,苏桥,"4","2026-07-19 05:45:48",,A7,705120.0,采购中心,Vdaf,"12.58"
河南天元清洁能源有限公司,贫瘦煤|国内,G3MMPS1,,苏桥,"4","2026-07-19 05:45:48",,A7,705120.0,采购中心,水分,"15.9"
国家能源投资集团有限责任公司煤炭经营分公司,烟煤|国内,G3MMYY1,,大保当,"4","2026-07-19 05:33:41",,料3,401840.0,采购中心,Ad,"6.83"
国家能源投资集团有限责任公司煤炭经营分公司,烟煤|国内,G3MMYY1,,大保当,"4","2026-07-19 05:33:41",,料3,401840.0,采购中心,FCad,"54.21"
国家能源投资集团有限责任公司煤炭经营分公司,烟煤|国内,G3MMYY1,,大保当,"4","2026-07-19 05:33:41",,料3,401840.0,采购中心,Mad,"5.18"
国家能源投资集团有限责任公司煤炭经营分公司,烟煤|国内,G3MMYY1,,大保当,"4","2026-07-19 05:33:41",,料3,401840.0,采购中心,St.d,"0.49"
国家能源投资集团有限责任公司煤炭经营分公司,烟煤|国内,G3MMYY1,,大保当,"4","2026-07-19 05:33:41",,料3,401840.0,采购中心,Vdaf,"38.63"
国家能源投资集团有限责任公司煤炭经营分公司,烟煤|国内,G3MMYY1,,大保当,"4","2026-07-19 05:33:41",,料3,401840.0,采购中心,水分,"13.2"
国家能源投资集团有限责任公司煤炭经营分公司,烟煤|国内,G3MMYY1,,大保当,"4","2026-07-19 05:30:30",,料3,401840.0,采购中心,Ad,"7.24"
国家能源投资集团有限责任公司煤炭经营分公司,烟煤|国内,G3MMYY1,,大保当,"4","2026-07-19 05:30:30",,料3,401840.0,采购中心,FCad,"53.81"
国家能源投资集团有限责任公司煤炭经营分公司,烟煤|国内,G3MMYY1,,大保当,"4","2026-07-19 05:30:30",,料3,401840.0,采购中心,Mad,"5.27"
国家能源投资集团有限责任公司煤炭经营分公司,烟煤|国内,G3MMYY1,,大保当,"4","2026-07-19 05:30:30",,料3,401840.0,采购中心,St.d,"0.48"
国家能源投资集团有限责任公司煤炭经营分公司,烟煤|国内,G3MMYY1,,大保当,"4","2026-07-19 05:30:30",,料3,401840.0,采购中心,Vdaf,"38.76"
国家能源投资集团有限责任公司煤炭经营分公司,烟煤|国内,G3MMYY1,,大保当,"4","2026-07-19 05:30:30",,料3,401840.0,采购中心,水分,"13.1"
贵州盘江精煤股份有限公司,"1/3焦煤|1级|国内",G3MMSY1,,柏果,"4","2026-07-19 04:56:43",,,555540.0,采购中心,Ad,"10.81"
贵州盘江精煤股份有限公司,"1/3焦煤|1级|国内",G3MMSY1,,柏果,"4","2026-07-19 04:56:43",,,555540.0,采购中心,FCad,"63.65"
贵州盘江精煤股份有限公司,"1/3焦煤|1级|国内",G3MMSY1,,柏果,"4","2026-07-19 04:56:43",,,555540.0,采购中心,Mad,"1.28"
贵州盘江精煤股份有限公司,"1/3焦煤|1级|国内",G3MMSY1,,柏果,"4","2026-07-19 04:56:43",,,555540.0,采购中心,St.d,"0.24"
贵州盘江精煤股份有限公司,"1/3焦煤|1级|国内",G3MMSY1,,柏果,"4","2026-07-19 04:56:43",,,555540.0,采购中心,Vdaf,"27.71"
贵州盘江精煤股份有限公司,"1/3焦煤|1级|国内",G3MMSY1,,柏果,"4","2026-07-19 04:56:43",,,555540.0,采购中心,水分,"12.9"
湖南湘煤精煤有限公司,主焦煤|1级|国内,G3MMZJ1,,三都,"4","2026-07-19 04:09:21",,"1M",664620.0,采购中心,Ad,"10.49"
湖南湘煤精煤有限公司,主焦煤|1级|国内,G3MMZJ1,,三都,"4","2026-07-19 04:09:21",,"1M",664620.0,采购中心,FCad,"64.31"
湖南湘煤精煤有限公司,主焦煤|1级|国内,G3MMZJ1,,三都,"4","2026-07-19 04:09:21",,"1M",664620.0,采购中心,Mad,"1.57"
湖南湘煤精煤有限公司,主焦煤|1级|国内,G3MMZJ1,,三都,"4","2026-07-19 04:09:21",,"1M",664620.0,采购中心,St.d,"0.65"
湖南湘煤精煤有限公司,主焦煤|1级|国内,G3MMZJ1,,三都,"4","2026-07-19 04:09:21",,"1M",664620.0,采购中心,Vdaf,"27.00"
湖南湘煤精煤有限公司,主焦煤|1级|国内,G3MMZJ1,,三都,"4","2026-07-19 04:09:21",,"1M",664620.0,采购中心,水分,"13.7"
贵州盘江精煤股份有限公司,"1/3焦煤|1级|国内",G3MMSY1,,火铺,"4","2026-07-19 02:12:44",,,141390.0,采购中心,Ad,"10.94"
贵州盘江精煤股份有限公司,"1/3焦煤|1级|国内",G3MMSY1,,火铺,"4","2026-07-19 02:12:44",,,141390.0,采购中心,FCad,"61.80"
贵州盘江精煤股份有限公司,"1/3焦煤|1级|国内",G3MMSY1,,火铺,"4","2026-07-19 02:12:44",,,141390.0,采购中心,Mad,"1.80"
贵州盘江精煤股份有限公司,"1/3焦煤|1级|国内",G3MMSY1,,火铺,"4","2026-07-19 02:12:44",,,141390.0,采购中心,St.d,"0.45"
贵州盘江精煤股份有限公司,"1/3焦煤|1级|国内",G3MMSY1,,火铺,"4","2026-07-19 02:12:44",,,141390.0,采购中心,Vdaf,"29.34"
贵州盘江精煤股份有限公司,"1/3焦煤|1级|国内",G3MMSY1,,火铺,"4","2026-07-19 02:12:44",,,141390.0,采购中心,水分,"14.0"
贵州盘江精煤股份有限公司,炼焦贫瘦煤|国内,G3MMJPS1,,红果,"4","2026-07-19 00:32:11",,,694720.0,采购中心,Ad,"11.42"
贵州盘江精煤股份有限公司,炼焦贫瘦煤|国内,G3MMJPS1,,红果,"4","2026-07-19 00:32:11",,,694720.0,采购中心,FCad,"75.41"
贵州盘江精煤股份有限公司,炼焦贫瘦煤|国内,G3MMJPS1,,红果,"4","2026-07-19 00:32:11",,,694720.0,采购中心,Mad,"1.42"
贵州盘江精煤股份有限公司,炼焦贫瘦煤|国内,G3MMJPS1,,红果,"4","2026-07-19 00:32:11",,,694720.0,采购中心,St.d,"0.77"
贵州盘江精煤股份有限公司,炼焦贫瘦煤|国内,G3MMJPS1,,红果,"4","2026-07-19 00:32:11",,,694720.0,采购中心,Vdaf,"13.64"
贵州盘江精煤股份有限公司,炼焦贫瘦煤|国内,G3MMJPS1,,红果,"4","2026-07-19 00:32:11",,,694720.0,采购中心,水分,"12.2"
四川省煤炭产业集团有限责任公司营销分公司,"1/3焦煤|3级|国内",G3MMSY5,,河市坝,"4","2026-07-18 22:56:25",,A2,646900.0,采购中心,Ad,"9.73"
四川省煤炭产业集团有限责任公司营销分公司,"1/3焦煤|3级|国内",G3MMSY5,,河市坝,"4","2026-07-18 22:56:25",,A2,646900.0,采购中心,FCad,"60.40"
四川省煤炭产业集团有限责任公司营销分公司,"1/3焦煤|3级|国内",G3MMSY5,,河市坝,"4","2026-07-18 22:56:25",,A2,646900.0,采购中心,Mad,"1.99"
四川省煤炭产业集团有限责任公司营销分公司,"1/3焦煤|3级|国内",G3MMSY5,,河市坝,"4","2026-07-18 22:56:25",,A2,646900.0,采购中心,St.d,"0.64"
四川省煤炭产业集团有限责任公司营销分公司,"1/3焦煤|3级|国内",G3MMSY5,,河市坝,"4","2026-07-18 22:56:25",,A2,646900.0,采购中心,Vdaf,"31.73"
四川省煤炭产业集团有限责任公司营销分公司,"1/3焦煤|3级|国内",G3MMSY5,,河市坝,"4","2026-07-18 22:56:25",,A2,646900.0,采购中心,水分,"12.5"
河南天元清洁能源有限公司,贫瘦煤|国内,G3MMPS1,,苏桥,"4","2026-07-18 21:37:02",,A7,651440.0,采购中心,Ad,"9.83"
河南天元清洁能源有限公司,贫瘦煤|国内,G3MMPS1,,苏桥,"4","2026-07-18 21:37:02",,A7,651440.0,采购中心,FCad,"77.39"
河南天元清洁能源有限公司,贫瘦煤|国内,G3MMPS1,,苏桥,"4","2026-07-18 21:37:02",,A7,651440.0,采购中心,Mad,"2.06"
河南天元清洁能源有限公司,贫瘦煤|国内,G3MMPS1,,苏桥,"4","2026-07-18 21:37:02",,A7,651440.0,采购中心,St.d,"0.35"
河南天元清洁能源有限公司,贫瘦煤|国内,G3MMPS1,,苏桥,"4","2026-07-18 21:37:02",,A7,651440.0,采购中心,Vdaf,"12.36"
河南天元清洁能源有限公司,贫瘦煤|国内,G3MMPS1,,苏桥,"4","2026-07-18 21:37:02",,A7,651440.0,采购中心,水分,"15.5"
国家能源投资集团有限责任公司煤炭经营分公司,烟煤|国内,G3MMYY1,,大保当,"4","2026-07-18 20:54:24",,,1242040.0,采购中心,Ad,"6.06"
国家能源投资集团有限责任公司煤炭经营分公司,烟煤|国内,G3MMYY1,,大保当,"4","2026-07-18 20:54:24",,,1242040.0,采购中心,FCad,"54.72"
国家能源投资集团有限责任公司煤炭经营分公司,烟煤|国内,G3MMYY1,,大保当,"4","2026-07-18 20:54:24",,,1242040.0,采购中心,Mad,"5.02"
国家能源投资集团有限责任公司煤炭经营分公司,烟煤|国内,G3MMYY1,,大保当,"4","2026-07-18 20:54:24",,,1242040.0,采购中心,St.d,"0.52"
国家能源投资集团有限责任公司煤炭经营分公司,烟煤|国内,G3MMYY1,,大保当,"4","2026-07-18 20:54:24",,,1242040.0,采购中心,Vdaf,"38.66"
国家能源投资集团有限责任公司煤炭经营分公司,烟煤|国内,G3MMYY1,,大保当,"4","2026-07-18 20:54:24",,,1242040.0,采购中心,水分,"13.0"
贵州盘江精煤股份有限公司,炼焦贫瘦煤|国内,G3MMJPS1,,红果,"4","2026-07-18 20:35:34",,"1M",632900.0,采购中心,Ad,"11.48"
贵州盘江精煤股份有限公司,炼焦贫瘦煤|国内,G3MMJPS1,,红果,"4","2026-07-18 20:35:34",,"1M",632900.0,采购中心,FCad,"75.49"
贵州盘江精煤股份有限公司,炼焦贫瘦煤|国内,G3MMJPS1,,红果,"4","2026-07-18 20:35:34",,"1M",632900.0,采购中心,Mad,"1.48"
贵州盘江精煤股份有限公司,炼焦贫瘦煤|国内,G3MMJPS1,,红果,"4","2026-07-18 20:35:34",,"1M",632900.0,采购中心,St.d,"0.73"
贵州盘江精煤股份有限公司,炼焦贫瘦煤|国内,G3MMJPS1,,红果,"4","2026-07-18 20:35:34",,"1M",632900.0,采购中心,Vdaf,"13.44"
贵州盘江精煤股份有限公司,炼焦贫瘦煤|国内,G3MMJPS1,,红果,"4","2026-07-18 20:35:34",,"1M",632900.0,采购中心,水分,"11.9"
西部红果煤炭交易有限公司,主焦煤|1级|国内,G3MMZJ1,,柏果,"4","2026-07-18 18:49:12",,"4M",1082520.0,采购中心,Ad,"10.61"
西部红果煤炭交易有限公司,主焦煤|1级|国内,G3MMZJ1,,柏果,"4","2026-07-18 18:49:12",,"4M",1082520.0,采购中心,FCad,"69.96"
西部红果煤炭交易有限公司,主焦煤|1级|国内,G3MMZJ1,,柏果,"4","2026-07-18 18:49:12",,"4M",1082520.0,采购中心,Mad,"2.24"
西部红果煤炭交易有限公司,主焦煤|1级|国内,G3MMZJ1,,柏果,"4","2026-07-18 18:49:12",,"4M",1082520.0,采购中心,St.d,"0.42"
西部红果煤炭交易有限公司,主焦煤|1级|国内,G3MMZJ1,,柏果,"4","2026-07-18 18:49:12",,"4M",1082520.0,采购中心,Vdaf,"19.94"
西部红果煤炭交易有限公司,主焦煤|1级|国内,G3MMZJ1,,柏果,"4","2026-07-18 18:49:12",,"4M",1082520.0,采购中心,水分,"15.5"
广西柳钢国际贸易有限公司,主焦煤|1级|进口|蒙古5#,G3MMZJR,明友,防城港,"4","2026-07-18 18:41:30",,"5M",3349390.0,采购中心,Ad,"10.66"
广西柳钢国际贸易有限公司,主焦煤|1级|进口|蒙古5#,G3MMZJR,明友,防城港,"4","2026-07-18 18:41:30",,"5M",3349390.0,采购中心,FCad,"66.42"
广西柳钢国际贸易有限公司,主焦煤|1级|进口|蒙古5#,G3MMZJR,明友,防城港,"4","2026-07-18 18:41:30",,"5M",3349390.0,采购中心,Mad,"1.74"
广西柳钢国际贸易有限公司,主焦煤|1级|进口|蒙古5#,G3MMZJR,明友,防城港,"4","2026-07-18 18:41:30",,"5M",3349390.0,采购中心,St.d,"0.51"
广西柳钢国际贸易有限公司,主焦煤|1级|进口|蒙古5#,G3MMZJR,明友,防城港,"4","2026-07-18 18:41:30",,"5M",3349390.0,采购中心,Vdaf,"24.34"
广西柳钢国际贸易有限公司,主焦煤|1级|进口|蒙古5#,G3MMZJR,明友,防城港,"4","2026-07-18 18:41:30",,"5M",3349390.0,采购中心,水分,"13.7"
湖南湘煤精煤有限公司,主焦煤|1级|国内,G3MMZJ1,,三都,"4","2026-07-18 16:55:23",,"1M",423150.0,采购中心,Ad,"10.75"
湖南湘煤精煤有限公司,主焦煤|1级|国内,G3MMZJ1,,三都,"4","2026-07-18 16:55:23",,"1M",423150.0,采购中心,FCad,"64.64"
湖南湘煤精煤有限公司,主焦煤|1级|国内,G3MMZJ1,,三都,"4","2026-07-18 16:55:23",,"1M",423150.0,采购中心,Mad,"1.45"
湖南湘煤精煤有限公司,主焦煤|1级|国内,G3MMZJ1,,三都,"4","2026-07-18 16:55:23",,"1M",423150.0,采购中心,St.d,"0.73"
湖南湘煤精煤有限公司,主焦煤|1级|国内,G3MMZJ1,,三都,"4","2026-07-18 16:55:23",,"1M",423150.0,采购中心,Vdaf,"26.51"
湖南湘煤精煤有限公司,主焦煤|1级|国内,G3MMZJ1,,三都,"4","2026-07-18 16:55:23",,"1M",423150.0,采购中心,水分,"14.8"
焦化厂,炼焦配合煤,A2MMJPM,,,"4","2026-07-18 16:08:21",喷吹用煤（原料）,,,采购中心,Ad,"9.46"
焦化厂,炼焦配合煤,A2MMJPM,,,"4","2026-07-18 16:08:21",喷吹用煤（原料）,,,采购中心,Ad,"10.91"
焦化厂,炼焦配合煤,A2MMJPM,,,"4","2026-07-18 16:08:21",喷吹用煤（原料）,,,采购中心,Ad,"9.75"
焦化厂,炼焦配合煤,A2MMJPM,,,"4","2026-07-18 16:08:21",喷吹用煤（原料）,,,采购中心,FCad,"65.04"
焦化厂,炼焦配合煤,A2MMJPM,,,"4","2026-07-18 16:08:21",喷吹用煤（原料）,,,采购中心,FCad,"61.45"
焦化厂,炼焦配合煤,A2MMJPM,,,"4","2026-07-18 16:08:21",喷吹用煤（原料）,,,采购中心,FCad,"62.47"
焦化厂,炼焦配合煤,A2MMJPM,,,"4","2026-07-18 16:08:21",喷吹用煤（原料）,,,采购中心,Mad,"1.78"
焦化厂,炼焦配合煤,A2MMJPM,,,"4","2026-07-18 16:08:21",喷吹用煤（原料）,,,采购中心,Mad,"1.91"
焦化厂,炼焦配合煤,A2MMJPM,,,"4","2026-07-18 16:08:21",喷吹用煤（原料）,,,采购中心,Mad,"1.91"
焦化厂,炼焦配合煤,A2MMJPM,,,"4","2026-07-18 16:08:21",喷吹用煤（原料）,,,采购中心,St.d,"0.56"
焦化厂,炼焦配合煤,A2MMJPM,,,"4","2026-07-18 16:08:21",喷吹用煤（原料）,,,采购中心,St.d,"0.82"
焦化厂,炼焦配合煤,A2MMJPM,,,"4","2026-07-18 16:08:21",喷吹用煤（原料）,,,采购中心,St.d,"0.39"
焦化厂,炼焦配合煤,A2MMJPM,,,"4","2026-07-18 16:08:21",喷吹用煤（原料）,,,采购中心,Vdaf,"25.57"
焦化厂,炼焦配合煤,A2MMJPM,,,"4","2026-07-18 16:08:21",喷吹用煤（原料）,,,采购中心,Vdaf,"30.67"
焦化厂,炼焦配合煤,A2MMJPM,,,"4","2026-07-18 16:08:21",喷吹用煤（原料）,,,采购中心,Vdaf,"29.66"
焦化厂,炼焦配合煤,A2MMJPM,,,"4","2026-07-18 16:08:21",喷吹用煤（原料）,,,采购中心,水分,"17.4"
焦化厂,炼焦配合煤,A2MMJPM,,,"4","2026-07-18 16:08:21",喷吹用煤（原料）,,,采购中心,水分,"11.6"
焦化厂,炼焦配合煤,A2MMJPM,,,"4","2026-07-18 16:08:21",喷吹用煤（原料）,,,采购中心,水分,"9.3"
河南天元清洁能源有限公司,贫瘦煤|国内,G3MMPS1,,苏桥,"4","2026-07-18 13:32:17",,,1497530.0,采购中心,Ad,"9.64"
河南天元清洁能源有限公司,贫瘦煤|国内,G3MMPS1,,苏桥,"4","2026-07-18 13:32:17",,,1497530.0,采购中心,FCad,"77.44"
河南天元清洁能源有限公司,贫瘦煤|国内,G3MMPS1,,苏桥,"4","2026-07-18 13:32:17",,,1497530.0,采购中心,Mad,"1.89"
河南天元清洁能源有限公司,贫瘦煤|国内,G3MMPS1,,苏桥,"4","2026-07-18 13:32:17",,,1497530.0,采购中心,St.d,"0.36"
河南天元清洁能源有限公司,贫瘦煤|国内,G3MMPS1,,苏桥,"4","2026-07-18 13:32:17",,,1497530.0,采购中心,Vdaf,"12.64"
河南天元清洁能源有限公司,贫瘦煤|国内,G3MMPS1,,苏桥,"4","2026-07-18 13:32:17",,,1497530.0,采购中心,水分,"15.8"
湖南湘煤精煤有限公司,主焦煤|1级|国内,G3MMZJ1,,三都,"4","2026-07-18 11:12:08",,"1M",194840.0,采购中心,Ad,"10.75"
湖南湘煤精煤有限公司,主焦煤|1级|国内,G3MMZJ1,,三都,"4","2026-07-18 11:12:08",,"1M",194840.0,采购中心,FCad,"64.63"
湖南湘煤精煤有限公司,主焦煤|1级|国内,G3MMZJ1,,三都,"4","2026-07-18 11:12:08",,"1M",194840.0,采购中心,Mad,"1.28"
湖南湘煤精煤有限公司,主焦煤|1级|国内,G3MMZJ1,,三都,"4","2026-07-18 11:12:08",,"1M",194840.0,采购中心,St.d,"0.74"
湖南湘煤精煤有限公司,主焦煤|1级|国内,G3MMZJ1,,三都,"4","2026-07-18 11:12:08",,"1M",194840.0,采购中心,Vdaf,"26.65"
湖南湘煤精煤有限公司,主焦煤|1级|国内,G3MMZJ1,,三都,"4","2026-07-18 11:12:08",,"1M",194840.0,采购中心,水分,"13.9"
重庆百丰实业有限公司,主焦煤|2级|国内,G3MMZJD,,松坎,"4","2026-07-18 11:05:24",,,954190.0,采购中心,Ad,"11.53"
重庆百丰实业有限公司,主焦煤|2级|国内,G3MMZJD,,松坎,"4","2026-07-18 11:05:24",,,954190.0,采购中心,FCad,"68.71"
重庆百丰实业有限公司,主焦煤|2级|国内,G3MMZJD,,松坎,"4","2026-07-18 11:05:24",,,954190.0,采购中心,Mad,"1.17"
重庆百丰实业有限公司,主焦煤|2级|国内,G3MMZJD,,松坎,"4","2026-07-18 11:05:24",,,954190.0,采购中心,St.d,"1.56"
重庆百丰实业有限公司,主焦煤|2级|国内,G3MMZJD,,松坎,"4","2026-07-18 11:05:24",,,954190.0,采购中心,Vdaf,"21.40"
重庆百丰实业有限公司,主焦煤|2级|国内,G3MMZJD,,松坎,"4","2026-07-18 11:05:24",,,954190.0,采购中心,水分,"15.2"
贵州盘江精煤股份有限公司,"1/3焦煤|1级|国内",G3MMSY1,,月亮田,"4","2026-07-18 11:01:53",,"1M",59530.0,采购中心,Ad,"11.54"
贵州盘江精煤股份有限公司,"1/3焦煤|1级|国内",G3MMSY1,,月亮田,"4","2026-07-18 11:01:53",,"1M",59530.0,采购中心,FCad,"58.37"
贵州盘江精煤股份有限公司,"1/3焦煤|1级|国内",G3MMSY1,,月亮田,"4","2026-07-18 11:01:53",,"1M",59530.0,采购中心,Mad,"1.40"
贵州盘江精煤股份有限公司,"1/3焦煤|1级|国内",G3MMSY1,,月亮田,"4","2026-07-18 11:01:53",,"1M",59530.0,采购中心,St.d,"0.55"
贵州盘江精煤股份有限公司,"1/3焦煤|1级|国内",G3MMSY1,,月亮田,"4","2026-07-18 11:01:53",,"1M",59530.0,采购中心,Vdaf,"33.08"
贵州盘江精煤股份有限公司,"1/3焦煤|1级|国内",G3MMSY1,,月亮田,"4","2026-07-18 11:01:53",,"1M",59530.0,采购中心,水分,"11.3"
贵州松河煤业发展有限责任公司,主焦煤|1级|国内,G3MMZJ1,,松河,"4","2026-07-18 06:14:54",,,634790.0,采购中心,Ad,"10.68"
贵州松河煤业发展有限责任公司,主焦煤|1级|国内,G3MMZJ1,,松河,"4","2026-07-18 06:14:54",,,634790.0,采购中心,FCad,"68.11"
贵州松河煤业发展有限责任公司,主焦煤|1级|国内,G3MMZJ1,,松河,"4","2026-07-18 06:14:54",,,634790.0,采购中心,Mad,"1.45"
贵州松河煤业发展有限责任公司,主焦煤|1级|国内,G3MMZJ1,,松河,"4","2026-07-18 06:14:54",,,634790.0,采购中心,St.d,"0.27"
贵州松河煤业发展有限责任公司,主焦煤|1级|国内,G3MMZJ1,,松河,"4","2026-07-18 06:14:54",,,634790.0,采购中心,Vdaf,"22.62"
贵州松河煤业发展有限责任公司,主焦煤|1级|国内,G3MMZJ1,,松河,"4","2026-07-18 06:14:54",,,634790.0,采购中心,水分,"15.1"
重庆皓联实业（集团）有限公司,主焦煤|2级|国内,G3MMZJD,,松坎,"4","2026-07-18 05:10:39",,"4M",373460.0,采购中心,Ad,"11.91"
重庆皓联实业（集团）有限公司,主焦煤|2级|国内,G3MMZJD,,松坎,"4","2026-07-18 05:10:39",,"4M",373460.0,采购中心,FCad,"68.55"
重庆皓联实业（集团）有限公司,主焦煤|2级|国内,G3MMZJD,,松坎,"4","2026-07-18 05:10:39",,"4M",373460.0,采购中心,Mad,"1.01"
重庆皓联实业（集团）有限公司,主焦煤|2级|国内,G3MMZJD,,松坎,"4","2026-07-18 05:10:39",,"4M",373460.0,采购中心,St.d,"1.62"
重庆皓联实业（集团）有限公司,主焦煤|2级|国内,G3MMZJD,,松坎,"4","2026-07-18 05:10:39",,"4M",373460.0,采购中心,Vdaf,"21.39"
重庆皓联实业（集团）有限公司,主焦煤|2级|国内,G3MMZJD,,松坎,"4","2026-07-18 05:10:39",,"4M",373460.0,采购中心,水分,"17.0"
重庆皓联实业（集团）有限公司,主焦煤|2级|国内,G3MMZJD,,松坎,"4","2026-07-18 05:09:02",,"4M",282930.0,采购中心,Ad,"11.78"
重庆皓联实业（集团）有限公司,主焦煤|2级|国内,G3MMZJD,,松坎,"4","2026-07-18 05:09:02",,"4M",282930.0,采购中心,FCad,"68.52"
重庆皓联实业（集团）有限公司,主焦煤|2级|国内,G3MMZJD,,松坎,"4","2026-07-18 05:09:02",,"4M",282930.0,采购中心,Mad,"1.01"
重庆皓联实业（集团）有限公司,主焦煤|2级|国内,G3MMZJD,,松坎,"4","2026-07-18 05:09:02",,"4M",282930.0,采购中心,St.d,"1.54"
重庆皓联实业（集团）有限公司,主焦煤|2级|国内,G3MMZJD,,松坎,"4","2026-07-18 05:09:02",,"4M",282930.0,采购中心,Vdaf,"21.54"
重庆皓联实业（集团）有限公司,主焦煤|2级|国内,G3MMZJD,,松坎,"4","2026-07-18 05:09:02",,"4M",282930.0,采购中心,水分,"15.6"
河南天元清洁能源有限公司,贫瘦煤|国内,G3MMPS1,,苏桥,"4","2026-07-18 04:46:30",,,1497530.0,采购中心,Ad,"9.61"
河南天元清洁能源有限公司,贫瘦煤|国内,G3MMPS1,,苏桥,"4","2026-07-18 04:46:30",,,1497530.0,采购中心,FCad,"77.81"
河南天元清洁能源有限公司,贫瘦煤|国内,G3MMPS1,,苏桥,"4","2026-07-18 04:46:30",,,1497530.0,采购中心,Mad,"1.68"
河南天元清洁能源有限公司,贫瘦煤|国内,G3MMPS1,,苏桥,"4","2026-07-18 04:46:30",,,1497530.0,采购中心,St.d,"0.36"
河南天元清洁能源有限公司,贫瘦煤|国内,G3MMPS1,,苏桥,"4","2026-07-18 04:46:30",,,1497530.0,采购中心,Vdaf,"12.44"
河南天元清洁能源有限公司,贫瘦煤|国内,G3MMPS1,,苏桥,"4","2026-07-18 04:46:30",,,1497530.0,采购中心,水分,"15.5"
西部红果煤炭交易有限公司,主焦煤|1级|国内,G3MMZJ1,,柏果,"4","2026-07-18 02:24:57",,"1M",193560.0,采购中心,Ad,"10.99"
西部红果煤炭交易有限公司,主焦煤|1级|国内,G3MMZJ1,,柏果,"4","2026-07-18 02:24:57",,"1M",193560.0,采购中心,FCad,"69.51"
西部红果煤炭交易有限公司,主焦煤|1级|国内,G3MMZJ1,,柏果,"4","2026-07-18 02:24:57",,"1M",193560.0,采购中心,Mad,"2.09"
西部红果煤炭交易有限公司,主焦煤|1级|国内,G3MMZJ1,,柏果,"4","2026-07-18 02:24:57",,"1M",193560.0,采购中心,St.d,"0.52"
西部红果煤炭交易有限公司,主焦煤|1级|国内,G3MMZJ1,,柏果,"4","2026-07-18 02:24:57",,"1M",193560.0,采购中心,Vdaf,"20.24"
西部红果煤炭交易有限公司,主焦煤|1级|国内,G3MMZJ1,,柏果,"4","2026-07-18 02:24:57",,"1M",193560.0,采购中心,水分,"13.7"
贵州松河煤业发展有限责任公司,主焦煤|1级|国内,G3MMZJ1,,松河,"4","2026-07-18 02:22:31",,"1M",548880.0,采购中心,Ad,"10.80"
贵州松河煤业发展有限责任公司,主焦煤|1级|国内,G3MMZJ1,,松河,"4","2026-07-18 02:22:31",,"1M",548880.0,采购中心,FCad,"68.22"
贵州松河煤业发展有限责任公司,主焦煤|1级|国内,G3MMZJ1,,松河,"4","2026-07-18 02:22:31",,"1M",548880.0,采购中心,Mad,"1.04"
贵州松河煤业发展有限责任公司,主焦煤|1级|国内,G3MMZJ1,,松河,"4","2026-07-18 02:22:31",,"1M",548880.0,采购中心,St.d,"0.30"
贵州松河煤业发展有限责任公司,主焦煤|1级|国内,G3MMZJ1,,松河,"4","2026-07-18 02:22:31",,"1M",548880.0,采购中心,Vdaf,"22.71"
贵州松河煤业发展有限责任公司,主焦煤|1级|国内,G3MMZJ1,,松河,"4","2026-07-18 02:22:31",,"1M",548880.0,采购中心,水分,"14.2"
贵州盘江精煤股份有限公司,"1/3焦煤|1级|国内",G3MMSY1,,月亮田,"4","2026-07-17 23:01:30",,"5M",809010.0,采购中心,Ad,"10.88"
贵州盘江精煤股份有限公司,"1/3焦煤|1级|国内",G3MMSY1,,月亮田,"4","2026-07-17 23:01:30",,"5M",809010.0,采购中心,FCad,"58.41"
贵州盘江精煤股份有限公司,"1/3焦煤|1级|国内",G3MMSY1,,月亮田,"4","2026-07-17 23:01:30",,"5M",809010.0,采购中心,Mad,"1.27"
贵州盘江精煤股份有限公司,"1/3焦煤|1级|国内",G3MMSY1,,月亮田,"4","2026-07-17 23:01:30",,"5M",809010.0,采购中心,St.d,"0.61"
贵州盘江精煤股份有限公司,"1/3焦煤|1级|国内",G3MMSY1,,月亮田,"4","2026-07-17 23:01:30",,"5M",809010.0,采购中心,Vdaf,"33.62"
贵州盘江精煤股份有限公司,"1/3焦煤|1级|国内",G3MMSY1,,月亮田,"4","2026-07-17 23:01:30",,"5M",809010.0,采购中心,水分,"11.7"
广西钢铁集团有限公司,主焦煤|1级|国内,G3MMZJ1,鑫泰达,铁山港,"4","2026-07-17 22:47:12",,,711590.0,采购中心,水分,"15.2"
广西柳钢国际贸易有限公司,肥煤|国内,G3MMFF1,,宝丰,"4","2026-07-17 21:44:35",,"1M",627860.0,采购中心,Ad,"10.17"
广西柳钢国际贸易有限公司,肥煤|国内,G3MMFF1,,宝丰,"4","2026-07-17 21:44:35",,"1M",627860.0,采购中心,FCad,"62.46"
广西柳钢国际贸易有限公司,肥煤|国内,G3MMFF1,,宝丰,"4","2026-07-17 21:44:35",,"1M",627860.0,采购中心,Mad,"1.37"
广西柳钢国际贸易有限公司,肥煤|国内,G3MMFF1,,宝丰,"4","2026-07-17 21:44:35",,"1M",627860.0,采购中心,St.d,"2.54"
广西柳钢国际贸易有限公司,肥煤|国内,G3MMFF1,,宝丰,"4","2026-07-17 21:44:35",,"1M",627860.0,采购中心,Vdaf,"29.50"
广西柳钢国际贸易有限公司,肥煤|国内,G3MMFF1,,宝丰,"4","2026-07-17 21:44:35",,"1M",627860.0,采购中心,水分,"12.2"
贵州盘江精煤股份有限公司,炼焦贫瘦煤|国内,G3MMJPS1,,红果,"4","2026-07-17 20:51:26",,A2,214900.0,采购中心,Ad,"11.54"
贵州盘江精煤股份有限公司,炼焦贫瘦煤|国内,G3MMJPS1,,红果,"4","2026-07-17 20:51:26",,A2,214900.0,采购中心,FCad,"75.33"
贵州盘江精煤股份有限公司,炼焦贫瘦煤|国内,G3MMJPS1,,红果,"4","2026-07-17 20:51:26",,A2,214900.0,采购中心,Mad,"1.59"
贵州盘江精煤股份有限公司,炼焦贫瘦煤|国内,G3MMJPS1,,红果,"4","2026-07-17 20:51:26",,A2,214900.0,采购中心,St.d,"0.74"
贵州盘江精煤股份有限公司,炼焦贫瘦煤|国内,G3MMJPS1,,红果,"4","2026-07-17 20:51:26",,A2,214900.0,采购中心,Vdaf,"13.46"
贵州盘江精煤股份有限公司,炼焦贫瘦煤|国内,G3MMJPS1,,红果,"4","2026-07-17 20:51:26",,A2,214900.0,采购中心,水分,"12.6"
西部红果煤炭交易有限公司,主焦煤|1级|国内,G3MMZJ1,,柏果,"4","2026-07-17 20:45:09",,A2,428870.0,采购中心,Ad,"10.59"
西部红果煤炭交易有限公司,主焦煤|1级|国内,G3MMZJ1,,柏果,"4","2026-07-17 20:45:09",,A2,428870.0,采购中心,FCad,"69.56"
西部红果煤炭交易有限公司,主焦煤|1级|国内,G3MMZJ1,,柏果,"4","2026-07-17 20:45:09",,A2,428870.0,采购中心,Mad,"2.11"
西部红果煤炭交易有限公司,主焦煤|1级|国内,G3MMZJ1,,柏果,"4","2026-07-17 20:45:09",,A2,428870.0,采购中心,St.d,"0.46"
西部红果煤炭交易有限公司,主焦煤|1级|国内,G3MMZJ1,,柏果,"4","2026-07-17 20:45:09",,A2,428870.0,采购中心,Vdaf,"20.52"
西部红果煤炭交易有限公司,主焦煤|1级|国内,G3MMZJ1,,柏果,"4","2026-07-17 20:45:09",,A2,428870.0,采购中心,水分,"15.4"
山西焦煤能源集团股份有限公司,气煤|2级|国内,G3MMQQB,,瓦塘,"4","2026-07-17 20:16:45",,A2,3288900.0,采购中心,Ad,"10.93"
山西焦煤能源集团股份有限公司,气煤|2级|国内,G3MMQQB,,瓦塘,"4","2026-07-17 20:16:45",,A2,3288900.0,采购中心,FCad,"56.33"
山西焦煤能源集团股份有限公司,气煤|2级|国内,G3MMQQB,,瓦塘,"4","2026-07-17 20:16:45",,A2,3288900.0,采购中心,Mad,"2.62"
山西焦煤能源集团股份有限公司,气煤|2级|国内,G3MMQQB,,瓦塘,"4","2026-07-17 20:16:45",,A2,3288900.0,采购中心,St.d,"0.89"
山西焦煤能源集团股份有限公司,气煤|2级|国内,G3MMQQB,,瓦塘,"4","2026-07-17 20:16:45",,A2,3288900.0,采购中心,Vdaf,"35.06"
山西焦煤能源集团股份有限公司,气煤|2级|国内,G3MMQQB,,瓦塘,"4","2026-07-17 20:16:45",,A2,3288900.0,采购中心,水分,"6.3"
贵州盘江精煤股份有限公司,"1/3焦煤|1级|国内",G3MMSY1,,月亮田,"4","2026-07-17 18:59:55",,"5M",834210.0,采购中心,Ad,"11.02"
贵州盘江精煤股份有限公司,"1/3焦煤|1级|国内",G3MMSY1,,月亮田,"4","2026-07-17 18:59:55",,"5M",834210.0,采购中心,FCad,"58.22"
贵州盘江精煤股份有限公司,"1/3焦煤|1级|国内",G3MMSY1,,月亮田,"4","2026-07-17 18:59:55",,"5M",834210.0,采购中心,Mad,"1.95"
贵州盘江精煤股份有限公司,"1/3焦煤|1级|国内",G3MMSY1,,月亮田,"4","2026-07-17 18:59:55",,"5M",834210.0,采购中心,St.d,"0.59"
贵州盘江精煤股份有限公司,"1/3焦煤|1级|国内",G3MMSY1,,月亮田,"4","2026-07-17 18:59:55",,"5M",834210.0,采购中心,Vdaf,"33.26"
贵州盘江精煤股份有限公司,"1/3焦煤|1级|国内",G3MMSY1,,月亮田,"4","2026-07-17 18:59:55",,"5M",834210.0,采购中心,水分,"13.8"
湖南湘煤精煤有限公司,主焦煤|1级|国内,G3MMZJ1,,三都,"4","2026-07-17 18:46:12",,"4M",739520.0,采购中心,Ad,"10.53"
湖南湘煤精煤有限公司,主焦煤|1级|国内,G3MMZJ1,,三都,"4","2026-07-17 18:46:12",,"4M",739520.0,采购中心,FCad,"64.98"
湖南湘煤精煤有限公司,主焦煤|1级|国内,G3MMZJ1,,三都,"4","2026-07-17 18:46:12",,"4M",739520.0,采购中心,Mad,"1.12"
湖南湘煤精煤有限公司,主焦煤|1级|国内,G3MMZJ1,,三都,"4","2026-07-17 18:46:12",,"4M",739520.0,采购中心,St.d,"0.75"
湖南湘煤精煤有限公司,主焦煤|1级|国内,G3MMZJ1,,三都,"4","2026-07-17 18:46:12",,"4M",739520.0,采购中心,Vdaf,"26.55"
湖南湘煤精煤有限公司,主焦煤|1级|国内,G3MMZJ1,,三都,"4","2026-07-17 18:46:12",,"4M",739520.0,采购中心,水分,"12.7"
重庆皓联实业（集团）有限公司,主焦煤|2级|国内,G3MMZJD,,松坎,"4","2026-07-17 18:43:20",,"4M",282970.0,采购中心,Ad,"11.69"
重庆皓联实业（集团）有限公司,主焦煤|2级|国内,G3MMZJD,,松坎,"4","2026-07-17 18:43:20",,"4M",282970.0,采购中心,FCad,"68.59"
重庆皓联实业（集团）有限公司,主焦煤|2级|国内,G3MMZJD,,松坎,"4","2026-07-17 18:43:20",,"4M",282970.0,采购中心,Mad,"1.11"
重庆皓联实业（集团）有限公司,主焦煤|2级|国内,G3MMZJD,,松坎,"4","2026-07-17 18:43:20",,"4M",282970.0,采购中心,St.d,"1.54"
重庆皓联实业（集团）有限公司,主焦煤|2级|国内,G3MMZJD,,松坎,"4","2026-07-17 18:43:20",,"4M",282970.0,采购中心,Vdaf,"21.46"
重庆皓联实业（集团）有限公司,主焦煤|2级|国内,G3MMZJD,,松坎,"4","2026-07-17 18:43:20",,"4M",282970.0,采购中心,水分,"16.2"
广西柳钢国际贸易有限公司,肥煤|国内,G3MMFF1,,宝丰,"4","2026-07-17 18:09:35",,"1M",709610.0,采购中心,Ad,"10.88"
广西柳钢国际贸易有限公司,肥煤|国内,G3MMFF1,,宝丰,"4","2026-07-17 18:09:35",,"1M",709610.0,采购中心,FCad,"61.62"
广西柳钢国际贸易有限公司,肥煤|国内,G3MMFF1,,宝丰,"4","2026-07-17 18:09:35",,"1M",709610.0,采购中心,Mad,"1.38"
广西柳钢国际贸易有限公司,肥煤|国内,G3MMFF1,,宝丰,"4","2026-07-17 18:09:35",,"1M",709610.0,采购中心,St.d,"2.18"
广西柳钢国际贸易有限公司,肥煤|国内,G3MMFF1,,宝丰,"4","2026-07-17 18:09:35",,"1M",709610.0,采购中心,Vdaf,"29.89"
广西柳钢国际贸易有限公司,肥煤|国内,G3MMFF1,,宝丰,"4","2026-07-17 18:09:35",,"1M",709610.0,采购中心,水分,"11.5"
西部红果煤炭交易有限公司,主焦煤|1级|国内,G3MMZJ1,,上西铺,"4","2026-07-17 18:05:01",,"1M",68980.0,采购中心,Ad,"10.48"
西部红果煤炭交易有限公司,主焦煤|1级|国内,G3MMZJ1,,上西铺,"4","2026-07-17 18:05:01",,"1M",68980.0,采购中心,FCad,"66.18"
西部红果煤炭交易有限公司,主焦煤|1级|国内,G3MMZJ1,,上西铺,"4","2026-07-17 18:05:01",,"1M",68980.0,采购中心,Mad,"1.71"
西部红果煤炭交易有限公司,主焦煤|1级|国内,G3MMZJ1,,上西铺,"4","2026-07-17 18:05:01",,"1M",68980.0,采购中心,St.d,"0.69"
西部红果煤炭交易有限公司,主焦煤|1级|国内,G3MMZJ1,,上西铺,"4","2026-07-17 18:05:01",,"1M",68980.0,采购中心,Vdaf,"24.78"
西部红果煤炭交易有限公司,主焦煤|1级|国内,G3MMZJ1,,上西铺,"4","2026-07-17 18:05:01",,"1M",68980.0,采购中心,水分,"18.3"
焦化厂,炼焦配合煤,A2MMJPM,,,"4","2026-07-17 16:00:52",喷吹用煤（原料）,,,采购中心,Ad,"11.19"
焦化厂,炼焦配合煤,A2MMJPM,,,"4","2026-07-17 16:00:52",喷吹用煤（原料）,,,采购中心,Ad,"10.42"
焦化厂,炼焦配合煤,A2MMJPM,,,"4","2026-07-17 16:00:52",喷吹用煤（原料）,,,采购中心,Ad,"10.97"
焦化厂,炼焦配合煤,A2MMJPM,,,"4","2026-07-17 16:00:52",喷吹用煤（原料）,,,采购中心,FCad,"69.07"
焦化厂,炼焦配合煤,A2MMJPM,,,"4","2026-07-17 16:00:52",喷吹用煤（原料）,,,采购中心,FCad,"59.50"
焦化厂,炼焦配合煤,A2MMJPM,,,"4","2026-07-17 16:00:52",喷吹用煤（原料）,,,采购中心,FCad,"67.80"
焦化厂,炼焦配合煤,A2MMJPM,,,"4","2026-07-17 16:00:52",喷吹用煤（原料）,,,采购中心,Mad,"1.14"
焦化厂,炼焦配合煤,A2MMJPM,,,"4","2026-07-17 16:00:52",喷吹用煤（原料）,,,采购中心,Mad,"1.29"
焦化厂,炼焦配合煤,A2MMJPM,,,"4","2026-07-17 16:00:52",喷吹用煤（原料）,,,采购中心,Mad,"1.38"
焦化厂,炼焦配合煤,A2MMJPM,,,"4","2026-07-17 16:00:52",喷吹用煤（原料）,,,采购中心,St.d,"0.62"
焦化厂,炼焦配合煤,A2MMJPM,,,"4","2026-07-17 16:00:52",喷吹用煤（原料）,,,采购中心,St.d,"0.32"
焦化厂,炼焦配合煤,A2MMJPM,,,"4","2026-07-17 16:00:52",喷吹用煤（原料）,,,采购中心,St.d,"0.97"
焦化厂,炼焦配合煤,A2MMJPM,,,"4","2026-07-17 16:00:52",喷吹用煤（原料）,,,采购中心,Vdaf,"21.53"
焦化厂,炼焦配合煤,A2MMJPM,,,"4","2026-07-17 16:00:52",喷吹用煤（原料）,,,采购中心,Vdaf,"32.12"
焦化厂,炼焦配合煤,A2MMJPM,,,"4","2026-07-17 16:00:52",喷吹用煤（原料）,,,采购中心,Vdaf,"23.25"
焦化厂,炼焦配合煤,A2MMJPM,,,"4","2026-07-17 16:00:52",喷吹用煤（原料）,,,采购中心,水分,"13.5"
焦化厂,炼焦配合煤,A2MMJPM,,,"4","2026-07-17 16:00:52",喷吹用煤（原料）,,,采购中心,水分,"16.2"
焦化厂,炼焦配合煤,A2MMJPM,,,"4","2026-07-17 16:00:52",喷吹用煤（原料）,,,采购中心,水分,"8.4"
焦化厂,炼焦配合煤,A2MMJPM,,,"4","2026-07-17 15:55:14",喷吹用煤（原料）,,,采购中心,Ad,"10.99"
焦化厂,炼焦配合煤,A2MMJPM,,,"4","2026-07-17 15:55:14",喷吹用煤（原料）,,,采购中心,Ad,"10.70"
焦化厂,炼焦配合煤,A2MMJPM,,,"4","2026-07-17 15:55:14",喷吹用煤（原料）,,,采购中心,FCad,"64.75"
焦化厂,炼焦配合煤,A2MMJPM,,,"4","2026-07-17 15:55:14",喷吹用煤（原料）,,,采购中心,FCad,"64.95"
焦化厂,炼焦配合煤,A2MMJPM,,,"4","2026-07-17 15:55:14",喷吹用煤（原料）,,,采购中心,Mad,"1.51"
焦化厂,炼焦配合煤,A2MMJPM,,,"4","2026-07-17 15:55:14",喷吹用煤（原料）,,,采购中心,Mad,"1.33"
焦化厂,炼焦配合煤,A2MMJPM,,,"4","2026-07-17 15:55:14",喷吹用煤（原料）,,,采购中心,St.d,"0.80"
焦化厂,炼焦配合煤,A2MMJPM,,,"4","2026-07-17 15:55:14",喷吹用煤（原料）,,,采购中心,St.d,"0.68"
焦化厂,炼焦配合煤,A2MMJPM,,,"4","2026-07-17 15:55:14",喷吹用煤（原料）,,,采购中心,Vdaf,"26.05"
焦化厂,炼焦配合煤,A2MMJPM,,,"4","2026-07-17 15:55:14",喷吹用煤（原料）,,,采购中心,Vdaf,"26.38"
焦化厂,炼焦配合煤,A2MMJPM,,,"4","2026-07-17 15:55:14",喷吹用煤（原料）,,,采购中心,水分,"10.6"
焦化厂,炼焦配合煤,A2MMJPM,,,"4","2026-07-17 15:55:14",喷吹用煤（原料）,,,采购中心,水分,"10.4"
广西柳钢国际贸易有限公司,贫瘦煤|国内,G3MMPS1,德邻惠航,,"4","2026-07-17 13:25:34",,,91300.0,采购中心,Ad,"10.46"
广西柳钢国际贸易有限公司,贫瘦煤|国内,G3MMPS1,德邻惠航,,"4","2026-07-17 13:25:34",,,91300.0,采购中心,FCad,"70.89"
广西柳钢国际贸易有限公司,贫瘦煤|国内,G3MMPS1,德邻惠航,,"4","2026-07-17 13:25:34",,,91300.0,采购中心,Mad,"4.30"
广西柳钢国际贸易有限公司,贫瘦煤|国内,G3MMPS1,德邻惠航,,"4","2026-07-17 13:25:34",,,91300.0,采购中心,St.d,"0.58"
广西柳钢国际贸易有限公司,贫瘦煤|国内,G3MMPS1,德邻惠航,,"4","2026-07-17 13:25:34",,,91300.0,采购中心,Vdaf,"17.27"
广西柳钢国际贸易有限公司,贫瘦煤|国内,G3MMPS1,德邻惠航,,"4","2026-07-17 13:25:34",,,91300.0,采购中心,水分,"12.1"
湖南湘煤精煤有限公司,主焦煤|1级|国内,G3MMZJ1,,三都,"4","2026-07-17 10:51:23",,"4M",67430.0,采购中心,Ad,"10.41"
湖南湘煤精煤有限公司,主焦煤|1级|国内,G3MMZJ1,,三都,"4","2026-07-17 10:51:23",,"4M",67430.0,采购中心,FCad,"65.92"
湖南湘煤精煤有限公司,主焦煤|1级|国内,G3MMZJ1,,三都,"4","2026-07-17 10:51:23",,"4M",67430.0,采购中心,Mad,"1.41"
湖南湘煤精煤有限公司,主焦煤|1级|国内,G3MMZJ1,,三都,"4","2026-07-17 10:51:23",,"4M",67430.0,采购中心,St.d,"0.70"
湖南湘煤精煤有限公司,主焦煤|1级|国内,G3MMZJ1,,三都,"4","2026-07-17 10:51:23",,"4M",67430.0,采购中心,Vdaf,"25.37"
湖南湘煤精煤有限公司,主焦煤|1级|国内,G3MMZJ1,,三都,"4","2026-07-17 10:51:23",,"4M",67430.0,采购中心,水分,"14.2"
重庆皓联实业（集团）有限公司,主焦煤|2级|国内,G3MMZJD,,松坎,"4","2026-07-17 10:51:23",,"4M",563190.0,采购中心,Ad,"11.76"
重庆皓联实业（集团）有限公司,主焦煤|2级|国内,G3MMZJD,,松坎,"4","2026-07-17 10:51:23",,"4M",563190.0,采购中心,FCad,"68.75"
重庆皓联实业（集团）有限公司,主焦煤|2级|国内,G3MMZJD,,松坎,"4","2026-07-17 10:51:23",,"4M",563190.0,采购中心,Mad,"1.24"
重庆皓联实业（集团）有限公司,主焦煤|2级|国内,G3MMZJD,,松坎,"4","2026-07-17 10:51:23",,"4M",563190.0,采购中心,St.d,"1.57"
重庆皓联实业（集团）有限公司,主焦煤|2级|国内,G3MMZJD,,松坎,"4","2026-07-17 10:51:23",,"4M",563190.0,采购中心,Vdaf,"21.11"
重庆皓联实业（集团）有限公司,主焦煤|2级|国内,G3MMZJD,,松坎,"4","2026-07-17 10:51:23",,"4M",563190.0,采购中心,水分,"14.8"
贵州盘江精煤股份有限公司,"1/3焦煤|1级|国内",G3MMSY1,,柏果,"4","2026-07-17 10:16:36",,"1M",59580.0,采购中心,Ad,"10.51"
贵州盘江精煤股份有限公司,"1/3焦煤|1级|国内",G3MMSY1,,柏果,"4","2026-07-17 10:16:36",,"1M",59580.0,采购中心,FCad,"61.98"
贵州盘江精煤股份有限公司,"1/3焦煤|1级|国内",G3MMSY1,,柏果,"4","2026-07-17 10:16:36",,"1M",59580.0,采购中心,Mad,"1.46"
贵州盘江精煤股份有限公司,"1/3焦煤|1级|国内",G3MMSY1,,柏果,"4","2026-07-17 10:16:36",,"1M",59580.0,采购中心,St.d,"0.26"
贵州盘江精煤股份有限公司,"1/3焦煤|1级|国内",G3MMSY1,,柏果,"4","2026-07-17 10:16:36",,"1M",59580.0,采购中心,Vdaf,"29.71"
贵州盘江精煤股份有限公司,"1/3焦煤|1级|国内",G3MMSY1,,柏果,"4","2026-07-17 10:16:36",,"1M",59580.0,采购中心,水分,"9.5"
西部红果煤炭交易有限公司,主焦煤|1级|国内,G3MMZJ1,,柏果,"4","2026-07-17 10:16:36",,"1M",253400.0,采购中心,Ad,"10.60"
贵州松河煤业发展有限责任公司,主焦煤|1级|国内,G3MMZJ1,,松河,"4","2026-07-17 10:16:36",,"1M",63880.0,采购中心,Ad,"10.33"
贵州松河煤业发展有限责任公司,主焦煤|1级|国内,G3MMZJ1,,松河,"4","2026-07-17 10:16:36",,"1M",63880.0,采购中心,FCad,"68.06"
西部红果煤炭交易有限公司,主焦煤|1级|国内,G3MMZJ1,,柏果,"4","2026-07-17 10:16:36",,"1M",253400.0,采购中心,FCad,"69.31"
西部红果煤炭交易有限公司,主焦煤|1级|国内,G3MMZJ1,,柏果,"4","2026-07-17 10:16:36",,"1M",253400.0,采购中心,Mad,"2.37"
贵州松河煤业发展有限责任公司,主焦煤|1级|国内,G3MMZJ1,,松河,"4","2026-07-17 10:16:36",,"1M",63880.0,采购中心,Mad,"1.42"
西部红果煤炭交易有限公司,主焦煤|1级|国内,G3MMZJ1,,柏果,"4","2026-07-17 10:16:36",,"1M",253400.0,采购中心,St.d,"0.42"
贵州松河煤业发展有限责任公司,主焦煤|1级|国内,G3MMZJ1,,松河,"4","2026-07-17 10:16:36",,"1M",63880.0,采购中心,St.d,"0.29"
贵州松河煤业发展有限责任公司,主焦煤|1级|国内,G3MMZJ1,,松河,"4","2026-07-17 10:16:36",,"1M",63880.0,采购中心,Vdaf,"23.01"
西部红果煤炭交易有限公司,主焦煤|1级|国内,G3MMZJ1,,柏果,"4","2026-07-17 10:16:36",,"1M",253400.0,采购中心,Vdaf,"20.59"
西部红果煤炭交易有限公司,主焦煤|1级|国内,G3MMZJ1,,柏果,"4","2026-07-17 10:16:36",,"1M",253400.0,采购中心,水分,"15.5"
贵州松河煤业发展有限责任公司,主焦煤|1级|国内,G3MMZJ1,,松河,"4","2026-07-17 10:16:36",,"1M",63880.0,采购中心,水分,"17.1"
西部红果煤炭交易有限公司,主焦煤|1级|国内,G3MMZJ1,,柏果,"4","2026-07-17 09:28:34",,"1M",588920.0,采购中心,Ad,"10.25"
西部红果煤炭交易有限公司,主焦煤|1级|国内,G3MMZJ1,,柏果,"4","2026-07-17 09:28:34",,"1M",588920.0,采购中心,FCad,"70.22"
西部红果煤炭交易有限公司,主焦煤|1级|国内,G3MMZJ1,,柏果,"4","2026-07-17 09:28:34",,"1M",588920.0,采购中心,Mad,"2.27"
西部红果煤炭交易有限公司,主焦煤|1级|国内,G3MMZJ1,,柏果,"4","2026-07-17 09:28:34",,"1M",588920.0,采购中心,St.d,"0.43"
西部红果煤炭交易有限公司,主焦煤|1级|国内,G3MMZJ1,,柏果,"4","2026-07-17 09:28:34",,"1M",588920.0,采购中心,Vdaf,"19.94"
西部红果煤炭交易有限公司,主焦煤|1级|国内,G3MMZJ1,,柏果,"4","2026-07-17 09:28:34",,"1M",588920.0,采购中心,水分,"14.7"
广西柳钢国际贸易有限公司,主焦煤|3级|进口|澳洲|Daunia,G3MMZJMH,流星,防城港,"4","2026-07-17 06:37:30",,,1417650.0,采购中心,水分,"11.0"
广西钢铁集团有限公司,主焦煤|2级|进口|澳洲|GLV Prime,G3MMZJ8,瑞海,云约,"4","2026-07-17 06:35:38",,,140540.0,采购中心,水分,"12.1"
广西钢铁集团有限公司,主焦煤|1级|进口|加拿大|瑞峰,G3MMZJC,清水河,云约,"4","2026-07-17 06:35:14",,"5M",2433440.0,采购中心,Ad,"9.95"
广西钢铁集团有限公司,主焦煤|1级|进口|加拿大|瑞峰,G3MMZJC,清水河,云约,"4","2026-07-17 06:35:14",,"5M",2433440.0,采购中心,FCad,"66.40"
广西钢铁集团有限公司,主焦煤|1级|进口|加拿大|瑞峰,G3MMZJC,清水河,云约,"4","2026-07-17 06:35:14",,"5M",2433440.0,采购中心,Mad,"1.62"
广西钢铁集团有限公司,主焦煤|1级|进口|加拿大|瑞峰,G3MMZJC,清水河,云约,"4","2026-07-17 06:35:14",,"5M",2433440.0,采购中心,St.d,"0.44"
广西钢铁集团有限公司,主焦煤|1级|进口|加拿大|瑞峰,G3MMZJC,清水河,云约,"4","2026-07-17 06:35:14",,"5M",2433440.0,采购中心,Vdaf,"25.05"
广西钢铁集团有限公司,主焦煤|1级|进口|加拿大|瑞峰,G3MMZJC,清水河,云约,"4","2026-07-17 06:35:14",,"5M",2433440.0,采购中心,水分,"11.6"
西部红果煤炭交易有限公司,主焦煤|1级|国内,G3MMZJ1,,柏果,"4","2026-07-17 06:13:25",,"4M",402720.0,采购中心,Ad,"10.44"
西部红果煤炭交易有限公司,主焦煤|1级|国内,G3MMZJ1,,柏果,"4","2026-07-17 06:13:25",,"4M",402720.0,采购中心,FCad,"70.02"
西部红果煤炭交易有限公司,主焦煤|1级|国内,G3MMZJ1,,柏果,"4","2026-07-17 06:13:25",,"4M",402720.0,采购中心,Mad,"2.14"
西部红果煤炭交易有限公司,主焦煤|1级|国内,G3MMZJ1,,柏果,"4","2026-07-17 06:13:25",,"4M",402720.0,采购中心,St.d,"0.41"
西部红果煤炭交易有限公司,主焦煤|1级|国内,G3MMZJ1,,柏果,"4","2026-07-17 06:13:25",,"4M",402720.0,采购中心,Vdaf,"20.10"
西部红果煤炭交易有限公司,主焦煤|1级|国内,G3MMZJ1,,柏果,"4","2026-07-17 06:13:25",,"4M",402720.0,采购中心,水分,"16.1"
四川省煤炭产业集团有限责任公司营销分公司,瘦焦煤|1级|国内,G3MMSJ1,,格里坪,"4","2026-07-17 05:47:34",,"1M",399140.0,采购中心,Ad,"9.89"
四川省煤炭产业集团有限责任公司营销分公司,瘦焦煤|1级|国内,G3MMSJ1,,格里坪,"4","2026-07-17 05:47:34",,"1M",399140.0,采购中心,FCad,"71.90"
四川省煤炭产业集团有限责任公司营销分公司,瘦焦煤|1级|国内,G3MMSJ1,,格里坪,"4","2026-07-17 05:47:34",,"1M",399140.0,采购中心,Mad,"1.13"
四川省煤炭产业集团有限责任公司营销分公司,瘦焦煤|1级|国内,G3MMSJ1,,格里坪,"4","2026-07-17 05:47:34",,"1M",399140.0,采购中心,St.d,"0.56"
四川省煤炭产业集团有限责任公司营销分公司,瘦焦煤|1级|国内,G3MMSJ1,,格里坪,"4","2026-07-17 05:47:34",,"1M",399140.0,采购中心,Vdaf,"19.28"
四川省煤炭产业集团有限责任公司营销分公司,瘦焦煤|1级|国内,G3MMSJ1,,格里坪,"4","2026-07-17 05:47:34",,"1M",399140.0,采购中心,水分,"13.4"
四川省煤炭产业集团有限责任公司营销分公司,瘦焦煤|1级|国内,G3MMSJ1,,格里坪,"4","2026-07-17 05:45:31",,"1M",198530.0,采购中心,Ad,"9.88"
四川省煤炭产业集团有限责任公司营销分公司,瘦焦煤|1级|国内,G3MMSJ1,,格里坪,"4","2026-07-17 05:45:31",,"1M",198530.0,采购中心,FCad,"72.53"
四川省煤炭产业集团有限责任公司营销分公司,瘦焦煤|1级|国内,G3MMSJ1,,格里坪,"4","2026-07-17 05:45:31",,"1M",198530.0,采购中心,Mad,"1.05"
四川省煤炭产业集团有限责任公司营销分公司,瘦焦煤|1级|国内,G3MMSJ1,,格里坪,"4","2026-07-17 05:45:31",,"1M",198530.0,采购中心,St.d,"0.52"
四川省煤炭产业集团有限责任公司营销分公司,瘦焦煤|1级|国内,G3MMSJ1,,格里坪,"4","2026-07-17 05:45:31",,"1M",198530.0,采购中心,Vdaf,"18.66"
四川省煤炭产业集团有限责任公司营销分公司,瘦焦煤|1级|国内,G3MMSJ1,,格里坪,"4","2026-07-17 05:45:31",,"1M",198530.0,采购中心,水分,"12.9"
广西柳钢国际贸易有限公司,国内烧结无烟煤,G3MMSWM,,嘉峰,"4","2026-07-17 05:22:17",,,1038670.0,采购中心,Ad,"11.11"
广西柳钢国际贸易有限公司,国内烧结无烟煤,G3MMSWM,,嘉峰,"4","2026-07-17 05:22:17",,,1038670.0,采购中心,FCad,"79.79"
广西柳钢国际贸易有限公司,国内烧结无烟煤,G3MMSWM,,嘉峰,"4","2026-07-17 05:22:17",,,1038670.0,采购中心,Mad,"3.52"
广西柳钢国际贸易有限公司,国内烧结无烟煤,G3MMSWM,,嘉峰,"4","2026-07-17 05:22:17",,,1038670.0,采购中心,St.d,"0.36"
广西柳钢国际贸易有限公司,国内烧结无烟煤,G3MMSWM,,嘉峰,"4","2026-07-17 05:22:17",,,1038670.0,采购中心,Vdaf,"6.96"
广西柳钢国际贸易有限公司,国内烧结无烟煤,G3MMSWM,,嘉峰,"4","2026-07-17 05:22:17",,,1038670.0,采购中心,水分,"8.4"
山西潞安环保能源开发股份有限公司,贫瘦煤|国内,G3MMPS1,,长治北,"4","2026-07-17 05:21:07",,,65030.0,采购中心,Ad,"10.29"
山西潞安环保能源开发股份有限公司,贫瘦煤|国内,G3MMPS1,,长治北,"4","2026-07-17 05:21:07",,,65030.0,采购中心,FCad,"76.96"
山西潞安环保能源开发股份有限公司,贫瘦煤|国内,G3MMPS1,,长治北,"4","2026-07-17 05:21:07",,,65030.0,采购中心,Mad,"1.24"
山西潞安环保能源开发股份有限公司,贫瘦煤|国内,G3MMPS1,,长治北,"4","2026-07-17 05:21:07",,,65030.0,采购中心,St.d,"0.38"
山西潞安环保能源开发股份有限公司,贫瘦煤|国内,G3MMPS1,,长治北,"4","2026-07-17 05:21:07",,,65030.0,采购中心,Vdaf,"13.14"
山西潞安环保能源开发股份有限公司,贫瘦煤|国内,G3MMPS1,,长治北,"4","2026-07-17 05:21:07",,,65030.0,采购中心,水分,"8.9"
广西柳钢国际贸易有限公司,烧结无烟煤|国内|兰炭,G3MMSW4,,绿化,"4","2026-07-17 05:18:32",,,62570.0,采购中心,Ad,"10.25"
广西柳钢国际贸易有限公司,烧结无烟煤|国内|兰炭,G3MMSW4,,绿化,"4","2026-07-17 05:18:32",,,62570.0,采购中心,FCad,"73.66"
广西柳钢国际贸易有限公司,烧结无烟煤|国内|兰炭,G3MMSW4,,绿化,"4","2026-07-17 05:18:32",,,62570.0,采购中心,Mad,"8.84"
广西柳钢国际贸易有限公司,烧结无烟煤|国内|兰炭,G3MMSW4,,绿化,"4","2026-07-17 05:18:32",,,62570.0,采购中心,St.d,"0.42"
广西柳钢国际贸易有限公司,烧结无烟煤|国内|兰炭,G3MMSW4,,绿化,"4","2026-07-17 05:18:32",,,62570.0,采购中心,Vdaf,"9.97"
广西柳钢国际贸易有限公司,烧结无烟煤|国内|兰炭,G3MMSW4,,绿化,"4","2026-07-17 05:18:32",,,62570.0,采购中心,水分,"16.8"
广西柳钢国际贸易有限公司,国内烧结无烟煤,G3MMSWM,,嘉峰,"4","2026-07-16 23:35:00",,,1727780.0,采购中心,Ad,"10.77"
广西柳钢国际贸易有限公司,国内烧结无烟煤,G3MMSWM,,嘉峰,"4","2026-07-16 23:35:00",,,1727780.0,采购中心,FCad,"80.30"
广西柳钢国际贸易有限公司,国内烧结无烟煤,G3MMSWM,,嘉峰,"4","2026-07-16 23:35:00",,,1727780.0,采购中心,Mad,"3.46"
广西柳钢国际贸易有限公司,国内烧结无烟煤,G3MMSWM,,嘉峰,"4","2026-07-16 23:35:00",,,1727780.0,采购中心,St.d,"0.36"
广西柳钢国际贸易有限公司,国内烧结无烟煤,G3MMSWM,,嘉峰,"4","2026-07-16 23:35:00",,,1727780.0,采购中心,Vdaf,"6.78"
广西柳钢国际贸易有限公司,国内烧结无烟煤,G3MMSWM,,嘉峰,"4","2026-07-16 23:35:00",,,1727780.0,采购中心,水分,"8.4"
,主焦煤|2级|国内,G3MMZJD,,,"4","2026-07-16 23:06:41",,"4M",,采购中心,Ad,"10.95"
,主焦煤|2级|国内,G3MMZJD,,,"4","2026-07-16 23:06:41",,"4M",,采购中心,FCad,"69.70"
,主焦煤|2级|国内,G3MMZJD,,,"4","2026-07-16 23:06:41",,"4M",,采购中心,Mad,"1.76"
,主焦煤|2级|国内,G3MMZJD,,,"4","2026-07-16 23:06:41",,"4M",,采购中心,St.d,"0.87"
,主焦煤|2级|国内,G3MMZJD,,,"4","2026-07-16 23:06:41",,"4M",,采购中心,Vdaf,"20.32"
,主焦煤|2级|国内,G3MMZJD,,,"4","2026-07-16 23:06:41",,"4M",,采购中心,水分,"16.4"
西部红果煤炭交易有限公司,主焦煤|1级|国内,G3MMZJ1,,柏果,"4","2026-07-16 22:51:32",,"1M",880190.0,采购中心,Ad,"10.57"
西部红果煤炭交易有限公司,主焦煤|1级|国内,G3MMZJ1,,柏果,"4","2026-07-16 22:51:32",,"1M",880190.0,采购中心,FCad,"69.86"
西部红果煤炭交易有限公司,主焦煤|1级|国内,G3MMZJ1,,柏果,"4","2026-07-16 22:51:32",,"1M",880190.0,采购中心,Mad,"2.09"
西部红果煤炭交易有限公司,主焦煤|1级|国内,G3MMZJ1,,柏果,"4","2026-07-16 22:51:32",,"1M",880190.0,采购中心,St.d,"0.47"
西部红果煤炭交易有限公司,主焦煤|1级|国内,G3MMZJ1,,柏果,"4","2026-07-16 22:51:32",,"1M",880190.0,采购中心,Vdaf,"20.21"
西部红果煤炭交易有限公司,主焦煤|1级|国内,G3MMZJ1,,柏果,"4","2026-07-16 22:51:32",,"1M",880190.0,采购中心,水分,"18.4"
广西柳钢国际贸易有限公司,贫瘦煤|进口|俄罗斯,G3MMPS8,同德56,防城港,"4","2026-07-16 21:55:53",,,137110.0,采购中心,水分,"11.8"
广西柳钢国际贸易有限公司,主焦煤|3级|进口|澳洲|Fitzroy CD,G3MMZJMO,扬子901,防城港,"4","2026-07-16 21:55:52",,,70230.0,采购中心,Ad,"8.52"
广西柳钢国际贸易有限公司,主焦煤|3级|进口|澳洲|Fitzroy CD,G3MMZJMO,扬子901,防城港,"4","2026-07-16 21:55:52",,,70230.0,采购中心,FCad,"68.96"
广西柳钢国际贸易有限公司,主焦煤|3级|进口|澳洲|Fitzroy CD,G3MMZJMO,扬子901,防城港,"4","2026-07-16 21:55:52",,,70230.0,采购中心,Mad,"1.96"
广西柳钢国际贸易有限公司,主焦煤|3级|进口|澳洲|Fitzroy CD,G3MMZJMO,扬子901,防城港,"4","2026-07-16 21:55:52",,,70230.0,采购中心,St.d,"0.34"
广西柳钢国际贸易有限公司,主焦煤|3级|进口|澳洲|Fitzroy CD,G3MMZJMO,扬子901,防城港,"4","2026-07-16 21:55:52",,,70230.0,采购中心,Vdaf,"23.11"
广西柳钢国际贸易有限公司,主焦煤|3级|进口|澳洲|Fitzroy CD,G3MMZJMO,扬子901,防城港,"4","2026-07-16 21:55:52",,,70230.0,采购中心,水分,"12.8"
广西柳钢国际贸易有限公司,贫瘦煤|进口|俄罗斯,G3MMPS8,阿米,防城港,"4","2026-07-16 21:55:52",,,1743000.0,采购中心,水分,"10.2"
西部红果煤炭交易有限公司,主焦煤|1级|国内,G3MMZJ1,,柏果,"4","2026-07-16 20:26:11",,,274950.0,采购中心,Ad,"10.55"
西部红果煤炭交易有限公司,主焦煤|1级|国内,G3MMZJ1,,柏果,"4","2026-07-16 20:26:11",,,274950.0,采购中心,FCad,"70.15"
西部红果煤炭交易有限公司,主焦煤|1级|国内,G3MMZJ1,,柏果,"4","2026-07-16 20:26:11",,,274950.0,采购中心,Mad,"1.81"
西部红果煤炭交易有限公司,主焦煤|1级|国内,G3MMZJ1,,柏果,"4","2026-07-16 20:26:11",,,274950.0,采购中心,St.d,"0.47"
西部红果煤炭交易有限公司,主焦煤|1级|国内,G3MMZJ1,,柏果,"4","2026-07-16 20:26:11",,,274950.0,采购中心,Vdaf,"20.13"
西部红果煤炭交易有限公司,主焦煤|1级|国内,G3MMZJ1,,柏果,"4","2026-07-16 20:26:11",,,274950.0,采购中心,水分,"15.4"
湖南湘煤精煤有限公司,主焦煤|1级|国内,G3MMZJ1,,三都,"4","2026-07-16 19:21:25",,A2,134860.0,采购中心,Ad,"10.42"
湖南湘煤精煤有限公司,主焦煤|1级|国内,G3MMZJ1,,三都,"4","2026-07-16 19:21:25",,A2,134860.0,采购中心,FCad,"64.66"
湖南湘煤精煤有限公司,主焦煤|1级|国内,G3MMZJ1,,三都,"4","2026-07-16 19:21:25",,A2,134860.0,采购中心,Mad,"1.32"
湖南湘煤精煤有限公司,主焦煤|1级|国内,G3MMZJ1,,三都,"4","2026-07-16 19:21:25",,A2,134860.0,采购中心,St.d,"0.60"
湖南湘煤精煤有限公司,主焦煤|1级|国内,G3MMZJ1,,三都,"4","2026-07-16 19:21:25",,A2,134860.0,采购中心,Vdaf,"26.85"
湖南湘煤精煤有限公司,主焦煤|1级|国内,G3MMZJ1,,三都,"4","2026-07-16 19:21:25",,A2,134860.0,采购中心,水分,"14.7"
广西柳钢国际贸易有限公司,肥煤|国内,G3MMFF1,,宝丰,"4","2026-07-16 19:10:23",,"1M",406010.0,采购中心,Ad,"10.41"
广西柳钢国际贸易有限公司,肥煤|国内,G3MMFF1,,宝丰,"4","2026-07-16 19:10:23",,"1M",406010.0,采购中心,FCad,"62.45"
广西柳钢国际贸易有限公司,肥煤|国内,G3MMFF1,,宝丰,"4","2026-07-16 19:10:23",,"1M",406010.0,采购中心,Mad,"1.32"
广西柳钢国际贸易有限公司,肥煤|国内,G3MMFF1,,宝丰,"4","2026-07-16 19:10:23",,"1M",406010.0,采购中心,St.d,"2.40"
广西柳钢国际贸易有限公司,肥煤|国内,G3MMFF1,,宝丰,"4","2026-07-16 19:10:23",,"1M",406010.0,采购中心,Vdaf,"29.36"
广西柳钢国际贸易有限公司,肥煤|国内,G3MMFF1,,宝丰,"4","2026-07-16 19:10:23",,"1M",406010.0,采购中心,水分,"11.7"
广西柳钢国际贸易有限公司,肥煤|国内,G3MMFF1,,宝丰,"4","2026-07-16 19:07:49",,"1M",69550.0,采购中心,Ad,"10.31"
广西柳钢国际贸易有限公司,肥煤|国内,G3MMFF1,,宝丰,"4","2026-07-16 19:07:49",,"1M",69550.0,采购中心,FCad,"63.08"
广西柳钢国际贸易有限公司,肥煤|国内,G3MMFF1,,宝丰,"4","2026-07-16 19:07:49",,"1M",69550.0,采购中心,Mad,"1.40"
广西柳钢国际贸易有限公司,肥煤|国内,G3MMFF1,,宝丰,"4","2026-07-16 19:07:49",,"1M",69550.0,采购中心,St.d,"2.57"
广西柳钢国际贸易有限公司,肥煤|国内,G3MMFF1,,宝丰,"4","2026-07-16 19:07:49",,"1M",69550.0,采购中心,Vdaf,"28.67"
广西柳钢国际贸易有限公司,肥煤|国内,G3MMFF1,,宝丰,"4","2026-07-16 19:07:49",,"1M",69550.0,采购中心,水分,"12.4"
贵州盘江精煤股份有限公司,"1/3焦煤|1级|国内",G3MMSY1,,火铺,"4","2026-07-16 18:59:45",,"5M",892810.0,采购中心,Ad,"10.32"
贵州盘江精煤股份有限公司,"1/3焦煤|1级|国内",G3MMSY1,,火铺,"4","2026-07-16 18:59:45",,"5M",892810.0,采购中心,FCad,"61.72"
贵州盘江精煤股份有限公司,"1/3焦煤|1级|国内",G3MMSY1,,火铺,"4","2026-07-16 18:59:45",,"5M",892810.0,采购中心,Mad,"1.38"
贵州盘江精煤股份有限公司,"1/3焦煤|1级|国内",G3MMSY1,,火铺,"4","2026-07-16 18:59:45",,"5M",892810.0,采购中心,St.d,"0.47"
贵州盘江精煤股份有限公司,"1/3焦煤|1级|国内",G3MMSY1,,火铺,"4","2026-07-16 18:59:45",,"5M",892810.0,采购中心,Vdaf,"30.21"
贵州盘江精煤股份有限公司,"1/3焦煤|1级|国内",G3MMSY1,,火铺,"4","2026-07-16 18:59:45",,"5M",892810.0,采购中心,水分,"13.6"
焦化厂,炼焦配合煤,A2MMJPM,,,"4","2026-07-16 16:27:17",喷吹用煤（原料）,,,采购中心,Ad,"10.02"
焦化厂,炼焦配合煤,A2MMJPM,,,"4","2026-07-16 16:27:17",喷吹用煤（原料）,,,采购中心,Ad,"10.67"
焦化厂,炼焦配合煤,A2MMJPM,,,"4","2026-07-16 16:27:17",喷吹用煤（原料）,,,采购中心,Ad,"10.35"
焦化厂,炼焦配合煤,A2MMJPM,,,"4","2026-07-16 16:27:17",喷吹用煤（原料）,,,采购中心,FCad,"63.36"
焦化厂,炼焦配合煤,A2MMJPM,,,"4","2026-07-16 16:27:17",喷吹用煤（原料）,,,采购中心,FCad,"71.98"
焦化厂,炼焦配合煤,A2MMJPM,,,"4","2026-07-16 16:27:17",喷吹用煤（原料）,,,采购中心,FCad,"63.89"
焦化厂,炼焦配合煤,A2MMJPM,,,"4","2026-07-16 16:27:17",喷吹用煤（原料）,,,采购中心,Mad,"1.30"
焦化厂,炼焦配合煤,A2MMJPM,,,"4","2026-07-16 16:27:17",喷吹用煤（原料）,,,采购中心,Mad,"1.60"
焦化厂,炼焦配合煤,A2MMJPM,,,"4","2026-07-16 16:27:17",喷吹用煤（原料）,,,采购中心,Mad,"1.18"
焦化厂,炼焦配合煤,A2MMJPM,,,"4","2026-07-16 16:27:17",喷吹用煤（原料）,,,采购中心,St.d,"0.68"
焦化厂,炼焦配合煤,A2MMJPM,,,"4","2026-07-16 16:27:17",喷吹用煤（原料）,,,采购中心,St.d,"1.93"
焦化厂,炼焦配合煤,A2MMJPM,,,"4","2026-07-16 16:27:17",喷吹用煤（原料）,,,采购中心,St.d,"0.29"
焦化厂,炼焦配合煤,A2MMJPM,,,"4","2026-07-16 16:27:17",喷吹用煤（原料）,,,采购中心,Vdaf,"19.05"
焦化厂,炼焦配合煤,A2MMJPM,,,"4","2026-07-16 16:27:17",喷吹用煤（原料）,,,采购中心,Vdaf,"27.31"
焦化厂,炼焦配合煤,A2MMJPM,,,"4","2026-07-16 16:27:17",喷吹用煤（原料）,,,采购中心,Vdaf,"28.39"
焦化厂,炼焦配合煤,A2MMJPM,,,"4","2026-07-16 16:27:17",喷吹用煤（原料）,,,采购中心,水分,"11.8"
焦化厂,炼焦配合煤,A2MMJPM,,,"4","2026-07-16 16:27:17",喷吹用煤（原料）,,,采购中心,水分,"8.4"
焦化厂,炼焦配合煤,A2MMJPM,,,"4","2026-07-16 16:27:17",喷吹用煤（原料）,,,采购中心,水分,"13.9"
贵州松河煤业发展有限责任公司,主焦煤|1级|国内,G3MMZJ1,,松河,"4","2026-07-16 14:47:57",,"1M",117490.0,采购中心,Ad,"10.23"
贵州松河煤业发展有限责任公司,主焦煤|1级|国内,G3MMZJ1,,松河,"4","2026-07-16 14:47:57",,"1M",117490.0,采购中心,FCad,"68.28"
贵州松河煤业发展有限责任公司,主焦煤|1级|国内,G3MMZJ1,,松河,"4","2026-07-16 14:47:57",,"1M",117490.0,采购中心,Mad,"1.33"
贵州松河煤业发展有限责任公司,主焦煤|1级|国内,G3MMZJ1,,松河,"4","2026-07-16 14:47:57",,"1M",117490.0,采购中心,St.d,"0.31"
贵州松河煤业发展有限责任公司,主焦煤|1级|国内,G3MMZJ1,,松河,"4","2026-07-16 14:47:57",,"1M",117490.0,采购中心,Vdaf,"22.92"
贵州松河煤业发展有限责任公司,主焦煤|1级|国内,G3MMZJ1,,松河,"4","2026-07-16 14:47:57",,"1M",117490.0,采购中心,水分,"14.3"
贵州松河煤业发展有限责任公司,主焦煤|1级|国内,G3MMZJ1,,松河,"4","2026-07-16 14:46:06",,"1M",313720.0,采购中心,Ad,"10.15"
贵州松河煤业发展有限责任公司,主焦煤|1级|国内,G3MMZJ1,,松河,"4","2026-07-16 14:46:06",,"1M",313720.0,采购中心,FCad,"68.26"
贵州松河煤业发展有限责任公司,主焦煤|1级|国内,G3MMZJ1,,松河,"4","2026-07-16 14:46:06",,"1M",313720.0,采购中心,Mad,"1.30"
贵州松河煤业发展有限责任公司,主焦煤|1级|国内,G3MMZJ1,,松河,"4","2026-07-16 14:46:06",,"1M",313720.0,采购中心,St.d,"0.31"
贵州松河煤业发展有限责任公司,主焦煤|1级|国内,G3MMZJ1,,松河,"4","2026-07-16 14:46:06",,"1M",313720.0,采购中心,Vdaf,"23.02"
贵州松河煤业发展有限责任公司,主焦煤|1级|国内,G3MMZJ1,,松河,"4","2026-07-16 14:46:06",,"1M",313720.0,采购中心,水分,"18.0"
广西柳钢国际贸易有限公司,主焦煤|1级|进口|蒙古5#,G3MMZJR,锦航力鲲,云约,"4","2026-07-16 14:43:13",,"1M",409710.0,采购中心,Ad,"10.64"
广西柳钢国际贸易有限公司,主焦煤|1级|进口|蒙古5#,G3MMZJR,锦航力鲲,云约,"4","2026-07-16 14:43:13",,"1M",409710.0,采购中心,FCad,"67.40"
广西柳钢国际贸易有限公司,主焦煤|1级|进口|蒙古5#,G3MMZJR,锦航力鲲,云约,"4","2026-07-16 14:43:13",,"1M",409710.0,采购中心,Mad,"1.75"
广西柳钢国际贸易有限公司,主焦煤|1级|进口|蒙古5#,G3MMZJR,锦航力鲲,云约,"4","2026-07-16 14:43:13",,"1M",409710.0,采购中心,St.d,"0.67"
广西柳钢国际贸易有限公司,主焦煤|1级|进口|蒙古5#,G3MMZJR,锦航力鲲,云约,"4","2026-07-16 14:43:13",,"1M",409710.0,采购中心,Vdaf,"23.24"
广西柳钢国际贸易有限公司,主焦煤|1级|进口|蒙古5#,G3MMZJR,锦航力鲲,云约,"4","2026-07-16 14:43:13",,"1M",409710.0,采购中心,水分,"10.5"
四川省煤炭产业集团有限责任公司营销分公司,瘦焦煤|1级|国内,G3MMSJ1,,格里坪,"4","2026-07-16 13:43:43",,A2,265070.0,采购中心,Ad,"9.45"
四川省煤炭产业集团有限责任公司营销分公司,瘦焦煤|1级|国内,G3MMSJ1,,格里坪,"4","2026-07-16 13:43:43",,A2,265070.0,采购中心,FCad,"72.71"
四川省煤炭产业集团有限责任公司营销分公司,瘦焦煤|1级|国内,G3MMSJ1,,格里坪,"4","2026-07-16 13:43:43",,A2,265070.0,采购中心,Mad,"1.04"
四川省煤炭产业集团有限责任公司营销分公司,瘦焦煤|1级|国内,G3MMSJ1,,格里坪,"4","2026-07-16 13:43:43",,A2,265070.0,采购中心,St.d,"0.53"
四川省煤炭产业集团有限责任公司营销分公司,瘦焦煤|1级|国内,G3MMSJ1,,格里坪,"4","2026-07-16 13:43:43",,A2,265070.0,采购中心,Vdaf,"18.86"
四川省煤炭产业集团有限责任公司营销分公司,瘦焦煤|1级|国内,G3MMSJ1,,格里坪,"4","2026-07-16 13:43:43",,A2,265070.0,采购中心,水分,"10.2"
贵州松河煤业发展有限责任公司,主焦煤|1级|国内,G3MMZJ1,,松河,"4","2026-07-16 11:34:52",,A2,1152780.0,采购中心,Ad,"10.49"
贵州松河煤业发展有限责任公司,主焦煤|1级|国内,G3MMZJ1,,松河,"4","2026-07-16 11:34:52",,A2,1152780.0,采购中心,FCad,"68.17"
贵州松河煤业发展有限责任公司,主焦煤|1级|国内,G3MMZJ1,,松河,"4","2026-07-16 11:34:52",,A2,1152780.0,采购中心,Mad,"1.30"
贵州松河煤业发展有限责任公司,主焦煤|1级|国内,G3MMZJ1,,松河,"4","2026-07-16 11:34:52",,A2,1152780.0,采购中心,St.d,"0.31"
贵州松河煤业发展有限责任公司,主焦煤|1级|国内,G3MMZJ1,,松河,"4","2026-07-16 11:34:52",,A2,1152780.0,采购中心,Vdaf,"22.84"
贵州松河煤业发展有限责任公司,主焦煤|1级|国内,G3MMZJ1,,松河,"4","2026-07-16 11:34:52",,A2,1152780.0,采购中心,水分,"14.7"
湖南湘煤精煤有限公司,主焦煤|1级|国内,G3MMZJ1,,三都,"4","2026-07-16 11:33:08",,"1M",474950.0,采购中心,Ad,"10.04"
湖南湘煤精煤有限公司,主焦煤|1级|国内,G3MMZJ1,,三都,"4","2026-07-16 11:33:08",,"1M",474950.0,采购中心,FCad,"64.90"
湖南湘煤精煤有限公司,主焦煤|1级|国内,G3MMZJ1,,三都,"4","2026-07-16 11:33:08",,"1M",474950.0,采购中心,Mad,"1.19"
湖南湘煤精煤有限公司,主焦煤|1级|国内,G3MMZJ1,,三都,"4","2026-07-16 11:33:08",,"1M",474950.0,采购中心,St.d,"0.66"
湖南湘煤精煤有限公司,主焦煤|1级|国内,G3MMZJ1,,三都,"4","2026-07-16 11:33:08",,"1M",474950.0,采购中心,Vdaf,"26.99"
湖南湘煤精煤有限公司,主焦煤|1级|国内,G3MMZJ1,,三都,"4","2026-07-16 11:33:08",,"1M",474950.0,采购中心,水分,"13.7"
重庆百丰实业有限公司,主焦煤|2级|国内,G3MMZJD,,松坎,"4","2026-07-16 11:19:41",,"4M",139480.0,采购中心,Ad,"11.52"
重庆百丰实业有限公司,主焦煤|2级|国内,G3MMZJD,,松坎,"4","2026-07-16 11:19:41",,"4M",139480.0,采购中心,FCad,"69.07"
重庆百丰实业有限公司,主焦煤|2级|国内,G3MMZJD,,松坎,"4","2026-07-16 11:19:41",,"4M",139480.0,采购中心,Mad,"1.17"
重庆百丰实业有限公司,主焦煤|2级|国内,G3MMZJD,,松坎,"4","2026-07-16 11:19:41",,"4M",139480.0,采购中心,St.d,"1.61"
重庆百丰实业有限公司,主焦煤|2级|国内,G3MMZJD,,松坎,"4","2026-07-16 11:19:41",,"4M",139480.0,采购中心,Vdaf,"21.01"
重庆百丰实业有限公司,主焦煤|2级|国内,G3MMZJD,,松坎,"4","2026-07-16 11:19:41",,"4M",139480.0,采购中心,水分,"12.9"
重庆皓联实业（集团）有限公司,主焦煤|2级|国内,G3MMZJD,,松坎,"4","2026-07-16 11:17:21",,"4M",692770.0,采购中心,Ad,"11.81"
重庆皓联实业（集团）有限公司,主焦煤|2级|国内,G3MMZJD,,松坎,"4","2026-07-16 11:17:21",,"4M",692770.0,采购中心,FCad,"68.96"
重庆皓联实业（集团）有限公司,主焦煤|2级|国内,G3MMZJD,,松坎,"4","2026-07-16 11:17:21",,"4M",692770.0,采购中心,Mad,"1.20"
重庆皓联实业（集团）有限公司,主焦煤|2级|国内,G3MMZJD,,松坎,"4","2026-07-16 11:17:21",,"4M",692770.0,采购中心,St.d,"1.56"
重庆皓联实业（集团）有限公司,主焦煤|2级|国内,G3MMZJD,,松坎,"4","2026-07-16 11:17:21",,"4M",692770.0,采购中心,Vdaf,"20.85"
重庆皓联实业（集团）有限公司,主焦煤|2级|国内,G3MMZJD,,松坎,"4","2026-07-16 11:17:21",,"4M",692770.0,采购中心,水分,"14.8"
贵州盘江精煤股份有限公司,"1/3焦煤|1级|国内",G3MMSY1,,柏果,"4","2026-07-16 09:35:09",,"5M",445060.0,采购中心,Ad,"10.34"
贵州盘江精煤股份有限公司,"1/3焦煤|1级|国内",G3MMSY1,,柏果,"4","2026-07-16 09:35:09",,"5M",445060.0,采购中心,FCad,"62.61"
贵州盘江精煤股份有限公司,"1/3焦煤|1级|国内",G3MMSY1,,柏果,"4","2026-07-16 09:35:09",,"5M",445060.0,采购中心,Mad,"1.20"
贵州盘江精煤股份有限公司,"1/3焦煤|1级|国内",G3MMSY1,,柏果,"4","2026-07-16 09:35:09",,"5M",445060.0,采购中心,St.d,"0.27"
贵州盘江精煤股份有限公司,"1/3焦煤|1级|国内",G3MMSY1,,柏果,"4","2026-07-16 09:35:09",,"5M",445060.0,采购中心,Vdaf,"29.32"
贵州盘江精煤股份有限公司,"1/3焦煤|1级|国内",G3MMSY1,,柏果,"4","2026-07-16 09:35:09",,"5M",445060.0,采购中心,水分,"9.4"
湖南湘煤精煤有限公司,主焦煤|1级|国内,G3MMZJ1,,三都,"4","2026-07-16 09:07:44",,"1M",209000.0,采购中心,Ad,"10.27"
湖南湘煤精煤有限公司,主焦煤|1级|国内,G3MMZJ1,,三都,"4","2026-07-16 09:07:44",,"1M",209000.0,采购中心,FCad,"64.28"
湖南湘煤精煤有限公司,主焦煤|1级|国内,G3MMZJ1,,三都,"4","2026-07-16 09:07:44",,"1M",209000.0,采购中心,Mad,"1.34"
湖南湘煤精煤有限公司,主焦煤|1级|国内,G3MMZJ1,,三都,"4","2026-07-16 09:07:44",,"1M",209000.0,采购中心,St.d,"0.70"
湖南湘煤精煤有限公司,主焦煤|1级|国内,G3MMZJ1,,三都,"4","2026-07-16 09:07:44",,"1M",209000.0,采购中心,Vdaf,"27.39"
湖南湘煤精煤有限公司,主焦煤|1级|国内,G3MMZJ1,,三都,"4","2026-07-16 09:07:44",,"1M",209000.0,采购中心,水分,"13.7"
广西柳钢国际贸易有限公司,肥煤|国内,G3MMFF1,,宝丰,"4","2026-07-16 08:48:07",,"1M",418490.0,采购中心,Ad,"10.93"
广西柳钢国际贸易有限公司,肥煤|国内,G3MMFF1,,宝丰,"4","2026-07-16 08:48:07",,"1M",418490.0,采购中心,FCad,"61.35"
广西柳钢国际贸易有限公司,肥煤|国内,G3MMFF1,,宝丰,"4","2026-07-16 08:48:07",,"1M",418490.0,采购中心,Mad,"1.35"
广西柳钢国际贸易有限公司,肥煤|国内,G3MMFF1,,宝丰,"4","2026-07-16 08:48:07",,"1M",418490.0,采购中心,St.d,"2.28"
广西柳钢国际贸易有限公司,肥煤|国内,G3MMFF1,,宝丰,"4","2026-07-16 08:48:07",,"1M",418490.0,采购中心,Vdaf,"30.18"
广西柳钢国际贸易有限公司,肥煤|国内,G3MMFF1,,宝丰,"4","2026-07-16 08:48:07",,"1M",418490.0,采购中心,水分,"13.4"
广西柳钢国际贸易有限公司,国内烧结无烟煤,G3MMSWM,,嘉峰,"4","2026-07-16 07:10:26",,,69770.0,采购中心,Ad,"10.35"
广西柳钢国际贸易有限公司,国内烧结无烟煤,G3MMSWM,,嘉峰,"4","2026-07-16 07:10:26",,,69770.0,采购中心,FCad,"80.74"
广西柳钢国际贸易有限公司,国内烧结无烟煤,G3MMSWM,,嘉峰,"4","2026-07-16 07:10:26",,,69770.0,采购中心,Mad,"3.60"
广西柳钢国际贸易有限公司,国内烧结无烟煤,G3MMSWM,,嘉峰,"4","2026-07-16 07:10:26",,,69770.0,采购中心,St.d,"0.40"
广西柳钢国际贸易有限公司,国内烧结无烟煤,G3MMSWM,,嘉峰,"4","2026-07-16 07:10:26",,,69770.0,采购中心,Vdaf,"6.57"
广西柳钢国际贸易有限公司,国内烧结无烟煤,G3MMSWM,,嘉峰,"4","2026-07-16 07:10:26",,,69770.0,采购中心,水分,"6.0"
湖南湘煤精煤有限公司,主焦煤|1级|国内,G3MMZJ1,,三都,"4","2026-07-16 06:33:31",,A2,514360.0,采购中心,Ad,"10.35"
湖南湘煤精煤有限公司,主焦煤|1级|国内,G3MMZJ1,,三都,"4","2026-07-16 06:33:31",,A2,514360.0,采购中心,FCad,"64.90"
湖南湘煤精煤有限公司,主焦煤|1级|国内,G3MMZJ1,,三都,"4","2026-07-16 06:33:31",,A2,514360.0,采购中心,Mad,"1.29"
湖南湘煤精煤有限公司,主焦煤|1级|国内,G3MMZJ1,,三都,"4","2026-07-16 06:33:31",,A2,514360.0,采购中心,St.d,"0.58"
湖南湘煤精煤有限公司,主焦煤|1级|国内,G3MMZJ1,,三都,"4","2026-07-16 06:33:31",,A2,514360.0,采购中心,Vdaf,"26.66"
湖南湘煤精煤有限公司,主焦煤|1级|国内,G3MMZJ1,,三都,"4","2026-07-16 06:33:31",,A2,514360.0,采购中心,水分,"14.1"
四川省煤炭产业集团有限责任公司营销分公司,"1/3焦煤|3级|国内",G3MMSY5,,渡市,"4","2026-07-16 06:04:13",,"4M",346640.0,采购中心,Ad,"9.74"
四川省煤炭产业集团有限责任公司营销分公司,"1/3焦煤|3级|国内",G3MMSY5,,渡市,"4","2026-07-16 06:04:13",,"4M",346640.0,采购中心,FCad,"62.54"
四川省煤炭产业集团有限责任公司营销分公司,"1/3焦煤|3级|国内",G3MMSY5,,渡市,"4","2026-07-16 06:04:13",,"4M",346640.0,采购中心,Mad,"1.86"
四川省煤炭产业集团有限责任公司营销分公司,"1/3焦煤|3级|国内",G3MMSY5,,渡市,"4","2026-07-16 06:04:13",,"4M",346640.0,采购中心,St.d,"0.59"
四川省煤炭产业集团有限责任公司营销分公司,"1/3焦煤|3级|国内",G3MMSY5,,渡市,"4","2026-07-16 06:04:13",,"4M",346640.0,采购中心,Vdaf,"29.39"
四川省煤炭产业集团有限责任公司营销分公司,"1/3焦煤|3级|国内",G3MMSY5,,渡市,"4","2026-07-16 06:04:13",,"4M",346640.0,采购中心,水分,"10.8"
湖南湘煤精煤有限公司,主焦煤|1级|国内,G3MMZJ1,,三都,"4","2026-07-16 04:33:57",,"1M",61440.0,采购中心,Ad,"10.38"
湖南湘煤精煤有限公司,主焦煤|1级|国内,G3MMZJ1,,三都,"4","2026-07-16 04:33:57",,"1M",61440.0,采购中心,FCad,"64.27"
湖南湘煤精煤有限公司,主焦煤|1级|国内,G3MMZJ1,,三都,"4","2026-07-16 04:33:57",,"1M",61440.0,采购中心,Mad,"1.32"
湖南湘煤精煤有限公司,主焦煤|1级|国内,G3MMZJ1,,三都,"4","2026-07-16 04:33:57",,"1M",61440.0,采购中心,St.d,"0.67"
湖南湘煤精煤有限公司,主焦煤|1级|国内,G3MMZJ1,,三都,"4","2026-07-16 04:33:57",,"1M",61440.0,采购中心,Vdaf,"27.33"
湖南湘煤精煤有限公司,主焦煤|1级|国内,G3MMZJ1,,三都,"4","2026-07-16 04:33:57",,"1M",61440.0,采购中心,水分,"15.1"
广西柳钢国际贸易有限公司,肥煤|国内,G3MMFF1,,宝丰,"4","2026-07-16 04:32:15",,"1M",542040.0,采购中心,Ad,"10.46"
广西柳钢国际贸易有限公司,肥煤|国内,G3MMFF1,,宝丰,"4","2026-07-16 04:32:15",,"1M",542040.0,采购中心,FCad,"61.59"
广西柳钢国际贸易有限公司,肥煤|国内,G3MMFF1,,宝丰,"4","2026-07-16 04:32:15",,"1M",542040.0,采购中心,Mad,"1.59"
广西柳钢国际贸易有限公司,肥煤|国内,G3MMFF1,,宝丰,"4","2026-07-16 04:32:15",,"1M",542040.0,采购中心,St.d,"2.18"
广西柳钢国际贸易有限公司,肥煤|国内,G3MMFF1,,宝丰,"4","2026-07-16 04:32:15",,"1M",542040.0,采购中心,Vdaf,"30.11"
广西柳钢国际贸易有限公司,肥煤|国内,G3MMFF1,,宝丰,"4","2026-07-16 04:32:15",,"1M",542040.0,采购中心,水分,"13.9"
贵州盘江精煤股份有限公司,"1/3焦煤|1级|国内",G3MMSY1,,火铺,"4","2026-07-16 04:22:37",,"5M",582370.0,采购中心,Ad,"9.97"
贵州盘江精煤股份有限公司,"1/3焦煤|1级|国内",G3MMSY1,,火铺,"4","2026-07-16 04:22:37",,"5M",582370.0,采购中心,FCad,"61.72"
贵州盘江精煤股份有限公司,"1/3焦煤|1级|国内",G3MMSY1,,火铺,"4","2026-07-16 04:22:37",,"5M",582370.0,采购中心,Mad,"1.24"
贵州盘江精煤股份有限公司,"1/3焦煤|1级|国内",G3MMSY1,,火铺,"4","2026-07-16 04:22:37",,"5M",582370.0,采购中心,St.d,"0.41"
贵州盘江精煤股份有限公司,"1/3焦煤|1级|国内",G3MMSY1,,火铺,"4","2026-07-16 04:22:37",,"5M",582370.0,采购中心,Vdaf,"30.57"
贵州盘江精煤股份有限公司,"1/3焦煤|1级|国内",G3MMSY1,,火铺,"4","2026-07-16 04:22:37",,"5M",582370.0,采购中心,水分,"14.6"
贵州松河煤业发展有限责任公司,主焦煤|1级|国内,G3MMZJ1,,松河,"4","2026-07-16 03:20:15",,A2,1108340.0,采购中心,Ad,"10.42"
贵州松河煤业发展有限责任公司,主焦煤|1级|国内,G3MMZJ1,,松河,"4","2026-07-16 03:20:15",,A2,1108340.0,采购中心,FCad,"68.29"
贵州松河煤业发展有限责任公司,主焦煤|1级|国内,G3MMZJ1,,松河,"4","2026-07-16 03:20:15",,A2,1108340.0,采购中心,Mad,"1.18"
贵州松河煤业发展有限责任公司,主焦煤|1级|国内,G3MMZJ1,,松河,"4","2026-07-16 03:20:15",,A2,1108340.0,采购中心,St.d,"0.31"
贵州松河煤业发展有限责任公司,主焦煤|1级|国内,G3MMZJ1,,松河,"4","2026-07-16 03:20:15",,A2,1108340.0,采购中心,Vdaf,"22.85"
贵州松河煤业发展有限责任公司,主焦煤|1级|国内,G3MMZJ1,,松河,"4","2026-07-16 03:20:15",,A2,1108340.0,采购中心,水分,"15.8"
广西柳钢国际贸易有限公司,肥煤|国内,G3MMFF1,,宝丰,"4","2026-07-16 02:03:50",,"1M",619840.0,采购中心,Ad,"10.30"
广西柳钢国际贸易有限公司,肥煤|国内,G3MMFF1,,宝丰,"4","2026-07-16 02:03:50",,"1M",619840.0,采购中心,FCad,"62.57"
广西柳钢国际贸易有限公司,肥煤|国内,G3MMFF1,,宝丰,"4","2026-07-16 02:03:50",,"1M",619840.0,采购中心,Mad,"0.91"
广西柳钢国际贸易有限公司,肥煤|国内,G3MMFF1,,宝丰,"4","2026-07-16 02:03:50",,"1M",619840.0,采购中心,St.d,"2.43"
广西柳钢国际贸易有限公司,肥煤|国内,G3MMFF1,,宝丰,"4","2026-07-16 02:03:50",,"1M",619840.0,采购中心,Vdaf,"29.60"
广西柳钢国际贸易有限公司,肥煤|国内,G3MMFF1,,宝丰,"4","2026-07-16 02:03:50",,"1M",619840.0,采购中心,水分,"10.9"
广西柳钢国际贸易有限公司,贫瘦煤|国内|低挥发,G3MMPS11,,东田良,"4","2026-07-16 01:21:40",,A2,357990.0,采购中心,Ad,"10.27"
广西柳钢国际贸易有限公司,贫瘦煤|国内|低挥发,G3MMPS11,,东田良,"4","2026-07-16 01:21:40",,A2,357990.0,采购中心,FCad,"78.63"
广西柳钢国际贸易有限公司,贫瘦煤|国内|低挥发,G3MMPS11,,东田良,"4","2026-07-16 01:21:40",,A2,357990.0,采购中心,Mad,"1.70"
广西柳钢国际贸易有限公司,贫瘦煤|国内|低挥发,G3MMPS11,,东田良,"4","2026-07-16 01:21:40",,A2,357990.0,采购中心,St.d,"0.36"
广西柳钢国际贸易有限公司,贫瘦煤|国内|低挥发,G3MMPS11,,东田良,"4","2026-07-16 01:21:40",,A2,357990.0,采购中心,Vdaf,"10.85"
广西柳钢国际贸易有限公司,贫瘦煤|国内|低挥发,G3MMPS11,,东田良,"4","2026-07-16 01:21:40",,A2,357990.0,采购中心,水分,"9.0"
广西柳钢国际贸易有限公司,贫瘦煤|国内|低挥发,G3MMPS11,,东田良,"4","2026-07-16 01:04:12",,A2,357990.0,采购中心,Ad,"10.37"
广西柳钢国际贸易有限公司,贫瘦煤|国内|低挥发,G3MMPS11,,东田良,"4","2026-07-16 01:04:12",,A2,357990.0,采购中心,FCad,"78.69"
广西柳钢国际贸易有限公司,贫瘦煤|国内|低挥发,G3MMPS11,,东田良,"4","2026-07-16 01:04:12",,A2,357990.0,采购中心,Mad,"1.66"
广西柳钢国际贸易有限公司,贫瘦煤|国内|低挥发,G3MMPS11,,东田良,"4","2026-07-16 01:04:12",,A2,357990.0,采购中心,St.d,"0.37"
广西柳钢国际贸易有限公司,贫瘦煤|国内|低挥发,G3MMPS11,,东田良,"4","2026-07-16 01:04:12",,A2,357990.0,采购中心,Vdaf,"10.72"
广西柳钢国际贸易有限公司,贫瘦煤|国内|低挥发,G3MMPS11,,东田良,"4","2026-07-16 01:04:12",,A2,357990.0,采购中心,水分,"8.4"
广西柳钢国际贸易有限公司,肥煤|国内,G3MMFF1,,宝丰,"4","2026-07-15 22:43:17",,"1M",635520.0,采购中心,Ad,"10.29"
广西柳钢国际贸易有限公司,肥煤|国内,G3MMFF1,,宝丰,"4","2026-07-15 22:43:17",,"1M",635520.0,采购中心,FCad,"61.38"
广西柳钢国际贸易有限公司,肥煤|国内,G3MMFF1,,宝丰,"4","2026-07-15 22:43:17",,"1M",635520.0,采购中心,Mad,"1.00"
广西柳钢国际贸易有限公司,肥煤|国内,G3MMFF1,,宝丰,"4","2026-07-15 22:43:17",,"1M",635520.0,采购中心,St.d,"2.20"
广西柳钢国际贸易有限公司,肥煤|国内,G3MMFF1,,宝丰,"4","2026-07-15 22:43:17",,"1M",635520.0,采购中心,Vdaf,"30.89"
广西柳钢国际贸易有限公司,肥煤|国内,G3MMFF1,,宝丰,"4","2026-07-15 22:43:17",,"1M",635520.0,采购中心,水分,"13.7"
河南天元清洁能源有限公司,贫瘦煤|国内,G3MMPS1,,苏桥,"4","2026-07-15 22:00:14",,A7,941710.0,采购中心,Ad,"10.06"
河南天元清洁能源有限公司,贫瘦煤|国内,G3MMPS1,,苏桥,"4","2026-07-15 22:00:14",,A7,941710.0,采购中心,FCad,"77.19"
河南天元清洁能源有限公司,贫瘦煤|国内,G3MMPS1,,苏桥,"4","2026-07-15 22:00:14",,A7,941710.0,采购中心,Mad,"1.62"
河南天元清洁能源有限公司,贫瘦煤|国内,G3MMPS1,,苏桥,"4","2026-07-15 22:00:14",,A7,941710.0,采购中心,St.d,"0.36"
河南天元清洁能源有限公司,贫瘦煤|国内,G3MMPS1,,苏桥,"4","2026-07-15 22:00:14",,A7,941710.0,采购中心,Vdaf,"12.76"
河南天元清洁能源有限公司,贫瘦煤|国内,G3MMPS1,,苏桥,"4","2026-07-15 22:00:14",,A7,941710.0,采购中心,水分,"17.1"
西部红果煤炭交易有限公司,主焦煤|1级|国内,G3MMZJ1,,柏果,"4","2026-07-15 21:49:45",,"4M",476600.0,采购中心,Ad,"10.75"
西部红果煤炭交易有限公司,主焦煤|1级|国内,G3MMZJ1,,柏果,"4","2026-07-15 21:49:45",,"4M",476600.0,采购中心,FCad,"69.85"
西部红果煤炭交易有限公司,主焦煤|1级|国内,G3MMZJ1,,柏果,"4","2026-07-15 21:49:45",,"4M",476600.0,采购中心,Mad,"1.93"
西部红果煤炭交易有限公司,主焦煤|1级|国内,G3MMZJ1,,柏果,"4","2026-07-15 21:49:45",,"4M",476600.0,采购中心,St.d,"0.43"
西部红果煤炭交易有限公司,主焦煤|1级|国内,G3MMZJ1,,柏果,"4","2026-07-15 21:49:45",,"4M",476600.0,采购中心,Vdaf,"20.20"
西部红果煤炭交易有限公司,主焦煤|1级|国内,G3MMZJ1,,柏果,"4","2026-07-15 21:49:45",,"4M",476600.0,采购中心,水分,"15.1"
四川省煤炭产业集团有限责任公司营销分公司,"1/3焦煤|3级|国内",G3MMSY5,,渡市,"4","2026-07-15 21:47:02",,"4M",134050.0,采购中心,Ad,"9.63"
四川省煤炭产业集团有限责任公司营销分公司,"1/3焦煤|3级|国内",G3MMSY5,,渡市,"4","2026-07-15 21:47:02",,"4M",134050.0,采购中心,FCad,"62.62"
四川省煤炭产业集团有限责任公司营销分公司,"1/3焦煤|3级|国内",G3MMSY5,,渡市,"4","2026-07-15 21:47:02",,"4M",134050.0,采购中心,Mad,"1.80"
四川省煤炭产业集团有限责任公司营销分公司,"1/3焦煤|3级|国内",G3MMSY5,,渡市,"4","2026-07-15 21:47:02",,"4M",134050.0,采购中心,St.d,"0.57"
四川省煤炭产业集团有限责任公司营销分公司,"1/3焦煤|3级|国内",G3MMSY5,,渡市,"4","2026-07-15 21:47:02",,"4M",134050.0,采购中心,Vdaf,"29.43"
四川省煤炭产业集团有限责任公司营销分公司,"1/3焦煤|3级|国内",G3MMSY5,,渡市,"4","2026-07-15 21:47:02",,"4M",134050.0,采购中心,水分,"10.3"
广西钢铁集团有限公司,主焦煤|2级|进口|澳洲|GLV Prime,G3MMZJ8,瑞海,云约,"4","2026-07-15 21:10:54",,,218360.0,采购中心,水分,"12.6"
广西柳钢国际贸易有限公司,肥煤|国内,G3MMFF1,,宝丰,"4","2026-07-15 19:22:40",,"1M",625970.0,采购中心,Ad,"10.59"
广西柳钢国际贸易有限公司,肥煤|国内,G3MMFF1,,宝丰,"4","2026-07-15 19:22:40",,"1M",625970.0,采购中心,FCad,"61.62"
广西柳钢国际贸易有限公司,肥煤|国内,G3MMFF1,,宝丰,"4","2026-07-15 19:22:40",,"1M",625970.0,采购中心,Mad,"1.31"
广西柳钢国际贸易有限公司,肥煤|国内,G3MMFF1,,宝丰,"4","2026-07-15 19:22:40",,"1M",625970.0,采购中心,St.d,"2.37"
广西柳钢国际贸易有限公司,肥煤|国内,G3MMFF1,,宝丰,"4","2026-07-15 19:22:40",,"1M",625970.0,采购中心,Vdaf,"30.17"
广西柳钢国际贸易有限公司,肥煤|国内,G3MMFF1,,宝丰,"4","2026-07-15 19:22:40",,"1M",625970.0,采购中心,水分,"12.7"
焦化厂,炼焦配合煤,A2MMJPM,,,"4","2026-07-15 16:26:50",喷吹用煤（原料）,,,采购中心,Ad,"10.07"
焦化厂,炼焦配合煤,A2MMJPM,,,"4","2026-07-15 16:26:50",喷吹用煤（原料）,,,采购中心,Ad,"11.97"
焦化厂,炼焦配合煤,A2MMJPM,,,"4","2026-07-15 16:26:50",喷吹用煤（原料）,,,采购中心,Ad,"10.87"
焦化厂,炼焦配合煤,A2MMJPM,,,"4","2026-07-15 16:26:50",喷吹用煤（原料）,,,采购中心,FCad,"63.61"
焦化厂,炼焦配合煤,A2MMJPM,,,"4","2026-07-15 16:26:50",喷吹用煤（原料）,,,采购中心,FCad,"72.33"
焦化厂,炼焦配合煤,A2MMJPM,,,"4","2026-07-15 16:26:50",喷吹用煤（原料）,,,采购中心,FCad,"63.81"
焦化厂,炼焦配合煤,A2MMJPM,,,"4","2026-07-15 16:26:50",喷吹用煤（原料）,,,采购中心,Mad,"1.11"
焦化厂,炼焦配合煤,A2MMJPM,,,"4","2026-07-15 16:26:50",喷吹用煤（原料）,,,采购中心,Mad,"2.06"
焦化厂,炼焦配合煤,A2MMJPM,,,"4","2026-07-15 16:26:50",喷吹用煤（原料）,,,采购中心,Mad,"1.30"
焦化厂,炼焦配合煤,A2MMJPM,,,"4","2026-07-15 16:26:50",喷吹用煤（原料）,,,采购中心,St.d,"1.32"
焦化厂,炼焦配合煤,A2MMJPM,,,"4","2026-07-15 16:26:50",喷吹用煤（原料）,,,采购中心,St.d,"0.64"
焦化厂,炼焦配合煤,A2MMJPM,,,"4","2026-07-15 16:26:50",喷吹用煤（原料）,,,采购中心,St.d,"2.68"
焦化厂,炼焦配合煤,A2MMJPM,,,"4","2026-07-15 16:26:50",喷吹用煤（原料）,,,采购中心,Vdaf,"26.90"
焦化厂,炼焦配合煤,A2MMJPM,,,"4","2026-07-15 16:26:50",喷吹用煤（原料）,,,采购中心,Vdaf,"28.33"
焦化厂,炼焦配合煤,A2MMJPM,,,"4","2026-07-15 16:26:50",喷吹用煤（原料）,,,采购中心,Vdaf,"16.91"
焦化厂,炼焦配合煤,A2MMJPM,,,"4","2026-07-15 16:26:50",喷吹用煤（原料）,,,采购中心,水分,"9.4"
焦化厂,炼焦配合煤,A2MMJPM,,,"4","2026-07-15 16:26:50",喷吹用煤（原料）,,,采购中心,水分,"12.1"
焦化厂,炼焦配合煤,A2MMJPM,,,"4","2026-07-15 16:26:50",喷吹用煤（原料）,,,采购中心,水分,"11.5"
四川省煤炭产业集团有限责任公司营销分公司,瘦焦煤|1级|国内,G3MMSJ1,,巴关河,"4","2026-07-15 15:26:39",,"1M",658000.0,采购中心,Ad,"9.62"
四川省煤炭产业集团有限责任公司营销分公司,瘦焦煤|1级|国内,G3MMSJ1,,巴关河,"4","2026-07-15 15:26:39",,"1M",658000.0,采购中心,FCad,"74.06"
四川省煤炭产业集团有限责任公司营销分公司,瘦焦煤|1级|国内,G3MMSJ1,,巴关河,"4","2026-07-15 15:26:39",,"1M",658000.0,采购中心,Mad,"1.05"
四川省煤炭产业集团有限责任公司营销分公司,瘦焦煤|1级|国内,G3MMSJ1,,巴关河,"4","2026-07-15 15:26:39",,"1M",658000.0,采购中心,St.d,"0.50"
四川省煤炭产业集团有限责任公司营销分公司,瘦焦煤|1级|国内,G3MMSJ1,,巴关河,"4","2026-07-15 15:26:39",,"1M",658000.0,采购中心,Vdaf,"17.19"
四川省煤炭产业集团有限责任公司营销分公司,瘦焦煤|1级|国内,G3MMSJ1,,巴关河,"4","2026-07-15 15:26:39",,"1M",658000.0,采购中心,水分,"16.2"
贵州盘江精煤股份有限公司,"1/3焦煤|1级|国内",G3MMSY1,,火铺,"4","2026-07-15 14:53:31",,"5M",637200.0,采购中心,Ad,"10.44"
贵州盘江精煤股份有限公司,"1/3焦煤|1级|国内",G3MMSY1,,火铺,"4","2026-07-15 14:53:31",,"5M",637200.0,采购中心,FCad,"61.61"
贵州盘江精煤股份有限公司,"1/3焦煤|1级|国内",G3MMSY1,,火铺,"4","2026-07-15 14:53:31",,"5M",637200.0,采购中心,Mad,"1.45"
贵州盘江精煤股份有限公司,"1/3焦煤|1级|国内",G3MMSY1,,火铺,"4","2026-07-15 14:53:31",,"5M",637200.0,采购中心,St.d,"0.44"
贵州盘江精煤股份有限公司,"1/3焦煤|1级|国内",G3MMSY1,,火铺,"4","2026-07-15 14:53:31",,"5M",637200.0,采购中心,Vdaf,"30.20"
贵州盘江精煤股份有限公司,"1/3焦煤|1级|国内",G3MMSY1,,火铺,"4","2026-07-15 14:53:31",,"5M",637200.0,采购中心,水分,"16.1"
广西柳钢国际贸易有限公司,肥煤|国内,G3MMFF1,,宝丰,"4","2026-07-15 12:12:39",,"1M",344050.0,采购中心,Ad,"10.62"
广西柳钢国际贸易有限公司,肥煤|国内,G3MMFF1,,宝丰,"4","2026-07-15 12:12:39",,"1M",344050.0,采购中心,FCad,"62.10"
广西柳钢国际贸易有限公司,肥煤|国内,G3MMFF1,,宝丰,"4","2026-07-15 12:12:39",,"1M",344050.0,采购中心,Mad,"1.04"
广西柳钢国际贸易有限公司,肥煤|国内,G3MMFF1,,宝丰,"4","2026-07-15 12:12:39",,"1M",344050.0,采购中心,St.d,"2.26"
广西柳钢国际贸易有限公司,肥煤|国内,G3MMFF1,,宝丰,"4","2026-07-15 12:12:39",,"1M",344050.0,采购中心,Vdaf,"29.79"
广西柳钢国际贸易有限公司,肥煤|国内,G3MMFF1,,宝丰,"4","2026-07-15 12:12:39",,"1M",344050.0,采购中心,水分,"13.1"
贵州松河煤业发展有限责任公司,主焦煤|1级|国内,G3MMZJ1,,松河,"4","2026-07-15 12:10:53",,"1M",135490.0,采购中心,Ad,"10.32"
贵州松河煤业发展有限责任公司,主焦煤|1级|国内,G3MMZJ1,,松河,"4","2026-07-15 12:10:53",,"1M",135490.0,采购中心,FCad,"68.08"
贵州松河煤业发展有限责任公司,主焦煤|1级|国内,G3MMZJ1,,松河,"4","2026-07-15 12:10:53",,"1M",135490.0,采购中心,Mad,"1.25"
贵州松河煤业发展有限责任公司,主焦煤|1级|国内,G3MMZJ1,,松河,"4","2026-07-15 12:10:53",,"1M",135490.0,采购中心,St.d,"0.31"
贵州松河煤业发展有限责任公司,主焦煤|1级|国内,G3MMZJ1,,松河,"4","2026-07-15 12:10:53",,"1M",135490.0,采购中心,Vdaf,"23.13"
贵州松河煤业发展有限责任公司,主焦煤|1级|国内,G3MMZJ1,,松河,"4","2026-07-15 12:10:53",,"1M",135490.0,采购中心,水分,"13.5"
贵州盘江精煤股份有限公司,"1/3焦煤|1级|国内",G3MMSY1,,柏果,"4","2026-07-15 12:08:59",,"1M",139250.0,采购中心,Ad,"10.31"
贵州盘江精煤股份有限公司,"1/3焦煤|1级|国内",G3MMSY1,,柏果,"4","2026-07-15 12:08:59",,"1M",139250.0,采购中心,FCad,"63.29"
贵州盘江精煤股份有限公司,"1/3焦煤|1级|国内",G3MMSY1,,柏果,"4","2026-07-15 12:08:59",,"1M",139250.0,采购中心,Mad,"1.28"
贵州盘江精煤股份有限公司,"1/3焦煤|1级|国内",G3MMSY1,,柏果,"4","2026-07-15 12:08:59",,"1M",139250.0,采购中心,St.d,"0.25"
贵州盘江精煤股份有限公司,"1/3焦煤|1级|国内",G3MMSY1,,柏果,"4","2026-07-15 12:08:59",,"1M",139250.0,采购中心,Vdaf,"28.52"
贵州盘江精煤股份有限公司,"1/3焦煤|1级|国内",G3MMSY1,,柏果,"4","2026-07-15 12:08:59",,"1M",139250.0,采购中心,水分,"12.7"
贵州盘江精煤股份有限公司,"1/3焦煤|1级|国内",G3MMSY1,,火铺,"4","2026-07-15 11:32:10",,"5M",626490.0,采购中心,Ad,"10.22"
贵州盘江精煤股份有限公司,"1/3焦煤|1级|国内",G3MMSY1,,火铺,"4","2026-07-15 11:32:10",,"5M",626490.0,采购中心,FCad,"62.50"
贵州盘江精煤股份有限公司,"1/3焦煤|1级|国内",G3MMSY1,,火铺,"4","2026-07-15 11:32:10",,"5M",626490.0,采购中心,Mad,"1.30"
贵州盘江精煤股份有限公司,"1/3焦煤|1级|国内",G3MMSY1,,火铺,"4","2026-07-15 11:32:10",,"5M",626490.0,采购中心,St.d,"0.41"
贵州盘江精煤股份有限公司,"1/3焦煤|1级|国内",G3MMSY1,,火铺,"4","2026-07-15 11:32:10",,"5M",626490.0,采购中心,Vdaf,"29.46"
贵州盘江精煤股份有限公司,"1/3焦煤|1级|国内",G3MMSY1,,火铺,"4","2026-07-15 11:32:10",,"5M",626490.0,采购中心,水分,"14.4"
西部红果煤炭交易有限公司,主焦煤|1级|国内,G3MMZJ1,,柏果,"4","2026-07-15 10:37:37",,"4M",557890.0,采购中心,Ad,"10.40"
西部红果煤炭交易有限公司,主焦煤|1级|国内,G3MMZJ1,,柏果,"4","2026-07-15 10:37:37",,"4M",557890.0,采购中心,FCad,"69.74"
西部红果煤炭交易有限公司,主焦煤|1级|国内,G3MMZJ1,,柏果,"4","2026-07-15 10:37:37",,"4M",557890.0,采购中心,Mad,"2.27"
西部红果煤炭交易有限公司,主焦煤|1级|国内,G3MMZJ1,,柏果,"4","2026-07-15 10:37:37",,"4M",557890.0,采购中心,St.d,"0.38"
西部红果煤炭交易有限公司,主焦煤|1级|国内,G3MMZJ1,,柏果,"4","2026-07-15 10:37:37",,"4M",557890.0,采购中心,Vdaf,"20.35"
西部红果煤炭交易有限公司,主焦煤|1级|国内,G3MMZJ1,,柏果,"4","2026-07-15 10:37:37",,"4M",557890.0,采购中心,水分,"18.0"
河南天元清洁能源有限公司,贫瘦煤|国内,G3MMPS1,,苏桥,"4","2026-07-15 10:19:18",,A7,600210.0,采购中心,Ad,"10.29"
河南天元清洁能源有限公司,贫瘦煤|国内,G3MMPS1,,苏桥,"4","2026-07-15 10:19:18",,A7,600210.0,采购中心,FCad,"76.94"
河南天元清洁能源有限公司,贫瘦煤|国内,G3MMPS1,,苏桥,"4","2026-07-15 10:19:18",,A7,600210.0,采购中心,Mad,"1.61"
河南天元清洁能源有限公司,贫瘦煤|国内,G3MMPS1,,苏桥,"4","2026-07-15 10:19:18",,A7,600210.0,采购中心,St.d,"0.36"
河南天元清洁能源有限公司,贫瘦煤|国内,G3MMPS1,,苏桥,"4","2026-07-15 10:19:18",,A7,600210.0,采购中心,Vdaf,"12.83"
河南天元清洁能源有限公司,贫瘦煤|国内,G3MMPS1,,苏桥,"4","2026-07-15 10:19:18",,A7,600210.0,采购中心,水分,"13.9"
河南天元清洁能源有限公司,贫瘦煤|国内,G3MMPS1,,苏桥,"4","2026-07-15 10:17:56",,,,采购中心,Ad,"10.07"
河南天元清洁能源有限公司,贫瘦煤|国内,G3MMPS1,,苏桥,"4","2026-07-15 10:17:56",,,,采购中心,Cad,"80.83"
河南天元清洁能源有限公司,贫瘦煤|国内,G3MMPS1,,苏桥,"4","2026-07-15 10:17:56",,,,采购中心,FCad,"77.07"
河南天元清洁能源有限公司,贫瘦煤|国内,G3MMPS1,,苏桥,"4","2026-07-15 10:17:56",,,,采购中心,Had,"3.42"
河南天元清洁能源有限公司,贫瘦煤|国内,G3MMPS1,,苏桥,"4","2026-07-15 10:17:56",,,,采购中心,Mad,"1.61"
河南天元清洁能源有限公司,贫瘦煤|国内,G3MMPS1,,苏桥,"4","2026-07-15 10:17:56",,,,采购中心,St.d,"0.36"
河南天元清洁能源有限公司,贫瘦煤|国内,G3MMPS1,,苏桥,"4","2026-07-15 10:17:56",,,,采购中心,Vdaf,"12.90"
河南天元清洁能源有限公司,贫瘦煤|国内,G3MMPS1,,苏桥,"4","2026-07-15 10:17:56",,,,采购中心,水分,"16.1"
河南天元清洁能源有限公司,贫瘦煤|国内,G3MMPS1,,苏桥,"4","2026-07-15 10:13:52",,A7,600210.0,采购中心,Ad,"9.96"
河南天元清洁能源有限公司,贫瘦煤|国内,G3MMPS1,,苏桥,"4","2026-07-15 10:13:52",,A7,600210.0,采购中心,FCad,"77.09"
河南天元清洁能源有限公司,贫瘦煤|国内,G3MMPS1,,苏桥,"4","2026-07-15 10:13:52",,A7,600210.0,采购中心,Mad,"1.60"
河南天元清洁能源有限公司,贫瘦煤|国内,G3MMPS1,,苏桥,"4","2026-07-15 10:13:52",,A7,600210.0,采购中心,St.d,"0.37"
河南天元清洁能源有限公司,贫瘦煤|国内,G3MMPS1,,苏桥,"4","2026-07-15 10:13:52",,A7,600210.0,采购中心,Vdaf,"12.99"
河南天元清洁能源有限公司,贫瘦煤|国内,G3MMPS1,,苏桥,"4","2026-07-15 10:13:52",,A7,600210.0,采购中心,水分,"16.1"
广西柳钢国际贸易有限公司,肥煤|国内,G3MMFF1,,宝丰,"4","2026-07-15 09:32:36",,"1M",607620.0,采购中心,Ad,"10.78"
广西柳钢国际贸易有限公司,肥煤|国内,G3MMFF1,,宝丰,"4","2026-07-15 09:32:36",,"1M",607620.0,采购中心,FCad,"62.74"
广西柳钢国际贸易有限公司,肥煤|国内,G3MMFF1,,宝丰,"4","2026-07-15 09:32:36",,"1M",607620.0,采购中心,Mad,"0.93"
广西柳钢国际贸易有限公司,肥煤|国内,G3MMFF1,,宝丰,"4","2026-07-15 09:32:36",,"1M",607620.0,采购中心,St.d,"2.66"
广西柳钢国际贸易有限公司,肥煤|国内,G3MMFF1,,宝丰,"4","2026-07-15 09:32:36",,"1M",607620.0,采购中心,Vdaf,"29.01"
广西柳钢国际贸易有限公司,肥煤|国内,G3MMFF1,,宝丰,"4","2026-07-15 09:32:36",,"1M",607620.0,采购中心,水分,"12.7"
湖南湘煤精煤有限公司,主焦煤|1级|国内,G3MMZJ1,,三都,"4","2026-07-15 09:24:27",,A2,533800.0,采购中心,Ad,"10.41"
湖南湘煤精煤有限公司,主焦煤|1级|国内,G3MMZJ1,,三都,"4","2026-07-15 09:24:27",,A2,533800.0,采购中心,FCad,"64.55"
湖南湘煤精煤有限公司,主焦煤|1级|国内,G3MMZJ1,,三都,"4","2026-07-15 09:24:27",,A2,533800.0,采购中心,Mad,"1.28"
湖南湘煤精煤有限公司,主焦煤|1级|国内,G3MMZJ1,,三都,"4","2026-07-15 09:24:27",,A2,533800.0,采购中心,St.d,"0.58"
湖南湘煤精煤有限公司,主焦煤|1级|国内,G3MMZJ1,,三都,"4","2026-07-15 09:24:27",,A2,533800.0,采购中心,Vdaf,"27.00"
湖南湘煤精煤有限公司,主焦煤|1级|国内,G3MMZJ1,,三都,"4","2026-07-15 09:24:27",,A2,533800.0,采购中心,水分,"14.9"
贵州松河煤业发展有限责任公司,主焦煤|1级|国内,G3MMZJ1,,松河,"4","2026-07-15 06:26:18",,A2,303530.0,采购中心,Ad,"10.82"
贵州松河煤业发展有限责任公司,主焦煤|1级|国内,G3MMZJ1,,松河,"4","2026-07-15 06:26:18",,A2,303530.0,采购中心,FCad,"67.71"
贵州松河煤业发展有限责任公司,主焦煤|1级|国内,G3MMZJ1,,松河,"4","2026-07-15 06:26:18",,A2,303530.0,采购中心,Mad,"1.22"
贵州松河煤业发展有限责任公司,主焦煤|1级|国内,G3MMZJ1,,松河,"4","2026-07-15 06:26:18",,A2,303530.0,采购中心,St.d,"0.30"
贵州松河煤业发展有限责任公司,主焦煤|1级|国内,G3MMZJ1,,松河,"4","2026-07-15 06:26:18",,A2,303530.0,采购中心,Vdaf,"23.13"
贵州松河煤业发展有限责任公司,主焦煤|1级|国内,G3MMZJ1,,松河,"4","2026-07-15 06:26:18",,A2,303530.0,采购中心,水分,"13.7"
湖南湘煤精煤有限公司,主焦煤|1级|国内,G3MMZJ1,,三都,"4","2026-07-15 06:00:11",,A2,664670.0,采购中心,Ad,"10.63"
湖南湘煤精煤有限公司,主焦煤|1级|国内,G3MMZJ1,,三都,"4","2026-07-15 06:00:11",,A2,664670.0,采购中心,FCad,"64.59"
湖南湘煤精煤有限公司,主焦煤|1级|国内,G3MMZJ1,,三都,"4","2026-07-15 06:00:11",,A2,664670.0,采购中心,Mad,"1.30"
湖南湘煤精煤有限公司,主焦煤|1级|国内,G3MMZJ1,,三都,"4","2026-07-15 06:00:11",,A2,664670.0,采购中心,St.d,"0.55"
湖南湘煤精煤有限公司,主焦煤|1级|国内,G3MMZJ1,,三都,"4","2026-07-15 06:00:11",,A2,664670.0,采购中心,Vdaf,"26.78"
湖南湘煤精煤有限公司,主焦煤|1级|国内,G3MMZJ1,,三都,"4","2026-07-15 06:00:11",,A2,664670.0,采购中心,水分,"15.0"
贵州盘江精煤股份有限公司,"1/3焦煤|1级|国内",G3MMSY1,,柏果,"4","2026-07-15 04:06:18",,"5M",396170.0,采购中心,Ad,"10.40"
贵州盘江精煤股份有限公司,"1/3焦煤|1级|国内",G3MMSY1,,柏果,"4","2026-07-15 04:06:18",,"5M",396170.0,采购中心,FCad,"62.25"
贵州盘江精煤股份有限公司,"1/3焦煤|1级|国内",G3MMSY1,,柏果,"4","2026-07-15 04:06:18",,"5M",396170.0,采购中心,Mad,"1.26"
贵州盘江精煤股份有限公司,"1/3焦煤|1级|国内",G3MMSY1,,柏果,"4","2026-07-15 04:06:18",,"5M",396170.0,采购中心,St.d,"0.26"
贵州盘江精煤股份有限公司,"1/3焦煤|1级|国内",G3MMSY1,,柏果,"4","2026-07-15 04:06:18",,"5M",396170.0,采购中心,Vdaf,"29.64"
贵州盘江精煤股份有限公司,"1/3焦煤|1级|国内",G3MMSY1,,柏果,"4","2026-07-15 04:06:18",,"5M",396170.0,采购中心,水分,"11.3"
西部红果煤炭交易有限公司,主焦煤|1级|国内,G3MMZJ1,,上西铺,"4","2026-07-15 01:37:37",,"4M",924030.0,采购中心,Ad,"10.03"
西部红果煤炭交易有限公司,主焦煤|1级|国内,G3MMZJ1,,上西铺,"4","2026-07-15 01:37:37",,"4M",924030.0,采购中心,FCad,"66.82"
西部红果煤炭交易有限公司,主焦煤|1级|国内,G3MMZJ1,,上西铺,"4","2026-07-15 01:37:37",,"4M",924030.0,采购中心,Mad,"1.15"
西部红果煤炭交易有限公司,主焦煤|1级|国内,G3MMZJ1,,上西铺,"4","2026-07-15 01:37:37",,"4M",924030.0,采购中心,St.d,"0.63"
西部红果煤炭交易有限公司,主焦煤|1级|国内,G3MMZJ1,,上西铺,"4","2026-07-15 01:37:37",,"4M",924030.0,采购中心,Vdaf,"24.87"
西部红果煤炭交易有限公司,主焦煤|1级|国内,G3MMZJ1,,上西铺,"4","2026-07-15 01:37:37",,"4M",924030.0,采购中心,水分,"18.5"
贵州盘江精煤股份有限公司,炼焦贫瘦煤|国内,G3MMJPS1,,红果,"4","2026-07-15 01:04:50",,"5M",284470.0,采购中心,Ad,"10.45"
贵州盘江精煤股份有限公司,炼焦贫瘦煤|国内,G3MMJPS1,,红果,"4","2026-07-15 01:04:50",,"5M",284470.0,采购中心,FCad,"76.90"
贵州盘江精煤股份有限公司,炼焦贫瘦煤|国内,G3MMJPS1,,红果,"4","2026-07-15 01:04:50",,"5M",284470.0,采购中心,Mad,"1.44"
贵州盘江精煤股份有限公司,炼焦贫瘦煤|国内,G3MMJPS1,,红果,"4","2026-07-15 01:04:50",,"5M",284470.0,采购中心,St.d,"0.71"
贵州盘江精煤股份有限公司,炼焦贫瘦煤|国内,G3MMJPS1,,红果,"4","2026-07-15 01:04:50",,"5M",284470.0,采购中心,Vdaf,"12.87"
贵州盘江精煤股份有限公司,炼焦贫瘦煤|国内,G3MMJPS1,,红果,"4","2026-07-15 01:04:50",,"5M",284470.0,采购中心,水分,"9.8"
广西柳钢国际贸易有限公司,肥煤|国内,G3MMFF1,,宝丰,"4","2026-07-14 22:27:13",,,485260.0,采购中心,Ad,"10.04"
广西柳钢国际贸易有限公司,肥煤|国内,G3MMFF1,,宝丰,"4","2026-07-14 22:27:13",,,485260.0,采购中心,FCad,"63.45"
广西柳钢国际贸易有限公司,肥煤|国内,G3MMFF1,,宝丰,"4","2026-07-14 22:27:13",,,485260.0,采购中心,Mad,"1.33"
广西柳钢国际贸易有限公司,肥煤|国内,G3MMFF1,,宝丰,"4","2026-07-14 22:27:13",,,485260.0,采购中心,St.d,"2.62"
广西柳钢国际贸易有限公司,肥煤|国内,G3MMFF1,,宝丰,"4","2026-07-14 22:27:13",,,485260.0,采购中心,Vdaf,"28.51"
广西柳钢国际贸易有限公司,肥煤|国内,G3MMFF1,,宝丰,"4","2026-07-14 22:27:13",,,485260.0,采购中心,水分,"12.7"
广西柳钢国际贸易有限公司,肥煤|国内,G3MMFF1,,宝丰,"4","2026-07-14 21:37:20",,,132570.0,采购中心,Ad,"10.16"
广西柳钢国际贸易有限公司,肥煤|国内,G3MMFF1,,宝丰,"4","2026-07-14 21:37:20",,,132570.0,采购中心,FCad,"63.12"
广西柳钢国际贸易有限公司,肥煤|国内,G3MMFF1,,宝丰,"4","2026-07-14 21:37:20",,,132570.0,采购中心,Mad,"1.36"
广西柳钢国际贸易有限公司,肥煤|国内,G3MMFF1,,宝丰,"4","2026-07-14 21:37:20",,,132570.0,采购中心,St.d,"2.57"
广西柳钢国际贸易有限公司,肥煤|国内,G3MMFF1,,宝丰,"4","2026-07-14 21:37:20",,,132570.0,采购中心,Vdaf,"28.77"
广西柳钢国际贸易有限公司,肥煤|国内,G3MMFF1,,宝丰,"4","2026-07-14 21:37:20",,,132570.0,采购中心,水分,"12.1"
广西柳钢国际贸易有限公司,主焦煤|3级|进口|澳洲|Daunia,G3MMZJMH,流星,防城港,"4","2026-07-14 20:00:46",,"5M",5665390.0,采购中心,Ad,"8.41"
广西柳钢国际贸易有限公司,主焦煤|3级|进口|澳洲|Daunia,G3MMZJMH,流星,防城港,"4","2026-07-14 20:00:46",,"5M",5665390.0,采购中心,FCad,"69.29"
广西柳钢国际贸易有限公司,主焦煤|3级|进口|澳洲|Daunia,G3MMZJMH,流星,防城港,"4","2026-07-14 20:00:46",,"5M",5665390.0,采购中心,Mad,"1.61"
广西柳钢国际贸易有限公司,主焦煤|3级|进口|澳洲|Daunia,G3MMZJMH,流星,防城港,"4","2026-07-14 20:00:46",,"5M",5665390.0,采购中心,St.d,"0.40"
广西柳钢国际贸易有限公司,主焦煤|3级|进口|澳洲|Daunia,G3MMZJMH,流星,防城港,"4","2026-07-14 20:00:46",,"5M",5665390.0,采购中心,Vdaf,"23.11"
广西柳钢国际贸易有限公司,主焦煤|3级|进口|澳洲|Daunia,G3MMZJMH,流星,防城港,"4","2026-07-14 20:00:46",,"5M",5665390.0,采购中心,水分,"12.5"
焦化厂,炼焦配合煤,A2MMJPM,,,"4","2026-07-14 17:53:28",喷吹用煤（原料）,,,采购中心,Ad,"10.12"
焦化厂,炼焦配合煤,A2MMJPM,,,"4","2026-07-14 17:53:28",喷吹用煤（原料）,,,采购中心,Cad,"78.22"
焦化厂,炼焦配合煤,A2MMJPM,,,"4","2026-07-14 17:53:28",喷吹用煤（原料）,,,采购中心,FCad,"65.65"
焦化厂,炼焦配合煤,A2MMJPM,,,"4","2026-07-14 17:53:28",喷吹用煤（原料）,,,采购中心,Had,"4.38"
焦化厂,炼焦配合煤,A2MMJPM,,,"4","2026-07-14 17:53:28",喷吹用煤（原料）,,,采购中心,Mad,"1.59"
焦化厂,炼焦配合煤,A2MMJPM,,,"4","2026-07-14 17:53:28",喷吹用煤（原料）,,,采购中心,St.d,"0.94"
焦化厂,炼焦配合煤,A2MMJPM,,,"4","2026-07-14 17:53:28",喷吹用煤（原料）,,,采购中心,Vdaf,"25.78"
焦化厂,炼焦配合煤,A2MMJPM,,,"4","2026-07-14 17:53:28",喷吹用煤（原料）,,,采购中心,水分,"10.9"
焦化厂,炼焦配合煤,A2MMJPM,,,"4","2026-07-14 17:53:27",喷吹用煤（原料）,,,采购中心,Ad,"10.10"
焦化厂,炼焦配合煤,A2MMJPM,,,"4","2026-07-14 17:53:27",喷吹用煤（原料）,,,采购中心,Cad,"78.2"
焦化厂,炼焦配合煤,A2MMJPM,,,"4","2026-07-14 17:53:27",喷吹用煤（原料）,,,采购中心,FCad,"65.07"
焦化厂,炼焦配合煤,A2MMJPM,,,"4","2026-07-14 17:53:27",喷吹用煤（原料）,,,采购中心,Had,"4.4"
焦化厂,炼焦配合煤,A2MMJPM,,,"4","2026-07-14 17:53:27",喷吹用煤（原料）,,,采购中心,Mad,"1.84"
焦化厂,炼焦配合煤,A2MMJPM,,,"4","2026-07-14 17:53:27",喷吹用煤（原料）,,,采购中心,St.d,"0.72"
焦化厂,炼焦配合煤,A2MMJPM,,,"4","2026-07-14 17:53:27",喷吹用煤（原料）,,,采购中心,Vdaf,"26.27"
焦化厂,炼焦配合煤,A2MMJPM,,,"4","2026-07-14 17:53:27",喷吹用煤（原料）,,,采购中心,水分,"10.7"
炼铁总厂,国内烧结无烟煤,G3MMSWM,,,"4","2026-07-14 17:46:41",烧结用煤,,,采购中心,Ad,"12.00"
炼铁总厂,国内烧结无烟煤,G3MMSWM,,,"4","2026-07-14 17:46:41",烧结用煤,,,采购中心,Cad,"79.66"
炼铁总厂,国内烧结无烟煤,G3MMSWM,,,"4","2026-07-14 17:46:41",烧结用煤,,,采购中心,FCad,"79.16"
炼铁总厂,国内烧结无烟煤,G3MMSWM,,,"4","2026-07-14 17:46:41",烧结用煤,,,采购中心,Had,"2.26"
炼铁总厂,国内烧结无烟煤,G3MMSWM,,,"4","2026-07-14 17:46:41",烧结用煤,,,采购中心,Mad,"3.90"
炼铁总厂,国内烧结无烟煤,G3MMSWM,,,"4","2026-07-14 17:46:41",烧结用煤,,,采购中心,St.d,"0.39"
炼铁总厂,国内烧结无烟煤,G3MMSWM,,,"4","2026-07-14 17:46:41",烧结用煤,,,采购中心,Vdaf,"6.40"
炼铁总厂,国内烧结无烟煤,G3MMSWM,,,"4","2026-07-14 17:46:41",烧结用煤,,,采购中心,水分,"7.7"
炼铁总厂,国内烧结无烟煤,G3MMSWM,,,"4","2026-07-14 17:46:40",烧结用煤,,,采购中心,Ad,"12.55"
炼铁总厂,国内烧结无烟煤,G3MMSWM,,,"4","2026-07-14 17:46:40",烧结用煤,,,采购中心,Cad,"79.06"
炼铁总厂,国内烧结无烟煤,G3MMSWM,,,"4","2026-07-14 17:46:40",烧结用煤,,,采购中心,FCad,"78.56"
炼铁总厂,国内烧结无烟煤,G3MMSWM,,,"4","2026-07-14 17:46:40",烧结用煤,,,采购中心,Had,"2.4"
炼铁总厂,国内烧结无烟煤,G3MMSWM,,,"4","2026-07-14 17:46:40",烧结用煤,,,采购中心,Mad,"3.60"
炼铁总厂,国内烧结无烟煤,G3MMSWM,,,"4","2026-07-14 17:46:40",烧结用煤,,,采购中心,St.d,"0.40"
炼铁总厂,国内烧结无烟煤,G3MMSWM,,,"4","2026-07-14 17:46:40",烧结用煤,,,采购中心,Vdaf,"6.81"
炼铁总厂,国内烧结无烟煤,G3MMSWM,,,"4","2026-07-14 17:46:40",烧结用煤,,,采购中心,水分,"9.1"
四川省煤炭产业集团有限责任公司营销分公司,瘦焦煤|1级|国内,G3MMSJ1,,格里坪,"4","2026-07-14 17:36:34",,"1M",616490.0,采购中心,Ad,"9.34"
四川省煤炭产业集团有限责任公司营销分公司,瘦焦煤|1级|国内,G3MMSJ1,,格里坪,"4","2026-07-14 17:36:34",,"1M",616490.0,采购中心,FCad,"73.08"
四川省煤炭产业集团有限责任公司营销分公司,瘦焦煤|1级|国内,G3MMSJ1,,格里坪,"4","2026-07-14 17:36:34",,"1M",616490.0,采购中心,Mad,"1.08"
四川省煤炭产业集团有限责任公司营销分公司,瘦焦煤|1级|国内,G3MMSJ1,,格里坪,"4","2026-07-14 17:36:34",,"1M",616490.0,采购中心,St.d,"0.51"
四川省煤炭产业集团有限责任公司营销分公司,瘦焦煤|1级|国内,G3MMSJ1,,格里坪,"4","2026-07-14 17:36:34",,"1M",616490.0,采购中心,Vdaf,"18.50"
四川省煤炭产业集团有限责任公司营销分公司,瘦焦煤|1级|国内,G3MMSJ1,,格里坪,"4","2026-07-14 17:36:34",,"1M",616490.0,采购中心,水分,"12.8"
四川省煤炭产业集团有限责任公司营销分公司,"1/3焦煤|3级|国内",G3MMSY5,,渡市,"4","2026-07-14 17:35:56",,"4M",1052110.0,采购中心,Ad,"9.59"
四川省煤炭产业集团有限责任公司营销分公司,"1/3焦煤|3级|国内",G3MMSY5,,渡市,"4","2026-07-14 17:35:56",,"4M",1052110.0,采购中心,FCad,"62.67"
四川省煤炭产业集团有限责任公司营销分公司,"1/3焦煤|3级|国内",G3MMSY5,,渡市,"4","2026-07-14 17:35:56",,"4M",1052110.0,采购中心,Mad,"1.86"
四川省煤炭产业集团有限责任公司营销分公司,"1/3焦煤|3级|国内",G3MMSY5,,渡市,"4","2026-07-14 17:35:56",,"4M",1052110.0,采购中心,St.d,"0.58"
四川省煤炭产业集团有限责任公司营销分公司,"1/3焦煤|3级|国内",G3MMSY5,,渡市,"4","2026-07-14 17:35:56",,"4M",1052110.0,采购中心,Vdaf,"29.37"
四川省煤炭产业集团有限责任公司营销分公司,"1/3焦煤|3级|国内",G3MMSY5,,渡市,"4","2026-07-14 17:35:56",,"4M",1052110.0,采购中心,水分,"8.6"
焦化厂,炼焦配合煤,A2MMJPM,,,"4","2026-07-14 16:26:47",喷吹用煤（原料）,,,采购中心,Ad,"10.35"
焦化厂,炼焦配合煤,A2MMJPM,,,"4","2026-07-14 16:26:47",喷吹用煤（原料）,,,采购中心,Ad,"10.66"
焦化厂,炼焦配合煤,A2MMJPM,,,"4","2026-07-14 16:26:47",喷吹用煤（原料）,,,采购中心,FCad,"66.10"
焦化厂,炼焦配合煤,A2MMJPM,,,"4","2026-07-14 16:26:47",喷吹用煤（原料）,,,采购中心,FCad,"68.00"
焦化厂,炼焦配合煤,A2MMJPM,,,"4","2026-07-14 16:26:47",喷吹用煤（原料）,,,采购中心,Mad,"1.73"
焦化厂,炼焦配合煤,A2MMJPM,,,"4","2026-07-14 16:26:47",喷吹用煤（原料）,,,采购中心,Mad,"1.30"
焦化厂,炼焦配合煤,A2MMJPM,,,"4","2026-07-14 16:26:47",喷吹用煤（原料）,,,采购中心,St.d,"0.66"
焦化厂,炼焦配合煤,A2MMJPM,,,"4","2026-07-14 16:26:47",喷吹用煤（原料）,,,采购中心,St.d,"0.31"
焦化厂,炼焦配合煤,A2MMJPM,,,"4","2026-07-14 16:26:47",喷吹用煤（原料）,,,采购中心,Vdaf,"23.15"
焦化厂,炼焦配合煤,A2MMJPM,,,"4","2026-07-14 16:26:47",喷吹用煤（原料）,,,采购中心,Vdaf,"24.71"
焦化厂,炼焦配合煤,A2MMJPM,,,"4","2026-07-14 16:26:47",喷吹用煤（原料）,,,采购中心,水分,"13.3"
焦化厂,炼焦配合煤,A2MMJPM,,,"4","2026-07-14 16:26:47",喷吹用煤（原料）,,,采购中心,水分,"10.9"
焦化厂,炼焦配合煤,A2MMJPM,,,"4","2026-07-14 16:26:46",喷吹用煤（原料）,,,采购中心,Ad,"10.33"
焦化厂,炼焦配合煤,A2MMJPM,,,"4","2026-07-14 16:26:46",喷吹用煤（原料）,,,采购中心,FCad,"62.89"
焦化厂,炼焦配合煤,A2MMJPM,,,"4","2026-07-14 16:26:46",喷吹用煤（原料）,,,采购中心,Mad,"1.32"
焦化厂,炼焦配合煤,A2MMJPM,,,"4","2026-07-14 16:26:46",喷吹用煤（原料）,,,采购中心,St.d,"0.26"
焦化厂,炼焦配合煤,A2MMJPM,,,"4","2026-07-14 16:26:46",喷吹用煤（原料）,,,采购中心,Vdaf,"28.93"
焦化厂,炼焦配合煤,A2MMJPM,,,"4","2026-07-14 16:26:46",喷吹用煤（原料）,,,采购中心,水分,"12.4"
广西柳钢国际贸易有限公司,贫瘦煤|进口|俄罗斯,G3MMPS8,阿米,防城港,"4","2026-07-14 15:48:44",,,4112950.0,采购中心,水分,"10.6"
广西钢铁集团有限公司,主焦煤|2级|进口|澳洲|GLV Prime,G3MMZJ8,瑞海,云约,"4","2026-07-14 15:01:52",,,3438060.0,采购中心,水分,"8.4"
河南天元清洁能源有限公司,贫瘦煤|国内,G3MMPS1,,,"4","2026-07-14 13:56:19",,,,采购中心,Ad,"9.73"
河南天元清洁能源有限公司,贫瘦煤|国内,G3MMPS1,,,"4","2026-07-14 13:56:19",,,,采购中心,Cad,"80.96"
河南天元清洁能源有限公司,贫瘦煤|国内,G3MMPS1,,,"4","2026-07-14 13:56:19",,,,采购中心,FCad,"77.41"
河南天元清洁能源有限公司,贫瘦煤|国内,G3MMPS1,,,"4","2026-07-14 13:56:19",,,,采购中心,Had,"3.63"
河南天元清洁能源有限公司,贫瘦煤|国内,G3MMPS1,,,"4","2026-07-14 13:56:19",,,,采购中心,Mad,"1.82"
河南天元清洁能源有限公司,贫瘦煤|国内,G3MMPS1,,,"4","2026-07-14 13:56:19",,,,采购中心,St.d,"0.37"
河南天元清洁能源有限公司,贫瘦煤|国内,G3MMPS1,,,"4","2026-07-14 13:56:19",,,,采购中心,Vdaf,"12.66"
河南天元清洁能源有限公司,贫瘦煤|国内,G3MMPS1,,,"4","2026-07-14 13:56:19",,,,采购中心,水分,"14.6"
河南天元清洁能源有限公司,贫瘦煤|国内,G3MMPS1,,苏桥,"4","2026-07-14 13:56:08",,A7,581190.0,采购中心,Ad,"9.83"
河南天元清洁能源有限公司,贫瘦煤|国内,G3MMPS1,,苏桥,"4","2026-07-14 13:56:08",,A7,581190.0,采购中心,FCad,"77.60"
河南天元清洁能源有限公司,贫瘦煤|国内,G3MMPS1,,苏桥,"4","2026-07-14 13:56:08",,A7,581190.0,采购中心,Mad,"1.59"
河南天元清洁能源有限公司,贫瘦煤|国内,G3MMPS1,,苏桥,"4","2026-07-14 13:56:08",,A7,581190.0,采购中心,St.d,"0.36"
河南天元清洁能源有限公司,贫瘦煤|国内,G3MMPS1,,苏桥,"4","2026-07-14 13:56:08",,A7,581190.0,采购中心,Vdaf,"12.55"
河南天元清洁能源有限公司,贫瘦煤|国内,G3MMPS1,,苏桥,"4","2026-07-14 13:56:08",,A7,581190.0,采购中心,水分,"14.6"
四川省煤炭产业集团有限责任公司营销分公司,瘦焦煤|1级|国内,G3MMSJ1,,格里坪,"4","2026-07-14 13:44:04",,"1M",528520.0,采购中心,Ad,"9.69"
四川省煤炭产业集团有限责任公司营销分公司,瘦焦煤|1级|国内,G3MMSJ1,,格里坪,"4","2026-07-14 13:44:04",,"1M",528520.0,采购中心,FCad,"72.51"
四川省煤炭产业集团有限责任公司营销分公司,瘦焦煤|1级|国内,G3MMSJ1,,格里坪,"4","2026-07-14 13:44:04",,"1M",528520.0,采购中心,Mad,"1.10"
四川省煤炭产业集团有限责任公司营销分公司,瘦焦煤|1级|国内,G3MMSJ1,,格里坪,"4","2026-07-14 13:44:04",,"1M",528520.0,采购中心,St.d,"0.54"
四川省煤炭产业集团有限责任公司营销分公司,瘦焦煤|1级|国内,G3MMSJ1,,格里坪,"4","2026-07-14 13:44:04",,"1M",528520.0,采购中心,Vdaf,"18.81"
四川省煤炭产业集团有限责任公司营销分公司,瘦焦煤|1级|国内,G3MMSJ1,,格里坪,"4","2026-07-14 13:44:04",,"1M",528520.0,采购中心,水分,"16.3"
贵州盘江精煤股份有限公司,炼焦贫瘦煤|国内,G3MMJPS1,,红果,"4","2026-07-14 13:40:36",,"1M",61150.0,采购中心,Ad,"10.07"
贵州盘江精煤股份有限公司,炼焦贫瘦煤|国内,G3MMJPS1,,红果,"4","2026-07-14 13:40:36",,"1M",61150.0,采购中心,FCad,"77.64"
贵州盘江精煤股份有限公司,炼焦贫瘦煤|国内,G3MMJPS1,,红果,"4","2026-07-14 13:40:36",,"1M",61150.0,采购中心,Mad,"1.46"
贵州盘江精煤股份有限公司,炼焦贫瘦煤|国内,G3MMJPS1,,红果,"4","2026-07-14 13:40:36",,"1M",61150.0,采购中心,St.d,"0.72"
贵州盘江精煤股份有限公司,炼焦贫瘦煤|国内,G3MMJPS1,,红果,"4","2026-07-14 13:40:36",,"1M",61150.0,采购中心,Vdaf,"12.39"
贵州盘江精煤股份有限公司,炼焦贫瘦煤|国内,G3MMJPS1,,红果,"4","2026-07-14 13:40:36",,"1M",61150.0,采购中心,水分,"9.5"
四川省煤炭产业集团有限责任公司营销分公司,"1/3焦煤|3级|国内",G3MMSY5,,渡市,"4","2026-07-14 11:06:24",,"4M",508800.0,采购中心,Ad,"9.51"
四川省煤炭产业集团有限责任公司营销分公司,"1/3焦煤|3级|国内",G3MMSY5,,渡市,"4","2026-07-14 11:06:24",,"4M",508800.0,采购中心,FCad,"62.96"
四川省煤炭产业集团有限责任公司营销分公司,"1/3焦煤|3级|国内",G3MMSY5,,渡市,"4","2026-07-14 11:06:24",,"4M",508800.0,采购中心,Mad,"1.89"
四川省煤炭产业集团有限责任公司营销分公司,"1/3焦煤|3级|国内",G3MMSY5,,渡市,"4","2026-07-14 11:06:24",,"4M",508800.0,采购中心,St.d,"0.61"
四川省煤炭产业集团有限责任公司营销分公司,"1/3焦煤|3级|国内",G3MMSY5,,渡市,"4","2026-07-14 11:06:24",,"4M",508800.0,采购中心,Vdaf,"29.08"
四川省煤炭产业集团有限责任公司营销分公司,"1/3焦煤|3级|国内",G3MMSY5,,渡市,"4","2026-07-14 11:06:24",,"4M",508800.0,采购中心,水分,"8.1"
山西潞安环保能源开发股份有限公司,贫瘦煤|国内,G3MMPS1,,长治北,"4","2026-07-14 10:26:41",,A2,3182600.0,采购中心,Ad,"10.14"
山西潞安环保能源开发股份有限公司,贫瘦煤|国内,G3MMPS1,,长治北,"4","2026-07-14 10:26:41",,A2,3182600.0,采购中心,FCad,"77.54"
山西潞安环保能源开发股份有限公司,贫瘦煤|国内,G3MMPS1,,长治北,"4","2026-07-14 10:26:41",,A2,3182600.0,采购中心,Mad,"1.41"
山西潞安环保能源开发股份有限公司,贫瘦煤|国内,G3MMPS1,,长治北,"4","2026-07-14 10:26:41",,A2,3182600.0,采购中心,St.d,"0.36"
山西潞安环保能源开发股份有限公司,贫瘦煤|国内,G3MMPS1,,长治北,"4","2026-07-14 10:26:41",,A2,3182600.0,采购中心,Vdaf,"12.47"
山西潞安环保能源开发股份有限公司,贫瘦煤|国内,G3MMPS1,,长治北,"4","2026-07-14 10:26:41",,A2,3182600.0,采购中心,水分,"9.3"
贵州松河煤业发展有限责任公司,主焦煤|1级|国内,G3MMZJ1,,松河,"4","2026-07-14 09:15:07",,"1M",462030.0,采购中心,Ad,"10.56"
贵州松河煤业发展有限责任公司,主焦煤|1级|国内,G3MMZJ1,,松河,"4","2026-07-14 09:15:07",,"1M",462030.0,采购中心,St.d,"0.32"
贵州松河煤业发展有限责任公司,主焦煤|1级|国内,G3MMZJ1,,松河,"4","2026-07-14 09:14:08",,"4M",333690.0,采购中心,Ad,"10.71"
贵州松河煤业发展有限责任公司,主焦煤|1级|国内,G3MMZJ1,,松河,"4","2026-07-14 09:14:08",,"4M",333690.0,采购中心,St.d,"0.32"
重庆皓联实业（集团）有限公司,主焦煤|2级|国内,G3MMZJD,,松坎,"4","2026-07-14 09:13:01",,,536520.0,采购中心,Ad,"11.71"
重庆皓联实业（集团）有限公司,主焦煤|2级|国内,G3MMZJD,,松坎,"4","2026-07-14 09:13:01",,,536520.0,采购中心,St.d,"1.62"
广西柳钢国际贸易有限公司,主焦煤|1级|进口|蒙古5#,G3MMZJR,锦航力鲲,云约,"4","2026-07-14 09:09:38",,,5336780.0,采购中心,Ad,"10.35"
广西柳钢国际贸易有限公司,主焦煤|1级|进口|蒙古5#,G3MMZJR,锦航力鲲,云约,"4","2026-07-14 09:09:38",,,5336780.0,采购中心,St.d,"0.68"
广西柳钢国际贸易有限公司,主焦煤|3级|进口|蒙古5#,G3MMZJME,中达华星,贵港,"4","2026-07-14 09:06:35",,"5M",2565670.0,采购中心,Ad,"11.17"
广西柳钢国际贸易有限公司,主焦煤|3级|进口|蒙古5#,G3MMZJME,中达华星,贵港,"4","2026-07-14 09:06:35",,"5M",2565670.0,采购中心,St.d,"0.63"
贵州盘江精煤股份有限公司,"1/3焦煤|1级|国内",G3MMSY1,,柏果,"4","2026-07-14 09:05:35",,"1M",485520.0,采购中心,Ad,"10.38"
贵州盘江精煤股份有限公司,"1/3焦煤|1级|国内",G3MMSY1,,柏果,"4","2026-07-14 09:05:35",,"1M",485520.0,采购中心,St.d,"0.27"
贵州盘江精煤股份有限公司,"1/3焦煤|1级|国内",G3MMSY1,,月亮田,"4","2026-07-14 09:04:23",,"1M",267460.0,采购中心,Ad,"10.82"
贵州盘江精煤股份有限公司,"1/3焦煤|1级|国内",G3MMSY1,,月亮田,"4","2026-07-14 09:04:23",,"1M",267460.0,采购中心,St.d,"0.58"
贵州盘江精煤股份有限公司,"1/3焦煤|1级|国内",G3MMSY1,,月亮田,"4","2026-07-14 09:03:09",,,745550.0,采购中心,Ad,"10.70"
贵州盘江精煤股份有限公司,"1/3焦煤|1级|国内",G3MMSY1,,月亮田,"4","2026-07-14 09:03:09",,,745550.0,采购中心,St.d,"0.53"
贵州盘江精煤股份有限公司,"1/3焦煤|1级|国内",G3MMSY1,,柏果,"4","2026-07-14 09:01:50",,"1M",546260.0,采购中心,Ad,"10.43"
贵州盘江精煤股份有限公司,"1/3焦煤|1级|国内",G3MMSY1,,柏果,"4","2026-07-14 09:01:50",,"1M",546260.0,采购中心,St.d,"0.26"
贵州盘江精煤股份有限公司,"1/3焦煤|1级|国内",G3MMSY1,,柏果,"4","2026-07-14 09:00:11",,"1M",605000.0,采购中心,Ad,"10.55"
贵州盘江精煤股份有限公司,"1/3焦煤|1级|国内",G3MMSY1,,柏果,"4","2026-07-14 09:00:11",,"1M",605000.0,采购中心,St.d,"0.26"
广西柳钢国际贸易有限公司,肥煤|国内,G3MMFF1,,宝丰,"4","2026-07-14 08:37:25",,"1M",477310.0,采购中心,Ad,"10.60"
广西柳钢国际贸易有限公司,肥煤|国内,G3MMFF1,,宝丰,"4","2026-07-14 08:37:25",,"1M",477310.0,采购中心,FCad,"61.63"
广西柳钢国际贸易有限公司,肥煤|国内,G3MMFF1,,宝丰,"4","2026-07-14 08:37:25",,"1M",477310.0,采购中心,Mad,"1.23"
广西柳钢国际贸易有限公司,肥煤|国内,G3MMFF1,,宝丰,"4","2026-07-14 08:37:25",,"1M",477310.0,采购中心,St.d,"2.19"
广西柳钢国际贸易有限公司,肥煤|国内,G3MMFF1,,宝丰,"4","2026-07-14 08:37:25",,"1M",477310.0,采购中心,Vdaf,"30.20"
广西柳钢国际贸易有限公司,肥煤|国内,G3MMFF1,,宝丰,"4","2026-07-14 08:37:25",,"1M",477310.0,采购中心,水分,"10.3"
贵州松河煤业发展有限责任公司,主焦煤|1级|国内,G3MMZJ1,,松河,"4","2026-07-14 05:35:46",,A2,868260.0,采购中心,Ad,"10.33"
贵州松河煤业发展有限责任公司,主焦煤|1级|国内,G3MMZJ1,,松河,"4","2026-07-14 05:35:46",,A2,868260.0,采购中心,FCad,"68.95"
贵州松河煤业发展有限责任公司,主焦煤|1级|国内,G3MMZJ1,,松河,"4","2026-07-14 05:35:46",,A2,868260.0,采购中心,Mad,"1.22"
贵州松河煤业发展有限责任公司,主焦煤|1级|国内,G3MMZJ1,,松河,"4","2026-07-14 05:35:46",,A2,868260.0,采购中心,St.d,"0.29"
贵州松河煤业发展有限责任公司,主焦煤|1级|国内,G3MMZJ1,,松河,"4","2026-07-14 05:35:46",,A2,868260.0,采购中心,Vdaf,"22.16"
贵州松河煤业发展有限责任公司,主焦煤|1级|国内,G3MMZJ1,,松河,"4","2026-07-14 05:35:46",,A2,868260.0,采购中心,水分,"13.1"
广西柳钢国际贸易有限公司,肥煤|国内,G3MMFF1,,宝丰,"4","2026-07-14 04:50:38",,"1M",602840.0,采购中心,Ad,"10.60"
广西柳钢国际贸易有限公司,肥煤|国内,G3MMFF1,,宝丰,"4","2026-07-14 04:50:38",,"1M",602840.0,采购中心,FCad,"61.85"
广西柳钢国际贸易有限公司,肥煤|国内,G3MMFF1,,宝丰,"4","2026-07-14 04:50:38",,"1M",602840.0,采购中心,Mad,"1.13"
广西柳钢国际贸易有限公司,肥煤|国内,G3MMFF1,,宝丰,"4","2026-07-14 04:50:38",,"1M",602840.0,采购中心,St.d,"2.24"
广西柳钢国际贸易有限公司,肥煤|国内,G3MMFF1,,宝丰,"4","2026-07-14 04:50:38",,"1M",602840.0,采购中心,Vdaf,"30.03"
广西柳钢国际贸易有限公司,肥煤|国内,G3MMFF1,,宝丰,"4","2026-07-14 04:50:38",,"1M",602840.0,采购中心,水分,"10.4"
贵州盘江精煤股份有限公司,"1/3焦煤|1级|国内",G3MMSY1,,柏果,"4","2026-07-14 04:20:40",,A2,278290.0,采购中心,Ad,"10.48"
贵州盘江精煤股份有限公司,"1/3焦煤|1级|国内",G3MMSY1,,柏果,"4","2026-07-14 04:20:40",,A2,278290.0,采购中心,FCad,"62.74"
贵州盘江精煤股份有限公司,"1/3焦煤|1级|国内",G3MMSY1,,柏果,"4","2026-07-14 04:20:40",,A2,278290.0,采购中心,Mad,"1.28"
贵州盘江精煤股份有限公司,"1/3焦煤|1级|国内",G3MMSY1,,柏果,"4","2026-07-14 04:20:40",,A2,278290.0,采购中心,St.d,"0.26"
贵州盘江精煤股份有限公司,"1/3焦煤|1级|国内",G3MMSY1,,柏果,"4","2026-07-14 04:20:40",,A2,278290.0,采购中心,Vdaf,"29.00"
贵州盘江精煤股份有限公司,"1/3焦煤|1级|国内",G3MMSY1,,柏果,"4","2026-07-14 04:20:40",,A2,278290.0,采购中心,水分,"12.3"
西部红果煤炭交易有限公司,主焦煤|1级|国内,G3MMZJ1,,柏果,"4","2026-07-14 04:01:23",,"4M",873910.0,采购中心,Ad,"10.66"
西部红果煤炭交易有限公司,主焦煤|1级|国内,G3MMZJ1,,柏果,"4","2026-07-14 04:01:23",,"4M",873910.0,采购中心,FCad,"69.90"
西部红果煤炭交易有限公司,主焦煤|1级|国内,G3MMZJ1,,柏果,"4","2026-07-14 04:01:23",,"4M",873910.0,采购中心,Mad,"1.72"
西部红果煤炭交易有限公司,主焦煤|1级|国内,G3MMZJ1,,柏果,"4","2026-07-14 04:01:23",,"4M",873910.0,采购中心,St.d,"0.44"
西部红果煤炭交易有限公司,主焦煤|1级|国内,G3MMZJ1,,柏果,"4","2026-07-14 04:01:23",,"4M",873910.0,采购中心,Vdaf,"20.39"
西部红果煤炭交易有限公司,主焦煤|1级|国内,G3MMZJ1,,柏果,"4","2026-07-14 04:01:23",,"4M",873910.0,采购中心,水分,"13.4"
贵州松河煤业发展有限责任公司,主焦煤|1级|国内,G3MMZJ1,,松河,"4","2026-07-14 03:58:54",,"4M",201630.0,采购中心,Ad,"10.28"
贵州松河煤业发展有限责任公司,主焦煤|1级|国内,G3MMZJ1,,松河,"4","2026-07-14 03:58:54",,"4M",201630.0,采购中心,FCad,"68.32"
贵州松河煤业发展有限责任公司,主焦煤|1级|国内,G3MMZJ1,,松河,"4","2026-07-14 03:58:54",,"4M",201630.0,采购中心,Mad,"1.13"
贵州松河煤业发展有限责任公司,主焦煤|1级|国内,G3MMZJ1,,松河,"4","2026-07-14 03:58:54",,"4M",201630.0,采购中心,St.d,"0.30"
贵州松河煤业发展有限责任公司,主焦煤|1级|国内,G3MMZJ1,,松河,"4","2026-07-14 03:58:54",,"4M",201630.0,采购中心,Vdaf,"22.99"
贵州松河煤业发展有限责任公司,主焦煤|1级|国内,G3MMZJ1,,松河,"4","2026-07-14 03:58:54",,"4M",201630.0,采购中心,水分,"13.4"
贵州松河煤业发展有限责任公司,主焦煤|1级|国内,G3MMZJ1,,松河,"4","2026-07-14 03:39:26",,A2,595600.0,采购中心,Ad,"10.50"
贵州松河煤业发展有限责任公司,主焦煤|1级|国内,G3MMZJ1,,松河,"4","2026-07-14 03:39:26",,A2,595600.0,采购中心,FCad,"68.35"
贵州松河煤业发展有限责任公司,主焦煤|1级|国内,G3MMZJ1,,松河,"4","2026-07-14 03:39:26",,A2,595600.0,采购中心,Mad,"1.20"
贵州松河煤业发展有限责任公司,主焦煤|1级|国内,G3MMZJ1,,松河,"4","2026-07-14 03:39:26",,A2,595600.0,采购中心,St.d,"0.30"
贵州松河煤业发展有限责任公司,主焦煤|1级|国内,G3MMZJ1,,松河,"4","2026-07-14 03:39:26",,A2,595600.0,采购中心,Vdaf,"22.71"
贵州松河煤业发展有限责任公司,主焦煤|1级|国内,G3MMZJ1,,松河,"4","2026-07-14 03:39:26",,A2,595600.0,采购中心,水分,"12.8"
广西柳钢国际贸易有限公司,贫瘦煤|进口|俄罗斯,G3MMPS8,阿米,防城港,"4","2026-07-13 23:56:45",,,3508180.0,采购中心,Ad,"10.67"
广西柳钢国际贸易有限公司,贫瘦煤|进口|俄罗斯,G3MMPS8,阿米,防城港,"4","2026-07-13 23:56:45",,,3508180.0,采购中心,FCad,"73.95"
广西柳钢国际贸易有限公司,贫瘦煤|进口|俄罗斯,G3MMPS8,阿米,防城港,"4","2026-07-13 23:56:45",,,3508180.0,采购中心,Mad,"1.88"
广西柳钢国际贸易有限公司,贫瘦煤|进口|俄罗斯,G3MMPS8,阿米,防城港,"4","2026-07-13 23:56:45",,,3508180.0,采购中心,St.d,"0.39"
广西柳钢国际贸易有限公司,贫瘦煤|进口|俄罗斯,G3MMPS8,阿米,防城港,"4","2026-07-13 23:56:45",,,3508180.0,采购中心,Vdaf,"15.63"
广西柳钢国际贸易有限公司,贫瘦煤|进口|俄罗斯,G3MMPS8,阿米,防城港,"4","2026-07-13 23:56:45",,,3508180.0,采购中心,水分,"10.3"
河南天元清洁能源有限公司,贫瘦煤|国内,G3MMPS1,,苏桥,"4","2026-07-13 22:20:28",,,1568410.0,采购中心,Ad,"10.16"
河南天元清洁能源有限公司,贫瘦煤|国内,G3MMPS1,,苏桥,"4","2026-07-13 22:20:28",,,1568410.0,采购中心,FCad,"76.88"
河南天元清洁能源有限公司,贫瘦煤|国内,G3MMPS1,,苏桥,"4","2026-07-13 22:20:28",,,1568410.0,采购中心,Mad,"1.34"
河南天元清洁能源有限公司,贫瘦煤|国内,G3MMPS1,,苏桥,"4","2026-07-13 22:20:28",,,1568410.0,采购中心,St.d,"0.37"
河南天元清洁能源有限公司,贫瘦煤|国内,G3MMPS1,,苏桥,"4","2026-07-13 22:20:28",,,1568410.0,采购中心,Vdaf,"13.27"
河南天元清洁能源有限公司,贫瘦煤|国内,G3MMPS1,,苏桥,"4","2026-07-13 22:20:28",,,1568410.0,采购中心,水分,"14.4"
广西柳钢国际贸易有限公司,肥煤|国内,G3MMFF1,,宝丰,"4","2026-07-13 21:41:24",,,198210.0,采购中心,Ad,"10.56"
广西柳钢国际贸易有限公司,肥煤|国内,G3MMFF1,,宝丰,"4","2026-07-13 21:41:24",,,198210.0,采购中心,FCad,"62.08"
广西柳钢国际贸易有限公司,肥煤|国内,G3MMFF1,,宝丰,"4","2026-07-13 21:41:24",,,198210.0,采购中心,Mad,"1.08"
广西柳钢国际贸易有限公司,肥煤|国内,G3MMFF1,,宝丰,"4","2026-07-13 21:41:24",,,198210.0,采购中心,St.d,"2.42"
广西柳钢国际贸易有限公司,肥煤|国内,G3MMFF1,,宝丰,"4","2026-07-13 21:41:24",,,198210.0,采购中心,Vdaf,"29.83"
广西柳钢国际贸易有限公司,肥煤|国内,G3MMFF1,,宝丰,"4","2026-07-13 21:41:24",,,198210.0,采购中心,水分,"11.4"
四川省煤炭产业集团有限责任公司营销分公司,"1/3焦煤|3级|国内",G3MMSY5,,渡市,"4","2026-07-13 21:37:42",,,610850.0,采购中心,Ad,"9.72"
四川省煤炭产业集团有限责任公司营销分公司,"1/3焦煤|3级|国内",G3MMSY5,,渡市,"4","2026-07-13 21:37:42",,,610850.0,采购中心,FCad,"62.33"
四川省煤炭产业集团有限责任公司营销分公司,"1/3焦煤|3级|国内",G3MMSY5,,渡市,"4","2026-07-13 21:37:42",,,610850.0,采购中心,Mad,"1.63"
四川省煤炭产业集团有限责任公司营销分公司,"1/3焦煤|3级|国内",G3MMSY5,,渡市,"4","2026-07-13 21:37:42",,,610850.0,采购中心,St.d,"0.64"
四川省煤炭产业集团有限责任公司营销分公司,"1/3焦煤|3级|国内",G3MMSY5,,渡市,"4","2026-07-13 21:37:42",,,610850.0,采购中心,Vdaf,"29.82"
四川省煤炭产业集团有限责任公司营销分公司,"1/3焦煤|3级|国内",G3MMSY5,,渡市,"4","2026-07-13 21:37:42",,,610850.0,采购中心,水分,"8.4"
河南天元清洁能源有限公司,贫瘦煤|国内,G3MMPS1,,苏桥,"4","2026-07-13 21:06:18",,,1568410.0,采购中心,Ad,"10.04"
河南天元清洁能源有限公司,贫瘦煤|国内,G3MMPS1,,苏桥,"4","2026-07-13 21:06:18",,,1568410.0,采购中心,FCad,"77.26"
河南天元清洁能源有限公司,贫瘦煤|国内,G3MMPS1,,苏桥,"4","2026-07-13 21:06:18",,,1568410.0,采购中心,Mad,"1.37"
河南天元清洁能源有限公司,贫瘦煤|国内,G3MMPS1,,苏桥,"4","2026-07-13 21:06:18",,,1568410.0,采购中心,St.d,"0.37"
河南天元清洁能源有限公司,贫瘦煤|国内,G3MMPS1,,苏桥,"4","2026-07-13 21:06:18",,,1568410.0,采购中心,Vdaf,"12.93"
河南天元清洁能源有限公司,贫瘦煤|国内,G3MMPS1,,苏桥,"4","2026-07-13 21:06:18",,,1568410.0,采购中心,水分,"14.6"
国家能源投资集团有限责任公司煤炭经营分公司,烟煤|国内,G3MMYY1,,大保当,"4","2026-07-13 18:42:37",,A2,874930.0,采购中心,Ad,"6.39"
国家能源投资集团有限责任公司煤炭经营分公司,烟煤|国内,G3MMYY1,,大保当,"4","2026-07-13 18:42:37",,A2,874930.0,采购中心,FCad,"54.55"
国家能源投资集团有限责任公司煤炭经营分公司,烟煤|国内,G3MMYY1,,大保当,"4","2026-07-13 18:42:37",,A2,874930.0,采购中心,Mad,"5.29"
国家能源投资集团有限责任公司煤炭经营分公司,烟煤|国内,G3MMYY1,,大保当,"4","2026-07-13 18:42:37",,A2,874930.0,采购中心,St.d,"0.67"
国家能源投资集团有限责任公司煤炭经营分公司,烟煤|国内,G3MMYY1,,大保当,"4","2026-07-13 18:42:37",,A2,874930.0,采购中心,Vdaf,"38.47"
国家能源投资集团有限责任公司煤炭经营分公司,烟煤|国内,G3MMYY1,,大保当,"4","2026-07-13 18:42:37",,A2,874930.0,采购中心,水分,"14.1"
西部红果煤炭交易有限公司,主焦煤|1级|国内,G3MMZJ1,,柏果,"4","2026-07-13 17:15:06",,"4M",892220.0,采购中心,Ad,"10.16"
西部红果煤炭交易有限公司,主焦煤|1级|国内,G3MMZJ1,,柏果,"4","2026-07-13 17:15:06",,"4M",892220.0,采购中心,FCad,"71.25"
西部红果煤炭交易有限公司,主焦煤|1级|国内,G3MMZJ1,,柏果,"4","2026-07-13 17:15:06",,"4M",892220.0,采购中心,Mad,"1.12"
西部红果煤炭交易有限公司,主焦煤|1级|国内,G3MMZJ1,,柏果,"4","2026-07-13 17:15:06",,"4M",892220.0,采购中心,St.d,"0.32"
西部红果煤炭交易有限公司,主焦煤|1级|国内,G3MMZJ1,,柏果,"4","2026-07-13 17:15:06",,"4M",892220.0,采购中心,Vdaf,"19.79"
西部红果煤炭交易有限公司,主焦煤|1级|国内,G3MMZJ1,,柏果,"4","2026-07-13 17:15:06",,"4M",892220.0,采购中心,水分,"10.6"
焦化厂,炼焦配合煤,A2MMJPM,,,"4","2026-07-13 17:12:22",喷吹用煤（原料）,,,采购中心,Ad,"11.36"
焦化厂,炼焦配合煤,A2MMJPM,,,"4","2026-07-13 17:12:22",喷吹用煤（原料）,,,采购中心,FCad,"73.31"
焦化厂,炼焦配合煤,A2MMJPM,,,"4","2026-07-13 17:12:22",喷吹用煤（原料）,,,采购中心,Mad,"1.16"
焦化厂,炼焦配合煤,A2MMJPM,,,"4","2026-07-13 17:12:22",喷吹用煤（原料）,,,采购中心,St.d,"0.85"
焦化厂,炼焦配合煤,A2MMJPM,,,"4","2026-07-13 17:12:22",喷吹用煤（原料）,,,采购中心,Vdaf,"16.32"
焦化厂,炼焦配合煤,A2MMJPM,,,"4","2026-07-13 17:12:22",喷吹用煤（原料）,,,采购中心,水分,"11.0"
焦化厂,炼焦配合煤,A2MMJPM,,,"4","2026-07-13 17:12:21",喷吹用煤（原料）,,,采购中心,Ad,"11.06"
焦化厂,炼焦配合煤,A2MMJPM,,,"4","2026-07-13 17:12:21",喷吹用煤（原料）,,,采购中心,FCad,"58.91"
焦化厂,炼焦配合煤,A2MMJPM,,,"4","2026-07-13 17:12:21",喷吹用煤（原料）,,,采购中心,Mad,"1.26"
焦化厂,炼焦配合煤,A2MMJPM,,,"4","2026-07-13 17:12:21",喷吹用煤（原料）,,,采购中心,St.d,"0.60"
焦化厂,炼焦配合煤,A2MMJPM,,,"4","2026-07-13 17:12:21",喷吹用煤（原料）,,,采购中心,Vdaf,"32.92"
焦化厂,炼焦配合煤,A2MMJPM,,,"4","2026-07-13 17:12:21",喷吹用煤（原料）,,,采购中心,水分,"9.1"
焦化厂,炼焦配合煤,A2MMJPM,,,"4","2026-07-13 17:12:20",喷吹用煤（原料）,,,采购中心,Ad,"11.17"
焦化厂,炼焦配合煤,A2MMJPM,,,"4","2026-07-13 17:12:20",喷吹用煤（原料）,,,采购中心,FCad,"68.83"
焦化厂,炼焦配合煤,A2MMJPM,,,"4","2026-07-13 17:12:20",喷吹用煤（原料）,,,采购中心,Mad,"1.04"
焦化厂,炼焦配合煤,A2MMJPM,,,"4","2026-07-13 17:12:20",喷吹用煤（原料）,,,采购中心,St.d,"1.53"
焦化厂,炼焦配合煤,A2MMJPM,,,"4","2026-07-13 17:12:20",喷吹用煤（原料）,,,采购中心,Vdaf,"21.70"
焦化厂,炼焦配合煤,A2MMJPM,,,"4","2026-07-13 17:12:20",喷吹用煤（原料）,,,采购中心,水分,"12.8"
焦化厂,炼焦配合煤,A2MMJPM,,,"4","2026-07-13 17:12:18",喷吹用煤（原料）,,,采购中心,Ad,"10.51"
焦化厂,炼焦配合煤,A2MMJPM,,,"4","2026-07-13 17:12:18",喷吹用煤（原料）,,,采购中心,FCad,"75.80"
焦化厂,炼焦配合煤,A2MMJPM,,,"4","2026-07-13 17:12:18",喷吹用煤（原料）,,,采购中心,Mad,"1.17"
焦化厂,炼焦配合煤,A2MMJPM,,,"4","2026-07-13 17:12:18",喷吹用煤（原料）,,,采购中心,St.d,"0.74"
焦化厂,炼焦配合煤,A2MMJPM,,,"4","2026-07-13 17:12:18",喷吹用煤（原料）,,,采购中心,Vdaf,"14.29"
焦化厂,炼焦配合煤,A2MMJPM,,,"4","2026-07-13 17:12:18",喷吹用煤（原料）,,,采购中心,水分,"9.8"
焦化厂,炼焦配合煤,A2MMJPM,,,"4","2026-07-13 17:12:17",喷吹用煤（原料）,,,采购中心,Ad,"10.44"
焦化厂,炼焦配合煤,A2MMJPM,,,"4","2026-07-13 17:12:17",喷吹用煤（原料）,,,采购中心,FCad,"62.19"
焦化厂,炼焦配合煤,A2MMJPM,,,"4","2026-07-13 17:12:17",喷吹用煤（原料）,,,采购中心,Mad,"1.17"
焦化厂,炼焦配合煤,A2MMJPM,,,"4","2026-07-13 17:12:17",喷吹用煤（原料）,,,采购中心,St.d,"0.26"
焦化厂,炼焦配合煤,A2MMJPM,,,"4","2026-07-13 17:12:17",喷吹用煤（原料）,,,采购中心,Vdaf,"29.74"
焦化厂,炼焦配合煤,A2MMJPM,,,"4","2026-07-13 17:12:17",喷吹用煤（原料）,,,采购中心,水分,"11.1"
焦化厂,炼焦配合煤,A2MMJPM,,,"4","2026-07-13 17:12:16",喷吹用煤（原料）,,,采购中心,Ad,"9.96"
焦化厂,炼焦配合煤,A2MMJPM,,,"4","2026-07-13 17:12:16",喷吹用煤（原料）,,,采购中心,FCad,"61.31"
焦化厂,炼焦配合煤,A2MMJPM,,,"4","2026-07-13 17:12:16",喷吹用煤（原料）,,,采购中心,Mad,"1.44"
焦化厂,炼焦配合煤,A2MMJPM,,,"4","2026-07-13 17:12:16",喷吹用煤（原料）,,,采购中心,St.d,"0.38"
焦化厂,炼焦配合煤,A2MMJPM,,,"4","2026-07-13 17:12:16",喷吹用煤（原料）,,,采购中心,Vdaf,"30.91"
焦化厂,炼焦配合煤,A2MMJPM,,,"4","2026-07-13 17:12:16",喷吹用煤（原料）,,,采购中心,水分,"11.1"
广西柳钢国际贸易有限公司,主焦煤|1级|进口|加拿大|斯坦达,G3MMZJA,诺德,铁山港,"4","2026-07-13 15:33:13",,,203030.0,采购中心,Ad,"10.51"
广西柳钢国际贸易有限公司,主焦煤|1级|进口|加拿大|斯坦达,G3MMZJA,诺德,铁山港,"4","2026-07-13 15:33:13",,,203030.0,采购中心,FCad,"66.63"
广西柳钢国际贸易有限公司,主焦煤|1级|进口|加拿大|斯坦达,G3MMZJA,诺德,铁山港,"4","2026-07-13 15:33:13",,,203030.0,采购中心,Mad,"1.51"
广西柳钢国际贸易有限公司,主焦煤|1级|进口|加拿大|斯坦达,G3MMZJA,诺德,铁山港,"4","2026-07-13 15:33:13",,,203030.0,采购中心,St.d,"0.40"
广西柳钢国际贸易有限公司,主焦煤|1级|进口|加拿大|斯坦达,G3MMZJA,诺德,铁山港,"4","2026-07-13 15:33:13",,,203030.0,采购中心,Vdaf,"24.40"
广西柳钢国际贸易有限公司,主焦煤|1级|进口|加拿大|斯坦达,G3MMZJA,诺德,铁山港,"4","2026-07-13 15:33:13",,,203030.0,采购中心,水分,"16.1"
贵州盘江精煤股份有限公司,"1/3焦煤|1级|国内",G3MMSY1,,柏果,"4","2026-07-13 14:51:46",,"5M",1005780.0,采购中心,Ad,"10.17"
贵州盘江精煤股份有限公司,"1/3焦煤|1级|国内",G3MMSY1,,柏果,"4","2026-07-13 14:51:46",,"5M",1005780.0,采购中心,FCad,"62.69"
贵州盘江精煤股份有限公司,"1/3焦煤|1级|国内",G3MMSY1,,柏果,"4","2026-07-13 14:51:46",,"5M",1005780.0,采购中心,Mad,"1.12"
贵州盘江精煤股份有限公司,"1/3焦煤|1级|国内",G3MMSY1,,柏果,"4","2026-07-13 14:51:46",,"5M",1005780.0,采购中心,St.d,"0.24"
贵州盘江精煤股份有限公司,"1/3焦煤|1级|国内",G3MMSY1,,柏果,"4","2026-07-13 14:51:46",,"5M",1005780.0,采购中心,Vdaf,"29.41"
贵州盘江精煤股份有限公司,"1/3焦煤|1级|国内",G3MMSY1,,柏果,"4","2026-07-13 14:51:46",,"5M",1005780.0,采购中心,水分,"12.2"
贵州盘江精煤股份有限公司,"1/3焦煤|1级|国内",G3MMSY1,,柏果,"4","2026-07-13 13:39:10",,"4M",208080.0,采购中心,Ad,"10.52"
贵州盘江精煤股份有限公司,"1/3焦煤|1级|国内",G3MMSY1,,柏果,"4","2026-07-13 13:39:10",,"4M",208080.0,采购中心,FCad,"62.18"
贵州盘江精煤股份有限公司,"1/3焦煤|1级|国内",G3MMSY1,,柏果,"4","2026-07-13 13:39:10",,"4M",208080.0,采购中心,Mad,"1.17"
贵州盘江精煤股份有限公司,"1/3焦煤|1级|国内",G3MMSY1,,柏果,"4","2026-07-13 13:39:10",,"4M",208080.0,采购中心,St.d,"0.27"
贵州盘江精煤股份有限公司,"1/3焦煤|1级|国内",G3MMSY1,,柏果,"4","2026-07-13 13:39:10",,"4M",208080.0,采购中心,Vdaf,"29.69"
贵州盘江精煤股份有限公司,"1/3焦煤|1级|国内",G3MMSY1,,柏果,"4","2026-07-13 13:39:10",,"4M",208080.0,采购中心,水分,"11.5"
国家能源投资集团有限责任公司煤炭经营分公司,烟煤|国内,G3MMYY1,,,"4","2026-07-13 13:23:51",,料3,,采购中心,Ad,"6.26"
国家能源投资集团有限责任公司煤炭经营分公司,烟煤|国内,G3MMYY1,,,"4","2026-07-13 13:23:51",,料3,,采购中心,Cad,"73.3"
国家能源投资集团有限责任公司煤炭经营分公司,烟煤|国内,G3MMYY1,,,"4","2026-07-13 13:23:51",,料3,,采购中心,FCad,"54.79"
国家能源投资集团有限责任公司煤炭经营分公司,烟煤|国内,G3MMYY1,,,"4","2026-07-13 13:23:51",,料3,,采购中心,Had,"4.56"
国家能源投资集团有限责任公司煤炭经营分公司,烟煤|国内,G3MMYY1,,,"4","2026-07-13 13:23:51",,料3,,采购中心,Mad,"4.56"
国家能源投资集团有限责任公司煤炭经营分公司,烟煤|国内,G3MMYY1,,,"4","2026-07-13 13:23:51",,料3,,采购中心,St.d,"0.51"
国家能源投资集团有限责任公司煤炭经营分公司,烟煤|国内,G3MMYY1,,,"4","2026-07-13 13:23:51",,料3,,采购中心,Vdaf,"38.76"
国家能源投资集团有限责任公司煤炭经营分公司,烟煤|国内,G3MMYY1,,,"4","2026-07-13 13:23:51",,料3,,采购中心,水分,"13.2"
国家能源投资集团有限责任公司煤炭经营分公司,烟煤|国内,G3MMYY1,,大保当,"4","2026-07-13 13:22:07",,料3,684050.0,采购中心,Ad,"6.25"
国家能源投资集团有限责任公司煤炭经营分公司,烟煤|国内,G3MMYY1,,大保当,"4","2026-07-13 13:22:07",,料3,684050.0,采购中心,FCad,"55.08"
国家能源投资集团有限责任公司煤炭经营分公司,烟煤|国内,G3MMYY1,,大保当,"4","2026-07-13 13:22:07",,料3,684050.0,采购中心,Mad,"4.51"
国家能源投资集团有限责任公司煤炭经营分公司,烟煤|国内,G3MMYY1,,大保当,"4","2026-07-13 13:22:07",,料3,684050.0,采购中心,St.d,"0.50"
国家能源投资集团有限责任公司煤炭经营分公司,烟煤|国内,G3MMYY1,,大保当,"4","2026-07-13 13:22:07",,料3,684050.0,采购中心,Vdaf,"38.46"
国家能源投资集团有限责任公司煤炭经营分公司,烟煤|国内,G3MMYY1,,大保当,"4","2026-07-13 13:22:07",,料3,684050.0,采购中心,水分,"13.9"
国家能源投资集团有限责任公司煤炭经营分公司,烟煤|国内,G3MMYY1,,大保当,"4","2026-07-13 11:13:51",,,1760890.0,采购中心,Ad,"6.44"
国家能源投资集团有限责任公司煤炭经营分公司,烟煤|国内,G3MMYY1,,大保当,"4","2026-07-13 11:13:51",,,1760890.0,采购中心,FCad,"55.35"
国家能源投资集团有限责任公司煤炭经营分公司,烟煤|国内,G3MMYY1,,大保当,"4","2026-07-13 11:13:51",,,1760890.0,采购中心,Mad,"4.28"
国家能源投资集团有限责任公司煤炭经营分公司,烟煤|国内,G3MMYY1,,大保当,"4","2026-07-13 11:13:51",,,1760890.0,采购中心,St.d,"0.53"
国家能源投资集团有限责任公司煤炭经营分公司,烟煤|国内,G3MMYY1,,大保当,"4","2026-07-13 11:13:51",,,1760890.0,采购中心,Vdaf,"38.20"
国家能源投资集团有限责任公司煤炭经营分公司,烟煤|国内,G3MMYY1,,大保当,"4","2026-07-13 11:13:51",,,1760890.0,采购中心,水分,"14.1"
国家能源投资集团有限责任公司煤炭经营分公司,烟煤|国内,G3MMYY1,,大保当,"4","2026-07-13 11:02:20",,A2,1760890.0,采购中心,Ad,"6.88"
国家能源投资集团有限责任公司煤炭经营分公司,烟煤|国内,G3MMYY1,,大保当,"4","2026-07-13 11:02:20",,A2,1760890.0,采购中心,FCad,"54.86"
国家能源投资集团有限责任公司煤炭经营分公司,烟煤|国内,G3MMYY1,,大保当,"4","2026-07-13 11:02:20",,A2,1760890.0,采购中心,Mad,"4.38"
国家能源投资集团有限责任公司煤炭经营分公司,烟煤|国内,G3MMYY1,,大保当,"4","2026-07-13 11:02:20",,A2,1760890.0,采购中心,St.d,"0.59"
国家能源投资集团有限责任公司煤炭经营分公司,烟煤|国内,G3MMYY1,,大保当,"4","2026-07-13 11:02:20",,A2,1760890.0,采购中心,Vdaf,"38.38"
国家能源投资集团有限责任公司煤炭经营分公司,烟煤|国内,G3MMYY1,,大保当,"4","2026-07-13 11:02:20",,A2,1760890.0,采购中心,水分,"13.9"
贵州盘江精煤股份有限公司,"1/3焦煤|1级|国内",G3MMSY1,,柏果,"4","2026-07-13 05:59:50",,"5M",842580.0,采购中心,Ad,"10.41"
贵州盘江精煤股份有限公司,"1/3焦煤|1级|国内",G3MMSY1,,柏果,"4","2026-07-13 05:59:50",,"5M",842580.0,采购中心,FCad,"62.60"
贵州盘江精煤股份有限公司,"1/3焦煤|1级|国内",G3MMSY1,,柏果,"4","2026-07-13 05:59:50",,"5M",842580.0,采购中心,Mad,"1.07"
贵州盘江精煤股份有限公司,"1/3焦煤|1级|国内",G3MMSY1,,柏果,"4","2026-07-13 05:59:50",,"5M",842580.0,采购中心,St.d,"0.24"
贵州盘江精煤股份有限公司,"1/3焦煤|1级|国内",G3MMSY1,,柏果,"4","2026-07-13 05:59:50",,"5M",842580.0,采购中心,Vdaf,"29.37"
贵州盘江精煤股份有限公司,"1/3焦煤|1级|国内",G3MMSY1,,柏果,"4","2026-07-13 05:59:50",,"5M",842580.0,采购中心,水分,"11.9"
贵州盘江精煤股份有限公司,"1/3焦煤|1级|国内",G3MMSY1,,月亮田,"4","2026-07-13 05:35:34",,"4M",872710.0,采购中心,Ad,"11.60"
贵州盘江精煤股份有限公司,"1/3焦煤|1级|国内",G3MMSY1,,月亮田,"4","2026-07-13 05:35:34",,"4M",872710.0,采购中心,FCad,"58.56"
贵州盘江精煤股份有限公司,"1/3焦煤|1级|国内",G3MMSY1,,月亮田,"4","2026-07-13 05:35:34",,"4M",872710.0,采购中心,Mad,"1.22"
贵州盘江精煤股份有限公司,"1/3焦煤|1级|国内",G3MMSY1,,月亮田,"4","2026-07-13 05:35:34",,"4M",872710.0,采购中心,St.d,"0.52"
贵州盘江精煤股份有限公司,"1/3焦煤|1级|国内",G3MMSY1,,月亮田,"4","2026-07-13 05:35:34",,"4M",872710.0,采购中心,Vdaf,"32.94"
贵州盘江精煤股份有限公司,"1/3焦煤|1级|国内",G3MMSY1,,月亮田,"4","2026-07-13 05:35:34",,"4M",872710.0,采购中心,水分,"9.7"
贵州盘江精煤股份有限公司,"1/3焦煤|1级|国内",G3MMSY1,,月亮田,"4","2026-07-13 05:34:05",,"4M",68570.0,采购中心,Ad,"11.87"
贵州盘江精煤股份有限公司,"1/3焦煤|1级|国内",G3MMSY1,,月亮田,"4","2026-07-13 05:34:05",,"4M",68570.0,采购中心,FCad,"58.04"
贵州盘江精煤股份有限公司,"1/3焦煤|1级|国内",G3MMSY1,,月亮田,"4","2026-07-13 05:34:05",,"4M",68570.0,采购中心,Mad,"1.10"
贵州盘江精煤股份有限公司,"1/3焦煤|1级|国内",G3MMSY1,,月亮田,"4","2026-07-13 05:34:05",,"4M",68570.0,采购中心,St.d,"0.52"
贵州盘江精煤股份有限公司,"1/3焦煤|1级|国内",G3MMSY1,,月亮田,"4","2026-07-13 05:34:05",,"4M",68570.0,采购中心,Vdaf,"33.41"
贵州盘江精煤股份有限公司,"1/3焦煤|1级|国内",G3MMSY1,,月亮田,"4","2026-07-13 05:34:05",,"4M",68570.0,采购中心,水分,"9.1"
广西柳钢国际贸易有限公司,主焦煤|1级|进口|蒙古5#,G3MMZJR,锦航力鲲,云约,"4","2026-07-13 04:41:04",,,132890.0,采购中心,水分,"10.7"
广西钢铁集团有限公司,贫瘦煤|进口|E|低挥发,G3MMPS10,冬青海,云约,"4","2026-07-13 04:41:04",,,203010.0,采购中心,水分,"14.1"
贵州盘江精煤股份有限公司,炼焦贫瘦煤|国内,G3MMJPS1,,红果,"4","2026-07-13 02:37:55",,"5M",244190.0,采购中心,Ad,"12.29"
贵州盘江精煤股份有限公司,炼焦贫瘦煤|国内,G3MMJPS1,,红果,"4","2026-07-13 02:37:55",,"5M",244190.0,采购中心,FCad,"74.70"
贵州盘江精煤股份有限公司,炼焦贫瘦煤|国内,G3MMJPS1,,红果,"4","2026-07-13 02:37:55",,"5M",244190.0,采购中心,Mad,"0.98"
贵州盘江精煤股份有限公司,炼焦贫瘦煤|国内,G3MMJPS1,,红果,"4","2026-07-13 02:37:55",,"5M",244190.0,采购中心,St.d,"0.85"
贵州盘江精煤股份有限公司,炼焦贫瘦煤|国内,G3MMJPS1,,红果,"4","2026-07-13 02:37:55",,"5M",244190.0,采购中心,Vdaf,"13.99"
贵州盘江精煤股份有限公司,炼焦贫瘦煤|国内,G3MMJPS1,,红果,"4","2026-07-13 02:37:55",,"5M",244190.0,采购中心,水分,"8.5"
贵州盘江精煤股份有限公司,"1/3焦煤|1级|国内",G3MMSY1,,柏果,"4","2026-07-13 02:35:04",,"5M",640270.0,采购中心,Ad,"10.76"
贵州盘江精煤股份有限公司,"1/3焦煤|1级|国内",G3MMSY1,,柏果,"4","2026-07-13 02:35:04",,"5M",640270.0,采购中心,FCad,"62.44"
贵州盘江精煤股份有限公司,"1/3焦煤|1级|国内",G3MMSY1,,柏果,"4","2026-07-13 02:35:04",,"5M",640270.0,采购中心,Mad,"1.11"
贵州盘江精煤股份有限公司,"1/3焦煤|1级|国内",G3MMSY1,,柏果,"4","2026-07-13 02:35:04",,"5M",640270.0,采购中心,St.d,"0.27"
贵州盘江精煤股份有限公司,"1/3焦煤|1级|国内",G3MMSY1,,柏果,"4","2026-07-13 02:35:04",,"5M",640270.0,采购中心,Vdaf,"29.24"
贵州盘江精煤股份有限公司,"1/3焦煤|1级|国内",G3MMSY1,,柏果,"4","2026-07-13 02:35:04",,"5M",640270.0,采购中心,水分,"11.3"
广西钢铁集团有限公司,主焦煤|1级|国内,G3MMZJ1,鑫泰达,铁山港,"4","2026-07-13 01:20:50",,"1M",8189150.0,采购中心,Ad,"11.09"
广西钢铁集团有限公司,主焦煤|1级|国内,G3MMZJ1,鑫泰达,铁山港,"4","2026-07-13 01:20:50",,"1M",8189150.0,采购中心,FCad,"69.24"
广西钢铁集团有限公司,主焦煤|1级|国内,G3MMZJ1,鑫泰达,铁山港,"4","2026-07-13 01:20:50",,"1M",8189150.0,采购中心,Mad,"1.01"
广西钢铁集团有限公司,主焦煤|1级|国内,G3MMZJ1,鑫泰达,铁山港,"4","2026-07-13 01:20:50",,"1M",8189150.0,采购中心,St.d,"0.98"
广西钢铁集团有限公司,主焦煤|1级|国内,G3MMZJ1,鑫泰达,铁山港,"4","2026-07-13 01:20:50",,"1M",8189150.0,采购中心,Vdaf,"21.33"
广西钢铁集团有限公司,主焦煤|1级|国内,G3MMZJ1,鑫泰达,铁山港,"4","2026-07-13 01:20:50",,"1M",8189150.0,采购中心,水分,"12.5"
山西潞安环保能源开发股份有限公司,贫瘦煤|国内,G3MMPS1,,长治北,"4","2026-07-13 00:12:35",,A2,6668670.0,采购中心,Ad,"10.31"
山西潞安环保能源开发股份有限公司,贫瘦煤|国内,G3MMPS1,,长治北,"4","2026-07-13 00:12:35",,A2,6668670.0,采购中心,FCad,"77.03"
山西潞安环保能源开发股份有限公司,贫瘦煤|国内,G3MMPS1,,长治北,"4","2026-07-13 00:12:35",,A2,6668670.0,采购中心,Mad,"0.97"
山西潞安环保能源开发股份有限公司,贫瘦煤|国内,G3MMPS1,,长治北,"4","2026-07-13 00:12:35",,A2,6668670.0,采购中心,St.d,"0.42"
山西潞安环保能源开发股份有限公司,贫瘦煤|国内,G3MMPS1,,长治北,"4","2026-07-13 00:12:35",,A2,6668670.0,采购中心,Vdaf,"13.27"
山西潞安环保能源开发股份有限公司,贫瘦煤|国内,G3MMPS1,,长治北,"4","2026-07-13 00:12:35",,A2,6668670.0,采购中心,水分,"8.9"
贵州盘江精煤股份有限公司,"1/3焦煤|1级|国内",G3MMSY1,,柏果,"4","2026-07-12 23:07:00",,"4M",804040.0,采购中心,Ad,"10.53"
贵州盘江精煤股份有限公司,"1/3焦煤|1级|国内",G3MMSY1,,柏果,"4","2026-07-12 23:07:00",,"4M",804040.0,采购中心,FCad,"61.88"
贵州盘江精煤股份有限公司,"1/3焦煤|1级|国内",G3MMSY1,,柏果,"4","2026-07-12 23:07:00",,"4M",804040.0,采购中心,Mad,"1.10"
贵州盘江精煤股份有限公司,"1/3焦煤|1级|国内",G3MMSY1,,柏果,"4","2026-07-12 23:07:00",,"4M",804040.0,采购中心,St.d,"0.27"
贵州盘江精煤股份有限公司,"1/3焦煤|1级|国内",G3MMSY1,,柏果,"4","2026-07-12 23:07:00",,"4M",804040.0,采购中心,Vdaf,"30.07"
贵州盘江精煤股份有限公司,"1/3焦煤|1级|国内",G3MMSY1,,柏果,"4","2026-07-12 23:07:00",,"4M",804040.0,采购中心,水分,"11.4"
贵州盘江精煤股份有限公司,"1/3焦煤|1级|国内",G3MMSY1,,柏果,"4","2026-07-12 22:09:04",,"5M",986820.0,采购中心,Ad,"10.41"
贵州盘江精煤股份有限公司,"1/3焦煤|1级|国内",G3MMSY1,,柏果,"4","2026-07-12 22:09:04",,"5M",986820.0,采购中心,FCad,"63.18"
贵州盘江精煤股份有限公司,"1/3焦煤|1级|国内",G3MMSY1,,柏果,"4","2026-07-12 22:09:04",,"5M",986820.0,采购中心,Mad,"1.06"
贵州盘江精煤股份有限公司,"1/3焦煤|1级|国内",G3MMSY1,,柏果,"4","2026-07-12 22:09:04",,"5M",986820.0,采购中心,St.d,"0.26"
贵州盘江精煤股份有限公司,"1/3焦煤|1级|国内",G3MMSY1,,柏果,"4","2026-07-12 22:09:04",,"5M",986820.0,采购中心,Vdaf,"28.72"
贵州盘江精煤股份有限公司,"1/3焦煤|1级|国内",G3MMSY1,,柏果,"4","2026-07-12 22:09:04",,"5M",986820.0,采购中心,水分,"12.5"
广西柳钢国际贸易有限公司,国内烧结无烟煤,G3MMSWM,,嘉峰,"4","2026-07-12 21:16:30",,,1250300.0,采购中心,Ad,"10.37"
广西柳钢国际贸易有限公司,国内烧结无烟煤,G3MMSWM,,嘉峰,"4","2026-07-12 21:16:30",,,1250300.0,采购中心,FCad,"81.47"
广西柳钢国际贸易有限公司,国内烧结无烟煤,G3MMSWM,,嘉峰,"4","2026-07-12 21:16:30",,,1250300.0,采购中心,Mad,"2.25"
广西柳钢国际贸易有限公司,国内烧结无烟煤,G3MMSWM,,嘉峰,"4","2026-07-12 21:16:30",,,1250300.0,采购中心,St.d,"0.41"
广西柳钢国际贸易有限公司,国内烧结无烟煤,G3MMSWM,,嘉峰,"4","2026-07-12 21:16:30",,,1250300.0,采购中心,Vdaf,"7.01"
广西柳钢国际贸易有限公司,国内烧结无烟煤,G3MMSWM,,嘉峰,"4","2026-07-12 21:16:30",,,1250300.0,采购中心,水分,"7.7"
中国诚通国际贸易有限公司,贫瘦煤|国内,G3MMPS1,,宋寨,"4","2026-07-12 21:16:30",,,139060.0,采购中心,Ad,"10.83"
中国诚通国际贸易有限公司,贫瘦煤|国内,G3MMPS1,,宋寨,"4","2026-07-12 21:16:30",,,139060.0,采购中心,FCad,"75.69"
中国诚通国际贸易有限公司,贫瘦煤|国内,G3MMPS1,,宋寨,"4","2026-07-12 21:16:30",,,139060.0,采购中心,Mad,"1.61"
中国诚通国际贸易有限公司,贫瘦煤|国内,G3MMPS1,,宋寨,"4","2026-07-12 21:16:30",,,139060.0,采购中心,St.d,"0.45"
中国诚通国际贸易有限公司,贫瘦煤|国内,G3MMPS1,,宋寨,"4","2026-07-12 21:16:30",,,139060.0,采购中心,Vdaf,"13.72"
中国诚通国际贸易有限公司,贫瘦煤|国内,G3MMPS1,,宋寨,"4","2026-07-12 21:16:30",,,139060.0,采购中心,水分,"15.0"
四川省煤炭产业集团有限责任公司营销分公司,瘦焦煤|1级|国内,G3MMSJ1,,格里坪,"4","2026-07-12 20:39:31",,"1M",720310.0,采购中心,Ad,"9.97"
四川省煤炭产业集团有限责任公司营销分公司,瘦焦煤|1级|国内,G3MMSJ1,,格里坪,"4","2026-07-12 20:39:31",,"1M",720310.0,采购中心,FCad,"71.91"
四川省煤炭产业集团有限责任公司营销分公司,瘦焦煤|1级|国内,G3MMSJ1,,格里坪,"4","2026-07-12 20:39:31",,"1M",720310.0,采购中心,Mad,"0.86"
四川省煤炭产业集团有限责任公司营销分公司,瘦焦煤|1级|国内,G3MMSJ1,,格里坪,"4","2026-07-12 20:39:31",,"1M",720310.0,采购中心,St.d,"0.60"
四川省煤炭产业集团有限责任公司营销分公司,瘦焦煤|1级|国内,G3MMSJ1,,格里坪,"4","2026-07-12 20:39:31",,"1M",720310.0,采购中心,Vdaf,"19.44"
四川省煤炭产业集团有限责任公司营销分公司,瘦焦煤|1级|国内,G3MMSJ1,,格里坪,"4","2026-07-12 20:39:31",,"1M",720310.0,采购中心,水分,"14.1"
四川省煤炭产业集团有限责任公司营销分公司,瘦焦煤|1级|国内,G3MMSJ1,,格里坪,"4","2026-07-12 18:10:35",,"1M",583710.0,采购中心,Ad,"9.66"
四川省煤炭产业集团有限责任公司营销分公司,瘦焦煤|1级|国内,G3MMSJ1,,格里坪,"4","2026-07-12 18:10:35",,"1M",583710.0,采购中心,FCad,"72.59"
四川省煤炭产业集团有限责任公司营销分公司,瘦焦煤|1级|国内,G3MMSJ1,,格里坪,"4","2026-07-12 18:10:35",,"1M",583710.0,采购中心,Mad,"0.81"
四川省煤炭产业集团有限责任公司营销分公司,瘦焦煤|1级|国内,G3MMSJ1,,格里坪,"4","2026-07-12 18:10:35",,"1M",583710.0,采购中心,St.d,"0.59"
四川省煤炭产业集团有限责任公司营销分公司,瘦焦煤|1级|国内,G3MMSJ1,,格里坪,"4","2026-07-12 18:10:35",,"1M",583710.0,采购中心,Vdaf,"18.99"
四川省煤炭产业集团有限责任公司营销分公司,瘦焦煤|1级|国内,G3MMSJ1,,格里坪,"4","2026-07-12 18:10:35",,"1M",583710.0,采购中心,水分,"12.6"
贵州松河煤业发展有限责任公司,主焦煤|1级|国内,G3MMZJ1,,松河,"4","2026-07-12 17:51:15",,,391900.0,采购中心,Ad,"10.75"
贵州松河煤业发展有限责任公司,主焦煤|1级|国内,G3MMZJ1,,松河,"4","2026-07-12 17:51:15",,,188490.0,采购中心,Ad,"10.42"
贵州松河煤业发展有限责任公司,主焦煤|1级|国内,G3MMZJ1,,松河,"4","2026-07-12 17:51:15",,,391900.0,采购中心,FCad,"68.09"
贵州松河煤业发展有限责任公司,主焦煤|1级|国内,G3MMZJ1,,松河,"4","2026-07-12 17:51:15",,,188490.0,采购中心,FCad,"68.45"
贵州松河煤业发展有限责任公司,主焦煤|1级|国内,G3MMZJ1,,松河,"4","2026-07-12 17:51:15",,,391900.0,采购中心,Mad,"0.98"
贵州松河煤业发展有限责任公司,主焦煤|1级|国内,G3MMZJ1,,松河,"4","2026-07-12 17:51:15",,,188490.0,采购中心,Mad,"0.99"
贵州松河煤业发展有限责任公司,主焦煤|1级|国内,G3MMZJ1,,松河,"4","2026-07-12 17:51:15",,,188490.0,采购中心,St.d,"0.31"
贵州松河煤业发展有限责任公司,主焦煤|1级|国内,G3MMZJ1,,松河,"4","2026-07-12 17:51:15",,,391900.0,采购中心,St.d,"0.29"
贵州松河煤业发展有限责任公司,主焦煤|1级|国内,G3MMZJ1,,松河,"4","2026-07-12 17:51:15",,,188490.0,采购中心,Vdaf,"22.82"
贵州松河煤业发展有限责任公司,主焦煤|1级|国内,G3MMZJ1,,松河,"4","2026-07-12 17:51:15",,,391900.0,采购中心,Vdaf,"22.96"
贵州松河煤业发展有限责任公司,主焦煤|1级|国内,G3MMZJ1,,松河,"4","2026-07-12 17:51:15",,,188490.0,采购中心,水分,"13.4"
贵州松河煤业发展有限责任公司,主焦煤|1级|国内,G3MMZJ1,,松河,"4","2026-07-12 17:51:15",,,391900.0,采购中心,水分,"13.6"
广西柳钢国际贸易有限公司,肥煤|国内,G3MMFF1,,宝丰,"4","2026-07-12 14:37:51",,"1M",606710.0,采购中心,Ad,"11.03"
广西柳钢国际贸易有限公司,肥煤|国内,G3MMFF1,,宝丰,"4","2026-07-12 14:37:51",,"1M",606710.0,采购中心,FCad,"62.69"
广西柳钢国际贸易有限公司,肥煤|国内,G3MMFF1,,宝丰,"4","2026-07-12 14:37:51",,"1M",606710.0,采购中心,Mad,"1.07"
广西柳钢国际贸易有限公司,肥煤|国内,G3MMFF1,,宝丰,"4","2026-07-12 14:37:51",,"1M",606710.0,采购中心,St.d,"2.42"
广西柳钢国际贸易有限公司,肥煤|国内,G3MMFF1,,宝丰,"4","2026-07-12 14:37:51",,"1M",606710.0,采购中心,Vdaf,"28.78"
广西柳钢国际贸易有限公司,肥煤|国内,G3MMFF1,,宝丰,"4","2026-07-12 14:37:51",,"1M",606710.0,采购中心,水分,"12.8"
中国诚通国际贸易有限公司,贫瘦煤|国内,G3MMPS1,,,"4","2026-07-12 14:01:11",,,,采购中心,Ad,"10.14"
中国诚通国际贸易有限公司,贫瘦煤|国内,G3MMPS1,,,"4","2026-07-12 14:01:11",,,,采购中心,Cad,"80.58"
中国诚通国际贸易有限公司,贫瘦煤|国内,G3MMPS1,,,"4","2026-07-12 14:01:11",,,,采购中心,FCad,"74.98"
中国诚通国际贸易有限公司,贫瘦煤|国内,G3MMPS1,,,"4","2026-07-12 14:01:11",,,,采购中心,Had,"3.66"
中国诚通国际贸易有限公司,贫瘦煤|国内,G3MMPS1,,,"4","2026-07-12 14:01:11",,,,采购中心,Mad,"1.89"
中国诚通国际贸易有限公司,贫瘦煤|国内,G3MMPS1,,,"4","2026-07-12 14:01:11",,,,采购中心,St.d,"0.52"
中国诚通国际贸易有限公司,贫瘦煤|国内,G3MMPS1,,,"4","2026-07-12 14:01:11",,,,采购中心,Vdaf,"14.95"
中国诚通国际贸易有限公司,贫瘦煤|国内,G3MMPS1,,,"4","2026-07-12 14:01:11",,,,采购中心,水分,"15.0"
中国诚通国际贸易有限公司,贫瘦煤|国内,G3MMPS1,,宋寨,"4","2026-07-12 13:56:29",,,71180.0,采购中心,Ad,"10.18"
中国诚通国际贸易有限公司,贫瘦煤|国内,G3MMPS1,,宋寨,"4","2026-07-12 13:56:29",,,71180.0,采购中心,FCad,"75.22"
中国诚通国际贸易有限公司,贫瘦煤|国内,G3MMPS1,,宋寨,"4","2026-07-12 13:56:29",,,71180.0,采购中心,Mad,"1.89"
中国诚通国际贸易有限公司,贫瘦煤|国内,G3MMPS1,,宋寨,"4","2026-07-12 13:56:29",,,71180.0,采购中心,St.d,"0.51"
中国诚通国际贸易有限公司,贫瘦煤|国内,G3MMPS1,,宋寨,"4","2026-07-12 13:56:29",,,71180.0,采购中心,Vdaf,"14.64"
中国诚通国际贸易有限公司,贫瘦煤|国内,G3MMPS1,,宋寨,"4","2026-07-12 13:56:29",,,71180.0,采购中心,水分,"14.6"
贵州盘江精煤股份有限公司,"1/3焦煤|1级|国内",G3MMSY1,,柏果,"4","2026-07-12 13:54:06",,"4M",978670.0,采购中心,Ad,"10.43"
贵州盘江精煤股份有限公司,"1/3焦煤|1级|国内",G3MMSY1,,柏果,"4","2026-07-12 13:54:06",,"4M",978670.0,采购中心,FCad,"62.53"
贵州盘江精煤股份有限公司,"1/3焦煤|1级|国内",G3MMSY1,,柏果,"4","2026-07-12 13:54:06",,"4M",978670.0,采购中心,Mad,"1.07"
贵州盘江精煤股份有限公司,"1/3焦煤|1级|国内",G3MMSY1,,柏果,"4","2026-07-12 13:54:06",,"4M",978670.0,采购中心,St.d,"0.27"
贵州盘江精煤股份有限公司,"1/3焦煤|1级|国内",G3MMSY1,,柏果,"4","2026-07-12 13:54:06",,"4M",978670.0,采购中心,Vdaf,"29.43"
贵州盘江精煤股份有限公司,"1/3焦煤|1级|国内",G3MMSY1,,柏果,"4","2026-07-12 13:54:06",,"4M",978670.0,采购中心,水分,"11.2"
广西柳钢国际贸易有限公司,贫瘦煤|国内|低挥发,G3MMPS11,,东田良,"4","2026-07-12 13:27:59",,A2,1911840.0,采购中心,Ad,"10.52"
广西柳钢国际贸易有限公司,贫瘦煤|国内|低挥发,G3MMPS11,,东田良,"4","2026-07-12 13:27:59",,A2,1911840.0,采购中心,FCad,"78.87"
广西柳钢国际贸易有限公司,贫瘦煤|国内|低挥发,G3MMPS11,,东田良,"4","2026-07-12 13:27:59",,A2,1911840.0,采购中心,Mad,"1.15"
广西柳钢国际贸易有限公司,贫瘦煤|国内|低挥发,G3MMPS11,,东田良,"4","2026-07-12 13:27:59",,A2,1911840.0,采购中心,St.d,"0.42"
广西柳钢国际贸易有限公司,贫瘦煤|国内|低挥发,G3MMPS11,,东田良,"4","2026-07-12 13:27:59",,A2,1911840.0,采购中心,Vdaf,"10.83"
广西柳钢国际贸易有限公司,贫瘦煤|国内|低挥发,G3MMPS11,,东田良,"4","2026-07-12 13:27:59",,A2,1911840.0,采购中心,水分,"8.0"
广西柳钢国际贸易有限公司,肥煤|国内,G3MMFF1,,宝丰,"4","2026-07-12 11:42:08",,"1M",587450.0,采购中心,Ad,"10.47"
广西柳钢国际贸易有限公司,肥煤|国内,G3MMFF1,,宝丰,"4","2026-07-12 11:42:08",,"1M",587450.0,采购中心,FCad,"62.74"
广西柳钢国际贸易有限公司,肥煤|国内,G3MMFF1,,宝丰,"4","2026-07-12 11:42:08",,"1M",587450.0,采购中心,Mad,"1.15"
广西柳钢国际贸易有限公司,肥煤|国内,G3MMFF1,,宝丰,"4","2026-07-12 11:42:08",,"1M",587450.0,采购中心,St.d,"2.55"
广西柳钢国际贸易有限公司,肥煤|国内,G3MMFF1,,宝丰,"4","2026-07-12 11:42:08",,"1M",587450.0,采购中心,Vdaf,"29.11"
广西柳钢国际贸易有限公司,肥煤|国内,G3MMFF1,,宝丰,"4","2026-07-12 11:42:08",,"1M",587450.0,采购中心,水分,"11.7"
贵州松河煤业发展有限责任公司,主焦煤|1级|国内,G3MMZJ1,,松河,"4","2026-07-12 08:06:34",,"4M",341690.0,采购中心,Ad,"10.70"
贵州松河煤业发展有限责任公司,主焦煤|1级|国内,G3MMZJ1,,松河,"4","2026-07-12 08:06:34",,"4M",341690.0,采购中心,FCad,"68.05"
贵州松河煤业发展有限责任公司,主焦煤|1级|国内,G3MMZJ1,,松河,"4","2026-07-12 08:06:34",,"4M",341690.0,采购中心,Mad,"0.98"
贵州松河煤业发展有限责任公司,主焦煤|1级|国内,G3MMZJ1,,松河,"4","2026-07-12 08:06:34",,"4M",341690.0,采购中心,St.d,"0.30"
贵州松河煤业发展有限责任公司,主焦煤|1级|国内,G3MMZJ1,,松河,"4","2026-07-12 08:06:34",,"4M",341690.0,采购中心,Vdaf,"23.04"
贵州松河煤业发展有限责任公司,主焦煤|1级|国内,G3MMZJ1,,松河,"4","2026-07-12 08:06:34",,"4M",341690.0,采购中心,水分,"13.2"
西部红果煤炭交易有限公司,主焦煤|1级|国内,G3MMZJ1,,柏果,"4","2026-07-12 04:38:18",,"4M",556000.0,采购中心,Ad,"10.37"
西部红果煤炭交易有限公司,主焦煤|1级|国内,G3MMZJ1,,柏果,"4","2026-07-12 04:38:18",,"4M",556000.0,采购中心,FCad,"71.42"
西部红果煤炭交易有限公司,主焦煤|1级|国内,G3MMZJ1,,柏果,"4","2026-07-12 04:38:18",,"4M",556000.0,采购中心,Mad,"1.08"
西部红果煤炭交易有限公司,主焦煤|1级|国内,G3MMZJ1,,柏果,"4","2026-07-12 04:38:18",,"4M",556000.0,采购中心,St.d,"0.36"
西部红果煤炭交易有限公司,主焦煤|1级|国内,G3MMZJ1,,柏果,"4","2026-07-12 04:38:18",,"4M",556000.0,采购中心,Vdaf,"19.44"
西部红果煤炭交易有限公司,主焦煤|1级|国内,G3MMZJ1,,柏果,"4","2026-07-12 04:38:18",,"4M",556000.0,采购中心,水分,"10.9"
广西柳钢国际贸易有限公司,贫瘦煤|国内|低挥发,G3MMPS11,,东田良,"4","2026-07-12 04:24:57",,A2,1388680.0,采购中心,Ad,"10.40"
广西柳钢国际贸易有限公司,贫瘦煤|国内|低挥发,G3MMPS11,,东田良,"4","2026-07-12 04:24:57",,A2,1388680.0,采购中心,FCad,"78.73"
广西柳钢国际贸易有限公司,贫瘦煤|国内|低挥发,G3MMPS11,,东田良,"4","2026-07-12 04:24:57",,A2,1388680.0,采购中心,Mad,"1.28"
广西柳钢国际贸易有限公司,贫瘦煤|国内|低挥发,G3MMPS11,,东田良,"4","2026-07-12 04:24:57",,A2,1388680.0,采购中心,St.d,"0.39"
广西柳钢国际贸易有限公司,贫瘦煤|国内|低挥发,G3MMPS11,,东田良,"4","2026-07-12 04:24:57",,A2,1388680.0,采购中心,Vdaf,"10.99"
广西柳钢国际贸易有限公司,贫瘦煤|国内|低挥发,G3MMPS11,,东田良,"4","2026-07-12 04:24:57",,A2,1388680.0,采购中心,水分,"6.5"
广西柳钢国际贸易有限公司,贫瘦煤|国内|低挥发,G3MMPS11,,东田良,"4","2026-07-12 03:15:35",,A2,1388680.0,采购中心,Ad,"10.49"
广西柳钢国际贸易有限公司,贫瘦煤|国内|低挥发,G3MMPS11,,东田良,"4","2026-07-12 03:15:35",,A2,1388680.0,采购中心,FCad,"79.02"
广西柳钢国际贸易有限公司,贫瘦煤|国内|低挥发,G3MMPS11,,东田良,"4","2026-07-12 03:15:35",,A2,1388680.0,采购中心,Mad,"1.34"
广西柳钢国际贸易有限公司,贫瘦煤|国内|低挥发,G3MMPS11,,东田良,"4","2026-07-12 03:15:35",,A2,1388680.0,采购中心,St.d,"0.38"
广西柳钢国际贸易有限公司,贫瘦煤|国内|低挥发,G3MMPS11,,东田良,"4","2026-07-12 03:15:35",,A2,1388680.0,采购中心,Vdaf,"10.52"
广西柳钢国际贸易有限公司,贫瘦煤|国内|低挥发,G3MMPS11,,东田良,"4","2026-07-12 03:15:35",,A2,1388680.0,采购中心,水分,"6.9"
广西柳钢国际贸易有限公司,主焦煤|1级|进口|蒙古5#,G3MMZJR,锦航力鲲,云约,"4","2026-07-12 02:38:03",,"1M",2182100.0,采购中心,Ad,"10.56"
广西柳钢国际贸易有限公司,主焦煤|1级|进口|蒙古5#,G3MMZJR,锦航力鲲,云约,"4","2026-07-12 02:38:03",,"1M",2182100.0,采购中心,FCad,"66.60"
广西柳钢国际贸易有限公司,主焦煤|1级|进口|蒙古5#,G3MMZJR,锦航力鲲,云约,"4","2026-07-12 02:38:03",,"1M",2182100.0,采购中心,Mad,"1.49"
广西柳钢国际贸易有限公司,主焦煤|1级|进口|蒙古5#,G3MMZJR,锦航力鲲,云约,"4","2026-07-12 02:38:03",,"1M",2182100.0,采购中心,St.d,"0.64"
广西柳钢国际贸易有限公司,主焦煤|1级|进口|蒙古5#,G3MMZJR,锦航力鲲,云约,"4","2026-07-12 02:38:03",,"1M",2182100.0,采购中心,Vdaf,"24.41"
广西柳钢国际贸易有限公司,主焦煤|1级|进口|蒙古5#,G3MMZJR,锦航力鲲,云约,"4","2026-07-12 02:38:03",,"1M",2182100.0,采购中心,水分,"11.8"
广西柳钢国际贸易有限公司,贫瘦煤|进口|俄罗斯,G3MMPS8,阿米,防城港,"4","2026-07-12 01:59:31",,料3,6217230.0,采购中心,Ad,"10.16"
广西柳钢国际贸易有限公司,贫瘦煤|进口|俄罗斯,G3MMPS8,阿米,防城港,"4","2026-07-12 01:59:31",,料3,6217230.0,采购中心,FCad,"74.56"
广西柳钢国际贸易有限公司,贫瘦煤|进口|俄罗斯,G3MMPS8,阿米,防城港,"4","2026-07-12 01:59:31",,料3,6217230.0,采购中心,Mad,"2.01"
广西柳钢国际贸易有限公司,贫瘦煤|进口|俄罗斯,G3MMPS8,阿米,防城港,"4","2026-07-12 01:59:31",,料3,6217230.0,采购中心,St.d,"0.39"
广西柳钢国际贸易有限公司,贫瘦煤|进口|俄罗斯,G3MMPS8,阿米,防城港,"4","2026-07-12 01:59:31",,料3,6217230.0,采购中心,Vdaf,"15.30"
广西柳钢国际贸易有限公司,贫瘦煤|进口|俄罗斯,G3MMPS8,阿米,防城港,"4","2026-07-12 01:59:31",,料3,6217230.0,采购中心,水分,"12.1"
广西钢铁集团有限公司,贫瘦煤|进口|E|低挥发,G3MMPS10,冬青海,云约,"4","2026-07-11 21:13:40",,,1596090.0,采购中心,水分,"11.2"
贵州盘江精煤股份有限公司,"1/3焦煤|1级|国内",G3MMSY1,,月亮田,"4","2026-07-11 19:28:14",,,986310.0,采购中心,Ad,"10.80"
贵州盘江精煤股份有限公司,"1/3焦煤|1级|国内",G3MMSY1,,月亮田,"4","2026-07-11 19:28:14",,,986310.0,采购中心,FCad,"58.75"
贵州盘江精煤股份有限公司,"1/3焦煤|1级|国内",G3MMSY1,,月亮田,"4","2026-07-11 19:28:14",,,986310.0,采购中心,Mad,"1.27"
贵州盘江精煤股份有限公司,"1/3焦煤|1级|国内",G3MMSY1,,月亮田,"4","2026-07-11 19:28:14",,,986310.0,采购中心,St.d,"0.58"
贵州盘江精煤股份有限公司,"1/3焦煤|1级|国内",G3MMSY1,,月亮田,"4","2026-07-11 19:28:14",,,986310.0,采购中心,Vdaf,"33.28"
贵州盘江精煤股份有限公司,"1/3焦煤|1级|国内",G3MMSY1,,月亮田,"4","2026-07-11 19:28:14",,,986310.0,采购中心,水分,"8.3"
贵州松河煤业发展有限责任公司,主焦煤|1级|国内,G3MMZJ1,,松河,"4","2026-07-11 19:24:26",,,184200.0,采购中心,Ad,"10.50"
贵州松河煤业发展有限责任公司,主焦煤|1级|国内,G3MMZJ1,,松河,"4","2026-07-11 19:24:26",,,184200.0,采购中心,FCad,"68.26"
贵州松河煤业发展有限责任公司,主焦煤|1级|国内,G3MMZJ1,,松河,"4","2026-07-11 19:24:26",,,184200.0,采购中心,Mad,"1.06"
贵州松河煤业发展有限责任公司,主焦煤|1级|国内,G3MMZJ1,,松河,"4","2026-07-11 19:24:26",,,184200.0,采购中心,St.d,"0.28"
贵州松河煤业发展有限责任公司,主焦煤|1级|国内,G3MMZJ1,,松河,"4","2026-07-11 19:24:26",,,184200.0,采购中心,Vdaf,"22.91"
贵州松河煤业发展有限责任公司,主焦煤|1级|国内,G3MMZJ1,,松河,"4","2026-07-11 19:24:26",,,184200.0,采购中心,水分,"12.9"
焦化厂,炼焦配合煤,A2MMJPM,,,"4","2026-07-11 18:45:16",喷吹用煤（原料）,,,采购中心,Ad,"10.65"
焦化厂,炼焦配合煤,A2MMJPM,,,"4","2026-07-11 18:45:16",喷吹用煤（原料）,,,采购中心,Ad,"9.09"
焦化厂,炼焦配合煤,A2MMJPM,,,"4","2026-07-11 18:45:16",喷吹用煤（原料）,,,采购中心,Ad,"9.81"
焦化厂,炼焦配合煤,A2MMJPM,,,"4","2026-07-11 18:45:16",喷吹用煤（原料）,,,采购中心,FCad,"66.16"
焦化厂,炼焦配合煤,A2MMJPM,,,"4","2026-07-11 18:45:16",喷吹用煤（原料）,,,采购中心,FCad,"60.36"
焦化厂,炼焦配合煤,A2MMJPM,,,"4","2026-07-11 18:45:16",喷吹用煤（原料）,,,采购中心,FCad,"66.04"
焦化厂,炼焦配合煤,A2MMJPM,,,"4","2026-07-11 18:45:16",喷吹用煤（原料）,,,采购中心,Mad,"1.39"
焦化厂,炼焦配合煤,A2MMJPM,,,"4","2026-07-11 18:45:16",喷吹用煤（原料）,,,采购中心,Mad,"1.47"
焦化厂,炼焦配合煤,A2MMJPM,,,"4","2026-07-11 18:45:16",喷吹用煤（原料）,,,采购中心,Mad,"1.47"
焦化厂,炼焦配合煤,A2MMJPM,,,"4","2026-07-11 18:45:16",喷吹用煤（原料）,,,采购中心,St.d,"0.63"
焦化厂,炼焦配合煤,A2MMJPM,,,"4","2026-07-11 18:45:16",喷吹用煤（原料）,,,采购中心,St.d,"0.63"
焦化厂,炼焦配合煤,A2MMJPM,,,"4","2026-07-11 18:45:16",喷吹用煤（原料）,,,采购中心,St.d,"0.96"
焦化厂,炼焦配合煤,A2MMJPM,,,"4","2026-07-11 18:45:16",喷吹用煤（原料）,,,采购中心,Vdaf,"25.68"
焦化厂,炼焦配合煤,A2MMJPM,,,"4","2026-07-11 18:45:16",喷吹用煤（原料）,,,采购中心,Vdaf,"32.61"
焦化厂,炼焦配合煤,A2MMJPM,,,"4","2026-07-11 18:45:16",喷吹用煤（原料）,,,采购中心,Vdaf,"24.91"
焦化厂,炼焦配合煤,A2MMJPM,,,"4","2026-07-11 18:45:16",喷吹用煤（原料）,,,采购中心,水分,"9.4"
焦化厂,炼焦配合煤,A2MMJPM,,,"4","2026-07-11 18:45:16",喷吹用煤（原料）,,,采购中心,水分,"9.4"
焦化厂,炼焦配合煤,A2MMJPM,,,"4","2026-07-11 18:45:16",喷吹用煤（原料）,,,采购中心,水分,"10.7"
贵州松河煤业发展有限责任公司,主焦煤|1级|国内,G3MMZJ1,,松河,"4","2026-07-11 18:32:15",,"1M",241050.0,采购中心,Ad,"10.63"
贵州松河煤业发展有限责任公司,主焦煤|1级|国内,G3MMZJ1,,松河,"4","2026-07-11 18:32:15",,"1M",241050.0,采购中心,FCad,"67.72"
贵州松河煤业发展有限责任公司,主焦煤|1级|国内,G3MMZJ1,,松河,"4","2026-07-11 18:32:15",,"1M",241050.0,采购中心,Mad,"1.06"
贵州松河煤业发展有限责任公司,主焦煤|1级|国内,G3MMZJ1,,松河,"4","2026-07-11 18:32:15",,"1M",241050.0,采购中心,St.d,"0.28"
贵州松河煤业发展有限责任公司,主焦煤|1级|国内,G3MMZJ1,,松河,"4","2026-07-11 18:32:15",,"1M",241050.0,采购中心,Vdaf,"23.41"
贵州松河煤业发展有限责任公司,主焦煤|1级|国内,G3MMZJ1,,松河,"4","2026-07-11 18:32:15",,"1M",241050.0,采购中心,水分,"13.9"
贵州松河煤业发展有限责任公司,主焦煤|1级|国内,G3MMZJ1,,松河,"4","2026-07-11 17:07:05",,"1M",733060.0,采购中心,Ad,"10.37"
贵州松河煤业发展有限责任公司,主焦煤|1级|国内,G3MMZJ1,,松河,"4","2026-07-11 17:07:05",,"1M",733060.0,采购中心,FCad,"68.62"
贵州松河煤业发展有限责任公司,主焦煤|1级|国内,G3MMZJ1,,松河,"4","2026-07-11 17:07:05",,"1M",733060.0,采购中心,Mad,"1.08"
贵州松河煤业发展有限责任公司,主焦煤|1级|国内,G3MMZJ1,,松河,"4","2026-07-11 17:07:05",,"1M",733060.0,采购中心,St.d,"0.28"
贵州松河煤业发展有限责任公司,主焦煤|1级|国内,G3MMZJ1,,松河,"4","2026-07-11 17:07:05",,"1M",733060.0,采购中心,Vdaf,"22.60"
贵州松河煤业发展有限责任公司,主焦煤|1级|国内,G3MMZJ1,,松河,"4","2026-07-11 17:07:05",,"1M",733060.0,采购中心,水分,"13.7"
广西钢铁集团有限公司,主焦煤|2级|进口|澳洲|GLV Prime,G3MMZJ8,瑞海,云约,"4","2026-07-11 17:06:15",,"5M",6336110.0,采购中心,Ad,"9.70"
广西钢铁集团有限公司,主焦煤|2级|进口|澳洲|GLV Prime,G3MMZJ8,瑞海,云约,"4","2026-07-11 17:06:15",,"5M",6336110.0,采购中心,FCad,"69.18"
广西钢铁集团有限公司,主焦煤|2级|进口|澳洲|GLV Prime,G3MMZJ8,瑞海,云约,"4","2026-07-11 17:06:15",,"5M",6336110.0,采购中心,Mad,"1.51"
广西钢铁集团有限公司,主焦煤|2级|进口|澳洲|GLV Prime,G3MMZJ8,瑞海,云约,"4","2026-07-11 17:06:15",,"5M",6336110.0,采购中心,St.d,"0.37"
广西钢铁集团有限公司,主焦煤|2级|进口|澳洲|GLV Prime,G3MMZJ8,瑞海,云约,"4","2026-07-11 17:06:15",,"5M",6336110.0,采购中心,Vdaf,"22.22"
广西钢铁集团有限公司,主焦煤|2级|进口|澳洲|GLV Prime,G3MMZJ8,瑞海,云约,"4","2026-07-11 17:06:15",,"5M",6336110.0,采购中心,水分,"10.7"
中国诚通国际贸易有限公司,贫瘦煤|国内,G3MMPS1,,宋寨,"4","2026-07-11 14:56:29",,,69100.0,采购中心,Ad,"10.00"
中国诚通国际贸易有限公司,贫瘦煤|国内,G3MMPS1,,宋寨,"4","2026-07-11 14:56:29",,,69100.0,采购中心,FCad,"73.98"
中国诚通国际贸易有限公司,贫瘦煤|国内,G3MMPS1,,宋寨,"4","2026-07-11 14:56:29",,,69100.0,采购中心,Mad,"1.99"
中国诚通国际贸易有限公司,贫瘦煤|国内,G3MMPS1,,宋寨,"4","2026-07-11 14:56:29",,,69100.0,采购中心,St.d,"0.54"
中国诚通国际贸易有限公司,贫瘦煤|国内,G3MMPS1,,宋寨,"4","2026-07-11 14:56:29",,,69100.0,采购中心,Vdaf,"16.13"
中国诚通国际贸易有限公司,贫瘦煤|国内,G3MMPS1,,宋寨,"4","2026-07-11 14:56:29",,,69100.0,采购中心,水分,"12.1"
广西钢铁集团有限公司,贫瘦煤|进口|E|低挥发,G3MMPS10,冬青海,云约,"4","2026-07-11 14:12:48",,,1378900.0,采购中心,水分,"14.7"
贵州盘江精煤股份有限公司,炼焦贫瘦煤|国内,G3MMJPS1,,红果,"4","2026-07-11 13:03:27",,"5M",379640.0,采购中心,Ad,"10.69"
贵州盘江精煤股份有限公司,炼焦贫瘦煤|国内,G3MMJPS1,,红果,"4","2026-07-11 13:03:27",,"5M",379640.0,采购中心,FCad,"77.43"
贵州盘江精煤股份有限公司,炼焦贫瘦煤|国内,G3MMJPS1,,红果,"4","2026-07-11 13:03:27",,"5M",379640.0,采购中心,Mad,"1.25"
贵州盘江精煤股份有限公司,炼焦贫瘦煤|国内,G3MMJPS1,,红果,"4","2026-07-11 13:03:27",,"5M",379640.0,采购中心,St.d,"0.77"
贵州盘江精煤股份有限公司,炼焦贫瘦煤|国内,G3MMJPS1,,红果,"4","2026-07-11 13:03:27",,"5M",379640.0,采购中心,Vdaf,"12.20"
贵州盘江精煤股份有限公司,炼焦贫瘦煤|国内,G3MMJPS1,,红果,"4","2026-07-11 13:03:27",,"5M",379640.0,采购中心,水分,"10.8"
贵州松河煤业发展有限责任公司,主焦煤|1级|国内,G3MMZJ1,,松河,"4","2026-07-11 11:46:42",,"1M",584930.0,采购中心,Ad,"10.57"
贵州松河煤业发展有限责任公司,主焦煤|1级|国内,G3MMZJ1,,松河,"4","2026-07-11 11:46:42",,"1M",584930.0,采购中心,FCad,"67.75"
贵州松河煤业发展有限责任公司,主焦煤|1级|国内,G3MMZJ1,,松河,"4","2026-07-11 11:46:42",,"1M",584930.0,采购中心,Mad,"1.11"
贵州松河煤业发展有限责任公司,主焦煤|1级|国内,G3MMZJ1,,松河,"4","2026-07-11 11:46:42",,"1M",584930.0,采购中心,St.d,"0.28"
贵州松河煤业发展有限责任公司,主焦煤|1级|国内,G3MMZJ1,,松河,"4","2026-07-11 11:46:42",,"1M",584930.0,采购中心,Vdaf,"23.40"
贵州松河煤业发展有限责任公司,主焦煤|1级|国内,G3MMZJ1,,松河,"4","2026-07-11 11:46:42",,"1M",584930.0,采购中心,水分,"12.9"
淮南矿业（集团）有限责任公司,"1/3焦煤|1级|国内",G3MMSY1,,潘集西,"4","2026-07-11 10:12:52",,"4M",,采购中心,水分,"12.4"
中国诚通国际贸易有限公司,贫瘦煤|国内,G3MMPS1,,宋寨,"4","2026-07-11 09:49:43",,,618550.0,采购中心,Ad,"10.18"
中国诚通国际贸易有限公司,贫瘦煤|国内,G3MMPS1,,宋寨,"4","2026-07-11 09:49:43",,,618550.0,采购中心,FCad,"74.79"
中国诚通国际贸易有限公司,贫瘦煤|国内,G3MMPS1,,宋寨,"4","2026-07-11 09:49:43",,,618550.0,采购中心,Mad,"2.00"
中国诚通国际贸易有限公司,贫瘦煤|国内,G3MMPS1,,宋寨,"4","2026-07-11 09:49:43",,,618550.0,采购中心,St.d,"0.49"
中国诚通国际贸易有限公司,贫瘦煤|国内,G3MMPS1,,宋寨,"4","2026-07-11 09:49:43",,,618550.0,采购中心,Vdaf,"15.03"
中国诚通国际贸易有限公司,贫瘦煤|国内,G3MMPS1,,宋寨,"4","2026-07-11 09:49:43",,,618550.0,采购中心,水分,"13.1"
贵州盘江精煤股份有限公司,炼焦贫瘦煤|国内,G3MMJPS1,,红果,"4","2026-07-11 09:37:14",,"5M",620810.0,采购中心,Ad,"10.43"
贵州盘江精煤股份有限公司,炼焦贫瘦煤|国内,G3MMJPS1,,红果,"4","2026-07-11 09:37:14",,"5M",620810.0,采购中心,FCad,"77.53"
贵州盘江精煤股份有限公司,炼焦贫瘦煤|国内,G3MMJPS1,,红果,"4","2026-07-11 09:37:14",,"5M",620810.0,采购中心,Mad,"1.30"
贵州盘江精煤股份有限公司,炼焦贫瘦煤|国内,G3MMJPS1,,红果,"4","2026-07-11 09:37:14",,"5M",620810.0,采购中心,St.d,"0.75"
贵州盘江精煤股份有限公司,炼焦贫瘦煤|国内,G3MMJPS1,,红果,"4","2026-07-11 09:37:14",,"5M",620810.0,采购中心,Vdaf,"12.31"
贵州盘江精煤股份有限公司,炼焦贫瘦煤|国内,G3MMJPS1,,红果,"4","2026-07-11 09:37:14",,"5M",620810.0,采购中心,水分,"11.8"
贵州松河煤业发展有限责任公司,主焦煤|1级|国内,G3MMZJ1,,松河,"4","2026-07-11 09:04:12",,"1M",573280.0,采购中心,Ad,"10.44"
贵州松河煤业发展有限责任公司,主焦煤|1级|国内,G3MMZJ1,,松河,"4","2026-07-11 09:04:12",,"1M",573280.0,采购中心,FCad,"68.22"
贵州松河煤业发展有限责任公司,主焦煤|1级|国内,G3MMZJ1,,松河,"4","2026-07-11 09:04:12",,"1M",573280.0,采购中心,Mad,"1.12"
贵州松河煤业发展有限责任公司,主焦煤|1级|国内,G3MMZJ1,,松河,"4","2026-07-11 09:04:12",,"1M",573280.0,采购中心,St.d,"0.29"
贵州松河煤业发展有限责任公司,主焦煤|1级|国内,G3MMZJ1,,松河,"4","2026-07-11 09:04:12",,"1M",573280.0,采购中心,Vdaf,"22.97"
贵州松河煤业发展有限责任公司,主焦煤|1级|国内,G3MMZJ1,,松河,"4","2026-07-11 09:04:12",,"1M",573280.0,采购中心,水分,"13.1"
淮南矿业（集团）有限责任公司,"1/3焦煤|1级|国内",G3MMSY1,,潘集西,"4","2026-07-11 09:01:53",,"4M",3230430.0,采购中心,Ad,"9.71"
淮南矿业（集团）有限责任公司,"1/3焦煤|1级|国内",G3MMSY1,,潘集西,"4","2026-07-11 09:01:53",,"4M",3230430.0,采购中心,FCad,"58.53"
淮南矿业（集团）有限责任公司,"1/3焦煤|1级|国内",G3MMSY1,,潘集西,"4","2026-07-11 09:01:53",,"4M",3230430.0,采购中心,Mad,"1.66"
淮南矿业（集团）有限责任公司,"1/3焦煤|1级|国内",G3MMSY1,,潘集西,"4","2026-07-11 09:01:53",,"4M",3230430.0,采购中心,St.d,"0.55"
淮南矿业（集团）有限责任公司,"1/3焦煤|1级|国内",G3MMSY1,,潘集西,"4","2026-07-11 09:01:53",,"4M",3230430.0,采购中心,Vdaf,"34.08"
淮南矿业（集团）有限责任公司,"1/3焦煤|1级|国内",G3MMSY1,,潘集西,"4","2026-07-11 09:01:53",,"4M",3230430.0,采购中心,水分,"12.8"
中国诚通国际贸易有限公司,贫瘦煤|国内,G3MMPS1,,宋寨,"4","2026-07-11 08:50:35",,A2,712320.0,采购中心,Ad,"10.44"
中国诚通国际贸易有限公司,贫瘦煤|国内,G3MMPS1,,宋寨,"4","2026-07-11 08:50:35",,A2,712320.0,采购中心,FCad,"74.98"
中国诚通国际贸易有限公司,贫瘦煤|国内,G3MMPS1,,宋寨,"4","2026-07-11 08:50:35",,A2,712320.0,采购中心,Mad,"2.03"
中国诚通国际贸易有限公司,贫瘦煤|国内,G3MMPS1,,宋寨,"4","2026-07-11 08:50:35",,A2,712320.0,采购中心,St.d,"0.48"
中国诚通国际贸易有限公司,贫瘦煤|国内,G3MMPS1,,宋寨,"4","2026-07-11 08:50:35",,A2,712320.0,采购中心,Vdaf,"14.54"
中国诚通国际贸易有限公司,贫瘦煤|国内,G3MMPS1,,宋寨,"4","2026-07-11 08:50:35",,A2,712320.0,采购中心,水分,"13.8"
中国诚通国际贸易有限公司,贫瘦煤|国内,G3MMPS1,,宋寨,"4","2026-07-11 08:36:38",,A7,,采购中心,Ad,"10.42"
中国诚通国际贸易有限公司,贫瘦煤|国内,G3MMPS1,,宋寨,"4","2026-07-11 08:36:38",,A7,,采购中心,Cad,"81.51"
中国诚通国际贸易有限公司,贫瘦煤|国内,G3MMPS1,,宋寨,"4","2026-07-11 08:36:38",,A7,,采购中心,FCad,"76.45"
中国诚通国际贸易有限公司,贫瘦煤|国内,G3MMPS1,,宋寨,"4","2026-07-11 08:36:38",,A7,,采购中心,Had,"3.64"
中国诚通国际贸易有限公司,贫瘦煤|国内,G3MMPS1,,宋寨,"4","2026-07-11 08:36:38",,A7,,采购中心,Mad,"1.66"
中国诚通国际贸易有限公司,贫瘦煤|国内,G3MMPS1,,宋寨,"4","2026-07-11 08:36:38",,A7,,采购中心,St.d,"0.40"
中国诚通国际贸易有限公司,贫瘦煤|国内,G3MMPS1,,宋寨,"4","2026-07-11 08:36:38",,A7,,采购中心,Vdaf,"13.21"
中国诚通国际贸易有限公司,贫瘦煤|国内,G3MMPS1,,宋寨,"4","2026-07-11 08:36:38",,A7,,采购中心,水分,"14.3"
中国诚通国际贸易有限公司,贫瘦煤|国内,G3MMPS1,,宋寨,"4","2026-07-11 08:32:35",,A7,618550.0,采购中心,Ad,"10.25"
中国诚通国际贸易有限公司,贫瘦煤|国内,G3MMPS1,,宋寨,"4","2026-07-11 08:32:35",,A7,618550.0,采购中心,FCad,"75.29"
中国诚通国际贸易有限公司,贫瘦煤|国内,G3MMPS1,,宋寨,"4","2026-07-11 08:32:35",,A7,618550.0,采购中心,Mad,"1.81"
中国诚通国际贸易有限公司,贫瘦煤|国内,G3MMPS1,,宋寨,"4","2026-07-11 08:32:35",,A7,618550.0,采购中心,St.d,"0.48"
中国诚通国际贸易有限公司,贫瘦煤|国内,G3MMPS1,,宋寨,"4","2026-07-11 08:32:35",,A7,618550.0,采购中心,Vdaf,"14.57"
中国诚通国际贸易有限公司,贫瘦煤|国内,G3MMPS1,,宋寨,"4","2026-07-11 08:32:35",,A7,618550.0,采购中心,水分,"15.7"
贵州盘江精煤股份有限公司,"1/3焦煤|1级|国内",G3MMSY1,,柏果,"4","2026-07-11 03:37:19",,"5M",792340.0,采购中心,Ad,"10.59"
贵州盘江精煤股份有限公司,"1/3焦煤|1级|国内",G3MMSY1,,柏果,"4","2026-07-11 03:37:19",,"5M",792340.0,采购中心,FCad,"61.69"
贵州盘江精煤股份有限公司,"1/3焦煤|1级|国内",G3MMSY1,,柏果,"4","2026-07-11 03:37:19",,"5M",792340.0,采购中心,Mad,"1.10"
贵州盘江精煤股份有限公司,"1/3焦煤|1级|国内",G3MMSY1,,柏果,"4","2026-07-11 03:37:19",,"5M",792340.0,采购中心,St.d,"0.27"
贵州盘江精煤股份有限公司,"1/3焦煤|1级|国内",G3MMSY1,,柏果,"4","2026-07-11 03:37:19",,"5M",792340.0,采购中心,Vdaf,"30.24"
贵州盘江精煤股份有限公司,"1/3焦煤|1级|国内",G3MMSY1,,柏果,"4","2026-07-11 03:37:19",,"5M",792340.0,采购中心,水分,"11.1"
中国诚通国际贸易有限公司,贫瘦煤|国内,G3MMPS1,,宋寨,"4","2026-07-11 02:09:50",,,1067550.0,采购中心,Ad,"10.69"
中国诚通国际贸易有限公司,贫瘦煤|国内,G3MMPS1,,宋寨,"4","2026-07-11 02:09:50",,,1067550.0,采购中心,FCad,"74.45"
中国诚通国际贸易有限公司,贫瘦煤|国内,G3MMPS1,,宋寨,"4","2026-07-11 02:09:50",,,1067550.0,采购中心,Mad,"1.61"
中国诚通国际贸易有限公司,贫瘦煤|国内,G3MMPS1,,宋寨,"4","2026-07-11 02:09:50",,,1067550.0,采购中心,St.d,"0.59"
中国诚通国际贸易有限公司,贫瘦煤|国内,G3MMPS1,,宋寨,"4","2026-07-11 02:09:50",,,1067550.0,采购中心,Vdaf,"15.27"
中国诚通国际贸易有限公司,贫瘦煤|国内,G3MMPS1,,宋寨,"4","2026-07-11 02:09:50",,,1067550.0,采购中心,水分,"13.8"
中国诚通国际贸易有限公司,贫瘦煤|国内,G3MMPS1,,宋寨,"4","2026-07-11 02:00:14",,A2,1067550.0,采购中心,Ad,"10.19"
中国诚通国际贸易有限公司,贫瘦煤|国内,G3MMPS1,,宋寨,"4","2026-07-11 02:00:14",,A2,1067550.0,采购中心,FCad,"73.73"
中国诚通国际贸易有限公司,贫瘦煤|国内,G3MMPS1,,宋寨,"4","2026-07-11 02:00:14",,A2,1067550.0,采购中心,Mad,"2.06"
中国诚通国际贸易有限公司,贫瘦煤|国内,G3MMPS1,,宋寨,"4","2026-07-11 02:00:14",,A2,1067550.0,采购中心,St.d,"0.59"
中国诚通国际贸易有限公司,贫瘦煤|国内,G3MMPS1,,宋寨,"4","2026-07-11 02:00:14",,A2,1067550.0,采购中心,Vdaf,"16.18"
中国诚通国际贸易有限公司,贫瘦煤|国内,G3MMPS1,,宋寨,"4","2026-07-11 02:00:14",,A2,1067550.0,采购中心,水分,"13.8"
中国诚通国际贸易有限公司,贫瘦煤|国内,G3MMPS1,,宋寨,"4","2026-07-11 01:36:54",,A2,654180.0,采购中心,Ad,"10.52"
中国诚通国际贸易有限公司,贫瘦煤|国内,G3MMPS1,,宋寨,"4","2026-07-11 01:36:54",,A2,654180.0,采购中心,FCad,"74.39"
中国诚通国际贸易有限公司,贫瘦煤|国内,G3MMPS1,,宋寨,"4","2026-07-11 01:36:54",,A2,654180.0,采购中心,Mad,"1.96"
中国诚通国际贸易有限公司,贫瘦煤|国内,G3MMPS1,,宋寨,"4","2026-07-11 01:36:54",,A2,654180.0,采购中心,St.d,"0.54"
中国诚通国际贸易有限公司,贫瘦煤|国内,G3MMPS1,,宋寨,"4","2026-07-11 01:36:54",,A2,654180.0,采购中心,Vdaf,"15.20"
中国诚通国际贸易有限公司,贫瘦煤|国内,G3MMPS1,,宋寨,"4","2026-07-11 01:36:54",,A2,654180.0,采购中心,水分,"14.3"
